station_key,station_id,traffic_direction_name,cardinal_direction_name,classification_type,year,period,traffic_count,data_availability,data_reliability
55318,2015,PRESCRIBED AND COUNTER,BOTH,UNCLASSIFIED,2024,PM PEAK,9171,-1,-1
55318,2015,PRESCRIBED AND COUNTER,BOTH,UNCLASSIFIED,2024,ALL DAYS,34935,-1,-1
55318,2015,PRESCRIBED,SOUTH,UNCLASSIFIED,2024,AM PEAK,2998,39,97
55318,2015,COUNTER,NORTH,UNCLASSIFIED,2024,AM PEAK,5641,55,91
55318,2015,COUNTER,NORTH,UNCLASSIFIED,2024,OFF PEAK,9784,55,99
55318,2015,PRESCRIBED AND COUNTER,BOTH,UNCLASSIFIED,2024,AM PEAK,8639,-1,-1
55318,2015,PRESCRIBED AND COUNTER,BOTH,UNCLASSIFIED,2024,WEEKENDS,31859,-1,-1
55318,2015,PRESCRIBED,SOUTH,UNCLASSIFIED,2024,PM PEAK,4602,39,99
55318,2015,COUNTER,NORTH,UNCLASSIFIED,2024,WEEKENDS,17191,-1,-1
55318,2015,PRESCRIBED,SOUTH,UNCLASSIFIED,2024,WEEKENDS,14668,-1,-1
55318,2015,PRESCRIBED,SOUTH,UNCLASSIFIED,2024,OFF PEAK,8554,39,99
55318,2015,COUNTER,NORTH,UNCLASSIFIED,2024,WEEKDAYS,19994,-1,-1
55318,2015,PRESCRIBED,SOUTH,UNCLASSIFIED,2024,ALL DAYS,15738,39,99
55318,2015,PRESCRIBED,SOUTH,UNCLASSIFIED,2024,WEEKDAYS,16154,-1,-1
55318,2015,COUNTER,NORTH,UNCLASSIFIED,2024,ALL DAYS,19197,55,98
55318,2015,PRESCRIBED AND COUNTER,BOTH,UNCLASSIFIED,2024,OFF PEAK,18338,-1,-1
55318,2015,COUNTER,NORTH,UNCLASSIFIED,2024,PM PEAK,4569,55,97
55318,2015,PRESCRIBED AND COUNTER,BOTH,UNCLASSIFIED,2024,WEEKDAYS,36148,-1,-1
55406,2393,PRESCRIBED AND COUNTER,BOTH,UNCLASSIFIED,2024,AM PEAK,2221,-1,-1
55406,2393,COUNTER,SOUTH,UNCLASSIFIED,2024,WEEKENDS,3612,-1,-1
55406,2393,PRESCRIBED,NORTH,UNCLASSIFIED,2024,AM PEAK,1309,50,90
55406,2393,COUNTER,SOUTH,UNCLASSIFIED,2024,OFF PEAK,1892,50,98
55406,2393,PRESCRIBED,NORTH,UNCLASSIFIED,2024,PM PEAK,1238,50,99
55406,2393,PRESCRIBED,NORTH,UNCLASSIFIED,2024,WEEKDAYS,5790,-1,-1
55406,2393,PRESCRIBED AND COUNTER,BOTH,UNCLASSIFIED,2024,ALL DAYS,9573,-1,-1
55406,2393,PRESCRIBED AND COUNTER,BOTH,UNCLASSIFIED,2024,WEEKDAYS,9597,-1,-1
55406,2393,PRESCRIBED,NORTH,UNCLASSIFIED,2024,OFF PEAK,3243,50,100
55406,2393,COUNTER,SOUTH,UNCLASSIFIED,2024,WEEKDAYS,3807,-1,-1
55406,2393,COUNTER,SOUTH,UNCLASSIFIED,2024,ALL DAYS,3749,50,96
55406,2393,PRESCRIBED AND COUNTER,BOTH,UNCLASSIFIED,2024,WEEKENDS,9504,-1,-1
55406,2393,PRESCRIBED,NORTH,UNCLASSIFIED,2024,ALL DAYS,5824,50,97
55406,2393,PRESCRIBED AND COUNTER,BOTH,UNCLASSIFIED,2024,OFF PEAK,5135,-1,-1
55406,2393,PRESCRIBED,NORTH,UNCLASSIFIED,2024,WEEKENDS,5892,-1,-1
55406,2393,COUNTER,SOUTH,UNCLASSIFIED,2024,AM PEAK,912,50,84
55406,2393,PRESCRIBED AND COUNTER,BOTH,UNCLASSIFIED,2024,PM PEAK,2241,-1,-1
55406,2393,COUNTER,SOUTH,UNCLASSIFIED,2024,PM PEAK,1003,50,93
55423,2413,PRESCRIBED,NORTH,UNCLASSIFIED,2024,AM PEAK,2418,13,77
55423,2413,PRESCRIBED,NORTH,UNCLASSIFIED,2024,WEEKDAYS,8730,-1,-1
55423,2413,PRESCRIBED,NORTH,UNCLASSIFIED,2024,PM PEAK,2244,14,97
55423,2413,PRESCRIBED,NORTH,UNCLASSIFIED,2024,OFF PEAK,4068,13,93
55423,2413,PRESCRIBED,NORTH,UNCLASSIFIED,2024,WEEKENDS,8822,-1,-1
55423,2413,PRESCRIBED,NORTH,UNCLASSIFIED,2024,ALL DAYS,8929,14,96
56602,100001,PRESCRIBED,SOUTH,LIGHT VEHICLES,2024,WEEKDAYS,19221,-1,-1
56602,100001,PRESCRIBED AND COUNTER,BOTH,HEAVY VEHICLES,2024,PM PEAK,871,-1,-1
56602,100001,PRESCRIBED,SOUTH,HEAVY VEHICLES,2024,WEEKENDS,1043,-1,-1
56602,100001,COUNTER,NORTH,HEAVY VEHICLES,2024,ALL DAYS,1929,49,94
56602,100001,COUNTER,NORTH,HEAVY VEHICLES,2024,WEEKDAYS,2234,-1,-1
56602,100001,PRESCRIBED,SOUTH,HEAVY VEHICLES,2024,AM PEAK,690,68,90
56602,100001,PRESCRIBED,SOUTH,LIGHT VEHICLES,2024,WEEKENDS,18398,-1,-1
56602,100001,PRESCRIBED,SOUTH,LIGHT VEHICLES,2024,PM PEAK,5685,94,90
56602,100001,PRESCRIBED,SOUTH,LIGHT VEHICLES,2024,ALL DAYS,19628,79,92
56602,100001,PRESCRIBED AND COUNTER,BOTH,ALL VEHICLES,2024,WEEKENDS,36110,-1,-1
56602,100001,COUNTER,NORTH,ALL VEHICLES,2024,OFF PEAK,10199,-1,-1
56602,100001,PRESCRIBED AND COUNTER,BOTH,HEAVY VEHICLES,2024,WEEKDAYS,4833,-1,-1
56602,100001,COUNTER,NORTH,HEAVY VEHICLES,2024,AM PEAK,700,72,93
56602,100001,COUNTER,NORTH,LIGHT VEHICLES,2024,ALL DAYS,17495,79,93
56602,100001,PRESCRIBED,SOUTH,LIGHT VEHICLES,2024,OFF PEAK,9681,74,89
56602,100001,PRESCRIBED,SOUTH,ALL VEHICLES,2024,AM PEAK,4545,-1,-1
56602,100001,PRESCRIBED,SOUTH,ALL VEHICLES,2024,ALL DAYS,21893,-1,-1
56602,100001,PRESCRIBED AND COUNTER,BOTH,HEAVY VEHICLES,2024,WEEKENDS,1902,-1,-1
56602,100001,PRESCRIBED AND COUNTER,BOTH,LIGHT VEHICLES,2024,WEEKDAYS,36823,-1,-1
56602,100001,COUNTER,NORTH,HEAVY VEHICLES,2024,PM PEAK,361,55,92
56602,100001,COUNTER,NORTH,ALL VEHICLES,2024,ALL DAYS,19424,-1,-1
56602,100001,PRESCRIBED,SOUTH,HEAVY VEHICLES,2024,ALL DAYS,2265,49,93
56602,100001,COUNTER,NORTH,ALL VEHICLES,2024,PM PEAK,4411,-1,-1
56602,100001,COUNTER,NORTH,HEAVY VEHICLES,2024,WEEKENDS,859,-1,-1
56602,100001,COUNTER,NORTH,ALL VEHICLES,2024,WEEKENDS,16669,-1,-1
56602,100001,COUNTER,NORTH,LIGHT VEHICLES,2024,PM PEAK,4050,87,91
56602,100001,PRESCRIBED AND COUNTER,BOTH,HEAVY VEHICLES,2024,ALL DAYS,4194,-1,-1
56602,100001,PRESCRIBED AND COUNTER,BOTH,LIGHT VEHICLES,2024,AM PEAK,8381,-1,-1
56602,100001,PRESCRIBED AND COUNTER,BOTH,ALL VEHICLES,2024,AM PEAK,9771,-1,-1
56602,100001,PRESCRIBED,SOUTH,ALL VEHICLES,2024,WEEKDAYS,21820,-1,-1
56602,100001,PRESCRIBED AND COUNTER,BOTH,LIGHT VEHICLES,2024,WEEKENDS,34208,-1,-1
56602,100001,COUNTER,NORTH,LIGHT VEHICLES,2024,WEEKDAYS,17602,-1,-1
56602,100001,PRESCRIBED,SOUTH,LIGHT VEHICLES,2024,AM PEAK,3855,90,89
56602,100001,PRESCRIBED AND COUNTER,BOTH,LIGHT VEHICLES,2024,OFF PEAK,18707,-1,-1
56602,100001,COUNTER,NORTH,HEAVY VEHICLES,2024,OFF PEAK,1173,54,93
56602,100001,PRESCRIBED AND COUNTER,BOTH,HEAVY VEHICLES,2024,AM PEAK,1390,-1,-1
56602,100001,PRESCRIBED,SOUTH,ALL VEHICLES,2024,OFF PEAK,11080,-1,-1
56602,100001,PRESCRIBED AND COUNTER,BOTH,ALL VEHICLES,2024,ALL DAYS,41317,-1,-1
56602,100001,COUNTER,NORTH,LIGHT VEHICLES,2024,WEEKENDS,15810,-1,-1
56602,100001,COUNTER,NORTH,ALL VEHICLES,2024,WEEKDAYS,19836,-1,-1
56602,100001,COUNTER,NORTH,LIGHT VEHICLES,2024,AM PEAK,4526,92,93
56602,100001,PRESCRIBED AND COUNTER,BOTH,LIGHT VEHICLES,2024,ALL DAYS,37123,-1,-1
56602,100001,COUNTER,NORTH,ALL VEHICLES,2024,AM PEAK,5226,-1,-1
56602,100001,PRESCRIBED AND COUNTER,BOTH,LIGHT VEHICLES,2024,PM PEAK,9735,-1,-1
56602,100001,PRESCRIBED,SOUTH,HEAVY VEHICLES,2024,OFF PEAK,1399,53,90
56602,100001,COUNTER,NORTH,LIGHT VEHICLES,2024,OFF PEAK,9026,75,92
56602,100001,PRESCRIBED AND COUNTER,BOTH,ALL VEHICLES,2024,WEEKDAYS,41656,-1,-1
56602,100001,PRESCRIBED,SOUTH,ALL VEHICLES,2024,WEEKENDS,19441,-1,-1
56602,100001,PRESCRIBED AND COUNTER,BOTH,ALL VEHICLES,2024,PM PEAK,10606,-1,-1
56602,100001,PRESCRIBED,SOUTH,HEAVY VEHICLES,2024,PM PEAK,510,58,91
56602,100001,PRESCRIBED,SOUTH,HEAVY VEHICLES,2024,WEEKDAYS,2599,-1,-1
56602,100001,PRESCRIBED AND COUNTER,BOTH,ALL VEHICLES,2024,OFF PEAK,21279,-1,-1
56602,100001,PRESCRIBED AND COUNTER,BOTH,HEAVY VEHICLES,2024,OFF PEAK,2572,-1,-1
56602,100001,PRESCRIBED,SOUTH,ALL VEHICLES,2024,PM PEAK,6195,-1,-1
56606,10011,PRESCRIBED AND COUNTER,BOTH,ALL VEHICLES,2024,AM PEAK,18395,-1,-1
56606,10011,COUNTER,EAST,HEAVY VEHICLES,2024,WEEKDAYS,2851,-1,-1
56606,10011,PRESCRIBED,WEST,HEAVY VEHICLES,2024,WEEKDAYS,3187,-1,-1
56606,10011,PRESCRIBED,WEST,LIGHT VEHICLES,2024,OFF PEAK,16838,74,89
56606,10011,PRESCRIBED AND COUNTER,BOTH,HEAVY VEHICLES,2024,WEEKDAYS,6038,-1,-1
56606,10011,PRESCRIBED,WEST,LIGHT VEHICLES,2024,WEEKDAYS,35391,-1,-1
56606,10011,COUNTER,EAST,ALL VEHICLES,2024,WEEKDAYS,31614,-1,-1
56606,10011,PRESCRIBED AND COUNTER,BOTH,HEAVY VEHICLES,2024,WEEKENDS,2657,-1,-1
56606,10011,PRESCRIBED AND COUNTER,BOTH,LIGHT VEHICLES,2024,OFF PEAK,30512,-1,-1
56606,10011,COUNTER,EAST,LIGHT VEHICLES,2024,OFF PEAK,13674,79,87
56606,10011,PRESCRIBED AND COUNTER,BOTH,ALL VEHICLES,2024,OFF PEAK,33411,-1,-1
56606,10011,PRESCRIBED,WEST,LIGHT VEHICLES,2024,PM PEAK,9308,89,89
56606,10011,PRESCRIBED AND COUNTER,BOTH,HEAVY VEHICLES,2024,AM PEAK,1957,-1,-1
56606,10011,PRESCRIBED,WEST,ALL VEHICLES,2024,OFF PEAK,18487,-1,-1
56606,10011,PRESCRIBED,WEST,HEAVY VEHICLES,2024,OFF PEAK,1649,20,90
56606,10011,PRESCRIBED,WEST,ALL VEHICLES,2024,WEEKDAYS,38578,-1,-1
56606,10011,PRESCRIBED,WEST,HEAVY VEHICLES,2024,PM PEAK,758,28,89
56606,10011,COUNTER,EAST,HEAVY VEHICLES,2024,ALL DAYS,2441,23,91
56606,10011,PRESCRIBED AND COUNTER,BOTH,LIGHT VEHICLES,2024,ALL DAYS,64900,-1,-1
56606,10011,PRESCRIBED,WEST,HEAVY VEHICLES,2024,AM PEAK,780,32,91
56606,10011,COUNTER,EAST,LIGHT VEHICLES,2024,PM PEAK,7896,91,88
56606,10011,PRESCRIBED AND COUNTER,BOTH,HEAVY VEHICLES,2024,ALL DAYS,5191,-1,-1
56606,10011,COUNTER,EAST,LIGHT VEHICLES,2024,WEEKENDS,26925,-1,-1
56606,10011,COUNTER,EAST,HEAVY VEHICLES,2024,OFF PEAK,1250,22,88
56606,10011,PRESCRIBED,WEST,ALL VEHICLES,2024,PM PEAK,10066,-1,-1
56606,10011,COUNTER,EAST,HEAVY VEHICLES,2024,PM PEAK,424,28,88
56606,10011,PRESCRIBED,WEST,HEAVY VEHICLES,2024,WEEKENDS,1417,-1,-1
56606,10011,PRESCRIBED AND COUNTER,BOTH,HEAVY VEHICLES,2024,PM PEAK,1182,-1,-1
56606,10011,PRESCRIBED,WEST,ALL VEHICLES,2024,WEEKENDS,35784,-1,-1
56606,10011,PRESCRIBED AND COUNTER,BOTH,ALL VEHICLES,2024,ALL DAYS,70091,-1,-1
56606,10011,PRESCRIBED,WEST,LIGHT VEHICLES,2024,ALL DAYS,35960,80,90
56606,10011,COUNTER,EAST,LIGHT VEHICLES,2024,ALL DAYS,28940,83,90
56606,10011,PRESCRIBED AND COUNTER,BOTH,LIGHT VEHICLES,2024,WEEKDAYS,64154,-1,-1
56606,10011,PRESCRIBED AND COUNTER,BOTH,ALL VEHICLES,2024,WEEKENDS,63949,-1,-1
56606,10011,COUNTER,EAST,ALL VEHICLES,2024,ALL DAYS,31381,-1,-1
56606,10011,COUNTER,EAST,LIGHT VEHICLES,2024,AM PEAK,7193,92,88
56606,10011,PRESCRIBED AND COUNTER,BOTH,LIGHT VEHICLES,2024,PM PEAK,17204,-1,-1
56606,10011,PRESCRIBED,WEST,LIGHT VEHICLES,2024,WEEKENDS,34367,-1,-1
56606,10011,COUNTER,EAST,ALL VEHICLES,2024,OFF PEAK,14924,-1,-1
56606,10011,COUNTER,EAST,ALL VEHICLES,2024,PM PEAK,8320,-1,-1
56606,10011,COUNTER,EAST,LIGHT VEHICLES,2024,WEEKDAYS,28763,-1,-1
56606,10011,PRESCRIBED AND COUNTER,BOTH,HEAVY VEHICLES,2024,OFF PEAK,2899,-1,-1
56606,10011,PRESCRIBED AND COUNTER,BOTH,LIGHT VEHICLES,2024,WEEKENDS,61292,-1,-1
56606,10011,PRESCRIBED,WEST,ALL VEHICLES,2024,ALL DAYS,38710,-1,-1
56606,10011,COUNTER,EAST,ALL VEHICLES,2024,AM PEAK,8370,-1,-1
56606,10011,PRESCRIBED,WEST,HEAVY VEHICLES,2024,ALL DAYS,2750,21,91
56606,10011,COUNTER,EAST,HEAVY VEHICLES,2024,AM PEAK,1177,45,89
56606,10011,PRESCRIBED AND COUNTER,BOTH,ALL VEHICLES,2024,WEEKDAYS,70192,-1,-1
56606,10011,PRESCRIBED,WEST,ALL VEHICLES,2024,AM PEAK,10025,-1,-1
56606,10011,COUNTER,EAST,HEAVY VEHICLES,2024,WEEKENDS,1240,-1,-1
56606,10011,COUNTER,EAST,ALL VEHICLES,2024,WEEKENDS,28165,-1,-1
56606,10011,PRESCRIBED AND COUNTER,BOTH,LIGHT VEHICLES,2024,AM PEAK,16438,-1,-1
56606,10011,PRESCRIBED AND COUNTER,BOTH,ALL VEHICLES,2024,PM PEAK,18386,-1,-1
56606,10011,PRESCRIBED,WEST,LIGHT VEHICLES,2024,AM PEAK,9245,89,90
56678,18011,PRESCRIBED AND COUNTER,BOTH,HEAVY VEHICLES,2024,PM PEAK,616,-1,-1
56678,18011,PRESCRIBED,SOUTH,UNCLASSIFIED,2024,WEEKDAYS,21995,-1,-1
56678,18011,PRESCRIBED AND COUNTER,BOTH,LIGHT VEHICLES,2024,PM PEAK,10331,-1,-1
56678,18011,PRESCRIBED,SOUTH,HEAVY VEHICLES,2024,AM PEAK,393,3,95
56678,18011,PRESCRIBED AND COUNTER,BOTH,HEAVY VEHICLES,2024,OFF PEAK,2153,-1,-1
56678,18011,COUNTER,NORTH,LIGHT VEHICLES,2024,ALL DAYS,22841,7,97
56678,18011,COUNTER,NORTH,UNCLASSIFIED,2024,AM PEAK,9278,-1,-1
56678,18011,COUNTER,NORTH,HEAVY VEHICLES,2024,WEEKDAYS,2126,-1,-1
56678,18011,COUNTER,NORTH,HEAVY VEHICLES,2024,ALL DAYS,1719,3,97
56678,18011,COUNTER,NORTH,LIGHT VEHICLES,2024,AM PEAK,7657,6,96
56678,18011,PRESCRIBED AND COUNTER,BOTH,LIGHT VEHICLES,2024,ALL DAYS,41703,-1,-1
56678,18011,COUNTER,NORTH,UNCLASSIFIED,2024,WEEKDAYS,28431,-1,-1
56678,18011,COUNTER,NORTH,UNCLASSIFIED,2024,OFF PEAK,13716,-1,-1
56678,18011,COUNTER,NORTH,LIGHT VEHICLES,2024,PM PEAK,4854,5,96
56678,18011,PRESCRIBED,SOUTH,UNCLASSIFIED,2024,AM PEAK,3793,-1,-1
56678,18011,PRESCRIBED AND COUNTER,BOTH,HEAVY VEHICLES,2024,AM PEAK,1094,-1,-1
56678,18011,PRESCRIBED AND COUNTER,BOTH,HEAVY VEHICLES,2024,WEEKDAYS,3863,-1,-1
56678,18011,PRESCRIBED,SOUTH,HEAVY VEHICLES,2024,WEEKDAYS,1737,-1,-1
56678,18011,PRESCRIBED AND COUNTER,BOTH,UNCLASSIFIED,2024,ALL DAYS,50839,-1,-1
56678,18011,COUNTER,NORTH,UNCLASSIFIED,2024,WEEKENDS,26453,-1,-1
56678,18011,COUNTER,NORTH,UNCLASSIFIED,2024,ALL DAYS,27993,-1,-1
56678,18011,COUNTER,NORTH,LIGHT VEHICLES,2024,WEEKENDS,20033,-1,-1
56678,18011,PRESCRIBED AND COUNTER,BOTH,HEAVY VEHICLES,2024,ALL DAYS,3208,-1,-1
56678,18011,PRESCRIBED,SOUTH,LIGHT VEHICLES,2024,WEEKENDS,19224,-1,-1
56678,18011,PRESCRIBED,SOUTH,LIGHT VEHICLES,2024,ALL DAYS,18862,5,97
56678,18011,PRESCRIBED,SOUTH,LIGHT VEHICLES,2024,OFF PEAK,10288,3,92
56678,18011,PRESCRIBED AND COUNTER,BOTH,UNCLASSIFIED,2024,OFF PEAK,25743,-1,-1
56678,18011,PRESCRIBED AND COUNTER,BOTH,LIGHT VEHICLES,2024,WEEKENDS,39257,-1,-1
56678,18011,PRESCRIBED AND COUNTER,BOTH,LIGHT VEHICLES,2024,WEEKDAYS,42684,-1,-1
56678,18011,PRESCRIBED AND COUNTER,BOTH,UNCLASSIFIED,2024,PM PEAK,11612,-1,-1
56678,18011,COUNTER,NORTH,LIGHT VEHICLES,2024,OFF PEAK,11618,5,95
56678,18011,PRESCRIBED AND COUNTER,BOTH,LIGHT VEHICLES,2024,AM PEAK,10447,-1,-1
56678,18011,PRESCRIBED AND COUNTER,BOTH,HEAVY VEHICLES,2024,WEEKENDS,1883,-1,-1
56678,18011,PRESCRIBED AND COUNTER,BOTH,UNCLASSIFIED,2024,WEEKENDS,50396,-1,-1
56678,18011,PRESCRIBED,SOUTH,LIGHT VEHICLES,2024,AM PEAK,2790,4,93
56678,18011,PRESCRIBED,SOUTH,HEAVY VEHICLES,2024,ALL DAYS,1489,3,97
56678,18011,COUNTER,NORTH,HEAVY VEHICLES,2024,PM PEAK,266,2,97
56678,18011,PRESCRIBED,SOUTH,HEAVY VEHICLES,2024,PM PEAK,350,2,96
56678,18011,PRESCRIBED,SOUTH,UNCLASSIFIED,2024,PM PEAK,6175,-1,-1
56678,18011,PRESCRIBED,SOUTH,LIGHT VEHICLES,2024,WEEKDAYS,18555,-1,-1
56678,18011,PRESCRIBED,SOUTH,UNCLASSIFIED,2024,WEEKENDS,23943,-1,-1
56678,18011,PRESCRIBED AND COUNTER,BOTH,UNCLASSIFIED,2024,WEEKDAYS,50426,-1,-1
56678,18011,COUNTER,NORTH,HEAVY VEHICLES,2024,OFF PEAK,1159,2,96
56678,18011,PRESCRIBED,SOUTH,UNCLASSIFIED,2024,OFF PEAK,12027,-1,-1
56678,18011,PRESCRIBED,SOUTH,LIGHT VEHICLES,2024,PM PEAK,5477,4,94
56678,18011,PRESCRIBED AND COUNTER,BOTH,LIGHT VEHICLES,2024,OFF PEAK,21906,-1,-1
56678,18011,PRESCRIBED AND COUNTER,BOTH,UNCLASSIFIED,2024,AM PEAK,13071,-1,-1
56678,18011,COUNTER,NORTH,LIGHT VEHICLES,2024,WEEKDAYS,24129,-1,-1
56678,18011,COUNTER,NORTH,UNCLASSIFIED,2024,PM PEAK,5437,-1,-1
56678,18011,COUNTER,NORTH,HEAVY VEHICLES,2024,WEEKENDS,914,-1,-1
56678,18011,PRESCRIBED,SOUTH,UNCLASSIFIED,2024,ALL DAYS,22846,-1,-1
56678,18011,COUNTER,NORTH,HEAVY VEHICLES,2024,AM PEAK,701,4,97
56678,18011,PRESCRIBED,SOUTH,HEAVY VEHICLES,2024,WEEKENDS,969,-1,-1
56678,18011,PRESCRIBED,SOUTH,HEAVY VEHICLES,2024,OFF PEAK,994,2,94
56738,22001,PRESCRIBED AND COUNTER,BOTH,HEAVY VEHICLES,2024,OFF PEAK,3543,-1,-1
56738,22001,PRESCRIBED AND COUNTER,BOTH,HEAVY VEHICLES,2024,AM PEAK,2155,-1,-1
56738,22001,COUNTER,WEST,LIGHT VEHICLES,2024,WEEKENDS,19520,-1,-1
56738,22001,COUNTER,WEST,HEAVY VEHICLES,2024,WEEKENDS,2017,-1,-1
56738,22001,COUNTER,WEST,LIGHT VEHICLES,2024,AM PEAK,4558,82,94
56738,22001,COUNTER,WEST,HEAVY VEHICLES,2024,WEEKDAYS,3805,-1,-1
56738,22001,PRESCRIBED,EAST,LIGHT VEHICLES,2024,WEEKDAYS,22462,-1,-1
56738,22001,PRESCRIBED AND COUNTER,BOTH,UNCLASSIFIED,2024,WEEKENDS,50260,-1,-1
56738,22001,PRESCRIBED,EAST,HEAVY VEHICLES,2024,PM PEAK,558,25,96
56738,22001,PRESCRIBED AND COUNTER,BOTH,LIGHT VEHICLES,2024,PM PEAK,10018,-1,-1
56738,22001,PRESCRIBED AND COUNTER,BOTH,HEAVY VEHICLES,2024,ALL DAYS,6050,-1,-1
56738,22001,PRESCRIBED,EAST,UNCLASSIFIED,2024,WEEKENDS,26293,-1,-1
56738,22001,COUNTER,WEST,HEAVY VEHICLES,2024,PM PEAK,793,39,94
56738,22001,PRESCRIBED AND COUNTER,BOTH,HEAVY VEHICLES,2024,WEEKDAYS,7049,-1,-1
56738,22001,PRESCRIBED AND COUNTER,BOTH,LIGHT VEHICLES,2024,WEEKDAYS,40936,-1,-1
56738,22001,PRESCRIBED AND COUNTER,BOTH,LIGHT VEHICLES,2024,WEEKENDS,42538,-1,-1
56738,22001,COUNTER,WEST,HEAVY VEHICLES,2024,AM PEAK,1110,55,95
56738,22001,COUNTER,WEST,UNCLASSIFIED,2024,PM PEAK,5611,-1,-1
56738,22001,PRESCRIBED AND COUNTER,BOTH,LIGHT VEHICLES,2024,ALL DAYS,41415,-1,-1
56738,22001,PRESCRIBED AND COUNTER,BOTH,UNCLASSIFIED,2024,WEEKDAYS,53454,-1,-1
56738,22001,COUNTER,WEST,UNCLASSIFIED,2024,AM PEAK,6529,-1,-1
56738,22001,PRESCRIBED,EAST,UNCLASSIFIED,2024,WEEKDAYS,28301,-1,-1
56738,22001,COUNTER,WEST,LIGHT VEHICLES,2024,PM PEAK,4164,68,95
56738,22001,PRESCRIBED,EAST,HEAVY VEHICLES,2024,AM PEAK,1045,37,99
56738,22001,PRESCRIBED AND COUNTER,BOTH,UNCLASSIFIED,2024,PM PEAK,13189,-1,-1
56738,22001,PRESCRIBED AND COUNTER,BOTH,LIGHT VEHICLES,2024,AM PEAK,9263,-1,-1
56738,22001,PRESCRIBED,EAST,LIGHT VEHICLES,2024,OFF PEAK,11903,44,99
56738,22001,COUNTER,WEST,UNCLASSIFIED,2024,WEEKENDS,23967,-1,-1
56738,22001,PRESCRIBED,EAST,HEAVY VEHICLES,2024,OFF PEAK,1641,24,99
56738,22001,COUNTER,WEST,LIGHT VEHICLES,2024,WEEKDAYS,18474,-1,-1
56738,22001,PRESCRIBED,EAST,HEAVY VEHICLES,2024,WEEKENDS,1586,-1,-1
56738,22001,COUNTER,WEST,LIGHT VEHICLES,2024,OFF PEAK,9752,56,96
56738,22001,PRESCRIBED AND COUNTER,BOTH,HEAVY VEHICLES,2024,PM PEAK,1351,-1,-1
56738,22001,PRESCRIBED,EAST,UNCLASSIFIED,2024,PM PEAK,7578,-1,-1
56738,22001,COUNTER,WEST,UNCLASSIFIED,2024,WEEKDAYS,25153,-1,-1
56738,22001,PRESCRIBED,EAST,LIGHT VEHICLES,2024,PM PEAK,5854,54,97
56738,22001,PRESCRIBED AND COUNTER,BOTH,UNCLASSIFIED,2024,ALL DAYS,52677,-1,-1
56738,22001,PRESCRIBED AND COUNTER,BOTH,HEAVY VEHICLES,2024,WEEKENDS,3603,-1,-1
56738,22001,PRESCRIBED AND COUNTER,BOTH,UNCLASSIFIED,2024,OFF PEAK,27564,-1,-1
56738,22001,COUNTER,WEST,LIGHT VEHICLES,2024,ALL DAYS,18777,61,94
56738,22001,PRESCRIBED AND COUNTER,BOTH,UNCLASSIFIED,2024,AM PEAK,12701,-1,-1
56738,22001,PRESCRIBED,EAST,LIGHT VEHICLES,2024,ALL DAYS,22638,47,97
56738,22001,COUNTER,WEST,UNCLASSIFIED,2024,ALL DAYS,24803,-1,-1
56738,22001,COUNTER,WEST,UNCLASSIFIED,2024,OFF PEAK,13013,-1,-1
56738,22001,PRESCRIBED,EAST,UNCLASSIFIED,2024,AM PEAK,6172,-1,-1
56738,22001,PRESCRIBED,EAST,UNCLASSIFIED,2024,ALL DAYS,27874,-1,-1
56738,22001,PRESCRIBED AND COUNTER,BOTH,LIGHT VEHICLES,2024,OFF PEAK,21655,-1,-1
56738,22001,PRESCRIBED,EAST,LIGHT VEHICLES,2024,WEEKENDS,23018,-1,-1
56738,22001,PRESCRIBED,EAST,UNCLASSIFIED,2024,OFF PEAK,14551,-1,-1
56738,22001,COUNTER,WEST,HEAVY VEHICLES,2024,OFF PEAK,1902,29,95
56738,22001,PRESCRIBED,EAST,HEAVY VEHICLES,2024,ALL DAYS,2778,24,97
56738,22001,PRESCRIBED,EAST,LIGHT VEHICLES,2024,AM PEAK,4705,57,98
56738,22001,PRESCRIBED,EAST,HEAVY VEHICLES,2024,WEEKDAYS,3244,-1,-1
56738,22001,COUNTER,WEST,HEAVY VEHICLES,2024,ALL DAYS,3272,32,93
56762,23067,PRESCRIBED,WEST,HEAVY VEHICLES,2024,AM PEAK,349,60,98
56762,23067,PRESCRIBED,WEST,LIGHT VEHICLES,2024,OFF PEAK,14207,90,98
56762,23067,PRESCRIBED AND COUNTER,BOTH,HEAVY VEHICLES,2024,ALL DAYS,2615,-1,-1
56762,23067,PRESCRIBED,WEST,LIGHT VEHICLES,2024,PM PEAK,6784,90,99
56762,23067,COUNTER,EAST,HEAVY VEHICLES,2024,WEEKDAYS,1475,-1,-1
56762,23067,COUNTER,EAST,ALL VEHICLES,2024,OFF PEAK,12201,-1,-1
56762,23067,PRESCRIBED AND COUNTER,BOTH,ALL VEHICLES,2024,WEEKDAYS,51984,-1,-1
56762,23067,COUNTER,EAST,LIGHT VEHICLES,2024,WEEKDAYS,22748,-1,-1
56762,23067,PRESCRIBED AND COUNTER,BOTH,LIGHT VEHICLES,2024,PM PEAK,10607,-1,-1
56762,23067,PRESCRIBED AND COUNTER,BOTH,ALL VEHICLES,2024,OFF PEAK,27271,-1,-1
56762,23067,PRESCRIBED AND COUNTER,BOTH,HEAVY VEHICLES,2024,PM PEAK,479,-1,-1
56762,23067,PRESCRIBED AND COUNTER,BOTH,ALL VEHICLES,2024,AM PEAK,13627,-1,-1
56762,23067,PRESCRIBED,WEST,LIGHT VEHICLES,2024,WEEKENDS,25065,-1,-1
56762,23067,COUNTER,EAST,HEAVY VEHICLES,2024,AM PEAK,446,46,96
56762,23067,COUNTER,EAST,LIGHT VEHICLES,2024,ALL DAYS,22349,90,96
56762,23067,PRESCRIBED AND COUNTER,BOTH,LIGHT VEHICLES,2024,WEEKDAYS,49022,-1,-1
56762,23067,COUNTER,EAST,ALL VEHICLES,2024,WEEKENDS,22162,-1,-1
56762,23067,PRESCRIBED,WEST,LIGHT VEHICLES,2024,AM PEAK,5283,90,98
56762,23067,COUNTER,EAST,HEAVY VEHICLES,2024,PM PEAK,204,43,96
56762,23067,PRESCRIBED,WEST,ALL VEHICLES,2024,WEEKENDS,25892,-1,-1
56762,23067,COUNTER,EAST,ALL VEHICLES,2024,AM PEAK,7995,-1,-1
56762,23067,PRESCRIBED AND COUNTER,BOTH,LIGHT VEHICLES,2024,WEEKENDS,46346,-1,-1
56762,23067,PRESCRIBED AND COUNTER,BOTH,HEAVY VEHICLES,2024,WEEKDAYS,2962,-1,-1
56762,23067,PRESCRIBED,WEST,ALL VEHICLES,2024,OFF PEAK,15070,-1,-1
56762,23067,PRESCRIBED,WEST,HEAVY VEHICLES,2024,PM PEAK,275,64,99
56762,23067,COUNTER,EAST,HEAVY VEHICLES,2024,OFF PEAK,825,41,96
56762,23067,PRESCRIBED,WEST,HEAVY VEHICLES,2024,WEEKENDS,827,-1,-1
56762,23067,COUNTER,EAST,LIGHT VEHICLES,2024,AM PEAK,7549,90,96
56762,23067,PRESCRIBED AND COUNTER,BOTH,HEAVY VEHICLES,2024,OFF PEAK,1688,-1,-1
56762,23067,PRESCRIBED,WEST,ALL VEHICLES,2024,PM PEAK,7059,-1,-1
56762,23067,PRESCRIBED,WEST,ALL VEHICLES,2024,ALL DAYS,27269,-1,-1
56762,23067,PRESCRIBED,WEST,ALL VEHICLES,2024,WEEKDAYS,27761,-1,-1
56762,23067,PRESCRIBED AND COUNTER,BOTH,HEAVY VEHICLES,2024,WEEKENDS,1708,-1,-1
56762,23067,PRESCRIBED AND COUNTER,BOTH,ALL VEHICLES,2024,WEEKENDS,48054,-1,-1
56762,23067,PRESCRIBED AND COUNTER,BOTH,HEAVY VEHICLES,2024,AM PEAK,795,-1,-1
56762,23067,COUNTER,EAST,HEAVY VEHICLES,2024,ALL DAYS,1307,42,96
56762,23067,PRESCRIBED AND COUNTER,BOTH,ALL VEHICLES,2024,PM PEAK,11086,-1,-1
56762,23067,COUNTER,EAST,LIGHT VEHICLES,2024,OFF PEAK,11376,89,96
56762,23067,PRESCRIBED AND COUNTER,BOTH,LIGHT VEHICLES,2024,AM PEAK,12832,-1,-1
56762,23067,COUNTER,EAST,HEAVY VEHICLES,2024,WEEKENDS,881,-1,-1
56762,23067,PRESCRIBED AND COUNTER,BOTH,LIGHT VEHICLES,2024,ALL DAYS,48310,-1,-1
56762,23067,COUNTER,EAST,ALL VEHICLES,2024,WEEKDAYS,24223,-1,-1
56762,23067,PRESCRIBED AND COUNTER,BOTH,LIGHT VEHICLES,2024,OFF PEAK,25583,-1,-1
56762,23067,PRESCRIBED,WEST,HEAVY VEHICLES,2024,WEEKDAYS,1487,-1,-1
56762,23067,PRESCRIBED AND COUNTER,BOTH,ALL VEHICLES,2024,ALL DAYS,50925,-1,-1
56762,23067,PRESCRIBED,WEST,LIGHT VEHICLES,2024,ALL DAYS,25961,90,98
56762,23067,COUNTER,EAST,ALL VEHICLES,2024,PM PEAK,4027,-1,-1
56762,23067,PRESCRIBED,WEST,HEAVY VEHICLES,2024,OFF PEAK,863,54,98
56762,23067,COUNTER,EAST,LIGHT VEHICLES,2024,WEEKENDS,21281,-1,-1
56762,23067,PRESCRIBED,WEST,LIGHT VEHICLES,2024,WEEKDAYS,26274,-1,-1
56762,23067,PRESCRIBED,WEST,HEAVY VEHICLES,2024,ALL DAYS,1308,55,98
56762,23067,COUNTER,EAST,LIGHT VEHICLES,2024,PM PEAK,3823,90,96
56762,23067,COUNTER,EAST,ALL VEHICLES,2024,ALL DAYS,23656,-1,-1
56762,23067,PRESCRIBED,WEST,ALL VEHICLES,2024,AM PEAK,5632,-1,-1
56820,28008,PRESCRIBED AND COUNTER,BOTH,ALL VEHICLES,2024,WEEKDAYS,81749,-1,-1
56820,28008,COUNTER,SOUTH,ALL VEHICLES,2024,OFF PEAK,20572,-1,-1
56820,28008,PRESCRIBED AND COUNTER,BOTH,LIGHT VEHICLES,2024,PM PEAK,18240,-1,-1
56820,28008,PRESCRIBED,NORTH,HEAVY VEHICLES,2024,WEEKENDS,286,-1,-1
56820,28008,COUNTER,SOUTH,HEAVY VEHICLES,2024,PM PEAK,152,3,79
56820,28008,COUNTER,SOUTH,LIGHT VEHICLES,2024,OFF PEAK,20028,5,79
56820,28008,COUNTER,SOUTH,ALL VEHICLES,2024,PM PEAK,8919,-1,-1
56820,28008,PRESCRIBED AND COUNTER,BOTH,HEAVY VEHICLES,2024,WEEKDAYS,2104,-1,-1
56820,28008,PRESCRIBED AND COUNTER,BOTH,LIGHT VEHICLES,2024,ALL DAYS,79009,-1,-1
56820,28008,PRESCRIBED,NORTH,ALL VEHICLES,2024,AM PEAK,10811,-1,-1
56820,28008,COUNTER,SOUTH,LIGHT VEHICLES,2024,ALL DAYS,37644,5,93
56820,28008,COUNTER,SOUTH,HEAVY VEHICLES,2024,ALL DAYS,815,2,93
56820,28008,PRESCRIBED,NORTH,LIGHT VEHICLES,2024,ALL DAYS,41365,6,96
56820,28008,PRESCRIBED AND COUNTER,BOTH,LIGHT VEHICLES,2024,OFF PEAK,42092,-1,-1
56820,28008,PRESCRIBED,NORTH,ALL VEHICLES,2024,OFF PEAK,22820,-1,-1
56820,28008,COUNTER,SOUTH,LIGHT VEHICLES,2024,PM PEAK,8767,5,79
56820,28008,PRESCRIBED,NORTH,LIGHT VEHICLES,2024,AM PEAK,10514,6,77
56820,28008,COUNTER,SOUTH,LIGHT VEHICLES,2024,AM PEAK,8799,5,78
56820,28008,COUNTER,SOUTH,LIGHT VEHICLES,2024,WEEKENDS,36654,-1,-1
56820,28008,PRESCRIBED AND COUNTER,BOTH,LIGHT VEHICLES,2024,AM PEAK,19313,-1,-1
56820,28008,PRESCRIBED,NORTH,HEAVY VEHICLES,2024,WEEKDAYS,1175,-1,-1
56820,28008,COUNTER,SOUTH,HEAVY VEHICLES,2024,WEEKENDS,228,-1,-1
56820,28008,PRESCRIBED,NORTH,HEAVY VEHICLES,2024,AM PEAK,297,5,77
56820,28008,COUNTER,SOUTH,ALL VEHICLES,2024,WEEKDAYS,38523,-1,-1
56820,28008,PRESCRIBED AND COUNTER,BOTH,ALL VEHICLES,2024,OFF PEAK,43392,-1,-1
56820,28008,PRESCRIBED,NORTH,ALL VEHICLES,2024,WEEKDAYS,43226,-1,-1
56820,28008,PRESCRIBED,NORTH,ALL VEHICLES,2024,PM PEAK,9595,-1,-1
56820,28008,PRESCRIBED,NORTH,HEAVY VEHICLES,2024,ALL DAYS,922,3,95
56820,28008,COUNTER,SOUTH,ALL VEHICLES,2024,ALL DAYS,38459,-1,-1
56820,28008,PRESCRIBED AND COUNTER,BOTH,HEAVY VEHICLES,2024,OFF PEAK,1300,-1,-1
56820,28008,PRESCRIBED AND COUNTER,BOTH,HEAVY VEHICLES,2024,PM PEAK,274,-1,-1
56820,28008,COUNTER,SOUTH,HEAVY VEHICLES,2024,AM PEAK,233,3,77
56820,28008,COUNTER,SOUTH,HEAVY VEHICLES,2024,OFF PEAK,544,2,78
56820,28008,PRESCRIBED,NORTH,LIGHT VEHICLES,2024,OFF PEAK,22064,6,78
56820,28008,COUNTER,SOUTH,LIGHT VEHICLES,2024,WEEKDAYS,37594,-1,-1
56820,28008,PRESCRIBED AND COUNTER,BOTH,ALL VEHICLES,2024,PM PEAK,18514,-1,-1
56820,28008,PRESCRIBED AND COUNTER,BOTH,HEAVY VEHICLES,2024,ALL DAYS,1737,-1,-1
56820,28008,PRESCRIBED,NORTH,LIGHT VEHICLES,2024,WEEKDAYS,42051,-1,-1
56820,28008,PRESCRIBED AND COUNTER,BOTH,HEAVY VEHICLES,2024,WEEKENDS,514,-1,-1
56820,28008,PRESCRIBED,NORTH,HEAVY VEHICLES,2024,OFF PEAK,756,4,78
56820,28008,PRESCRIBED,NORTH,HEAVY VEHICLES,2024,PM PEAK,122,4,78
56820,28008,PRESCRIBED,NORTH,ALL VEHICLES,2024,WEEKENDS,39395,-1,-1
56820,28008,PRESCRIBED AND COUNTER,BOTH,LIGHT VEHICLES,2024,WEEKENDS,75763,-1,-1
56820,28008,COUNTER,SOUTH,HEAVY VEHICLES,2024,WEEKDAYS,929,-1,-1
56820,28008,COUNTER,SOUTH,ALL VEHICLES,2024,AM PEAK,9032,-1,-1
56820,28008,PRESCRIBED AND COUNTER,BOTH,ALL VEHICLES,2024,AM PEAK,19843,-1,-1
56820,28008,PRESCRIBED,NORTH,LIGHT VEHICLES,2024,WEEKENDS,39109,-1,-1
56820,28008,PRESCRIBED,NORTH,LIGHT VEHICLES,2024,PM PEAK,9473,6,78
56820,28008,PRESCRIBED AND COUNTER,BOTH,ALL VEHICLES,2024,ALL DAYS,80746,-1,-1
56820,28008,PRESCRIBED AND COUNTER,BOTH,LIGHT VEHICLES,2024,WEEKDAYS,79645,-1,-1
56820,28008,COUNTER,SOUTH,ALL VEHICLES,2024,WEEKENDS,36882,-1,-1
56820,28008,PRESCRIBED AND COUNTER,BOTH,HEAVY VEHICLES,2024,AM PEAK,530,-1,-1
56820,28008,PRESCRIBED AND COUNTER,BOTH,ALL VEHICLES,2024,WEEKENDS,76277,-1,-1
56820,28008,PRESCRIBED,NORTH,ALL VEHICLES,2024,ALL DAYS,42287,-1,-1
56841,29005,PRESCRIBED,NORTH,ALL VEHICLES,2024,AM PEAK,12114,-1,-1
56841,29005,PRESCRIBED,NORTH,HEAVY VEHICLES,2024,OFF PEAK,2396,16,77
56841,29005,PRESCRIBED,NORTH,HEAVY VEHICLES,2024,WEEKENDS,2309,-1,-1
56841,29005,PRESCRIBED,NORTH,HEAVY VEHICLES,2024,ALL DAYS,4367,15,83
56841,29005,PRESCRIBED,NORTH,LIGHT VEHICLES,2024,PM PEAK,11368,34,76
56841,29005,COUNTER,SOUTH,HEAVY VEHICLES,2024,OFF PEAK,2519,24,88
56841,29005,COUNTER,SOUTH,LIGHT VEHICLES,2024,WEEKENDS,43205,-1,-1
56841,29005,PRESCRIBED,NORTH,LIGHT VEHICLES,2024,WEEKENDS,41337,-1,-1
56841,29005,PRESCRIBED AND COUNTER,BOTH,LIGHT VEHICLES,2024,OFF PEAK,41569,-1,-1
56841,29005,COUNTER,SOUTH,LIGHT VEHICLES,2024,PM PEAK,11760,64,86
56841,29005,COUNTER,SOUTH,LIGHT VEHICLES,2024,WEEKDAYS,43594,-1,-1
56841,29005,COUNTER,SOUTH,ALL VEHICLES,2024,ALL DAYS,49419,-1,-1
56841,29005,COUNTER,SOUTH,ALL VEHICLES,2024,AM PEAK,12049,-1,-1
56841,29005,PRESCRIBED AND COUNTER,BOTH,ALL VEHICLES,2024,WEEKENDS,88994,-1,-1
56841,29005,COUNTER,SOUTH,ALL VEHICLES,2024,WEEKDAYS,48248,-1,-1
56841,29005,PRESCRIBED AND COUNTER,BOTH,LIGHT VEHICLES,2024,PM PEAK,23128,-1,-1
56841,29005,PRESCRIBED,NORTH,LIGHT VEHICLES,2024,WEEKDAYS,42492,-1,-1
56841,29005,COUNTER,SOUTH,HEAVY VEHICLES,2024,ALL DAYS,4125,22,89
56841,29005,PRESCRIBED,NORTH,ALL VEHICLES,2024,WEEKENDS,43646,-1,-1
56841,29005,COUNTER,SOUTH,HEAVY VEHICLES,2024,PM PEAK,996,27,88
56841,29005,PRESCRIBED,NORTH,HEAVY VEHICLES,2024,AM PEAK,1635,22,78
56841,29005,PRESCRIBED,NORTH,ALL VEHICLES,2024,OFF PEAK,23041,-1,-1
56841,29005,PRESCRIBED AND COUNTER,BOTH,HEAVY VEHICLES,2024,WEEKENDS,4452,-1,-1
56841,29005,COUNTER,SOUTH,LIGHT VEHICLES,2024,ALL DAYS,45294,54,86
56841,29005,PRESCRIBED AND COUNTER,BOTH,HEAVY VEHICLES,2024,PM PEAK,1745,-1,-1
56841,29005,PRESCRIBED,NORTH,ALL VEHICLES,2024,ALL DAYS,48741,-1,-1
56841,29005,PRESCRIBED,NORTH,LIGHT VEHICLES,2024,OFF PEAK,20645,29,76
56841,29005,PRESCRIBED AND COUNTER,BOTH,HEAVY VEHICLES,2024,AM PEAK,2774,-1,-1
56841,29005,PRESCRIBED AND COUNTER,BOTH,ALL VEHICLES,2024,PM PEAK,24873,-1,-1
56841,29005,PRESCRIBED,NORTH,LIGHT VEHICLES,2024,AM PEAK,10479,35,78
56841,29005,PRESCRIBED AND COUNTER,BOTH,HEAVY VEHICLES,2024,WEEKDAYS,9434,-1,-1
56841,29005,COUNTER,SOUTH,LIGHT VEHICLES,2024,AM PEAK,10910,60,86
56841,29005,PRESCRIBED AND COUNTER,BOTH,LIGHT VEHICLES,2024,WEEKDAYS,86086,-1,-1
56841,29005,COUNTER,SOUTH,HEAVY VEHICLES,2024,WEEKDAYS,4654,-1,-1
56841,29005,PRESCRIBED,NORTH,HEAVY VEHICLES,2024,PM PEAK,749,15,77
56841,29005,PRESCRIBED,NORTH,ALL VEHICLES,2024,WEEKDAYS,47272,-1,-1
56841,29005,PRESCRIBED,NORTH,LIGHT VEHICLES,2024,ALL DAYS,44374,30,82
56841,29005,COUNTER,SOUTH,HEAVY VEHICLES,2024,AM PEAK,1139,30,88
56841,29005,COUNTER,SOUTH,ALL VEHICLES,2024,OFF PEAK,23443,-1,-1
56841,29005,PRESCRIBED AND COUNTER,BOTH,HEAVY VEHICLES,2024,OFF PEAK,4915,-1,-1
56841,29005,PRESCRIBED,NORTH,HEAVY VEHICLES,2024,WEEKDAYS,4780,-1,-1
56841,29005,COUNTER,SOUTH,HEAVY VEHICLES,2024,WEEKENDS,2143,-1,-1
56841,29005,PRESCRIBED,NORTH,ALL VEHICLES,2024,PM PEAK,12117,-1,-1
56841,29005,PRESCRIBED AND COUNTER,BOTH,ALL VEHICLES,2024,AM PEAK,24163,-1,-1
56841,29005,COUNTER,SOUTH,ALL VEHICLES,2024,WEEKENDS,45348,-1,-1
56841,29005,PRESCRIBED AND COUNTER,BOTH,ALL VEHICLES,2024,OFF PEAK,46484,-1,-1
56841,29005,PRESCRIBED AND COUNTER,BOTH,LIGHT VEHICLES,2024,WEEKENDS,84542,-1,-1
56841,29005,PRESCRIBED AND COUNTER,BOTH,HEAVY VEHICLES,2024,ALL DAYS,8492,-1,-1
56841,29005,PRESCRIBED AND COUNTER,BOTH,ALL VEHICLES,2024,WEEKDAYS,95520,-1,-1
56841,29005,COUNTER,SOUTH,ALL VEHICLES,2024,PM PEAK,12756,-1,-1
56841,29005,PRESCRIBED AND COUNTER,BOTH,LIGHT VEHICLES,2024,ALL DAYS,89668,-1,-1
56841,29005,COUNTER,SOUTH,LIGHT VEHICLES,2024,OFF PEAK,20924,51,86
56841,29005,PRESCRIBED AND COUNTER,BOTH,ALL VEHICLES,2024,ALL DAYS,98160,-1,-1
56841,29005,PRESCRIBED AND COUNTER,BOTH,LIGHT VEHICLES,2024,AM PEAK,21389,-1,-1
56861,32029,COUNTER,SOUTH,HEAVY VEHICLES,2024,PM PEAK,216,19,98
56861,32029,COUNTER,SOUTH,ALL VEHICLES,2024,PM PEAK,3283,-1,-1
56861,32029,PRESCRIBED AND COUNTER,BOTH,HEAVY VEHICLES,2024,PM PEAK,502,-1,-1
56861,32029,PRESCRIBED,NORTH,ALL VEHICLES,2024,PM PEAK,4986,-1,-1
56861,32029,COUNTER,SOUTH,LIGHT VEHICLES,2024,OFF PEAK,4844,50,98
56861,32029,PRESCRIBED,NORTH,ALL VEHICLES,2024,WEEKENDS,18223,-1,-1
56861,32029,PRESCRIBED AND COUNTER,BOTH,LIGHT VEHICLES,2024,OFF PEAK,13848,-1,-1
56861,32029,PRESCRIBED,NORTH,ALL VEHICLES,2024,ALL DAYS,21043,-1,-1
56861,32029,COUNTER,SOUTH,HEAVY VEHICLES,2024,OFF PEAK,456,16,98
56861,32029,PRESCRIBED AND COUNTER,BOTH,ALL VEHICLES,2024,WEEKENDS,27689,-1,-1
56861,32029,PRESCRIBED AND COUNTER,BOTH,LIGHT VEHICLES,2024,AM PEAK,8536,-1,-1
56861,32029,PRESCRIBED,NORTH,HEAVY VEHICLES,2024,PM PEAK,286,26,97
56861,32029,PRESCRIBED,NORTH,LIGHT VEHICLES,2024,AM PEAK,6638,80,98
56861,32029,PRESCRIBED,NORTH,HEAVY VEHICLES,2024,WEEKDAYS,1818,-1,-1
56861,32029,PRESCRIBED,NORTH,LIGHT VEHICLES,2024,WEEKENDS,17474,-1,-1
56861,32029,PRESCRIBED,NORTH,LIGHT VEHICLES,2024,WEEKDAYS,20342,-1,-1
56861,32029,PRESCRIBED AND COUNTER,BOTH,LIGHT VEHICLES,2024,PM PEAK,7767,-1,-1
56861,32029,PRESCRIBED,NORTH,ALL VEHICLES,2024,AM PEAK,7289,-1,-1
56861,32029,COUNTER,SOUTH,LIGHT VEHICLES,2024,ALL DAYS,9605,52,98
56861,32029,PRESCRIBED,NORTH,HEAVY VEHICLES,2024,AM PEAK,651,33,97
56861,32029,PRESCRIBED,NORTH,HEAVY VEHICLES,2024,OFF PEAK,881,22,97
56861,32029,PRESCRIBED AND COUNTER,BOTH,ALL VEHICLES,2024,AM PEAK,9398,-1,-1
56861,32029,PRESCRIBED AND COUNTER,BOTH,HEAVY VEHICLES,2024,AM PEAK,862,-1,-1
56861,32029,PRESCRIBED AND COUNTER,BOTH,LIGHT VEHICLES,2024,WEEKDAYS,30151,-1,-1
56861,32029,PRESCRIBED,NORTH,HEAVY VEHICLES,2024,WEEKENDS,749,-1,-1
56861,32029,PRESCRIBED AND COUNTER,BOTH,LIGHT VEHICLES,2024,ALL DAYS,29142,-1,-1
56861,32029,COUNTER,SOUTH,HEAVY VEHICLES,2024,AM PEAK,211,25,98
56861,32029,COUNTER,SOUTH,HEAVY VEHICLES,2024,WEEKENDS,384,-1,-1
56861,32029,PRESCRIBED AND COUNTER,BOTH,HEAVY VEHICLES,2024,OFF PEAK,1337,-1,-1
56861,32029,PRESCRIBED,NORTH,ALL VEHICLES,2024,OFF PEAK,9885,-1,-1
56861,32029,PRESCRIBED AND COUNTER,BOTH,HEAVY VEHICLES,2024,WEEKDAYS,2701,-1,-1
56861,32029,PRESCRIBED,NORTH,LIGHT VEHICLES,2024,ALL DAYS,19537,64,98
56861,32029,PRESCRIBED AND COUNTER,BOTH,ALL VEHICLES,2024,OFF PEAK,15185,-1,-1
56861,32029,COUNTER,SOUTH,LIGHT VEHICLES,2024,AM PEAK,1898,56,98
56861,32029,PRESCRIBED,NORTH,ALL VEHICLES,2024,WEEKDAYS,22160,-1,-1
56861,32029,PRESCRIBED AND COUNTER,BOTH,ALL VEHICLES,2024,PM PEAK,8269,-1,-1
56861,32029,PRESCRIBED,NORTH,LIGHT VEHICLES,2024,PM PEAK,4700,69,98
56861,32029,COUNTER,SOUTH,HEAVY VEHICLES,2024,ALL DAYS,732,16,98
56861,32029,COUNTER,SOUTH,HEAVY VEHICLES,2024,WEEKDAYS,883,-1,-1
56861,32029,PRESCRIBED AND COUNTER,BOTH,LIGHT VEHICLES,2024,WEEKENDS,26556,-1,-1
56861,32029,PRESCRIBED AND COUNTER,BOTH,HEAVY VEHICLES,2024,WEEKENDS,1133,-1,-1
56861,32029,COUNTER,SOUTH,LIGHT VEHICLES,2024,PM PEAK,3067,59,98
56861,32029,PRESCRIBED,NORTH,LIGHT VEHICLES,2024,OFF PEAK,9004,60,96
56861,32029,PRESCRIBED AND COUNTER,BOTH,ALL VEHICLES,2024,WEEKDAYS,32852,-1,-1
56861,32029,COUNTER,SOUTH,LIGHT VEHICLES,2024,WEEKDAYS,9809,-1,-1
56861,32029,COUNTER,SOUTH,ALL VEHICLES,2024,WEEKENDS,9466,-1,-1
56861,32029,COUNTER,SOUTH,ALL VEHICLES,2024,WEEKDAYS,10692,-1,-1
56861,32029,PRESCRIBED,NORTH,HEAVY VEHICLES,2024,ALL DAYS,1506,21,97
56861,32029,PRESCRIBED AND COUNTER,BOTH,ALL VEHICLES,2024,ALL DAYS,31380,-1,-1
56861,32029,COUNTER,SOUTH,ALL VEHICLES,2024,ALL DAYS,10337,-1,-1
56861,32029,COUNTER,SOUTH,LIGHT VEHICLES,2024,WEEKENDS,9082,-1,-1
56861,32029,PRESCRIBED AND COUNTER,BOTH,HEAVY VEHICLES,2024,ALL DAYS,2238,-1,-1
56861,32029,COUNTER,SOUTH,ALL VEHICLES,2024,OFF PEAK,5300,-1,-1
56861,32029,COUNTER,SOUTH,ALL VEHICLES,2024,AM PEAK,2109,-1,-1
56869,33014,PRESCRIBED,NORTH,HEAVY VEHICLES,2024,ALL DAYS,1843,29,97
56869,33014,PRESCRIBED,NORTH,HEAVY VEHICLES,2024,AM PEAK,623,44,97
56869,33014,COUNTER,SOUTH,UNCLASSIFIED,2024,PM PEAK,6344,-1,-1
56869,33014,COUNTER,SOUTH,HEAVY VEHICLES,2024,ALL DAYS,2150,24,98
56869,33014,PRESCRIBED,NORTH,UNCLASSIFIED,2024,AM PEAK,5716,-1,-1
56869,33014,PRESCRIBED AND COUNTER,BOTH,LIGHT VEHICLES,2024,WEEKENDS,42439,-1,-1
56869,33014,PRESCRIBED,NORTH,LIGHT VEHICLES,2024,WEEKENDS,21228,-1,-1
56869,33014,COUNTER,SOUTH,UNCLASSIFIED,2024,AM PEAK,7647,-1,-1
56869,33014,PRESCRIBED AND COUNTER,BOTH,UNCLASSIFIED,2024,WEEKDAYS,53981,-1,-1
56869,33014,PRESCRIBED AND COUNTER,BOTH,HEAVY VEHICLES,2024,OFF PEAK,2559,-1,-1
56869,33014,COUNTER,SOUTH,LIGHT VEHICLES,2024,AM PEAK,6783,77,96
56869,33014,PRESCRIBED,NORTH,HEAVY VEHICLES,2024,WEEKDAYS,2162,-1,-1
56869,33014,COUNTER,SOUTH,LIGHT VEHICLES,2024,WEEKENDS,21211,-1,-1
56869,33014,PRESCRIBED,NORTH,LIGHT VEHICLES,2024,PM PEAK,6841,72,96
56869,33014,COUNTER,SOUTH,HEAVY VEHICLES,2024,WEEKDAYS,2583,-1,-1
56869,33014,PRESCRIBED AND COUNTER,BOTH,LIGHT VEHICLES,2024,WEEKDAYS,46835,-1,-1
56869,33014,COUNTER,SOUTH,LIGHT VEHICLES,2024,WEEKDAYS,23891,-1,-1
56869,33014,COUNTER,SOUTH,LIGHT VEHICLES,2024,ALL DAYS,23137,63,96
56869,33014,PRESCRIBED,NORTH,UNCLASSIFIED,2024,WEEKENDS,23799,-1,-1
56869,33014,COUNTER,SOUTH,UNCLASSIFIED,2024,WEEKDAYS,26796,-1,-1
56869,33014,PRESCRIBED AND COUNTER,BOTH,HEAVY VEHICLES,2024,PM PEAK,828,-1,-1
56869,33014,PRESCRIBED AND COUNTER,BOTH,LIGHT VEHICLES,2024,AM PEAK,11416,-1,-1
56869,33014,PRESCRIBED,NORTH,LIGHT VEHICLES,2024,OFF PEAK,11470,61,95
56869,33014,PRESCRIBED,NORTH,LIGHT VEHICLES,2024,WEEKDAYS,22944,-1,-1
56869,33014,PRESCRIBED AND COUNTER,BOTH,HEAVY VEHICLES,2024,WEEKENDS,2065,-1,-1
56869,33014,PRESCRIBED AND COUNTER,BOTH,HEAVY VEHICLES,2024,WEEKDAYS,4745,-1,-1
56869,33014,COUNTER,SOUTH,HEAVY VEHICLES,2024,PM PEAK,462,28,97
56869,33014,COUNTER,SOUTH,UNCLASSIFIED,2024,OFF PEAK,12805,-1,-1
56869,33014,PRESCRIBED AND COUNTER,BOTH,UNCLASSIFIED,2024,AM PEAK,13363,-1,-1
56869,33014,COUNTER,SOUTH,LIGHT VEHICLES,2024,PM PEAK,5821,69,96
56869,33014,PRESCRIBED,NORTH,HEAVY VEHICLES,2024,PM PEAK,366,31,97
56869,33014,PRESCRIBED,NORTH,LIGHT VEHICLES,2024,AM PEAK,4633,79,96
56869,33014,PRESCRIBED AND COUNTER,BOTH,UNCLASSIFIED,2024,WEEKENDS,46299,-1,-1
56869,33014,PRESCRIBED,NORTH,UNCLASSIFIED,2024,PM PEAK,7965,-1,-1
56869,33014,COUNTER,SOUTH,HEAVY VEHICLES,2024,OFF PEAK,1386,26,97
56869,33014,COUNTER,SOUTH,UNCLASSIFIED,2024,ALL DAYS,25590,-1,-1
56869,33014,PRESCRIBED AND COUNTER,BOTH,UNCLASSIFIED,2024,PM PEAK,14309,-1,-1
56869,33014,PRESCRIBED,NORTH,HEAVY VEHICLES,2024,WEEKENDS,1009,-1,-1
56869,33014,PRESCRIBED AND COUNTER,BOTH,LIGHT VEHICLES,2024,OFF PEAK,22757,-1,-1
56869,33014,PRESCRIBED,NORTH,UNCLASSIFIED,2024,OFF PEAK,13504,-1,-1
56869,33014,PRESCRIBED AND COUNTER,BOTH,HEAVY VEHICLES,2024,AM PEAK,1358,-1,-1
56869,33014,PRESCRIBED AND COUNTER,BOTH,LIGHT VEHICLES,2024,ALL DAYS,45600,-1,-1
56869,33014,PRESCRIBED,NORTH,UNCLASSIFIED,2024,ALL DAYS,26244,-1,-1
56869,33014,COUNTER,SOUTH,LIGHT VEHICLES,2024,OFF PEAK,11287,59,96
56869,33014,PRESCRIBED,NORTH,HEAVY VEHICLES,2024,OFF PEAK,1173,30,97
56869,33014,PRESCRIBED AND COUNTER,BOTH,UNCLASSIFIED,2024,ALL DAYS,51834,-1,-1
56869,33014,COUNTER,SOUTH,HEAVY VEHICLES,2024,AM PEAK,735,42,97
56869,33014,PRESCRIBED AND COUNTER,BOTH,UNCLASSIFIED,2024,OFF PEAK,26309,-1,-1
56869,33014,COUNTER,SOUTH,HEAVY VEHICLES,2024,WEEKENDS,1056,-1,-1
56869,33014,PRESCRIBED AND COUNTER,BOTH,LIGHT VEHICLES,2024,PM PEAK,12662,-1,-1
56869,33014,PRESCRIBED AND COUNTER,BOTH,HEAVY VEHICLES,2024,ALL DAYS,3993,-1,-1
56869,33014,COUNTER,SOUTH,UNCLASSIFIED,2024,WEEKENDS,22500,-1,-1
56869,33014,PRESCRIBED,NORTH,UNCLASSIFIED,2024,WEEKDAYS,27185,-1,-1
56869,33014,PRESCRIBED,NORTH,LIGHT VEHICLES,2024,ALL DAYS,22463,65,96
56888,34016,COUNTER,SOUTH,LIGHT VEHICLES,2024,PM PEAK,5201,88,94
56888,34016,PRESCRIBED,NORTH,ALL VEHICLES,2024,WEEKDAYS,11187,-1,-1
56888,34016,COUNTER,SOUTH,LIGHT VEHICLES,2024,OFF PEAK,10194,81,94
56888,34016,PRESCRIBED AND COUNTER,BOTH,ALL VEHICLES,2024,ALL DAYS,32918,-1,-1
56888,34016,PRESCRIBED,NORTH,HEAVY VEHICLES,2024,WEEKDAYS,117,-1,-1
56888,34016,COUNTER,SOUTH,ALL VEHICLES,2024,AM PEAK,5434,-1,-1
56888,34016,COUNTER,SOUTH,ALL VEHICLES,2024,PM PEAK,5229,-1,-1
56888,34016,PRESCRIBED,NORTH,LIGHT VEHICLES,2024,OFF PEAK,5075,48,90
56888,34016,PRESCRIBED AND COUNTER,BOTH,LIGHT VEHICLES,2024,AM PEAK,8164,-1,-1
56888,34016,COUNTER,SOUTH,LIGHT VEHICLES,2024,WEEKDAYS,20803,-1,-1
56888,34016,PRESCRIBED AND COUNTER,BOTH,HEAVY VEHICLES,2024,AM PEAK,66,-1,-1
56888,34016,COUNTER,SOUTH,ALL VEHICLES,2024,WEEKDAYS,20900,-1,-1
56888,34016,PRESCRIBED,NORTH,LIGHT VEHICLES,2024,WEEKENDS,8959,-1,-1
56888,34016,PRESCRIBED AND COUNTER,BOTH,HEAVY VEHICLES,2024,OFF PEAK,64,-1,-1
56888,34016,PRESCRIBED AND COUNTER,BOTH,ALL VEHICLES,2024,PM PEAK,8524,-1,-1
56888,34016,PRESCRIBED AND COUNTER,BOTH,LIGHT VEHICLES,2024,ALL DAYS,32704,-1,-1
56888,34016,PRESCRIBED,NORTH,ALL VEHICLES,2024,OFF PEAK,5096,-1,-1
56888,34016,COUNTER,SOUTH,HEAVY VEHICLES,2024,WEEKENDS,21,-1,-1
56888,34016,COUNTER,SOUTH,LIGHT VEHICLES,2024,ALL DAYS,19911,83,95
56888,34016,PRESCRIBED AND COUNTER,BOTH,HEAVY VEHICLES,2024,ALL DAYS,214,-1,-1
56888,34016,PRESCRIBED,NORTH,LIGHT VEHICLES,2024,WEEKDAYS,11070,-1,-1
56888,34016,PRESCRIBED,NORTH,ALL VEHICLES,2024,WEEKENDS,9004,-1,-1
56888,34016,PRESCRIBED,NORTH,HEAVY VEHICLES,2024,PM PEAK,56,12,88
56888,34016,COUNTER,SOUTH,HEAVY VEHICLES,2024,AM PEAK,26,23,97
56888,34016,COUNTER,SOUTH,HEAVY VEHICLES,2024,ALL DAYS,71,12,97
56888,34016,COUNTER,SOUTH,ALL VEHICLES,2024,WEEKENDS,17625,-1,-1
56888,34016,PRESCRIBED,NORTH,HEAVY VEHICLES,2024,OFF PEAK,21,5,71
56888,34016,PRESCRIBED AND COUNTER,BOTH,HEAVY VEHICLES,2024,WEEKENDS,66,-1,-1
56888,34016,PRESCRIBED,NORTH,HEAVY VEHICLES,2024,AM PEAK,40,16,75
56888,34016,PRESCRIBED AND COUNTER,BOTH,HEAVY VEHICLES,2024,WEEKDAYS,214,-1,-1
56888,34016,COUNTER,SOUTH,LIGHT VEHICLES,2024,WEEKENDS,17604,-1,-1
56888,34016,PRESCRIBED AND COUNTER,BOTH,LIGHT VEHICLES,2024,OFF PEAK,15269,-1,-1
56888,34016,PRESCRIBED AND COUNTER,BOTH,ALL VEHICLES,2024,WEEKDAYS,32087,-1,-1
56888,34016,PRESCRIBED AND COUNTER,BOTH,ALL VEHICLES,2024,OFF PEAK,15333,-1,-1
56888,34016,PRESCRIBED,NORTH,ALL VEHICLES,2024,AM PEAK,2796,-1,-1
56888,34016,COUNTER,SOUTH,HEAVY VEHICLES,2024,WEEKDAYS,97,-1,-1
56888,34016,COUNTER,SOUTH,ALL VEHICLES,2024,OFF PEAK,10237,-1,-1
56888,34016,PRESCRIBED AND COUNTER,BOTH,ALL VEHICLES,2024,AM PEAK,8230,-1,-1
56888,34016,PRESCRIBED,NORTH,ALL VEHICLES,2024,PM PEAK,3295,-1,-1
56888,34016,PRESCRIBED,NORTH,ALL VEHICLES,2024,ALL DAYS,12936,-1,-1
56888,34016,PRESCRIBED AND COUNTER,BOTH,ALL VEHICLES,2024,WEEKENDS,26629,-1,-1
56888,34016,COUNTER,SOUTH,HEAVY VEHICLES,2024,PM PEAK,28,24,97
56888,34016,PRESCRIBED AND COUNTER,BOTH,LIGHT VEHICLES,2024,WEEKENDS,26563,-1,-1
56888,34016,PRESCRIBED AND COUNTER,BOTH,LIGHT VEHICLES,2024,PM PEAK,8440,-1,-1
56888,34016,COUNTER,SOUTH,LIGHT VEHICLES,2024,AM PEAK,5408,90,94
56888,34016,PRESCRIBED,NORTH,LIGHT VEHICLES,2024,ALL DAYS,12793,52,89
56888,34016,PRESCRIBED AND COUNTER,BOTH,HEAVY VEHICLES,2024,PM PEAK,84,-1,-1
56888,34016,COUNTER,SOUTH,HEAVY VEHICLES,2024,OFF PEAK,43,13,98
56888,34016,PRESCRIBED,NORTH,LIGHT VEHICLES,2024,AM PEAK,2756,64,88
56888,34016,PRESCRIBED,NORTH,HEAVY VEHICLES,2024,ALL DAYS,143,6,70
56888,34016,PRESCRIBED AND COUNTER,BOTH,LIGHT VEHICLES,2024,WEEKDAYS,31873,-1,-1
56888,34016,PRESCRIBED,NORTH,HEAVY VEHICLES,2024,WEEKENDS,45,-1,-1
56888,34016,COUNTER,SOUTH,ALL VEHICLES,2024,ALL DAYS,19982,-1,-1
56888,34016,PRESCRIBED,NORTH,LIGHT VEHICLES,2024,PM PEAK,3239,59,92
56891,34028,COUNTER,SOUTH,LIGHT VEHICLES,2024,AM PEAK,2604,12,96
56891,34028,PRESCRIBED AND COUNTER,BOTH,HEAVY VEHICLES,2024,ALL DAYS,2613,-1,-1
56891,34028,COUNTER,SOUTH,LIGHT VEHICLES,2024,PM PEAK,2257,10,96
56891,34028,COUNTER,SOUTH,LIGHT VEHICLES,2024,WEEKDAYS,10417,-1,-1
56891,34028,PRESCRIBED,NORTH,LIGHT VEHICLES,2024,OFF PEAK,4046,5,98
56891,34028,COUNTER,SOUTH,UNCLASSIFIED,2024,WEEKDAYS,16389,-1,-1
56891,34028,COUNTER,SOUTH,HEAVY VEHICLES,2024,OFF PEAK,869,4,98
56891,34028,PRESCRIBED AND COUNTER,BOTH,HEAVY VEHICLES,2024,OFF PEAK,1581,-1,-1
56891,34028,PRESCRIBED,NORTH,HEAVY VEHICLES,2024,OFF PEAK,712,2,98
56891,34028,PRESCRIBED AND COUNTER,BOTH,HEAVY VEHICLES,2024,WEEKDAYS,3236,-1,-1
56891,34028,COUNTER,SOUTH,LIGHT VEHICLES,2024,WEEKENDS,11680,-1,-1
56891,34028,PRESCRIBED,NORTH,UNCLASSIFIED,2024,OFF PEAK,9468,-1,-1
56891,34028,COUNTER,SOUTH,UNCLASSIFIED,2024,ALL DAYS,16029,-1,-1
56891,34028,PRESCRIBED AND COUNTER,BOTH,LIGHT VEHICLES,2024,WEEKENDS,19052,-1,-1
56891,34028,PRESCRIBED AND COUNTER,BOTH,UNCLASSIFIED,2024,PM PEAK,8963,-1,-1
56891,34028,PRESCRIBED,NORTH,UNCLASSIFIED,2024,AM PEAK,4246,-1,-1
56891,34028,COUNTER,SOUTH,LIGHT VEHICLES,2024,ALL DAYS,10775,10,94
56891,34028,COUNTER,SOUTH,UNCLASSIFIED,2024,OFF PEAK,8841,-1,-1
56891,34028,PRESCRIBED AND COUNTER,BOTH,HEAVY VEHICLES,2024,AM PEAK,908,-1,-1
56891,34028,PRESCRIBED AND COUNTER,BOTH,UNCLASSIFIED,2024,OFF PEAK,18309,-1,-1
56891,34028,COUNTER,SOUTH,UNCLASSIFIED,2024,PM PEAK,3495,-1,-1
56891,34028,PRESCRIBED,NORTH,UNCLASSIFIED,2024,WEEKENDS,17174,-1,-1
56891,34028,COUNTER,SOUTH,UNCLASSIFIED,2024,WEEKENDS,15313,-1,-1
56891,34028,PRESCRIBED AND COUNTER,BOTH,UNCLASSIFIED,2024,WEEKDAYS,35571,-1,-1
56891,34028,PRESCRIBED AND COUNTER,BOTH,UNCLASSIFIED,2024,WEEKENDS,32487,-1,-1
56891,34028,PRESCRIBED,NORTH,LIGHT VEHICLES,2024,WEEKDAYS,8232,-1,-1
56891,34028,PRESCRIBED AND COUNTER,BOTH,LIGHT VEHICLES,2024,WEEKDAYS,18649,-1,-1
56891,34028,COUNTER,SOUTH,HEAVY VEHICLES,2024,WEEKENDS,878,-1,-1
56891,34028,PRESCRIBED AND COUNTER,BOTH,LIGHT VEHICLES,2024,OFF PEAK,9602,-1,-1
56891,34028,COUNTER,SOUTH,HEAVY VEHICLES,2024,AM PEAK,449,6,97
56891,34028,PRESCRIBED AND COUNTER,BOTH,LIGHT VEHICLES,2024,PM PEAK,4694,-1,-1
56891,34028,PRESCRIBED,NORTH,UNCLASSIFIED,2024,WEEKDAYS,19182,-1,-1
56891,34028,COUNTER,SOUTH,HEAVY VEHICLES,2024,WEEKDAYS,1624,-1,-1
56891,34028,PRESCRIBED,NORTH,LIGHT VEHICLES,2024,ALL DAYS,7863,6,96
56891,34028,COUNTER,SOUTH,UNCLASSIFIED,2024,AM PEAK,4053,-1,-1
56891,34028,PRESCRIBED AND COUNTER,BOTH,LIGHT VEHICLES,2024,ALL DAYS,18638,-1,-1
56891,34028,PRESCRIBED,NORTH,HEAVY VEHICLES,2024,ALL DAYS,1255,3,96
56891,34028,COUNTER,SOUTH,LIGHT VEHICLES,2024,OFF PEAK,5556,9,96
56891,34028,PRESCRIBED,NORTH,HEAVY VEHICLES,2024,PM PEAK,441,4,97
56891,34028,PRESCRIBED,NORTH,UNCLASSIFIED,2024,PM PEAK,5468,-1,-1
56891,34028,PRESCRIBED,NORTH,LIGHT VEHICLES,2024,PM PEAK,2437,7,97
56891,34028,PRESCRIBED,NORTH,UNCLASSIFIED,2024,ALL DAYS,18286,-1,-1
56891,34028,PRESCRIBED AND COUNTER,BOTH,UNCLASSIFIED,2024,AM PEAK,8299,-1,-1
56891,34028,PRESCRIBED,NORTH,HEAVY VEHICLES,2024,AM PEAK,459,5,97
56891,34028,PRESCRIBED,NORTH,HEAVY VEHICLES,2024,WEEKENDS,929,-1,-1
56891,34028,PRESCRIBED,NORTH,LIGHT VEHICLES,2024,WEEKENDS,7372,-1,-1
56891,34028,COUNTER,SOUTH,HEAVY VEHICLES,2024,PM PEAK,306,4,98
56891,34028,PRESCRIBED AND COUNTER,BOTH,HEAVY VEHICLES,2024,PM PEAK,747,-1,-1
56891,34028,PRESCRIBED,NORTH,HEAVY VEHICLES,2024,WEEKDAYS,1612,-1,-1
56891,34028,PRESCRIBED AND COUNTER,BOTH,UNCLASSIFIED,2024,ALL DAYS,34315,-1,-1
56891,34028,COUNTER,SOUTH,HEAVY VEHICLES,2024,ALL DAYS,1358,3,96
56891,34028,PRESCRIBED AND COUNTER,BOTH,LIGHT VEHICLES,2024,AM PEAK,4353,-1,-1
56891,34028,PRESCRIBED,NORTH,LIGHT VEHICLES,2024,AM PEAK,1749,8,97
56891,34028,PRESCRIBED AND COUNTER,BOTH,HEAVY VEHICLES,2024,WEEKENDS,1807,-1,-1
56927,40041,PRESCRIBED AND COUNTER,BOTH,LIGHT VEHICLES,2024,AM PEAK,7585,-1,-1
56927,40041,COUNTER,SOUTH,HEAVY VEHICLES,2024,AM PEAK,644,1,100
56927,40041,COUNTER,SOUTH,UNCLASSIFIED,2024,ALL DAYS,22826,-1,-1
56927,40041,PRESCRIBED,NORTH,HEAVY VEHICLES,2024,PM PEAK,349,0,100
56927,40041,PRESCRIBED AND COUNTER,BOTH,HEAVY VEHICLES,2024,OFF PEAK,2035,-1,-1
56927,40041,PRESCRIBED,NORTH,HEAVY VEHICLES,2024,WEEKENDS,1001,-1,-1
56927,40041,PRESCRIBED,NORTH,UNCLASSIFIED,2024,AM PEAK,6260,-1,-1
56927,40041,PRESCRIBED,NORTH,LIGHT VEHICLES,2024,AM PEAK,3055,2,100
56927,40041,PRESCRIBED,NORTH,LIGHT VEHICLES,2024,ALL DAYS,11285,1,96
56927,40041,PRESCRIBED AND COUNTER,BOTH,HEAVY VEHICLES,2024,WEEKENDS,2144,-1,-1
56927,40041,COUNTER,SOUTH,LIGHT VEHICLES,2024,OFF PEAK,9624,1,100
56927,40041,PRESCRIBED AND COUNTER,BOTH,UNCLASSIFIED,2024,AM PEAK,11513,-1,-1
56927,40041,PRESCRIBED,NORTH,HEAVY VEHICLES,2024,OFF PEAK,885,0,100
56927,40041,PRESCRIBED,NORTH,UNCLASSIFIED,2024,OFF PEAK,11022,-1,-1
56927,40041,COUNTER,SOUTH,LIGHT VEHICLES,2024,ALL DAYS,20728,2,96
56927,40041,PRESCRIBED AND COUNTER,BOTH,UNCLASSIFIED,2024,WEEKDAYS,44787,-1,-1
56927,40041,PRESCRIBED AND COUNTER,BOTH,LIGHT VEHICLES,2024,OFF PEAK,14868,-1,-1
56927,40041,PRESCRIBED AND COUNTER,BOTH,UNCLASSIFIED,2024,OFF PEAK,21869,-1,-1
56927,40041,PRESCRIBED,NORTH,LIGHT VEHICLES,2024,OFF PEAK,5244,1,100
56927,40041,COUNTER,SOUTH,HEAVY VEHICLES,2024,ALL DAYS,1897,0,94
56927,40041,PRESCRIBED,NORTH,HEAVY VEHICLES,2024,AM PEAK,457,1,100
56927,40041,PRESCRIBED,NORTH,UNCLASSIFIED,2024,ALL DAYS,22510,-1,-1
56927,40041,PRESCRIBED,NORTH,LIGHT VEHICLES,2024,WEEKDAYS,10952,-1,-1
56927,40041,PRESCRIBED,NORTH,UNCLASSIFIED,2024,WEEKDAYS,22402,-1,-1
56927,40041,PRESCRIBED AND COUNTER,BOTH,HEAVY VEHICLES,2024,ALL DAYS,3304,-1,-1
56927,40041,COUNTER,SOUTH,UNCLASSIFIED,2024,AM PEAK,5253,-1,-1
56927,40041,COUNTER,SOUTH,LIGHT VEHICLES,2024,PM PEAK,5877,2,100
56927,40041,PRESCRIBED AND COUNTER,BOTH,HEAVY VEHICLES,2024,AM PEAK,1101,-1,-1
56927,40041,PRESCRIBED AND COUNTER,BOTH,UNCLASSIFIED,2024,ALL DAYS,45336,-1,-1
56927,40041,COUNTER,SOUTH,LIGHT VEHICLES,2024,WEEKDAYS,20031,-1,-1
56927,40041,COUNTER,SOUTH,UNCLASSIFIED,2024,WEEKDAYS,22385,-1,-1
56927,40041,PRESCRIBED,NORTH,UNCLASSIFIED,2024,WEEKENDS,21868,-1,-1
56927,40041,PRESCRIBED AND COUNTER,BOTH,LIGHT VEHICLES,2024,ALL DAYS,32013,-1,-1
56927,40041,PRESCRIBED AND COUNTER,BOTH,HEAVY VEHICLES,2024,PM PEAK,709,-1,-1
56927,40041,PRESCRIBED,NORTH,LIGHT VEHICLES,2024,PM PEAK,2653,1,100
56927,40041,COUNTER,SOUTH,LIGHT VEHICLES,2024,WEEKENDS,21147,-1,-1
56927,40041,PRESCRIBED AND COUNTER,BOTH,UNCLASSIFIED,2024,WEEKENDS,44340,-1,-1
56927,40041,COUNTER,SOUTH,HEAVY VEHICLES,2024,OFF PEAK,1150,0,100
56927,40041,PRESCRIBED AND COUNTER,BOTH,HEAVY VEHICLES,2024,WEEKDAYS,3845,-1,-1
56927,40041,COUNTER,SOUTH,UNCLASSIFIED,2024,WEEKENDS,22472,-1,-1
56927,40041,PRESCRIBED,NORTH,UNCLASSIFIED,2024,PM PEAK,5120,-1,-1
56927,40041,PRESCRIBED,NORTH,HEAVY VEHICLES,2024,ALL DAYS,1407,0,95
56927,40041,COUNTER,SOUTH,HEAVY VEHICLES,2024,PM PEAK,360,0,100
56927,40041,PRESCRIBED AND COUNTER,BOTH,UNCLASSIFIED,2024,PM PEAK,11405,-1,-1
56927,40041,PRESCRIBED AND COUNTER,BOTH,LIGHT VEHICLES,2024,PM PEAK,8530,-1,-1
56927,40041,COUNTER,SOUTH,LIGHT VEHICLES,2024,AM PEAK,4530,2,100
56927,40041,COUNTER,SOUTH,HEAVY VEHICLES,2024,WEEKENDS,1143,-1,-1
56927,40041,PRESCRIBED,NORTH,HEAVY VEHICLES,2024,WEEKDAYS,1691,-1,-1
56927,40041,PRESCRIBED AND COUNTER,BOTH,LIGHT VEHICLES,2024,WEEKENDS,32397,-1,-1
56927,40041,PRESCRIBED AND COUNTER,BOTH,LIGHT VEHICLES,2024,WEEKDAYS,30983,-1,-1
56927,40041,COUNTER,SOUTH,UNCLASSIFIED,2024,OFF PEAK,10847,-1,-1
56927,40041,COUNTER,SOUTH,HEAVY VEHICLES,2024,WEEKDAYS,2154,-1,-1
56927,40041,COUNTER,SOUTH,UNCLASSIFIED,2024,PM PEAK,6285,-1,-1
56927,40041,PRESCRIBED,NORTH,LIGHT VEHICLES,2024,WEEKENDS,11250,-1,-1
57005,47024,COUNTER,EAST,HEAVY VEHICLES,2024,OFF PEAK,1431,16,94
57005,47024,PRESCRIBED AND COUNTER,BOTH,HEAVY VEHICLES,2024,WEEKENDS,2169,-1,-1
57005,47024,PRESCRIBED,WEST,HEAVY VEHICLES,2024,OFF PEAK,1501,31,86
57005,47024,COUNTER,EAST,LIGHT VEHICLES,2024,WEEKDAYS,16579,-1,-1
57005,47024,PRESCRIBED AND COUNTER,BOTH,ALL VEHICLES,2024,OFF PEAK,22863,-1,-1
57005,47024,COUNTER,EAST,ALL VEHICLES,2024,OFF PEAK,10159,-1,-1
57005,47024,PRESCRIBED,WEST,ALL VEHICLES,2024,OFF PEAK,12704,-1,-1
57005,47024,PRESCRIBED AND COUNTER,BOTH,LIGHT VEHICLES,2024,ALL DAYS,41684,-1,-1
57005,47024,PRESCRIBED AND COUNTER,BOTH,HEAVY VEHICLES,2024,ALL DAYS,3841,-1,-1
57005,47024,COUNTER,EAST,LIGHT VEHICLES,2024,OFF PEAK,8728,26,94
57005,47024,PRESCRIBED,WEST,HEAVY VEHICLES,2024,ALL DAYS,2253,26,79
57005,47024,COUNTER,EAST,ALL VEHICLES,2024,WEEKDAYS,19279,-1,-1
57005,47024,COUNTER,EAST,LIGHT VEHICLES,2024,AM PEAK,4596,37,93
57005,47024,PRESCRIBED,WEST,HEAVY VEHICLES,2024,PM PEAK,409,27,87
57005,47024,PRESCRIBED AND COUNTER,BOTH,LIGHT VEHICLES,2024,WEEKENDS,36959,-1,-1
57005,47024,PRESCRIBED AND COUNTER,BOTH,HEAVY VEHICLES,2024,OFF PEAK,2932,-1,-1
57005,47024,PRESCRIBED AND COUNTER,BOTH,HEAVY VEHICLES,2024,WEEKDAYS,5289,-1,-1
57005,47024,COUNTER,EAST,ALL VEHICLES,2024,WEEKENDS,19526,-1,-1
57005,47024,PRESCRIBED AND COUNTER,BOTH,LIGHT VEHICLES,2024,WEEKDAYS,35301,-1,-1
57005,47024,COUNTER,EAST,ALL VEHICLES,2024,PM PEAK,3559,-1,-1
57005,47024,COUNTER,EAST,HEAVY VEHICLES,2024,WEEKDAYS,2700,-1,-1
57005,47024,PRESCRIBED AND COUNTER,BOTH,HEAVY VEHICLES,2024,PM PEAK,713,-1,-1
57005,47024,PRESCRIBED,WEST,LIGHT VEHICLES,2024,AM PEAK,3712,57,85
57005,47024,COUNTER,EAST,ALL VEHICLES,2024,ALL DAYS,22657,-1,-1
57005,47024,PRESCRIBED AND COUNTER,BOTH,ALL VEHICLES,2024,ALL DAYS,45525,-1,-1
57005,47024,PRESCRIBED,WEST,LIGHT VEHICLES,2024,WEEKENDS,18575,-1,-1
57005,47024,PRESCRIBED AND COUNTER,BOTH,LIGHT VEHICLES,2024,PM PEAK,7062,-1,-1
57005,47024,COUNTER,EAST,HEAVY VEHICLES,2024,WEEKENDS,1142,-1,-1
57005,47024,PRESCRIBED,WEST,HEAVY VEHICLES,2024,WEEKENDS,1027,-1,-1
57005,47024,COUNTER,EAST,HEAVY VEHICLES,2024,ALL DAYS,1588,15,12
57005,47024,PRESCRIBED,WEST,HEAVY VEHICLES,2024,AM PEAK,679,38,85
57005,47024,PRESCRIBED AND COUNTER,BOTH,ALL VEHICLES,2024,WEEKENDS,39128,-1,-1
57005,47024,PRESCRIBED AND COUNTER,BOTH,LIGHT VEHICLES,2024,OFF PEAK,19931,-1,-1
57005,47024,COUNTER,EAST,ALL VEHICLES,2024,AM PEAK,5561,-1,-1
57005,47024,PRESCRIBED AND COUNTER,BOTH,HEAVY VEHICLES,2024,AM PEAK,1644,-1,-1
57005,47024,COUNTER,EAST,HEAVY VEHICLES,2024,AM PEAK,965,26,93
57005,47024,PRESCRIBED,WEST,ALL VEHICLES,2024,PM PEAK,4216,-1,-1
57005,47024,COUNTER,EAST,LIGHT VEHICLES,2024,ALL DAYS,21069,28,18
57005,47024,PRESCRIBED AND COUNTER,BOTH,ALL VEHICLES,2024,PM PEAK,7775,-1,-1
57005,47024,PRESCRIBED,WEST,ALL VEHICLES,2024,ALL DAYS,22868,-1,-1
57005,47024,PRESCRIBED,WEST,LIGHT VEHICLES,2024,PM PEAK,3807,53,88
57005,47024,COUNTER,EAST,HEAVY VEHICLES,2024,PM PEAK,304,13,95
57005,47024,PRESCRIBED,WEST,ALL VEHICLES,2024,AM PEAK,4391,-1,-1
57005,47024,PRESCRIBED,WEST,LIGHT VEHICLES,2024,OFF PEAK,11203,52,86
57005,47024,COUNTER,EAST,LIGHT VEHICLES,2024,WEEKENDS,18384,-1,-1
57005,47024,PRESCRIBED,WEST,HEAVY VEHICLES,2024,WEEKDAYS,2589,-1,-1
57005,47024,PRESCRIBED AND COUNTER,BOTH,ALL VEHICLES,2024,WEEKDAYS,40590,-1,-1
57005,47024,PRESCRIBED,WEST,ALL VEHICLES,2024,WEEKDAYS,21311,-1,-1
57005,47024,PRESCRIBED AND COUNTER,BOTH,LIGHT VEHICLES,2024,AM PEAK,8308,-1,-1
57005,47024,PRESCRIBED,WEST,LIGHT VEHICLES,2024,WEEKDAYS,18722,-1,-1
57005,47024,PRESCRIBED,WEST,ALL VEHICLES,2024,WEEKENDS,19602,-1,-1
57005,47024,PRESCRIBED AND COUNTER,BOTH,ALL VEHICLES,2024,AM PEAK,9952,-1,-1
57005,47024,PRESCRIBED,WEST,LIGHT VEHICLES,2024,ALL DAYS,20615,51,79
57005,47024,COUNTER,EAST,LIGHT VEHICLES,2024,PM PEAK,3255,22,94
57051,50240,COUNTER,WEST,HEAVY VEHICLES,2024,ALL DAYS,4058,47,93
57051,50240,COUNTER,WEST,ALL VEHICLES,2024,OFF PEAK,22944,-1,-1
57051,50240,PRESCRIBED AND COUNTER,BOTH,HEAVY VEHICLES,2024,OFF PEAK,5090,-1,-1
57051,50240,PRESCRIBED,EAST,HEAVY VEHICLES,2024,OFF PEAK,2478,49,89
57051,50240,PRESCRIBED,EAST,ALL VEHICLES,2024,OFF PEAK,20111,-1,-1
57051,50240,PRESCRIBED,EAST,HEAVY VEHICLES,2024,WEEKDAYS,4649,-1,-1
57051,50240,PRESCRIBED AND COUNTER,BOTH,ALL VEHICLES,2024,PM PEAK,19828,-1,-1
57051,50240,PRESCRIBED,EAST,ALL VEHICLES,2024,WEEKDAYS,40057,-1,-1
57051,50240,PRESCRIBED,EAST,ALL VEHICLES,2024,WEEKENDS,35811,-1,-1
57051,50240,PRESCRIBED,EAST,LIGHT VEHICLES,2024,OFF PEAK,17633,74,88
57051,50240,PRESCRIBED AND COUNTER,BOTH,HEAVY VEHICLES,2024,WEEKENDS,3842,-1,-1
57051,50240,COUNTER,WEST,HEAVY VEHICLES,2024,AM PEAK,1138,65,90
57051,50240,COUNTER,WEST,LIGHT VEHICLES,2024,OFF PEAK,20332,79,90
57051,50240,COUNTER,WEST,ALL VEHICLES,2024,AM PEAK,9528,-1,-1
57051,50240,PRESCRIBED AND COUNTER,BOTH,HEAVY VEHICLES,2024,WEEKDAYS,9306,-1,-1
57051,50240,PRESCRIBED,EAST,LIGHT VEHICLES,2024,WEEKDAYS,35408,-1,-1
57051,50240,PRESCRIBED AND COUNTER,BOTH,ALL VEHICLES,2024,ALL DAYS,83649,-1,-1
57051,50240,PRESCRIBED,EAST,LIGHT VEHICLES,2024,WEEKENDS,33898,-1,-1
57051,50240,PRESCRIBED AND COUNTER,BOTH,ALL VEHICLES,2024,OFF PEAK,43055,-1,-1
57051,50240,PRESCRIBED AND COUNTER,BOTH,LIGHT VEHICLES,2024,AM PEAK,17901,-1,-1
57051,50240,PRESCRIBED,EAST,HEAVY VEHICLES,2024,ALL DAYS,3979,46,87
57051,50240,COUNTER,WEST,HEAVY VEHICLES,2024,WEEKDAYS,4657,-1,-1
57051,50240,PRESCRIBED,EAST,LIGHT VEHICLES,2024,ALL DAYS,36027,79,86
57051,50240,COUNTER,WEST,HEAVY VEHICLES,2024,PM PEAK,907,54,91
57051,50240,PRESCRIBED AND COUNTER,BOTH,LIGHT VEHICLES,2024,OFF PEAK,37965,-1,-1
57051,50240,COUNTER,WEST,ALL VEHICLES,2024,WEEKDAYS,43377,-1,-1
57051,50240,PRESCRIBED,EAST,ALL VEHICLES,2024,PM PEAK,8923,-1,-1
57051,50240,COUNTER,WEST,HEAVY VEHICLES,2024,WEEKENDS,1929,-1,-1
57051,50240,COUNTER,WEST,LIGHT VEHICLES,2024,WEEKENDS,37854,-1,-1
57051,50240,PRESCRIBED AND COUNTER,BOTH,LIGHT VEHICLES,2024,ALL DAYS,75612,-1,-1
57051,50240,PRESCRIBED AND COUNTER,BOTH,ALL VEHICLES,2024,WEEKENDS,75594,-1,-1
57051,50240,PRESCRIBED,EAST,HEAVY VEHICLES,2024,AM PEAK,1512,66,90
57051,50240,COUNTER,WEST,ALL VEHICLES,2024,PM PEAK,10905,-1,-1
57051,50240,PRESCRIBED AND COUNTER,BOTH,HEAVY VEHICLES,2024,AM PEAK,2650,-1,-1
57051,50240,COUNTER,WEST,LIGHT VEHICLES,2024,PM PEAK,9998,96,90
57051,50240,COUNTER,WEST,HEAVY VEHICLES,2024,OFF PEAK,2612,51,91
57051,50240,PRESCRIBED,EAST,HEAVY VEHICLES,2024,PM PEAK,659,48,89
57051,50240,PRESCRIBED,EAST,HEAVY VEHICLES,2024,WEEKENDS,1913,-1,-1
57051,50240,COUNTER,WEST,ALL VEHICLES,2024,WEEKENDS,39783,-1,-1
57051,50240,PRESCRIBED AND COUNTER,BOTH,HEAVY VEHICLES,2024,ALL DAYS,8037,-1,-1
57051,50240,PRESCRIBED AND COUNTER,BOTH,LIGHT VEHICLES,2024,WEEKENDS,71752,-1,-1
57051,50240,PRESCRIBED,EAST,ALL VEHICLES,2024,ALL DAYS,40006,-1,-1
57051,50240,PRESCRIBED AND COUNTER,BOTH,ALL VEHICLES,2024,AM PEAK,20551,-1,-1
57051,50240,PRESCRIBED,EAST,ALL VEHICLES,2024,AM PEAK,11023,-1,-1
57051,50240,COUNTER,WEST,ALL VEHICLES,2024,ALL DAYS,43643,-1,-1
57051,50240,PRESCRIBED AND COUNTER,BOTH,ALL VEHICLES,2024,WEEKDAYS,83434,-1,-1
57051,50240,PRESCRIBED AND COUNTER,BOTH,LIGHT VEHICLES,2024,WEEKDAYS,74128,-1,-1
57051,50240,PRESCRIBED,EAST,LIGHT VEHICLES,2024,PM PEAK,8264,92,88
57051,50240,PRESCRIBED AND COUNTER,BOTH,HEAVY VEHICLES,2024,PM PEAK,1566,-1,-1
57051,50240,COUNTER,WEST,LIGHT VEHICLES,2024,AM PEAK,8390,94,90
57051,50240,COUNTER,WEST,LIGHT VEHICLES,2024,WEEKDAYS,38720,-1,-1
57051,50240,COUNTER,WEST,LIGHT VEHICLES,2024,ALL DAYS,39585,84,92
57051,50240,PRESCRIBED AND COUNTER,BOTH,LIGHT VEHICLES,2024,PM PEAK,18262,-1,-1
57051,50240,PRESCRIBED,EAST,LIGHT VEHICLES,2024,AM PEAK,9511,94,89
57052,50250,PRESCRIBED AND COUNTER,BOTH,UNCLASSIFIED,2024,ALL DAYS,19804,-1,-1
57052,50250,PRESCRIBED AND COUNTER,BOTH,HEAVY VEHICLES,2024,WEEKENDS,829,-1,-1
57052,50250,PRESCRIBED,EAST,HEAVY VEHICLES,2024,OFF PEAK,184,25,96
57052,50250,COUNTER,WEST,UNCLASSIFIED,2024,OFF PEAK,4210,-1,-1
57052,50250,COUNTER,WEST,LIGHT VEHICLES,2024,OFF PEAK,3377,18,44
57052,50250,COUNTER,WEST,HEAVY VEHICLES,2024,WEEKENDS,669,-1,-1
57052,50250,PRESCRIBED,EAST,LIGHT VEHICLES,2024,ALL DAYS,1364,56,96
57052,50250,PRESCRIBED AND COUNTER,BOTH,LIGHT VEHICLES,2024,AM PEAK,2289,-1,-1
57052,50250,PRESCRIBED,EAST,LIGHT VEHICLES,2024,WEEKENDS,1188,-1,-1
57052,50250,PRESCRIBED AND COUNTER,BOTH,LIGHT VEHICLES,2024,PM PEAK,2573,-1,-1
57052,50250,COUNTER,WEST,HEAVY VEHICLES,2024,AM PEAK,331,12,42
57052,50250,PRESCRIBED AND COUNTER,BOTH,LIGHT VEHICLES,2024,OFF PEAK,4015,-1,-1
57052,50250,PRESCRIBED AND COUNTER,BOTH,UNCLASSIFIED,2024,PM PEAK,5063,-1,-1
57052,50250,PRESCRIBED AND COUNTER,BOTH,UNCLASSIFIED,2024,WEEKENDS,16597,-1,-1
57052,50250,PRESCRIBED AND COUNTER,BOTH,UNCLASSIFIED,2024,OFF PEAK,9107,-1,-1
57052,50250,COUNTER,WEST,UNCLASSIFIED,2024,ALL DAYS,10434,-1,-1
57052,50250,COUNTER,WEST,LIGHT VEHICLES,2024,WEEKENDS,7541,-1,-1
57052,50250,PRESCRIBED,EAST,LIGHT VEHICLES,2024,AM PEAK,375,73,96
57052,50250,PRESCRIBED,EAST,UNCLASSIFIED,2024,AM PEAK,2493,-1,-1
57052,50250,PRESCRIBED,EAST,LIGHT VEHICLES,2024,PM PEAK,415,63,95
57052,50250,PRESCRIBED,EAST,UNCLASSIFIED,2024,WEEKENDS,7950,-1,-1
57052,50250,PRESCRIBED,EAST,UNCLASSIFIED,2024,PM PEAK,2537,-1,-1
57052,50250,PRESCRIBED,EAST,HEAVY VEHICLES,2024,WEEKDAYS,379,-1,-1
57052,50250,COUNTER,WEST,UNCLASSIFIED,2024,WEEKENDS,8647,-1,-1
57052,50250,COUNTER,WEST,UNCLASSIFIED,2024,PM PEAK,2526,-1,-1
57052,50250,COUNTER,WEST,LIGHT VEHICLES,2024,AM PEAK,1914,22,44
57052,50250,PRESCRIBED AND COUNTER,BOTH,HEAVY VEHICLES,2024,AM PEAK,466,-1,-1
57052,50250,PRESCRIBED AND COUNTER,BOTH,HEAVY VEHICLES,2024,ALL DAYS,1623,-1,-1
57052,50250,PRESCRIBED AND COUNTER,BOTH,LIGHT VEHICLES,2024,WEEKENDS,8729,-1,-1
57052,50250,COUNTER,WEST,HEAVY VEHICLES,2024,OFF PEAK,650,9,42
57052,50250,COUNTER,WEST,LIGHT VEHICLES,2024,ALL DAYS,8917,17,69
57052,50250,PRESCRIBED AND COUNTER,BOTH,HEAVY VEHICLES,2024,WEEKDAYS,1658,-1,-1
57052,50250,COUNTER,WEST,UNCLASSIFIED,2024,AM PEAK,2306,-1,-1
57052,50250,COUNTER,WEST,UNCLASSIFIED,2024,WEEKDAYS,9042,-1,-1
57052,50250,PRESCRIBED,EAST,HEAVY VEHICLES,2024,WEEKENDS,160,-1,-1
57052,50250,PRESCRIBED AND COUNTER,BOTH,UNCLASSIFIED,2024,WEEKDAYS,18969,-1,-1
57052,50250,COUNTER,WEST,LIGHT VEHICLES,2024,WEEKDAYS,7449,-1,-1
57052,50250,COUNTER,WEST,HEAVY VEHICLES,2024,ALL DAYS,1305,9,64
57052,50250,PRESCRIBED,EAST,HEAVY VEHICLES,2024,PM PEAK,60,29,96
57052,50250,PRESCRIBED AND COUNTER,BOTH,HEAVY VEHICLES,2024,OFF PEAK,834,-1,-1
57052,50250,PRESCRIBED,EAST,UNCLASSIFIED,2024,OFF PEAK,4897,-1,-1
57052,50250,PRESCRIBED,EAST,UNCLASSIFIED,2024,WEEKDAYS,9927,-1,-1
57052,50250,COUNTER,WEST,LIGHT VEHICLES,2024,PM PEAK,2158,19,45
57052,50250,PRESCRIBED,EAST,HEAVY VEHICLES,2024,ALL DAYS,318,25,97
57052,50250,PRESCRIBED AND COUNTER,BOTH,LIGHT VEHICLES,2024,ALL DAYS,10281,-1,-1
57052,50250,COUNTER,WEST,HEAVY VEHICLES,2024,PM PEAK,298,12,43
57052,50250,PRESCRIBED AND COUNTER,BOTH,HEAVY VEHICLES,2024,PM PEAK,358,-1,-1
57052,50250,PRESCRIBED,EAST,HEAVY VEHICLES,2024,AM PEAK,135,43,97
57052,50250,PRESCRIBED,EAST,LIGHT VEHICLES,2024,OFF PEAK,638,54,95
57052,50250,COUNTER,WEST,HEAVY VEHICLES,2024,WEEKDAYS,1279,-1,-1
57052,50250,PRESCRIBED AND COUNTER,BOTH,LIGHT VEHICLES,2024,WEEKDAYS,8877,-1,-1
57052,50250,PRESCRIBED AND COUNTER,BOTH,UNCLASSIFIED,2024,AM PEAK,4799,-1,-1
57052,50250,PRESCRIBED,EAST,UNCLASSIFIED,2024,ALL DAYS,9370,-1,-1
57052,50250,PRESCRIBED,EAST,LIGHT VEHICLES,2024,WEEKDAYS,1428,-1,-1
57053,50260,COUNTER,SOUTH,LIGHT VEHICLES,2024,ALL DAYS,29334,77,90
57053,50260,COUNTER,SOUTH,ALL VEHICLES,2024,WEEKENDS,28731,-1,-1
57053,50260,PRESCRIBED,NORTH,ALL VEHICLES,2024,WEEKDAYS,34477,-1,-1
57053,50260,PRESCRIBED AND COUNTER,BOTH,ALL VEHICLES,2024,AM PEAK,17637,-1,-1
57053,50260,COUNTER,SOUTH,HEAVY VEHICLES,2024,WEEKENDS,1415,-1,-1
57053,50260,PRESCRIBED,NORTH,HEAVY VEHICLES,2024,OFF PEAK,1859,41,92
57053,50260,PRESCRIBED AND COUNTER,BOTH,HEAVY VEHICLES,2024,WEEKDAYS,7204,-1,-1
57053,50260,PRESCRIBED,NORTH,HEAVY VEHICLES,2024,AM PEAK,1228,60,92
57053,50260,PRESCRIBED AND COUNTER,BOTH,ALL VEHICLES,2024,WEEKENDS,57621,-1,-1
57053,50260,COUNTER,SOUTH,HEAVY VEHICLES,2024,PM PEAK,691,54,91
57053,50260,PRESCRIBED AND COUNTER,BOTH,HEAVY VEHICLES,2024,PM PEAK,1472,-1,-1
57053,50260,COUNTER,SOUTH,HEAVY VEHICLES,2024,ALL DAYS,2875,42,91
57053,50260,COUNTER,SOUTH,LIGHT VEHICLES,2024,WEEKDAYS,29336,-1,-1
57053,50260,PRESCRIBED,NORTH,LIGHT VEHICLES,2024,ALL DAYS,30136,75,92
57053,50260,COUNTER,SOUTH,LIGHT VEHICLES,2024,WEEKENDS,27316,-1,-1
57053,50260,PRESCRIBED AND COUNTER,BOTH,LIGHT VEHICLES,2024,ALL DAYS,59470,-1,-1
57053,50260,COUNTER,SOUTH,HEAVY VEHICLES,2024,AM PEAK,993,64,91
57053,50260,PRESCRIBED,NORTH,HEAVY VEHICLES,2024,PM PEAK,781,43,92
57053,50260,PRESCRIBED AND COUNTER,BOTH,LIGHT VEHICLES,2024,WEEKDAYS,59945,-1,-1
57053,50260,PRESCRIBED AND COUNTER,BOTH,HEAVY VEHICLES,2024,AM PEAK,2221,-1,-1
57053,50260,COUNTER,SOUTH,ALL VEHICLES,2024,WEEKDAYS,32672,-1,-1
57053,50260,PRESCRIBED AND COUNTER,BOTH,LIGHT VEHICLES,2024,OFF PEAK,26600,-1,-1
57053,50260,PRESCRIBED,NORTH,ALL VEHICLES,2024,AM PEAK,7825,-1,-1
57053,50260,PRESCRIBED,NORTH,HEAVY VEHICLES,2024,WEEKDAYS,3868,-1,-1
57053,50260,PRESCRIBED AND COUNTER,BOTH,LIGHT VEHICLES,2024,PM PEAK,17929,-1,-1
57053,50260,PRESCRIBED AND COUNTER,BOTH,ALL VEHICLES,2024,PM PEAK,19401,-1,-1
57053,50260,PRESCRIBED,NORTH,HEAVY VEHICLES,2024,ALL DAYS,3275,38,93
57053,50260,COUNTER,SOUTH,HEAVY VEHICLES,2024,WEEKDAYS,3336,-1,-1
57053,50260,PRESCRIBED,NORTH,ALL VEHICLES,2024,OFF PEAK,15897,-1,-1
57053,50260,COUNTER,SOUTH,LIGHT VEHICLES,2024,OFF PEAK,12562,72,89
57053,50260,PRESCRIBED AND COUNTER,BOTH,ALL VEHICLES,2024,WEEKDAYS,67149,-1,-1
57053,50260,PRESCRIBED,NORTH,LIGHT VEHICLES,2024,WEEKDAYS,30609,-1,-1
57053,50260,PRESCRIBED AND COUNTER,BOTH,HEAVY VEHICLES,2024,OFF PEAK,3511,-1,-1
57053,50260,PRESCRIBED,NORTH,LIGHT VEHICLES,2024,PM PEAK,9974,93,91
57053,50260,PRESCRIBED AND COUNTER,BOTH,LIGHT VEHICLES,2024,AM PEAK,15416,-1,-1
57053,50260,PRESCRIBED AND COUNTER,BOTH,ALL VEHICLES,2024,ALL DAYS,65620,-1,-1
57053,50260,PRESCRIBED AND COUNTER,BOTH,HEAVY VEHICLES,2024,ALL DAYS,6150,-1,-1
57053,50260,PRESCRIBED,NORTH,ALL VEHICLES,2024,PM PEAK,10755,-1,-1
57053,50260,PRESCRIBED,NORTH,LIGHT VEHICLES,2024,WEEKENDS,27363,-1,-1
57053,50260,PRESCRIBED,NORTH,LIGHT VEHICLES,2024,AM PEAK,6597,90,91
57053,50260,COUNTER,SOUTH,ALL VEHICLES,2024,OFF PEAK,14214,-1,-1
57053,50260,COUNTER,SOUTH,LIGHT VEHICLES,2024,AM PEAK,8819,91,90
57053,50260,PRESCRIBED,NORTH,ALL VEHICLES,2024,WEEKENDS,28890,-1,-1
57053,50260,COUNTER,SOUTH,HEAVY VEHICLES,2024,OFF PEAK,1652,45,90
57053,50260,PRESCRIBED,NORTH,LIGHT VEHICLES,2024,OFF PEAK,14038,70,91
57053,50260,PRESCRIBED,NORTH,ALL VEHICLES,2024,ALL DAYS,33411,-1,-1
57053,50260,PRESCRIBED,NORTH,HEAVY VEHICLES,2024,WEEKENDS,1527,-1,-1
57053,50260,COUNTER,SOUTH,ALL VEHICLES,2024,AM PEAK,9812,-1,-1
57053,50260,COUNTER,SOUTH,ALL VEHICLES,2024,ALL DAYS,32209,-1,-1
57053,50260,COUNTER,SOUTH,ALL VEHICLES,2024,PM PEAK,8646,-1,-1
57053,50260,PRESCRIBED AND COUNTER,BOTH,HEAVY VEHICLES,2024,WEEKENDS,2942,-1,-1
57053,50260,PRESCRIBED AND COUNTER,BOTH,LIGHT VEHICLES,2024,WEEKENDS,54679,-1,-1
57053,50260,PRESCRIBED AND COUNTER,BOTH,ALL VEHICLES,2024,OFF PEAK,30111,-1,-1
57053,50260,COUNTER,SOUTH,LIGHT VEHICLES,2024,PM PEAK,7955,90,90
57096,51235,COUNTER,EAST,LIGHT VEHICLES,2024,PM PEAK,6945,50,85
57096,51235,PRESCRIBED AND COUNTER,BOTH,LIGHT VEHICLES,2024,PM PEAK,13741,-1,-1
57096,51235,PRESCRIBED AND COUNTER,BOTH,ALL VEHICLES,2024,PM PEAK,14686,-1,-1
57096,51235,PRESCRIBED AND COUNTER,BOTH,ALL VEHICLES,2024,AM PEAK,13750,-1,-1
57096,51235,PRESCRIBED AND COUNTER,BOTH,HEAVY VEHICLES,2024,WEEKENDS,2327,-1,-1
57096,51235,PRESCRIBED AND COUNTER,BOTH,HEAVY VEHICLES,2024,OFF PEAK,2481,-1,-1
57096,51235,COUNTER,EAST,ALL VEHICLES,2024,PM PEAK,7337,-1,-1
57096,51235,COUNTER,EAST,ALL VEHICLES,2024,ALL DAYS,31238,-1,-1
57096,51235,COUNTER,EAST,LIGHT VEHICLES,2024,WEEKDAYS,28408,-1,-1
57096,51235,PRESCRIBED AND COUNTER,BOTH,HEAVY VEHICLES,2024,ALL DAYS,4337,-1,-1
57096,51235,COUNTER,EAST,HEAVY VEHICLES,2024,AM PEAK,902,27,88
57096,51235,PRESCRIBED,WEST,ALL VEHICLES,2024,OFF PEAK,13910,-1,-1
57096,51235,COUNTER,EAST,ALL VEHICLES,2024,WEEKDAYS,30927,-1,-1
57096,51235,COUNTER,EAST,LIGHT VEHICLES,2024,WEEKENDS,27529,-1,-1
57096,51235,PRESCRIBED,WEST,ALL VEHICLES,2024,AM PEAK,4837,-1,-1
57096,51235,PRESCRIBED,WEST,ALL VEHICLES,2024,ALL DAYS,26998,-1,-1
57096,51235,PRESCRIBED,WEST,ALL VEHICLES,2024,PM PEAK,7349,-1,-1
57096,51235,COUNTER,EAST,HEAVY VEHICLES,2024,ALL DAYS,2202,15,89
57096,51235,PRESCRIBED AND COUNTER,BOTH,LIGHT VEHICLES,2024,WEEKDAYS,52197,-1,-1
57096,51235,PRESCRIBED,WEST,LIGHT VEHICLES,2024,WEEKENDS,22539,-1,-1
57096,51235,PRESCRIBED,WEST,HEAVY VEHICLES,2024,AM PEAK,498,16,76
57096,51235,PRESCRIBED AND COUNTER,BOTH,LIGHT VEHICLES,2024,OFF PEAK,26106,-1,-1
57096,51235,PRESCRIBED,WEST,HEAVY VEHICLES,2024,PM PEAK,553,13,79
57096,51235,PRESCRIBED AND COUNTER,BOTH,HEAVY VEHICLES,2024,AM PEAK,1400,-1,-1
57096,51235,PRESCRIBED AND COUNTER,BOTH,LIGHT VEHICLES,2024,AM PEAK,12350,-1,-1
57096,51235,COUNTER,EAST,HEAVY VEHICLES,2024,WEEKDAYS,2519,-1,-1
57096,51235,PRESCRIBED,WEST,ALL VEHICLES,2024,WEEKENDS,23699,-1,-1
57096,51235,COUNTER,EAST,LIGHT VEHICLES,2024,OFF PEAK,13452,40,86
57096,51235,PRESCRIBED,WEST,LIGHT VEHICLES,2024,AM PEAK,4339,38,77
57096,51235,PRESCRIBED AND COUNTER,BOTH,LIGHT VEHICLES,2024,WEEKENDS,50068,-1,-1
57096,51235,PRESCRIBED AND COUNTER,BOTH,ALL VEHICLES,2024,OFF PEAK,28587,-1,-1
57096,51235,COUNTER,EAST,ALL VEHICLES,2024,WEEKENDS,28696,-1,-1
57096,51235,PRESCRIBED,WEST,LIGHT VEHICLES,2024,PM PEAK,6796,37,78
57096,51235,PRESCRIBED AND COUNTER,BOTH,ALL VEHICLES,2024,WEEKENDS,52395,-1,-1
57096,51235,PRESCRIBED,WEST,LIGHT VEHICLES,2024,OFF PEAK,12654,30,77
57096,51235,PRESCRIBED AND COUNTER,BOTH,HEAVY VEHICLES,2024,PM PEAK,945,-1,-1
57096,51235,PRESCRIBED AND COUNTER,BOTH,ALL VEHICLES,2024,WEEKDAYS,57023,-1,-1
57096,51235,PRESCRIBED AND COUNTER,BOTH,LIGHT VEHICLES,2024,ALL DAYS,53899,-1,-1
57096,51235,PRESCRIBED,WEST,LIGHT VEHICLES,2024,ALL DAYS,24863,32,86
57096,51235,PRESCRIBED,WEST,HEAVY VEHICLES,2024,WEEKDAYS,2307,-1,-1
57096,51235,COUNTER,EAST,ALL VEHICLES,2024,AM PEAK,8913,-1,-1
57096,51235,COUNTER,EAST,LIGHT VEHICLES,2024,ALL DAYS,29036,43,88
57096,51235,PRESCRIBED,WEST,HEAVY VEHICLES,2024,OFF PEAK,1256,11,78
57096,51235,COUNTER,EAST,HEAVY VEHICLES,2024,PM PEAK,392,16,86
57096,51235,COUNTER,EAST,ALL VEHICLES,2024,OFF PEAK,14677,-1,-1
57096,51235,PRESCRIBED,WEST,ALL VEHICLES,2024,WEEKDAYS,26096,-1,-1
57096,51235,PRESCRIBED AND COUNTER,BOTH,HEAVY VEHICLES,2024,WEEKDAYS,4826,-1,-1
57096,51235,PRESCRIBED AND COUNTER,BOTH,ALL VEHICLES,2024,ALL DAYS,58236,-1,-1
57096,51235,COUNTER,EAST,HEAVY VEHICLES,2024,OFF PEAK,1225,17,86
57096,51235,COUNTER,EAST,LIGHT VEHICLES,2024,AM PEAK,8011,49,89
57096,51235,PRESCRIBED,WEST,HEAVY VEHICLES,2024,WEEKENDS,1160,-1,-1
57096,51235,PRESCRIBED,WEST,LIGHT VEHICLES,2024,WEEKDAYS,23789,-1,-1
57096,51235,PRESCRIBED,WEST,HEAVY VEHICLES,2024,ALL DAYS,2135,11,87
57096,51235,COUNTER,EAST,HEAVY VEHICLES,2024,WEEKENDS,1167,-1,-1
57104,53003,COUNTER,SOUTH,LIGHT VEHICLES,2024,OFF PEAK,11841,71,91
57104,53003,PRESCRIBED AND COUNTER,BOTH,LIGHT VEHICLES,2024,OFF PEAK,24959,-1,-1
57104,53003,PRESCRIBED AND COUNTER,BOTH,HEAVY VEHICLES,2024,AM PEAK,1904,-1,-1
57104,53003,COUNTER,SOUTH,ALL VEHICLES,2024,WEEKDAYS,30022,-1,-1
57104,53003,COUNTER,SOUTH,HEAVY VEHICLES,2024,OFF PEAK,1586,34,91
57104,53003,COUNTER,SOUTH,LIGHT VEHICLES,2024,PM PEAK,6358,87,91
57104,53003,COUNTER,SOUTH,HEAVY VEHICLES,2024,WEEKDAYS,3243,-1,-1
57104,53003,COUNTER,SOUTH,ALL VEHICLES,2024,WEEKENDS,28910,-1,-1
57104,53003,PRESCRIBED AND COUNTER,BOTH,LIGHT VEHICLES,2024,WEEKENDS,54052,-1,-1
57104,53003,PRESCRIBED,NORTH,ALL VEHICLES,2024,AM PEAK,6163,-1,-1
57104,53003,COUNTER,SOUTH,LIGHT VEHICLES,2024,AM PEAK,8580,92,91
57104,53003,PRESCRIBED AND COUNTER,BOTH,ALL VEHICLES,2024,AM PEAK,15925,-1,-1
57104,53003,COUNTER,SOUTH,ALL VEHICLES,2024,PM PEAK,6833,-1,-1
57104,53003,PRESCRIBED AND COUNTER,BOTH,ALL VEHICLES,2024,WEEKDAYS,60496,-1,-1
57104,53003,COUNTER,SOUTH,ALL VEHICLES,2024,OFF PEAK,13427,-1,-1
57104,53003,COUNTER,SOUTH,HEAVY VEHICLES,2024,PM PEAK,475,35,92
57104,53003,COUNTER,SOUTH,HEAVY VEHICLES,2024,AM PEAK,1182,48,91
57104,53003,COUNTER,SOUTH,LIGHT VEHICLES,2024,ALL DAYS,27479,78,92
57104,53003,COUNTER,SOUTH,ALL VEHICLES,2024,AM PEAK,9762,-1,-1
57104,53003,COUNTER,SOUTH,HEAVY VEHICLES,2024,WEEKENDS,1610,-1,-1
57104,53003,PRESCRIBED,NORTH,LIGHT VEHICLES,2024,ALL DAYS,27587,80,92
57104,53003,PRESCRIBED,NORTH,ALL VEHICLES,2024,WEEKDAYS,30474,-1,-1
57104,53003,COUNTER,SOUTH,LIGHT VEHICLES,2024,WEEKDAYS,26779,-1,-1
57104,53003,PRESCRIBED,NORTH,HEAVY VEHICLES,2024,ALL DAYS,2680,35,92
57104,53003,PRESCRIBED AND COUNTER,BOTH,HEAVY VEHICLES,2024,PM PEAK,1204,-1,-1
57104,53003,PRESCRIBED AND COUNTER,BOTH,ALL VEHICLES,2024,ALL DAYS,60588,-1,-1
57104,53003,PRESCRIBED AND COUNTER,BOTH,HEAVY VEHICLES,2024,WEEKENDS,3094,-1,-1
57104,53003,PRESCRIBED AND COUNTER,BOTH,ALL VEHICLES,2024,PM PEAK,16375,-1,-1
57104,53003,COUNTER,SOUTH,LIGHT VEHICLES,2024,WEEKENDS,27300,-1,-1
57104,53003,PRESCRIBED,NORTH,HEAVY VEHICLES,2024,OFF PEAK,1651,36,92
57104,53003,PRESCRIBED AND COUNTER,BOTH,HEAVY VEHICLES,2024,ALL DAYS,5522,-1,-1
57104,53003,PRESCRIBED,NORTH,LIGHT VEHICLES,2024,WEEKDAYS,27372,-1,-1
57104,53003,PRESCRIBED,NORTH,HEAVY VEHICLES,2024,WEEKENDS,1484,-1,-1
57104,53003,PRESCRIBED,NORTH,ALL VEHICLES,2024,OFF PEAK,14769,-1,-1
57104,53003,COUNTER,SOUTH,HEAVY VEHICLES,2024,ALL DAYS,2842,33,92
57104,53003,PRESCRIBED,NORTH,ALL VEHICLES,2024,PM PEAK,9542,-1,-1
57104,53003,PRESCRIBED AND COUNTER,BOTH,LIGHT VEHICLES,2024,AM PEAK,14021,-1,-1
57104,53003,PRESCRIBED AND COUNTER,BOTH,HEAVY VEHICLES,2024,WEEKDAYS,6345,-1,-1
57104,53003,COUNTER,SOUTH,ALL VEHICLES,2024,ALL DAYS,30321,-1,-1
57104,53003,PRESCRIBED AND COUNTER,BOTH,ALL VEHICLES,2024,WEEKENDS,57146,-1,-1
57104,53003,PRESCRIBED,NORTH,LIGHT VEHICLES,2024,AM PEAK,5441,90,91
57104,53003,PRESCRIBED,NORTH,HEAVY VEHICLES,2024,AM PEAK,722,51,92
57104,53003,PRESCRIBED,NORTH,LIGHT VEHICLES,2024,PM PEAK,8813,92,92
57104,53003,PRESCRIBED AND COUNTER,BOTH,ALL VEHICLES,2024,OFF PEAK,28196,-1,-1
57104,53003,PRESCRIBED,NORTH,LIGHT VEHICLES,2024,OFF PEAK,13118,74,91
57104,53003,PRESCRIBED AND COUNTER,BOTH,LIGHT VEHICLES,2024,ALL DAYS,55066,-1,-1
57104,53003,PRESCRIBED AND COUNTER,BOTH,LIGHT VEHICLES,2024,WEEKDAYS,54151,-1,-1
57104,53003,PRESCRIBED,NORTH,HEAVY VEHICLES,2024,PM PEAK,729,40,92
57104,53003,PRESCRIBED AND COUNTER,BOTH,LIGHT VEHICLES,2024,PM PEAK,15171,-1,-1
57104,53003,PRESCRIBED,NORTH,ALL VEHICLES,2024,ALL DAYS,30267,-1,-1
57104,53003,PRESCRIBED AND COUNTER,BOTH,HEAVY VEHICLES,2024,OFF PEAK,3237,-1,-1
57104,53003,PRESCRIBED,NORTH,LIGHT VEHICLES,2024,WEEKENDS,26752,-1,-1
57104,53003,PRESCRIBED,NORTH,HEAVY VEHICLES,2024,WEEKDAYS,3102,-1,-1
57104,53003,PRESCRIBED,NORTH,ALL VEHICLES,2024,WEEKENDS,28236,-1,-1
57105,53004,COUNTER,SOUTH,HEAVY VEHICLES,2024,PM PEAK,261,26,88
57105,53004,COUNTER,SOUTH,HEAVY VEHICLES,2024,WEEKENDS,808,-1,-1
57105,53004,PRESCRIBED,NORTH,HEAVY VEHICLES,2024,ALL DAYS,1369,25,89
57105,53004,PRESCRIBED AND COUNTER,BOTH,LIGHT VEHICLES,2024,ALL DAYS,41657,-1,-1
57105,53004,PRESCRIBED,NORTH,ALL VEHICLES,2024,WEEKDAYS,23220,-1,-1
57105,53004,COUNTER,SOUTH,ALL VEHICLES,2024,OFF PEAK,9469,-1,-1
57105,53004,PRESCRIBED,NORTH,ALL VEHICLES,2024,AM PEAK,4562,-1,-1
57105,53004,PRESCRIBED AND COUNTER,BOTH,HEAVY VEHICLES,2024,WEEKENDS,1558,-1,-1
57105,53004,COUNTER,SOUTH,HEAVY VEHICLES,2024,AM PEAK,678,39,90
57105,53004,COUNTER,SOUTH,LIGHT VEHICLES,2024,ALL DAYS,20136,63,86
57105,53004,PRESCRIBED AND COUNTER,BOTH,HEAVY VEHICLES,2024,ALL DAYS,2905,-1,-1
57105,53004,COUNTER,SOUTH,LIGHT VEHICLES,2024,PM PEAK,4918,81,86
57105,53004,PRESCRIBED AND COUNTER,BOTH,LIGHT VEHICLES,2024,PM PEAK,11892,-1,-1
57105,53004,COUNTER,SOUTH,LIGHT VEHICLES,2024,AM PEAK,6889,86,87
57105,53004,PRESCRIBED,NORTH,ALL VEHICLES,2024,WEEKENDS,20848,-1,-1
57105,53004,COUNTER,SOUTH,ALL VEHICLES,2024,WEEKENDS,18882,-1,-1
57105,53004,PRESCRIBED,NORTH,LIGHT VEHICLES,2024,AM PEAK,4181,81,86
57105,53004,COUNTER,SOUTH,LIGHT VEHICLES,2024,OFF PEAK,8626,58,86
57105,53004,PRESCRIBED,NORTH,ALL VEHICLES,2024,PM PEAK,7339,-1,-1
57105,53004,PRESCRIBED AND COUNTER,BOTH,LIGHT VEHICLES,2024,WEEKDAYS,42064,-1,-1
57105,53004,COUNTER,SOUTH,ALL VEHICLES,2024,AM PEAK,7567,-1,-1
57105,53004,PRESCRIBED AND COUNTER,BOTH,LIGHT VEHICLES,2024,WEEKENDS,38172,-1,-1
57105,53004,PRESCRIBED AND COUNTER,BOTH,HEAVY VEHICLES,2024,OFF PEAK,1686,-1,-1
57105,53004,COUNTER,SOUTH,LIGHT VEHICLES,2024,WEEKDAYS,20433,-1,-1
57105,53004,PRESCRIBED,NORTH,HEAVY VEHICLES,2024,OFF PEAK,843,27,88
57105,53004,PRESCRIBED,NORTH,LIGHT VEHICLES,2024,ALL DAYS,21521,64,86
57105,53004,COUNTER,SOUTH,HEAVY VEHICLES,2024,OFF PEAK,843,24,89
57105,53004,PRESCRIBED AND COUNTER,BOTH,ALL VEHICLES,2024,OFF PEAK,20788,-1,-1
57105,53004,PRESCRIBED AND COUNTER,BOTH,LIGHT VEHICLES,2024,OFF PEAK,19102,-1,-1
57105,53004,PRESCRIBED,NORTH,LIGHT VEHICLES,2024,PM PEAK,6974,90,87
57105,53004,COUNTER,SOUTH,HEAVY VEHICLES,2024,ALL DAYS,1536,23,90
57105,53004,COUNTER,SOUTH,ALL VEHICLES,2024,PM PEAK,5179,-1,-1
57105,53004,PRESCRIBED AND COUNTER,BOTH,HEAVY VEHICLES,2024,PM PEAK,626,-1,-1
57105,53004,PRESCRIBED AND COUNTER,BOTH,ALL VEHICLES,2024,ALL DAYS,44562,-1,-1
57105,53004,COUNTER,SOUTH,ALL VEHICLES,2024,WEEKDAYS,22215,-1,-1
57105,53004,PRESCRIBED AND COUNTER,BOTH,HEAVY VEHICLES,2024,AM PEAK,1059,-1,-1
57105,53004,COUNTER,SOUTH,HEAVY VEHICLES,2024,WEEKDAYS,1782,-1,-1
57105,53004,PRESCRIBED AND COUNTER,BOTH,ALL VEHICLES,2024,AM PEAK,12129,-1,-1
57105,53004,PRESCRIBED,NORTH,ALL VEHICLES,2024,OFF PEAK,11319,-1,-1
57105,53004,PRESCRIBED AND COUNTER,BOTH,ALL VEHICLES,2024,PM PEAK,12518,-1,-1
57105,53004,PRESCRIBED,NORTH,HEAVY VEHICLES,2024,AM PEAK,381,39,88
57105,53004,PRESCRIBED,NORTH,HEAVY VEHICLES,2024,PM PEAK,365,30,88
57105,53004,PRESCRIBED AND COUNTER,BOTH,LIGHT VEHICLES,2024,AM PEAK,11070,-1,-1
57105,53004,PRESCRIBED AND COUNTER,BOTH,ALL VEHICLES,2024,WEEKENDS,39730,-1,-1
57105,53004,PRESCRIBED AND COUNTER,BOTH,HEAVY VEHICLES,2024,WEEKDAYS,3371,-1,-1
57105,53004,PRESCRIBED,NORTH,ALL VEHICLES,2024,ALL DAYS,22890,-1,-1
57105,53004,PRESCRIBED,NORTH,LIGHT VEHICLES,2024,OFF PEAK,10476,60,87
57105,53004,PRESCRIBED,NORTH,LIGHT VEHICLES,2024,WEEKENDS,20098,-1,-1
57105,53004,COUNTER,SOUTH,LIGHT VEHICLES,2024,WEEKENDS,18074,-1,-1
57105,53004,PRESCRIBED,NORTH,LIGHT VEHICLES,2024,WEEKDAYS,21631,-1,-1
57105,53004,PRESCRIBED AND COUNTER,BOTH,ALL VEHICLES,2024,WEEKDAYS,45435,-1,-1
57105,53004,PRESCRIBED,NORTH,HEAVY VEHICLES,2024,WEEKDAYS,1589,-1,-1
57105,53004,PRESCRIBED,NORTH,HEAVY VEHICLES,2024,WEEKENDS,750,-1,-1
57105,53004,COUNTER,SOUTH,ALL VEHICLES,2024,ALL DAYS,21672,-1,-1
57106,53005,PRESCRIBED,NORTH,HEAVY VEHICLES,2024,PM PEAK,473,18,98
57106,53005,COUNTER,SOUTH,HEAVY VEHICLES,2024,WEEKDAYS,786,-1,-1
57106,53005,PRESCRIBED,NORTH,HEAVY VEHICLES,2024,ALL DAYS,3051,18,98
57106,53005,PRESCRIBED,NORTH,LIGHT VEHICLES,2024,WEEKENDS,23705,-1,-1
57106,53005,PRESCRIBED,NORTH,UNCLASSIFIED,2024,OFF PEAK,14434,-1,-1
57106,53005,PRESCRIBED,NORTH,HEAVY VEHICLES,2024,OFF PEAK,1880,20,98
57106,53005,PRESCRIBED AND COUNTER,BOTH,LIGHT VEHICLES,2024,ALL DAYS,33647,-1,-1
57106,53005,PRESCRIBED AND COUNTER,BOTH,HEAVY VEHICLES,2024,AM PEAK,1423,-1,-1
57106,53005,PRESCRIBED AND COUNTER,BOTH,HEAVY VEHICLES,2024,OFF PEAK,2309,-1,-1
57106,53005,COUNTER,SOUTH,HEAVY VEHICLES,2024,PM PEAK,172,12,97
57106,53005,PRESCRIBED AND COUNTER,BOTH,UNCLASSIFIED,2024,WEEKDAYS,40360,-1,-1
57106,53005,PRESCRIBED,NORTH,LIGHT VEHICLES,2024,ALL DAYS,24257,37,97
57106,53005,PRESCRIBED AND COUNTER,BOTH,LIGHT VEHICLES,2024,WEEKDAYS,33650,-1,-1
57106,53005,PRESCRIBED AND COUNTER,BOTH,HEAVY VEHICLES,2024,WEEKDAYS,4377,-1,-1
57106,53005,PRESCRIBED,NORTH,UNCLASSIFIED,2024,AM PEAK,7681,-1,-1
57106,53005,PRESCRIBED AND COUNTER,BOTH,LIGHT VEHICLES,2024,PM PEAK,9333,-1,-1
57106,53005,COUNTER,SOUTH,UNCLASSIFIED,2024,PM PEAK,2662,-1,-1
57106,53005,COUNTER,SOUTH,UNCLASSIFIED,2024,AM PEAK,2847,-1,-1
57106,53005,PRESCRIBED,NORTH,UNCLASSIFIED,2024,PM PEAK,7893,-1,-1
57106,53005,COUNTER,SOUTH,LIGHT VEHICLES,2024,PM PEAK,2480,41,97
57106,53005,COUNTER,SOUTH,UNCLASSIFIED,2024,WEEKENDS,9220,-1,-1
57106,53005,COUNTER,SOUTH,LIGHT VEHICLES,2024,WEEKDAYS,9519,-1,-1
57106,53005,PRESCRIBED AND COUNTER,BOTH,UNCLASSIFIED,2024,ALL DAYS,39504,-1,-1
57106,53005,PRESCRIBED AND COUNTER,BOTH,HEAVY VEHICLES,2024,WEEKENDS,1889,-1,-1
57106,53005,COUNTER,SOUTH,HEAVY VEHICLES,2024,OFF PEAK,429,10,98
57106,53005,COUNTER,SOUTH,LIGHT VEHICLES,2024,ALL DAYS,9390,36,97
57106,53005,COUNTER,SOUTH,HEAVY VEHICLES,2024,AM PEAK,185,16,98
57106,53005,COUNTER,SOUTH,UNCLASSIFIED,2024,ALL DAYS,10113,-1,-1
57106,53005,PRESCRIBED AND COUNTER,BOTH,UNCLASSIFIED,2024,PM PEAK,10555,-1,-1
57106,53005,PRESCRIBED,NORTH,UNCLASSIFIED,2024,WEEKENDS,26844,-1,-1
57106,53005,PRESCRIBED,NORTH,UNCLASSIFIED,2024,ALL DAYS,29391,-1,-1
57106,53005,COUNTER,SOUTH,UNCLASSIFIED,2024,OFF PEAK,4843,-1,-1
57106,53005,COUNTER,SOUTH,HEAVY VEHICLES,2024,ALL DAYS,678,10,98
57106,53005,PRESCRIBED,NORTH,HEAVY VEHICLES,2024,AM PEAK,1238,29,98
57106,53005,PRESCRIBED,NORTH,UNCLASSIFIED,2024,WEEKDAYS,30008,-1,-1
57106,53005,COUNTER,SOUTH,HEAVY VEHICLES,2024,WEEKENDS,386,-1,-1
57106,53005,COUNTER,SOUTH,UNCLASSIFIED,2024,WEEKDAYS,10352,-1,-1
57106,53005,COUNTER,SOUTH,LIGHT VEHICLES,2024,OFF PEAK,4396,33,97
57106,53005,PRESCRIBED AND COUNTER,BOTH,UNCLASSIFIED,2024,AM PEAK,10528,-1,-1
57106,53005,PRESCRIBED AND COUNTER,BOTH,UNCLASSIFIED,2024,OFF PEAK,19277,-1,-1
57106,53005,PRESCRIBED AND COUNTER,BOTH,UNCLASSIFIED,2024,WEEKENDS,36064,-1,-1
57106,53005,PRESCRIBED AND COUNTER,BOTH,HEAVY VEHICLES,2024,ALL DAYS,3729,-1,-1
57106,53005,PRESCRIBED AND COUNTER,BOTH,HEAVY VEHICLES,2024,PM PEAK,645,-1,-1
57106,53005,PRESCRIBED AND COUNTER,BOTH,LIGHT VEHICLES,2024,AM PEAK,8309,-1,-1
57106,53005,PRESCRIBED,NORTH,LIGHT VEHICLES,2024,PM PEAK,6853,41,96
57106,53005,PRESCRIBED AND COUNTER,BOTH,LIGHT VEHICLES,2024,OFF PEAK,16008,-1,-1
57106,53005,COUNTER,SOUTH,LIGHT VEHICLES,2024,WEEKENDS,8801,-1,-1
57106,53005,PRESCRIBED,NORTH,LIGHT VEHICLES,2024,OFF PEAK,11612,34,97
57106,53005,PRESCRIBED,NORTH,LIGHT VEHICLES,2024,WEEKDAYS,24131,-1,-1
57106,53005,COUNTER,SOUTH,LIGHT VEHICLES,2024,AM PEAK,2643,44,97
57106,53005,PRESCRIBED,NORTH,LIGHT VEHICLES,2024,AM PEAK,5666,44,97
57106,53005,PRESCRIBED AND COUNTER,BOTH,LIGHT VEHICLES,2024,WEEKENDS,32506,-1,-1
57106,53005,PRESCRIBED,NORTH,HEAVY VEHICLES,2024,WEEKDAYS,3591,-1,-1
57106,53005,PRESCRIBED,NORTH,HEAVY VEHICLES,2024,WEEKENDS,1503,-1,-1
57140,55049,COUNTER,SOUTH,HEAVY VEHICLES,2024,WEEKENDS,814,-1,-1
57140,55049,PRESCRIBED AND COUNTER,BOTH,HEAVY VEHICLES,2024,PM PEAK,768,-1,-1
57140,55049,PRESCRIBED AND COUNTER,BOTH,ALL VEHICLES,2024,ALL DAYS,35260,-1,-1
57140,55049,PRESCRIBED AND COUNTER,BOTH,ALL VEHICLES,2024,AM PEAK,8869,-1,-1
57140,55049,COUNTER,SOUTH,ALL VEHICLES,2024,WEEKDAYS,16435,-1,-1
57140,55049,COUNTER,SOUTH,ALL VEHICLES,2024,ALL DAYS,17393,-1,-1
57140,55049,COUNTER,SOUTH,LIGHT VEHICLES,2024,WEEKDAYS,14890,-1,-1
57140,55049,COUNTER,SOUTH,LIGHT VEHICLES,2024,AM PEAK,4537,25,66
57140,55049,COUNTER,SOUTH,HEAVY VEHICLES,2024,ALL DAYS,1374,5,64
57140,55049,PRESCRIBED AND COUNTER,BOTH,ALL VEHICLES,2024,PM PEAK,9646,-1,-1
57140,55049,PRESCRIBED,NORTH,HEAVY VEHICLES,2024,AM PEAK,443,28,78
57140,55049,PRESCRIBED,NORTH,ALL VEHICLES,2024,OFF PEAK,7937,-1,-1
57140,55049,PRESCRIBED,NORTH,HEAVY VEHICLES,2024,OFF PEAK,825,15,76
57140,55049,COUNTER,SOUTH,HEAVY VEHICLES,2024,AM PEAK,515,12,67
57140,55049,COUNTER,SOUTH,LIGHT VEHICLES,2024,PM PEAK,3834,20,66
57140,55049,COUNTER,SOUTH,ALL VEHICLES,2024,PM PEAK,4152,-1,-1
57140,55049,PRESCRIBED AND COUNTER,BOTH,ALL VEHICLES,2024,WEEKDAYS,33683,-1,-1
57140,55049,PRESCRIBED AND COUNTER,BOTH,LIGHT VEHICLES,2024,WEEKENDS,27091,-1,-1
57140,55049,PRESCRIBED AND COUNTER,BOTH,HEAVY VEHICLES,2024,ALL DAYS,2990,-1,-1
57140,55049,PRESCRIBED AND COUNTER,BOTH,ALL VEHICLES,2024,WEEKENDS,28795,-1,-1
57140,55049,COUNTER,SOUTH,LIGHT VEHICLES,2024,OFF PEAK,6519,15,67
57140,55049,PRESCRIBED,NORTH,LIGHT VEHICLES,2024,OFF PEAK,7112,48,75
57140,55049,COUNTER,SOUTH,HEAVY VEHICLES,2024,OFF PEAK,712,5,70
57140,55049,COUNTER,SOUTH,LIGHT VEHICLES,2024,WEEKENDS,13739,-1,-1
57140,55049,PRESCRIBED,NORTH,HEAVY VEHICLES,2024,PM PEAK,450,30,73
57140,55049,PRESCRIBED AND COUNTER,BOTH,HEAVY VEHICLES,2024,AM PEAK,958,-1,-1
57140,55049,PRESCRIBED AND COUNTER,BOTH,LIGHT VEHICLES,2024,PM PEAK,8878,-1,-1
57140,55049,PRESCRIBED,NORTH,ALL VEHICLES,2024,ALL DAYS,17867,-1,-1
57140,55049,PRESCRIBED,NORTH,LIGHT VEHICLES,2024,PM PEAK,5044,88,72
57140,55049,PRESCRIBED AND COUNTER,BOTH,HEAVY VEHICLES,2024,WEEKENDS,1704,-1,-1
57140,55049,COUNTER,SOUTH,ALL VEHICLES,2024,OFF PEAK,7231,-1,-1
57140,55049,PRESCRIBED AND COUNTER,BOTH,HEAVY VEHICLES,2024,WEEKDAYS,3263,-1,-1
57140,55049,PRESCRIBED AND COUNTER,BOTH,LIGHT VEHICLES,2024,AM PEAK,7911,-1,-1
57140,55049,PRESCRIBED AND COUNTER,BOTH,LIGHT VEHICLES,2024,ALL DAYS,32270,-1,-1
57140,55049,PRESCRIBED AND COUNTER,BOTH,LIGHT VEHICLES,2024,WEEKDAYS,30420,-1,-1
57140,55049,PRESCRIBED,NORTH,HEAVY VEHICLES,2024,WEEKDAYS,1718,-1,-1
57140,55049,PRESCRIBED,NORTH,ALL VEHICLES,2024,AM PEAK,3817,-1,-1
57140,55049,PRESCRIBED,NORTH,LIGHT VEHICLES,2024,WEEKENDS,13352,-1,-1
57140,55049,PRESCRIBED,NORTH,LIGHT VEHICLES,2024,AM PEAK,3374,72,76
57140,55049,PRESCRIBED,NORTH,ALL VEHICLES,2024,PM PEAK,5494,-1,-1
57140,55049,PRESCRIBED AND COUNTER,BOTH,ALL VEHICLES,2024,OFF PEAK,15168,-1,-1
57140,55049,COUNTER,SOUTH,LIGHT VEHICLES,2024,ALL DAYS,16019,17,61
57140,55049,PRESCRIBED,NORTH,ALL VEHICLES,2024,WEEKDAYS,17248,-1,-1
57140,55049,PRESCRIBED AND COUNTER,BOTH,LIGHT VEHICLES,2024,OFF PEAK,13631,-1,-1
57140,55049,PRESCRIBED,NORTH,HEAVY VEHICLES,2024,WEEKENDS,890,-1,-1
57140,55049,PRESCRIBED AND COUNTER,BOTH,HEAVY VEHICLES,2024,OFF PEAK,1537,-1,-1
57140,55049,PRESCRIBED,NORTH,HEAVY VEHICLES,2024,ALL DAYS,1616,16,66
57140,55049,COUNTER,SOUTH,HEAVY VEHICLES,2024,WEEKDAYS,1545,-1,-1
57140,55049,COUNTER,SOUTH,ALL VEHICLES,2024,WEEKENDS,14553,-1,-1
57140,55049,PRESCRIBED,NORTH,LIGHT VEHICLES,2024,ALL DAYS,16251,57,62
57140,55049,COUNTER,SOUTH,ALL VEHICLES,2024,AM PEAK,5052,-1,-1
57140,55049,PRESCRIBED,NORTH,ALL VEHICLES,2024,WEEKENDS,14242,-1,-1
57140,55049,COUNTER,SOUTH,HEAVY VEHICLES,2024,PM PEAK,318,9,70
57140,55049,PRESCRIBED,NORTH,LIGHT VEHICLES,2024,WEEKDAYS,15530,-1,-1
57160,57025,COUNTER,SOUTH,LIGHT VEHICLES,2024,WEEKENDS,7624,-1,-1
57160,57025,PRESCRIBED AND COUNTER,BOTH,HEAVY VEHICLES,2024,PM PEAK,617,-1,-1
57160,57025,COUNTER,SOUTH,ALL VEHICLES,2024,WEEKENDS,8154,-1,-1
57160,57025,PRESCRIBED,NORTH,ALL VEHICLES,2024,ALL DAYS,18205,-1,-1
57160,57025,PRESCRIBED AND COUNTER,BOTH,LIGHT VEHICLES,2024,PM PEAK,6869,-1,-1
57160,57025,PRESCRIBED AND COUNTER,BOTH,ALL VEHICLES,2024,ALL DAYS,27430,-1,-1
57160,57025,PRESCRIBED,NORTH,HEAVY VEHICLES,2024,PM PEAK,393,41,98
57160,57025,PRESCRIBED,NORTH,ALL VEHICLES,2024,WEEKDAYS,19231,-1,-1
57160,57025,PRESCRIBED AND COUNTER,BOTH,ALL VEHICLES,2024,WEEKDAYS,28867,-1,-1
57160,57025,PRESCRIBED AND COUNTER,BOTH,LIGHT VEHICLES,2024,WEEKDAYS,25360,-1,-1
57160,57025,PRESCRIBED AND COUNTER,BOTH,ALL VEHICLES,2024,OFF PEAK,13250,-1,-1
57160,57025,COUNTER,SOUTH,ALL VEHICLES,2024,WEEKDAYS,9636,-1,-1
57160,57025,PRESCRIBED,NORTH,LIGHT VEHICLES,2024,AM PEAK,4972,90,96
57160,57025,PRESCRIBED,NORTH,HEAVY VEHICLES,2024,OFF PEAK,1093,30,98
57160,57025,PRESCRIBED AND COUNTER,BOTH,LIGHT VEHICLES,2024,ALL DAYS,24511,-1,-1
57160,57025,PRESCRIBED AND COUNTER,BOTH,ALL VEHICLES,2024,WEEKENDS,23783,-1,-1
57160,57025,PRESCRIBED,NORTH,HEAVY VEHICLES,2024,WEEKDAYS,2128,-1,-1
57160,57025,COUNTER,SOUTH,ALL VEHICLES,2024,OFF PEAK,4464,-1,-1
57160,57025,PRESCRIBED AND COUNTER,BOTH,ALL VEHICLES,2024,AM PEAK,8131,-1,-1
57160,57025,PRESCRIBED,NORTH,HEAVY VEHICLES,2024,AM PEAK,642,51,98
57160,57025,COUNTER,SOUTH,ALL VEHICLES,2024,ALL DAYS,9225,-1,-1
57160,57025,PRESCRIBED AND COUNTER,BOTH,LIGHT VEHICLES,2024,WEEKENDS,22412,-1,-1
57160,57025,COUNTER,SOUTH,HEAVY VEHICLES,2024,AM PEAK,446,68,98
57160,57025,COUNTER,SOUTH,ALL VEHICLES,2024,PM PEAK,2655,-1,-1
57160,57025,PRESCRIBED,NORTH,ALL VEHICLES,2024,PM PEAK,4831,-1,-1
57160,57025,COUNTER,SOUTH,HEAVY VEHICLES,2024,WEEKENDS,530,-1,-1
57160,57025,COUNTER,SOUTH,HEAVY VEHICLES,2024,WEEKDAYS,1379,-1,-1
57160,57025,PRESCRIBED AND COUNTER,BOTH,LIGHT VEHICLES,2024,OFF PEAK,11448,-1,-1
57160,57025,PRESCRIBED AND COUNTER,BOTH,HEAVY VEHICLES,2024,AM PEAK,1088,-1,-1
57160,57025,COUNTER,SOUTH,LIGHT VEHICLES,2024,ALL DAYS,8077,76,98
57160,57025,PRESCRIBED,NORTH,HEAVY VEHICLES,2024,ALL DAYS,1771,30,98
57160,57025,PRESCRIBED,NORTH,ALL VEHICLES,2024,OFF PEAK,8786,-1,-1
57160,57025,PRESCRIBED,NORTH,LIGHT VEHICLES,2024,ALL DAYS,16434,73,96
57160,57025,PRESCRIBED,NORTH,LIGHT VEHICLES,2024,PM PEAK,4438,88,96
57160,57025,PRESCRIBED,NORTH,LIGHT VEHICLES,2024,WEEKDAYS,17103,-1,-1
57160,57025,COUNTER,SOUTH,LIGHT VEHICLES,2024,WEEKDAYS,8257,-1,-1
57160,57025,COUNTER,SOUTH,ALL VEHICLES,2024,AM PEAK,2517,-1,-1
57160,57025,PRESCRIBED AND COUNTER,BOTH,LIGHT VEHICLES,2024,AM PEAK,7043,-1,-1
57160,57025,COUNTER,SOUTH,HEAVY VEHICLES,2024,PM PEAK,224,47,98
57160,57025,COUNTER,SOUTH,LIGHT VEHICLES,2024,AM PEAK,2071,90,98
57160,57025,COUNTER,SOUTH,HEAVY VEHICLES,2024,OFF PEAK,709,38,98
57160,57025,COUNTER,SOUTH,LIGHT VEHICLES,2024,OFF PEAK,3755,70,97
57160,57025,PRESCRIBED,NORTH,ALL VEHICLES,2024,AM PEAK,5614,-1,-1
57160,57025,PRESCRIBED,NORTH,LIGHT VEHICLES,2024,OFF PEAK,7693,66,96
57160,57025,PRESCRIBED,NORTH,ALL VEHICLES,2024,WEEKENDS,15629,-1,-1
57160,57025,PRESCRIBED AND COUNTER,BOTH,ALL VEHICLES,2024,PM PEAK,7486,-1,-1
57160,57025,COUNTER,SOUTH,HEAVY VEHICLES,2024,ALL DAYS,1148,38,98
57160,57025,PRESCRIBED AND COUNTER,BOTH,HEAVY VEHICLES,2024,ALL DAYS,2919,-1,-1
57160,57025,PRESCRIBED AND COUNTER,BOTH,HEAVY VEHICLES,2024,WEEKDAYS,3507,-1,-1
57160,57025,COUNTER,SOUTH,LIGHT VEHICLES,2024,PM PEAK,2431,87,98
57160,57025,PRESCRIBED AND COUNTER,BOTH,HEAVY VEHICLES,2024,WEEKENDS,1371,-1,-1
57160,57025,PRESCRIBED AND COUNTER,BOTH,HEAVY VEHICLES,2024,OFF PEAK,1802,-1,-1
57160,57025,PRESCRIBED,NORTH,LIGHT VEHICLES,2024,WEEKENDS,14788,-1,-1
57160,57025,PRESCRIBED,NORTH,HEAVY VEHICLES,2024,WEEKENDS,841,-1,-1
57257,66249,COUNTER,EAST,LIGHT VEHICLES,2024,WEEKDAYS,9555,-1,-1
57257,66249,PRESCRIBED,WEST,ALL VEHICLES,2024,WEEKENDS,8170,-1,-1
57257,66249,PRESCRIBED,WEST,LIGHT VEHICLES,2024,WEEKENDS,7765,-1,-1
57257,66249,COUNTER,EAST,HEAVY VEHICLES,2024,ALL DAYS,1122,23,89
57257,66249,PRESCRIBED AND COUNTER,BOTH,LIGHT VEHICLES,2024,AM PEAK,4062,-1,-1
57257,66249,PRESCRIBED AND COUNTER,BOTH,ALL VEHICLES,2024,OFF PEAK,10246,-1,-1
57257,66249,COUNTER,EAST,LIGHT VEHICLES,2024,ALL DAYS,9348,48,89
57257,66249,PRESCRIBED AND COUNTER,BOTH,HEAVY VEHICLES,2024,WEEKENDS,926,-1,-1
57257,66249,PRESCRIBED,WEST,LIGHT VEHICLES,2024,AM PEAK,1474,66,89
57257,66249,COUNTER,EAST,HEAVY VEHICLES,2024,OFF PEAK,659,23,83
57257,66249,PRESCRIBED,WEST,HEAVY VEHICLES,2024,WEEKENDS,405,-1,-1
57257,66249,PRESCRIBED AND COUNTER,BOTH,ALL VEHICLES,2024,PM PEAK,5796,-1,-1
57257,66249,PRESCRIBED AND COUNTER,BOTH,HEAVY VEHICLES,2024,ALL DAYS,1837,-1,-1
57257,66249,PRESCRIBED,WEST,HEAVY VEHICLES,2024,OFF PEAK,424,27,90
57257,66249,COUNTER,EAST,ALL VEHICLES,2024,PM PEAK,2527,-1,-1
57257,66249,PRESCRIBED,WEST,HEAVY VEHICLES,2024,ALL DAYS,715,26,93
57257,66249,PRESCRIBED AND COUNTER,BOTH,ALL VEHICLES,2024,ALL DAYS,19985,-1,-1
57257,66249,COUNTER,EAST,ALL VEHICLES,2024,ALL DAYS,10470,-1,-1
57257,66249,COUNTER,EAST,LIGHT VEHICLES,2024,WEEKENDS,7994,-1,-1
57257,66249,PRESCRIBED,WEST,HEAVY VEHICLES,2024,PM PEAK,209,32,90
57257,66249,COUNTER,EAST,HEAVY VEHICLES,2024,PM PEAK,246,32,84
57257,66249,PRESCRIBED,WEST,LIGHT VEHICLES,2024,OFF PEAK,4477,59,89
57257,66249,PRESCRIBED,WEST,ALL VEHICLES,2024,ALL DAYS,9515,-1,-1
57257,66249,PRESCRIBED AND COUNTER,BOTH,HEAVY VEHICLES,2024,AM PEAK,591,-1,-1
57257,66249,PRESCRIBED,WEST,ALL VEHICLES,2024,AM PEAK,1669,-1,-1
57257,66249,PRESCRIBED,WEST,HEAVY VEHICLES,2024,AM PEAK,195,41,90
57257,66249,PRESCRIBED AND COUNTER,BOTH,HEAVY VEHICLES,2024,PM PEAK,455,-1,-1
57257,66249,COUNTER,EAST,ALL VEHICLES,2024,WEEKDAYS,10856,-1,-1
57257,66249,PRESCRIBED,WEST,HEAVY VEHICLES,2024,WEEKDAYS,828,-1,-1
57257,66249,COUNTER,EAST,HEAVY VEHICLES,2024,AM PEAK,396,38,84
57257,66249,PRESCRIBED AND COUNTER,BOTH,LIGHT VEHICLES,2024,WEEKDAYS,18566,-1,-1
57257,66249,PRESCRIBED AND COUNTER,BOTH,HEAVY VEHICLES,2024,OFF PEAK,1083,-1,-1
57257,66249,COUNTER,EAST,HEAVY VEHICLES,2024,WEEKDAYS,1301,-1,-1
57257,66249,PRESCRIBED,WEST,LIGHT VEHICLES,2024,PM PEAK,3060,82,89
57257,66249,COUNTER,EAST,LIGHT VEHICLES,2024,AM PEAK,2588,66,84
57257,66249,PRESCRIBED,WEST,ALL VEHICLES,2024,PM PEAK,3269,-1,-1
57257,66249,PRESCRIBED AND COUNTER,BOTH,ALL VEHICLES,2024,AM PEAK,4653,-1,-1
57257,66249,COUNTER,EAST,ALL VEHICLES,2024,AM PEAK,2984,-1,-1
57257,66249,COUNTER,EAST,HEAVY VEHICLES,2024,WEEKENDS,521,-1,-1
57257,66249,PRESCRIBED AND COUNTER,BOTH,LIGHT VEHICLES,2024,ALL DAYS,18148,-1,-1
57257,66249,COUNTER,EAST,LIGHT VEHICLES,2024,OFF PEAK,4686,45,83
57257,66249,PRESCRIBED,WEST,ALL VEHICLES,2024,WEEKDAYS,9839,-1,-1
57257,66249,PRESCRIBED AND COUNTER,BOTH,LIGHT VEHICLES,2024,PM PEAK,5341,-1,-1
57257,66249,PRESCRIBED AND COUNTER,BOTH,ALL VEHICLES,2024,WEEKENDS,16685,-1,-1
57257,66249,COUNTER,EAST,ALL VEHICLES,2024,WEEKENDS,8515,-1,-1
57257,66249,PRESCRIBED,WEST,LIGHT VEHICLES,2024,WEEKDAYS,9011,-1,-1
57257,66249,PRESCRIBED,WEST,LIGHT VEHICLES,2024,ALL DAYS,8800,62,92
57257,66249,PRESCRIBED AND COUNTER,BOTH,LIGHT VEHICLES,2024,OFF PEAK,9163,-1,-1
57257,66249,PRESCRIBED AND COUNTER,BOTH,LIGHT VEHICLES,2024,WEEKENDS,15759,-1,-1
57257,66249,PRESCRIBED,WEST,ALL VEHICLES,2024,OFF PEAK,4901,-1,-1
57257,66249,COUNTER,EAST,LIGHT VEHICLES,2024,PM PEAK,2281,60,83
57257,66249,COUNTER,EAST,ALL VEHICLES,2024,OFF PEAK,5345,-1,-1
57257,66249,PRESCRIBED AND COUNTER,BOTH,ALL VEHICLES,2024,WEEKDAYS,20695,-1,-1
57257,66249,PRESCRIBED AND COUNTER,BOTH,HEAVY VEHICLES,2024,WEEKDAYS,2129,-1,-1
57268,68025,PRESCRIBED,WEST,HEAVY VEHICLES,2024,AM PEAK,290,43,73
57268,68025,COUNTER,EAST,ALL VEHICLES,2024,PM PEAK,3882,-1,-1
57268,68025,COUNTER,EAST,ALL VEHICLES,2024,ALL DAYS,15572,-1,-1
57268,68025,PRESCRIBED,WEST,LIGHT VEHICLES,2024,WEEKDAYS,15716,-1,-1
57268,68025,PRESCRIBED AND COUNTER,BOTH,ALL VEHICLES,2024,WEEKDAYS,32944,-1,-1
57268,68025,PRESCRIBED AND COUNTER,BOTH,ALL VEHICLES,2024,OFF PEAK,16128,-1,-1
57268,68025,PRESCRIBED AND COUNTER,BOTH,LIGHT VEHICLES,2024,PM PEAK,8715,-1,-1
57268,68025,PRESCRIBED,WEST,HEAVY VEHICLES,2024,WEEKENDS,599,-1,-1
57268,68025,PRESCRIBED AND COUNTER,BOTH,ALL VEHICLES,2024,PM PEAK,9221,-1,-1
57268,68025,PRESCRIBED AND COUNTER,BOTH,LIGHT VEHICLES,2024,ALL DAYS,30982,-1,-1
57268,68025,PRESCRIBED,WEST,ALL VEHICLES,2024,PM PEAK,5339,-1,-1
57268,68025,PRESCRIBED AND COUNTER,BOTH,ALL VEHICLES,2024,AM PEAK,7595,-1,-1
57268,68025,COUNTER,EAST,ALL VEHICLES,2024,WEEKENDS,13119,-1,-1
57268,68025,PRESCRIBED,WEST,HEAVY VEHICLES,2024,OFF PEAK,650,26,75
57268,68025,PRESCRIBED AND COUNTER,BOTH,HEAVY VEHICLES,2024,PM PEAK,506,-1,-1
57268,68025,PRESCRIBED AND COUNTER,BOTH,HEAVY VEHICLES,2024,AM PEAK,689,-1,-1
57268,68025,COUNTER,EAST,HEAVY VEHICLES,2024,ALL DAYS,898,27,93
57268,68025,PRESCRIBED,WEST,ALL VEHICLES,2024,ALL DAYS,17440,-1,-1
57268,68025,PRESCRIBED AND COUNTER,BOTH,HEAVY VEHICLES,2024,WEEKDAYS,2315,-1,-1
57268,68025,PRESCRIBED,WEST,ALL VEHICLES,2024,AM PEAK,2889,-1,-1
57268,68025,PRESCRIBED,WEST,LIGHT VEHICLES,2024,AM PEAK,2599,81,73
57268,68025,COUNTER,EAST,LIGHT VEHICLES,2024,PM PEAK,3694,92,88
57268,68025,COUNTER,EAST,LIGHT VEHICLES,2024,OFF PEAK,6912,76,88
57268,68025,COUNTER,EAST,ALL VEHICLES,2024,OFF PEAK,7382,-1,-1
57268,68025,PRESCRIBED AND COUNTER,BOTH,LIGHT VEHICLES,2024,WEEKDAYS,30629,-1,-1
57268,68025,COUNTER,EAST,LIGHT VEHICLES,2024,WEEKDAYS,14913,-1,-1
57268,68025,PRESCRIBED AND COUNTER,BOTH,HEAVY VEHICLES,2024,ALL DAYS,2030,-1,-1
57268,68025,COUNTER,EAST,LIGHT VEHICLES,2024,ALL DAYS,14674,78,91
57268,68025,PRESCRIBED AND COUNTER,BOTH,LIGHT VEHICLES,2024,AM PEAK,6906,-1,-1
57268,68025,COUNTER,EAST,LIGHT VEHICLES,2024,WEEKENDS,12688,-1,-1
57268,68025,PRESCRIBED AND COUNTER,BOTH,HEAVY VEHICLES,2024,OFF PEAK,1120,-1,-1
57268,68025,COUNTER,EAST,HEAVY VEHICLES,2024,PM PEAK,188,28,90
57268,68025,COUNTER,EAST,LIGHT VEHICLES,2024,AM PEAK,4307,86,89
57268,68025,PRESCRIBED AND COUNTER,BOTH,LIGHT VEHICLES,2024,OFF PEAK,15008,-1,-1
57268,68025,COUNTER,EAST,HEAVY VEHICLES,2024,AM PEAK,399,51,91
57268,68025,PRESCRIBED,WEST,LIGHT VEHICLES,2024,OFF PEAK,8096,66,75
57268,68025,PRESCRIBED AND COUNTER,BOTH,ALL VEHICLES,2024,WEEKENDS,28749,-1,-1
57268,68025,COUNTER,EAST,HEAVY VEHICLES,2024,WEEKENDS,431,-1,-1
57268,68025,PRESCRIBED AND COUNTER,BOTH,LIGHT VEHICLES,2024,WEEKENDS,27719,-1,-1
57268,68025,COUNTER,EAST,HEAVY VEHICLES,2024,OFF PEAK,470,27,90
57268,68025,COUNTER,EAST,ALL VEHICLES,2024,WEEKDAYS,15970,-1,-1
57268,68025,PRESCRIBED,WEST,LIGHT VEHICLES,2024,WEEKENDS,15031,-1,-1
57268,68025,PRESCRIBED,WEST,LIGHT VEHICLES,2024,PM PEAK,5021,79,78
57268,68025,PRESCRIBED,WEST,LIGHT VEHICLES,2024,ALL DAYS,16308,69,82
57268,68025,PRESCRIBED,WEST,ALL VEHICLES,2024,WEEKENDS,15630,-1,-1
57268,68025,PRESCRIBED,WEST,HEAVY VEHICLES,2024,WEEKDAYS,1258,-1,-1
57268,68025,PRESCRIBED,WEST,ALL VEHICLES,2024,WEEKDAYS,16974,-1,-1
57268,68025,PRESCRIBED AND COUNTER,BOTH,ALL VEHICLES,2024,ALL DAYS,33012,-1,-1
57268,68025,PRESCRIBED,WEST,HEAVY VEHICLES,2024,PM PEAK,318,32,78
57268,68025,PRESCRIBED AND COUNTER,BOTH,HEAVY VEHICLES,2024,WEEKENDS,1030,-1,-1
57268,68025,COUNTER,EAST,ALL VEHICLES,2024,AM PEAK,4706,-1,-1
57268,68025,COUNTER,EAST,HEAVY VEHICLES,2024,WEEKDAYS,1057,-1,-1
57268,68025,PRESCRIBED,WEST,HEAVY VEHICLES,2024,ALL DAYS,1132,26,81
57268,68025,PRESCRIBED,WEST,ALL VEHICLES,2024,OFF PEAK,8746,-1,-1
57368,72027,COUNTER,SOUTH,LIGHT VEHICLES,2024,OFF PEAK,7959,68,83
57368,72027,PRESCRIBED,NORTH,HEAVY VEHICLES,2024,PM PEAK,453,34,89
57368,72027,COUNTER,SOUTH,ALL VEHICLES,2024,ALL DAYS,19624,-1,-1
57368,72027,PRESCRIBED AND COUNTER,BOTH,LIGHT VEHICLES,2024,WEEKDAYS,38848,-1,-1
57368,72027,COUNTER,SOUTH,ALL VEHICLES,2024,WEEKDAYS,20442,-1,-1
57368,72027,COUNTER,SOUTH,ALL VEHICLES,2024,AM PEAK,5844,-1,-1
57368,72027,COUNTER,SOUTH,HEAVY VEHICLES,2024,OFF PEAK,804,28,85
57368,72027,PRESCRIBED,NORTH,ALL VEHICLES,2024,WEEKENDS,16830,-1,-1
57368,72027,PRESCRIBED AND COUNTER,BOTH,LIGHT VEHICLES,2024,OFF PEAK,16457,-1,-1
57368,72027,PRESCRIBED,NORTH,LIGHT VEHICLES,2024,ALL DAYS,19515,74,89
57368,72027,PRESCRIBED,NORTH,LIGHT VEHICLES,2024,WEEKENDS,16118,-1,-1
57368,72027,PRESCRIBED AND COUNTER,BOTH,ALL VEHICLES,2024,ALL DAYS,40672,-1,-1
57368,72027,PRESCRIBED AND COUNTER,BOTH,HEAVY VEHICLES,2024,WEEKENDS,1417,-1,-1
57368,72027,PRESCRIBED,NORTH,HEAVY VEHICLES,2024,WEEKDAYS,1800,-1,-1
57368,72027,COUNTER,SOUTH,HEAVY VEHICLES,2024,WEEKENDS,705,-1,-1
57368,72027,PRESCRIBED AND COUNTER,BOTH,ALL VEHICLES,2024,WEEKENDS,32509,-1,-1
57368,72027,PRESCRIBED AND COUNTER,BOTH,ALL VEHICLES,2024,WEEKDAYS,42423,-1,-1
57368,72027,PRESCRIBED AND COUNTER,BOTH,HEAVY VEHICLES,2024,WEEKDAYS,3575,-1,-1
57368,72027,COUNTER,SOUTH,LIGHT VEHICLES,2024,PM PEAK,5472,90,83
57368,72027,COUNTER,SOUTH,LIGHT VEHICLES,2024,WEEKENDS,14974,-1,-1
57368,72027,PRESCRIBED,NORTH,LIGHT VEHICLES,2024,PM PEAK,6489,88,87
57368,72027,PRESCRIBED AND COUNTER,BOTH,ALL VEHICLES,2024,AM PEAK,11536,-1,-1
57368,72027,COUNTER,SOUTH,LIGHT VEHICLES,2024,ALL DAYS,18096,73,88
57368,72027,PRESCRIBED,NORTH,HEAVY VEHICLES,2024,AM PEAK,498,47,88
57368,72027,PRESCRIBED AND COUNTER,BOTH,LIGHT VEHICLES,2024,ALL DAYS,37611,-1,-1
57368,72027,PRESCRIBED,NORTH,ALL VEHICLES,2024,OFF PEAK,9347,-1,-1
57368,72027,PRESCRIBED AND COUNTER,BOTH,HEAVY VEHICLES,2024,AM PEAK,1106,-1,-1
57368,72027,PRESCRIBED AND COUNTER,BOTH,LIGHT VEHICLES,2024,PM PEAK,11961,-1,-1
57368,72027,COUNTER,SOUTH,LIGHT VEHICLES,2024,AM PEAK,5236,91,85
57368,72027,PRESCRIBED,NORTH,LIGHT VEHICLES,2024,AM PEAK,5194,91,87
57368,72027,COUNTER,SOUTH,HEAVY VEHICLES,2024,PM PEAK,363,37,84
57368,72027,PRESCRIBED,NORTH,ALL VEHICLES,2024,ALL DAYS,21048,-1,-1
57368,72027,PRESCRIBED AND COUNTER,BOTH,HEAVY VEHICLES,2024,OFF PEAK,1653,-1,-1
57368,72027,COUNTER,SOUTH,ALL VEHICLES,2024,OFF PEAK,8763,-1,-1
57368,72027,PRESCRIBED,NORTH,HEAVY VEHICLES,2024,ALL DAYS,1533,24,90
57368,72027,PRESCRIBED AND COUNTER,BOTH,HEAVY VEHICLES,2024,PM PEAK,816,-1,-1
57368,72027,PRESCRIBED,NORTH,LIGHT VEHICLES,2024,WEEKDAYS,20181,-1,-1
57368,72027,COUNTER,SOUTH,HEAVY VEHICLES,2024,WEEKDAYS,1775,-1,-1
57368,72027,PRESCRIBED,NORTH,ALL VEHICLES,2024,PM PEAK,6942,-1,-1
57368,72027,COUNTER,SOUTH,HEAVY VEHICLES,2024,ALL DAYS,1528,28,89
57368,72027,PRESCRIBED AND COUNTER,BOTH,LIGHT VEHICLES,2024,WEEKENDS,31092,-1,-1
57368,72027,COUNTER,SOUTH,HEAVY VEHICLES,2024,AM PEAK,608,50,87
57368,72027,PRESCRIBED AND COUNTER,BOTH,HEAVY VEHICLES,2024,ALL DAYS,3061,-1,-1
57368,72027,PRESCRIBED AND COUNTER,BOTH,ALL VEHICLES,2024,OFF PEAK,18110,-1,-1
57368,72027,PRESCRIBED,NORTH,HEAVY VEHICLES,2024,WEEKENDS,712,-1,-1
57368,72027,PRESCRIBED,NORTH,ALL VEHICLES,2024,AM PEAK,5692,-1,-1
57368,72027,PRESCRIBED AND COUNTER,BOTH,LIGHT VEHICLES,2024,AM PEAK,10430,-1,-1
57368,72027,COUNTER,SOUTH,ALL VEHICLES,2024,WEEKENDS,15679,-1,-1
57368,72027,PRESCRIBED AND COUNTER,BOTH,ALL VEHICLES,2024,PM PEAK,12777,-1,-1
57368,72027,COUNTER,SOUTH,LIGHT VEHICLES,2024,WEEKDAYS,18667,-1,-1
57368,72027,PRESCRIBED,NORTH,LIGHT VEHICLES,2024,OFF PEAK,8498,68,87
57368,72027,PRESCRIBED,NORTH,ALL VEHICLES,2024,WEEKDAYS,21981,-1,-1
57368,72027,COUNTER,SOUTH,ALL VEHICLES,2024,PM PEAK,5835,-1,-1
57368,72027,PRESCRIBED,NORTH,HEAVY VEHICLES,2024,OFF PEAK,849,24,88
57439,74228,COUNTER,SOUTH,LIGHT VEHICLES,2024,ALL DAYS,14894,78,91
57439,74228,PRESCRIBED,NORTH,LIGHT VEHICLES,2024,ALL DAYS,13029,76,92
57439,74228,PRESCRIBED AND COUNTER,BOTH,HEAVY VEHICLES,2024,PM PEAK,636,-1,-1
57439,74228,COUNTER,SOUTH,LIGHT VEHICLES,2024,OFF PEAK,6452,72,87
57439,74228,PRESCRIBED,NORTH,ALL VEHICLES,2024,WEEKDAYS,14301,-1,-1
57439,74228,PRESCRIBED,NORTH,LIGHT VEHICLES,2024,WEEKDAYS,12738,-1,-1
57439,74228,COUNTER,SOUTH,LIGHT VEHICLES,2024,PM PEAK,3812,88,86
57439,74228,PRESCRIBED,NORTH,ALL VEHICLES,2024,OFF PEAK,7204,-1,-1
57439,74228,PRESCRIBED,NORTH,HEAVY VEHICLES,2024,OFF PEAK,797,29,92
57439,74228,COUNTER,SOUTH,LIGHT VEHICLES,2024,AM PEAK,4582,90,89
57439,74228,PRESCRIBED,NORTH,HEAVY VEHICLES,2024,AM PEAK,423,50,91
57439,74228,PRESCRIBED,NORTH,HEAVY VEHICLES,2024,WEEKDAYS,1563,-1,-1
57439,74228,COUNTER,SOUTH,LIGHT VEHICLES,2024,WEEKENDS,14161,-1,-1
57439,74228,COUNTER,SOUTH,ALL VEHICLES,2024,ALL DAYS,16276,-1,-1
57439,74228,COUNTER,SOUTH,ALL VEHICLES,2024,OFF PEAK,7202,-1,-1
57439,74228,COUNTER,SOUTH,ALL VEHICLES,2024,WEEKENDS,14848,-1,-1
57439,74228,PRESCRIBED,NORTH,HEAVY VEHICLES,2024,WEEKENDS,749,-1,-1
57439,74228,PRESCRIBED,NORTH,HEAVY VEHICLES,2024,ALL DAYS,1358,30,93
57439,74228,PRESCRIBED AND COUNTER,BOTH,ALL VEHICLES,2024,PM PEAK,8143,-1,-1
57439,74228,COUNTER,SOUTH,HEAVY VEHICLES,2024,ALL DAYS,1382,30,92
57439,74228,PRESCRIBED AND COUNTER,BOTH,LIGHT VEHICLES,2024,ALL DAYS,27923,-1,-1
57439,74228,PRESCRIBED AND COUNTER,BOTH,LIGHT VEHICLES,2024,WEEKENDS,27118,-1,-1
57439,74228,PRESCRIBED,NORTH,ALL VEHICLES,2024,WEEKENDS,13706,-1,-1
57439,74228,PRESCRIBED AND COUNTER,BOTH,LIGHT VEHICLES,2024,PM PEAK,7507,-1,-1
57439,74228,PRESCRIBED,NORTH,LIGHT VEHICLES,2024,WEEKENDS,12957,-1,-1
57439,74228,PRESCRIBED AND COUNTER,BOTH,HEAVY VEHICLES,2024,WEEKENDS,1436,-1,-1
57439,74228,PRESCRIBED AND COUNTER,BOTH,LIGHT VEHICLES,2024,WEEKDAYS,27584,-1,-1
57439,74228,PRESCRIBED,NORTH,HEAVY VEHICLES,2024,PM PEAK,343,37,91
57439,74228,PRESCRIBED,NORTH,LIGHT VEHICLES,2024,PM PEAK,3695,90,90
57439,74228,PRESCRIBED,NORTH,ALL VEHICLES,2024,AM PEAK,3059,-1,-1
57439,74228,COUNTER,SOUTH,LIGHT VEHICLES,2024,WEEKDAYS,14846,-1,-1
57439,74228,PRESCRIBED AND COUNTER,BOTH,ALL VEHICLES,2024,WEEKENDS,28554,-1,-1
57439,74228,COUNTER,SOUTH,HEAVY VEHICLES,2024,WEEKENDS,687,-1,-1
57439,74228,COUNTER,SOUTH,HEAVY VEHICLES,2024,PM PEAK,293,34,87
57439,74228,PRESCRIBED AND COUNTER,BOTH,ALL VEHICLES,2024,WEEKDAYS,30762,-1,-1
57439,74228,PRESCRIBED AND COUNTER,BOTH,ALL VEHICLES,2024,ALL DAYS,30663,-1,-1
57439,74228,COUNTER,SOUTH,ALL VEHICLES,2024,PM PEAK,4105,-1,-1
57439,74228,PRESCRIBED,NORTH,LIGHT VEHICLES,2024,AM PEAK,2636,89,91
57439,74228,PRESCRIBED AND COUNTER,BOTH,ALL VEHICLES,2024,OFF PEAK,14406,-1,-1
57439,74228,PRESCRIBED AND COUNTER,BOTH,HEAVY VEHICLES,2024,ALL DAYS,2740,-1,-1
57439,74228,PRESCRIBED AND COUNTER,BOTH,LIGHT VEHICLES,2024,AM PEAK,7218,-1,-1
57439,74228,COUNTER,SOUTH,ALL VEHICLES,2024,WEEKDAYS,16461,-1,-1
57439,74228,PRESCRIBED AND COUNTER,BOTH,HEAVY VEHICLES,2024,AM PEAK,995,-1,-1
57439,74228,PRESCRIBED,NORTH,LIGHT VEHICLES,2024,OFF PEAK,6407,70,91
57439,74228,PRESCRIBED AND COUNTER,BOTH,LIGHT VEHICLES,2024,OFF PEAK,12859,-1,-1
57439,74228,COUNTER,SOUTH,ALL VEHICLES,2024,AM PEAK,5154,-1,-1
57439,74228,PRESCRIBED AND COUNTER,BOTH,HEAVY VEHICLES,2024,OFF PEAK,1547,-1,-1
57439,74228,PRESCRIBED,NORTH,ALL VEHICLES,2024,ALL DAYS,14387,-1,-1
57439,74228,COUNTER,SOUTH,HEAVY VEHICLES,2024,AM PEAK,572,55,90
57439,74228,COUNTER,SOUTH,HEAVY VEHICLES,2024,OFF PEAK,750,31,88
57439,74228,PRESCRIBED AND COUNTER,BOTH,HEAVY VEHICLES,2024,WEEKDAYS,3178,-1,-1
57439,74228,PRESCRIBED,NORTH,ALL VEHICLES,2024,PM PEAK,4038,-1,-1
57439,74228,PRESCRIBED AND COUNTER,BOTH,ALL VEHICLES,2024,AM PEAK,8213,-1,-1
57439,74228,COUNTER,SOUTH,HEAVY VEHICLES,2024,WEEKDAYS,1615,-1,-1
57440,74229,COUNTER,SOUTH,ALL VEHICLES,2024,WEEKENDS,14007,-1,-1
57440,74229,PRESCRIBED,NORTH,HEAVY VEHICLES,2024,AM PEAK,278,37,98
57440,74229,PRESCRIBED,NORTH,ALL VEHICLES,2024,WEEKENDS,13926,-1,-1
57440,74229,PRESCRIBED,NORTH,HEAVY VEHICLES,2024,WEEKDAYS,1027,-1,-1
57440,74229,PRESCRIBED,NORTH,LIGHT VEHICLES,2024,WEEKENDS,13423,-1,-1
57440,74229,COUNTER,SOUTH,LIGHT VEHICLES,2024,WEEKENDS,13455,-1,-1
57440,74229,PRESCRIBED AND COUNTER,BOTH,HEAVY VEHICLES,2024,WEEKDAYS,2131,-1,-1
57440,74229,PRESCRIBED AND COUNTER,BOTH,LIGHT VEHICLES,2024,ALL DAYS,28791,-1,-1
57440,74229,PRESCRIBED AND COUNTER,BOTH,LIGHT VEHICLES,2024,AM PEAK,7974,-1,-1
57440,74229,PRESCRIBED AND COUNTER,BOTH,HEAVY VEHICLES,2024,WEEKENDS,1055,-1,-1
57440,74229,PRESCRIBED,NORTH,LIGHT VEHICLES,2024,ALL DAYS,14540,70,97
57440,74229,PRESCRIBED,NORTH,HEAVY VEHICLES,2024,WEEKENDS,503,-1,-1
57440,74229,COUNTER,SOUTH,HEAVY VEHICLES,2024,WEEKENDS,552,-1,-1
57440,74229,PRESCRIBED AND COUNTER,BOTH,LIGHT VEHICLES,2024,WEEKENDS,26878,-1,-1
57440,74229,PRESCRIBED AND COUNTER,BOTH,ALL VEHICLES,2024,WEEKENDS,27933,-1,-1
57440,74229,PRESCRIBED AND COUNTER,BOTH,LIGHT VEHICLES,2024,OFF PEAK,13086,-1,-1
57440,74229,COUNTER,SOUTH,ALL VEHICLES,2024,ALL DAYS,15198,-1,-1
57440,74229,COUNTER,SOUTH,HEAVY VEHICLES,2024,AM PEAK,363,47,98
57440,74229,COUNTER,SOUTH,HEAVY VEHICLES,2024,OFF PEAK,541,24,96
57440,74229,COUNTER,SOUTH,HEAVY VEHICLES,2024,PM PEAK,200,22,95
57440,74229,PRESCRIBED AND COUNTER,BOTH,ALL VEHICLES,2024,WEEKDAYS,31668,-1,-1
57440,74229,PRESCRIBED,NORTH,LIGHT VEHICLES,2024,OFF PEAK,6914,63,96
57440,74229,COUNTER,SOUTH,LIGHT VEHICLES,2024,PM PEAK,3366,69,95
57440,74229,PRESCRIBED,NORTH,ALL VEHICLES,2024,AM PEAK,3235,-1,-1
57440,74229,PRESCRIBED,NORTH,LIGHT VEHICLES,2024,PM PEAK,5111,87,96
57440,74229,PRESCRIBED,NORTH,LIGHT VEHICLES,2024,AM PEAK,2957,82,96
57440,74229,PRESCRIBED,NORTH,HEAVY VEHICLES,2024,OFF PEAK,521,26,97
57440,74229,COUNTER,SOUTH,ALL VEHICLES,2024,OFF PEAK,6713,-1,-1
57440,74229,PRESCRIBED AND COUNTER,BOTH,LIGHT VEHICLES,2024,WEEKDAYS,29537,-1,-1
57440,74229,COUNTER,SOUTH,LIGHT VEHICLES,2024,OFF PEAK,6172,60,96
57440,74229,PRESCRIBED AND COUNTER,BOTH,HEAVY VEHICLES,2024,ALL DAYS,1825,-1,-1
57440,74229,PRESCRIBED AND COUNTER,BOTH,HEAVY VEHICLES,2024,OFF PEAK,1062,-1,-1
57440,74229,PRESCRIBED,NORTH,ALL VEHICLES,2024,PM PEAK,5339,-1,-1
57440,74229,COUNTER,SOUTH,ALL VEHICLES,2024,WEEKDAYS,15659,-1,-1
57440,74229,PRESCRIBED AND COUNTER,BOTH,HEAVY VEHICLES,2024,AM PEAK,641,-1,-1
57440,74229,PRESCRIBED AND COUNTER,BOTH,ALL VEHICLES,2024,OFF PEAK,14148,-1,-1
57440,74229,COUNTER,SOUTH,LIGHT VEHICLES,2024,ALL DAYS,14251,65,96
57440,74229,PRESCRIBED,NORTH,HEAVY VEHICLES,2024,PM PEAK,228,28,97
57440,74229,PRESCRIBED,NORTH,LIGHT VEHICLES,2024,WEEKDAYS,14982,-1,-1
57440,74229,PRESCRIBED AND COUNTER,BOTH,HEAVY VEHICLES,2024,PM PEAK,428,-1,-1
57440,74229,COUNTER,SOUTH,LIGHT VEHICLES,2024,AM PEAK,5017,83,97
57440,74229,PRESCRIBED,NORTH,ALL VEHICLES,2024,ALL DAYS,15418,-1,-1
57440,74229,COUNTER,SOUTH,HEAVY VEHICLES,2024,WEEKDAYS,1104,-1,-1
57440,74229,PRESCRIBED AND COUNTER,BOTH,ALL VEHICLES,2024,PM PEAK,8905,-1,-1
57440,74229,PRESCRIBED,NORTH,ALL VEHICLES,2024,OFF PEAK,7435,-1,-1
57440,74229,PRESCRIBED AND COUNTER,BOTH,ALL VEHICLES,2024,ALL DAYS,30616,-1,-1
57440,74229,PRESCRIBED AND COUNTER,BOTH,LIGHT VEHICLES,2024,PM PEAK,8477,-1,-1
57440,74229,COUNTER,SOUTH,ALL VEHICLES,2024,PM PEAK,3566,-1,-1
57440,74229,PRESCRIBED AND COUNTER,BOTH,ALL VEHICLES,2024,AM PEAK,8615,-1,-1
57440,74229,PRESCRIBED,NORTH,HEAVY VEHICLES,2024,ALL DAYS,878,23,97
57440,74229,COUNTER,SOUTH,ALL VEHICLES,2024,AM PEAK,5380,-1,-1
57440,74229,COUNTER,SOUTH,HEAVY VEHICLES,2024,ALL DAYS,947,24,97
57440,74229,COUNTER,SOUTH,LIGHT VEHICLES,2024,WEEKDAYS,14555,-1,-1
57440,74229,PRESCRIBED,NORTH,ALL VEHICLES,2024,WEEKDAYS,16009,-1,-1
57441,74230,COUNTER,WEST,UNCLASSIFIED,2024,OFF PEAK,4849,-1,-1
57441,74230,PRESCRIBED,EAST,LIGHT VEHICLES,2024,PM PEAK,921,27,19
57441,74230,PRESCRIBED,EAST,UNCLASSIFIED,2024,WEEKENDS,15177,-1,-1
57441,74230,PRESCRIBED,EAST,UNCLASSIFIED,2024,AM PEAK,2792,-1,-1
57441,74230,PRESCRIBED,EAST,LIGHT VEHICLES,2024,AM PEAK,796,30,17
57441,74230,PRESCRIBED AND COUNTER,BOTH,LIGHT VEHICLES,2024,WEEKDAYS,11674,-1,-1
57441,74230,COUNTER,WEST,HEAVY VEHICLES,2024,ALL DAYS,359,6,63
57441,74230,PRESCRIBED AND COUNTER,BOTH,UNCLASSIFIED,2024,WEEKDAYS,25934,-1,-1
57441,74230,PRESCRIBED AND COUNTER,BOTH,HEAVY VEHICLES,2024,ALL DAYS,10880,-1,-1
57441,74230,PRESCRIBED AND COUNTER,BOTH,UNCLASSIFIED,2024,OFF PEAK,15204,-1,-1
57441,74230,PRESCRIBED,EAST,HEAVY VEHICLES,2024,AM PEAK,348,6,17
57441,74230,COUNTER,WEST,HEAVY VEHICLES,2024,WEEKENDS,1014,-1,-1
57441,74230,COUNTER,WEST,UNCLASSIFIED,2024,WEEKDAYS,9750,-1,-1
57441,74230,PRESCRIBED,EAST,UNCLASSIFIED,2024,ALL DAYS,29797,-1,-1
57441,74230,PRESCRIBED AND COUNTER,BOTH,UNCLASSIFIED,2024,ALL DAYS,37201,-1,-1
57441,74230,COUNTER,WEST,UNCLASSIFIED,2024,AM PEAK,2120,-1,-1
57441,74230,PRESCRIBED AND COUNTER,BOTH,HEAVY VEHICLES,2024,AM PEAK,529,-1,-1
57441,74230,PRESCRIBED,EAST,HEAVY VEHICLES,2024,ALL DAYS,10521,3,30
57441,74230,PRESCRIBED AND COUNTER,BOTH,HEAVY VEHICLES,2024,WEEKDAYS,4822,-1,-1
57441,74230,COUNTER,WEST,HEAVY VEHICLES,2024,WEEKDAYS,1007,-1,-1
57441,74230,PRESCRIBED,EAST,HEAVY VEHICLES,2024,OFF PEAK,3422,3,18
57441,74230,PRESCRIBED,EAST,UNCLASSIFIED,2024,OFF PEAK,10355,-1,-1
57441,74230,COUNTER,WEST,UNCLASSIFIED,2024,PM PEAK,2781,-1,-1
57441,74230,PRESCRIBED,EAST,LIGHT VEHICLES,2024,OFF PEAK,2642,24,18
57441,74230,PRESCRIBED,EAST,LIGHT VEHICLES,2024,WEEKDAYS,4359,-1,-1
57441,74230,PRESCRIBED,EAST,LIGHT VEHICLES,2024,WEEKENDS,4410,-1,-1
57441,74230,COUNTER,WEST,LIGHT VEHICLES,2024,ALL DAYS,6839,37,58
57441,74230,COUNTER,WEST,LIGHT VEHICLES,2024,OFF PEAK,3598,35,58
57441,74230,COUNTER,WEST,HEAVY VEHICLES,2024,AM PEAK,181,8,61
57441,74230,PRESCRIBED,EAST,UNCLASSIFIED,2024,WEEKDAYS,16184,-1,-1
57441,74230,PRESCRIBED AND COUNTER,BOTH,UNCLASSIFIED,2024,AM PEAK,4912,-1,-1
57441,74230,PRESCRIBED,EAST,UNCLASSIFIED,2024,PM PEAK,3037,-1,-1
57441,74230,PRESCRIBED AND COUNTER,BOTH,LIGHT VEHICLES,2024,WEEKENDS,12438,-1,-1
57441,74230,PRESCRIBED AND COUNTER,BOTH,HEAVY VEHICLES,2024,PM PEAK,291,-1,-1
57441,74230,PRESCRIBED AND COUNTER,BOTH,HEAVY VEHICLES,2024,OFF PEAK,4002,-1,-1
57441,74230,PRESCRIBED AND COUNTER,BOTH,LIGHT VEHICLES,2024,PM PEAK,3114,-1,-1
57441,74230,PRESCRIBED AND COUNTER,BOTH,LIGHT VEHICLES,2024,ALL DAYS,12462,-1,-1
57441,74230,COUNTER,WEST,LIGHT VEHICLES,2024,WEEKDAYS,7315,-1,-1
57441,74230,PRESCRIBED,EAST,HEAVY VEHICLES,2024,WEEKDAYS,3815,-1,-1
57441,74230,COUNTER,WEST,HEAVY VEHICLES,2024,PM PEAK,246,8,64
57441,74230,COUNTER,WEST,LIGHT VEHICLES,2024,WEEKENDS,8028,-1,-1
57441,74230,PRESCRIBED,EAST,HEAVY VEHICLES,2024,PM PEAK,45,4,15
57441,74230,PRESCRIBED AND COUNTER,BOTH,UNCLASSIFIED,2024,WEEKENDS,26371,-1,-1
57441,74230,PRESCRIBED AND COUNTER,BOTH,LIGHT VEHICLES,2024,AM PEAK,2320,-1,-1
57441,74230,COUNTER,WEST,UNCLASSIFIED,2024,WEEKENDS,11194,-1,-1
57441,74230,PRESCRIBED AND COUNTER,BOTH,UNCLASSIFIED,2024,PM PEAK,5818,-1,-1
57441,74230,PRESCRIBED,EAST,HEAVY VEHICLES,2024,WEEKENDS,2140,-1,-1
57441,74230,COUNTER,WEST,LIGHT VEHICLES,2024,AM PEAK,1524,40,59
57441,74230,COUNTER,WEST,HEAVY VEHICLES,2024,OFF PEAK,580,6,62
57441,74230,PRESCRIBED AND COUNTER,BOTH,HEAVY VEHICLES,2024,WEEKENDS,3154,-1,-1
57441,74230,COUNTER,WEST,LIGHT VEHICLES,2024,PM PEAK,2193,41,60
57441,74230,PRESCRIBED,EAST,LIGHT VEHICLES,2024,ALL DAYS,5623,26,24
57441,74230,COUNTER,WEST,UNCLASSIFIED,2024,ALL DAYS,7404,-1,-1
57441,74230,PRESCRIBED AND COUNTER,BOTH,LIGHT VEHICLES,2024,OFF PEAK,6240,-1,-1
57535,87001,PRESCRIBED AND COUNTER,BOTH,LIGHT VEHICLES,2024,WEEKDAYS,28411,-1,-1
57535,87001,PRESCRIBED AND COUNTER,BOTH,HEAVY VEHICLES,2024,ALL DAYS,185,-1,-1
57535,87001,PRESCRIBED AND COUNTER,BOTH,HEAVY VEHICLES,2024,WEEKENDS,55,-1,-1
57535,87001,COUNTER,EAST,LIGHT VEHICLES,2024,ALL DAYS,12912,4,97
57535,87001,COUNTER,EAST,LIGHT VEHICLES,2024,PM PEAK,2982,4,100
57535,87001,COUNTER,EAST,ALL VEHICLES,2024,ALL DAYS,13010,-1,-1
57535,87001,COUNTER,EAST,ALL VEHICLES,2024,WEEKENDS,10469,-1,-1
57535,87001,COUNTER,EAST,ALL VEHICLES,2024,PM PEAK,2992,-1,-1
57535,87001,COUNTER,EAST,HEAVY VEHICLES,2024,OFF PEAK,69,1,97
57535,87001,COUNTER,EAST,ALL VEHICLES,2024,OFF PEAK,6517,-1,-1
57535,87001,COUNTER,EAST,ALL VEHICLES,2024,AM PEAK,4512,-1,-1
57535,87001,COUNTER,EAST,HEAVY VEHICLES,2024,WEEKENDS,34,-1,-1
57535,87001,COUNTER,EAST,HEAVY VEHICLES,2024,PM PEAK,10,1,100
57535,87001,PRESCRIBED,WEST,ALL VEHICLES,2024,AM PEAK,2985,-1,-1
57535,87001,COUNTER,EAST,LIGHT VEHICLES,2024,WEEKDAYS,13898,-1,-1
57535,87001,PRESCRIBED,WEST,ALL VEHICLES,2024,OFF PEAK,7268,-1,-1
57535,87001,PRESCRIBED AND COUNTER,BOTH,HEAVY VEHICLES,2024,WEEKDAYS,228,-1,-1
57535,87001,PRESCRIBED,WEST,LIGHT VEHICLES,2024,WEEKDAYS,14513,-1,-1
57535,87001,PRESCRIBED,WEST,HEAVY VEHICLES,2024,WEEKDAYS,105,-1,-1
57535,87001,COUNTER,EAST,LIGHT VEHICLES,2024,WEEKENDS,10435,-1,-1
57535,87001,PRESCRIBED AND COUNTER,BOTH,ALL VEHICLES,2024,PM PEAK,7357,-1,-1
57535,87001,PRESCRIBED,WEST,ALL VEHICLES,2024,PM PEAK,4365,-1,-1
57535,87001,PRESCRIBED,WEST,LIGHT VEHICLES,2024,WEEKENDS,10771,-1,-1
57535,87001,PRESCRIBED,WEST,LIGHT VEHICLES,2024,AM PEAK,2947,4,75
57535,87001,COUNTER,EAST,ALL VEHICLES,2024,WEEKDAYS,14021,-1,-1
57535,87001,PRESCRIBED,WEST,HEAVY VEHICLES,2024,AM PEAK,38,2,73
57535,87001,PRESCRIBED,WEST,ALL VEHICLES,2024,ALL DAYS,13391,-1,-1
57535,87001,PRESCRIBED,WEST,LIGHT VEHICLES,2024,OFF PEAK,7207,4,77
57535,87001,PRESCRIBED AND COUNTER,BOTH,HEAVY VEHICLES,2024,PM PEAK,16,-1,-1
57535,87001,PRESCRIBED AND COUNTER,BOTH,LIGHT VEHICLES,2024,PM PEAK,7341,-1,-1
57535,87001,COUNTER,EAST,LIGHT VEHICLES,2024,OFF PEAK,6448,4,95
57535,87001,PRESCRIBED AND COUNTER,BOTH,LIGHT VEHICLES,2024,ALL DAYS,26216,-1,-1
57535,87001,PRESCRIBED AND COUNTER,BOTH,LIGHT VEHICLES,2024,WEEKENDS,21206,-1,-1
57535,87001,PRESCRIBED,WEST,ALL VEHICLES,2024,WEEKDAYS,14618,-1,-1
57535,87001,PRESCRIBED AND COUNTER,BOTH,ALL VEHICLES,2024,AM PEAK,7497,-1,-1
57535,87001,PRESCRIBED AND COUNTER,BOTH,HEAVY VEHICLES,2024,OFF PEAK,130,-1,-1
57535,87001,PRESCRIBED AND COUNTER,BOTH,ALL VEHICLES,2024,OFF PEAK,13785,-1,-1
57535,87001,PRESCRIBED AND COUNTER,BOTH,ALL VEHICLES,2024,WEEKENDS,21261,-1,-1
57535,87001,PRESCRIBED AND COUNTER,BOTH,HEAVY VEHICLES,2024,AM PEAK,82,-1,-1
57535,87001,COUNTER,EAST,HEAVY VEHICLES,2024,ALL DAYS,98,1,97
57535,87001,COUNTER,EAST,HEAVY VEHICLES,2024,WEEKDAYS,123,-1,-1
57535,87001,COUNTER,EAST,HEAVY VEHICLES,2024,AM PEAK,44,2,92
57535,87001,PRESCRIBED,WEST,HEAVY VEHICLES,2024,PM PEAK,6,2,80
57535,87001,PRESCRIBED AND COUNTER,BOTH,ALL VEHICLES,2024,ALL DAYS,26401,-1,-1
57535,87001,PRESCRIBED,WEST,LIGHT VEHICLES,2024,PM PEAK,4359,4,81
57535,87001,PRESCRIBED,WEST,HEAVY VEHICLES,2024,WEEKENDS,21,-1,-1
57535,87001,PRESCRIBED AND COUNTER,BOTH,ALL VEHICLES,2024,WEEKDAYS,28639,-1,-1
57535,87001,PRESCRIBED AND COUNTER,BOTH,LIGHT VEHICLES,2024,OFF PEAK,13655,-1,-1
57535,87001,PRESCRIBED,WEST,LIGHT VEHICLES,2024,ALL DAYS,13304,4,96
57535,87001,COUNTER,EAST,LIGHT VEHICLES,2024,AM PEAK,4468,4,91
57535,87001,PRESCRIBED,WEST,ALL VEHICLES,2024,WEEKENDS,10792,-1,-1
57535,87001,PRESCRIBED,WEST,HEAVY VEHICLES,2024,OFF PEAK,61,1,79
57535,87001,PRESCRIBED,WEST,HEAVY VEHICLES,2024,ALL DAYS,87,1,96
57535,87001,PRESCRIBED AND COUNTER,BOTH,LIGHT VEHICLES,2024,AM PEAK,7415,-1,-1
58870,F3FWY001,PRESCRIBED,NORTH,LIGHT VEHICLES,2024,WEEKDAYS,25662,-1,-1
58870,F3FWY001,COUNTER,SOUTH,ALL VEHICLES,2024,WEEKENDS,32369,-1,-1
58870,F3FWY001,COUNTER,SOUTH,HEAVY VEHICLES,2024,ALL DAYS,6344,29,23
58870,F3FWY001,PRESCRIBED,NORTH,LIGHT VEHICLES,2024,AM PEAK,4478,45,83
58870,F3FWY001,PRESCRIBED,NORTH,HEAVY VEHICLES,2024,WEEKENDS,3224,-1,-1
58870,F3FWY001,PRESCRIBED,NORTH,HEAVY VEHICLES,2024,PM PEAK,1482,34,84
58870,F3FWY001,COUNTER,SOUTH,LIGHT VEHICLES,2024,ALL DAYS,32801,45,23
58870,F3FWY001,PRESCRIBED,NORTH,ALL VEHICLES,2024,WEEKDAYS,32114,-1,-1
58870,F3FWY001,PRESCRIBED AND COUNTER,BOTH,HEAVY VEHICLES,2024,PM PEAK,2625,-1,-1
58870,F3FWY001,PRESCRIBED AND COUNTER,BOTH,ALL VEHICLES,2024,OFF PEAK,31175,-1,-1
58870,F3FWY001,PRESCRIBED AND COUNTER,BOTH,LIGHT VEHICLES,2024,AM PEAK,9854,-1,-1
58870,F3FWY001,PRESCRIBED,NORTH,ALL VEHICLES,2024,PM PEAK,9620,-1,-1
58870,F3FWY001,PRESCRIBED AND COUNTER,BOTH,LIGHT VEHICLES,2024,OFF PEAK,24628,-1,-1
58870,F3FWY001,PRESCRIBED,NORTH,LIGHT VEHICLES,2024,WEEKENDS,31472,-1,-1
58870,F3FWY001,PRESCRIBED,NORTH,ALL VEHICLES,2024,AM PEAK,5911,-1,-1
58870,F3FWY001,COUNTER,SOUTH,HEAVY VEHICLES,2024,OFF PEAK,3010,27,71
58870,F3FWY001,COUNTER,SOUTH,HEAVY VEHICLES,2024,WEEKDAYS,5331,-1,-1
58870,F3FWY001,COUNTER,SOUTH,HEAVY VEHICLES,2024,PM PEAK,1143,42,73
58870,F3FWY001,PRESCRIBED,NORTH,ALL VEHICLES,2024,WEEKENDS,34696,-1,-1
58870,F3FWY001,PRESCRIBED AND COUNTER,BOTH,ALL VEHICLES,2024,WEEKENDS,67065,-1,-1
58870,F3FWY001,PRESCRIBED,NORTH,ALL VEHICLES,2024,OFF PEAK,16583,-1,-1
58870,F3FWY001,PRESCRIBED,NORTH,HEAVY VEHICLES,2024,WEEKDAYS,6452,-1,-1
58870,F3FWY001,PRESCRIBED AND COUNTER,BOTH,HEAVY VEHICLES,2024,AM PEAK,2611,-1,-1
58870,F3FWY001,PRESCRIBED,NORTH,ALL VEHICLES,2024,ALL DAYS,49551,-1,-1
58870,F3FWY001,COUNTER,SOUTH,LIGHT VEHICLES,2024,WEEKDAYS,23342,-1,-1
58870,F3FWY001,COUNTER,SOUTH,ALL VEHICLES,2024,AM PEAK,6554,-1,-1
58870,F3FWY001,PRESCRIBED,NORTH,LIGHT VEHICLES,2024,ALL DAYS,40837,39,39
58870,F3FWY001,PRESCRIBED AND COUNTER,BOTH,LIGHT VEHICLES,2024,ALL DAYS,73638,-1,-1
58870,F3FWY001,COUNTER,SOUTH,HEAVY VEHICLES,2024,WEEKENDS,2497,-1,-1
58870,F3FWY001,COUNTER,SOUTH,LIGHT VEHICLES,2024,AM PEAK,5376,48,72
58870,F3FWY001,COUNTER,SOUTH,ALL VEHICLES,2024,OFF PEAK,14592,-1,-1
58870,F3FWY001,PRESCRIBED AND COUNTER,BOTH,ALL VEHICLES,2024,WEEKDAYS,60787,-1,-1
58870,F3FWY001,PRESCRIBED AND COUNTER,BOTH,HEAVY VEHICLES,2024,WEEKDAYS,11783,-1,-1
58870,F3FWY001,PRESCRIBED AND COUNTER,BOTH,HEAVY VEHICLES,2024,ALL DAYS,15058,-1,-1
58870,F3FWY001,COUNTER,SOUTH,ALL VEHICLES,2024,ALL DAYS,39145,-1,-1
58870,F3FWY001,PRESCRIBED,NORTH,LIGHT VEHICLES,2024,PM PEAK,8138,47,83
58870,F3FWY001,COUNTER,SOUTH,LIGHT VEHICLES,2024,PM PEAK,6384,60,72
58870,F3FWY001,PRESCRIBED AND COUNTER,BOTH,LIGHT VEHICLES,2024,WEEKDAYS,49004,-1,-1
58870,F3FWY001,PRESCRIBED,NORTH,HEAVY VEHICLES,2024,ALL DAYS,8714,27,39
58870,F3FWY001,COUNTER,SOUTH,ALL VEHICLES,2024,WEEKDAYS,28673,-1,-1
58870,F3FWY001,PRESCRIBED,NORTH,LIGHT VEHICLES,2024,OFF PEAK,13046,35,82
58870,F3FWY001,COUNTER,SOUTH,LIGHT VEHICLES,2024,OFF PEAK,11582,40,71
58870,F3FWY001,COUNTER,SOUTH,LIGHT VEHICLES,2024,WEEKENDS,29872,-1,-1
58870,F3FWY001,PRESCRIBED AND COUNTER,BOTH,HEAVY VEHICLES,2024,OFF PEAK,6547,-1,-1
58870,F3FWY001,PRESCRIBED AND COUNTER,BOTH,ALL VEHICLES,2024,ALL DAYS,88696,-1,-1
58870,F3FWY001,PRESCRIBED AND COUNTER,BOTH,ALL VEHICLES,2024,PM PEAK,17147,-1,-1
58870,F3FWY001,COUNTER,SOUTH,HEAVY VEHICLES,2024,AM PEAK,1178,33,74
58870,F3FWY001,COUNTER,SOUTH,ALL VEHICLES,2024,PM PEAK,7527,-1,-1
58870,F3FWY001,PRESCRIBED AND COUNTER,BOTH,LIGHT VEHICLES,2024,PM PEAK,14522,-1,-1
58870,F3FWY001,PRESCRIBED,NORTH,HEAVY VEHICLES,2024,AM PEAK,1433,35,83
58870,F3FWY001,PRESCRIBED,NORTH,HEAVY VEHICLES,2024,OFF PEAK,3537,26,82
58870,F3FWY001,PRESCRIBED AND COUNTER,BOTH,HEAVY VEHICLES,2024,WEEKENDS,5721,-1,-1
58870,F3FWY001,PRESCRIBED AND COUNTER,BOTH,ALL VEHICLES,2024,AM PEAK,12465,-1,-1
58870,F3FWY001,PRESCRIBED AND COUNTER,BOTH,LIGHT VEHICLES,2024,WEEKENDS,61344,-1,-1
58871,F3FWY002,COUNTER,SOUTH,LIGHT VEHICLES,2024,WEEKENDS,37422,-1,-1
58871,F3FWY002,PRESCRIBED,NORTH,HEAVY VEHICLES,2024,AM PEAK,2095,9,55
58871,F3FWY002,PRESCRIBED,NORTH,ALL VEHICLES,2024,OFF PEAK,16914,-1,-1
58871,F3FWY002,PRESCRIBED,NORTH,ALL VEHICLES,2024,WEEKDAYS,32381,-1,-1
58871,F3FWY002,COUNTER,SOUTH,HEAVY VEHICLES,2024,PM PEAK,1429,23,70
58871,F3FWY002,PRESCRIBED,NORTH,HEAVY VEHICLES,2024,ALL DAYS,8488,7,59
58871,F3FWY002,PRESCRIBED AND COUNTER,BOTH,HEAVY VEHICLES,2024,ALL DAYS,15695,-1,-1
58871,F3FWY002,PRESCRIBED AND COUNTER,BOTH,LIGHT VEHICLES,2024,AM PEAK,14810,-1,-1
58871,F3FWY002,PRESCRIBED,NORTH,HEAVY VEHICLES,2024,WEEKENDS,3703,-1,-1
58871,F3FWY002,PRESCRIBED AND COUNTER,BOTH,ALL VEHICLES,2024,AM PEAK,19057,-1,-1
58871,F3FWY002,PRESCRIBED AND COUNTER,BOTH,ALL VEHICLES,2024,OFF PEAK,35637,-1,-1
58871,F3FWY002,PRESCRIBED,NORTH,ALL VEHICLES,2024,PM PEAK,7291,-1,-1
58871,F3FWY002,PRESCRIBED AND COUNTER,BOTH,HEAVY VEHICLES,2024,OFF PEAK,7855,-1,-1
58871,F3FWY002,PRESCRIBED,NORTH,LIGHT VEHICLES,2024,WEEKENDS,31530,-1,-1
58871,F3FWY002,PRESCRIBED,NORTH,LIGHT VEHICLES,2024,OFF PEAK,13437,10,52
58871,F3FWY002,PRESCRIBED,NORTH,HEAVY VEHICLES,2024,PM PEAK,1134,7,49
58871,F3FWY002,PRESCRIBED AND COUNTER,BOTH,HEAVY VEHICLES,2024,PM PEAK,2563,-1,-1
58871,F3FWY002,COUNTER,SOUTH,HEAVY VEHICLES,2024,ALL DAYS,7207,19,76
58871,F3FWY002,PRESCRIBED AND COUNTER,BOTH,ALL VEHICLES,2024,WEEKDAYS,70822,-1,-1
58871,F3FWY002,PRESCRIBED,NORTH,ALL VEHICLES,2024,ALL DAYS,43875,-1,-1
58871,F3FWY002,PRESCRIBED AND COUNTER,BOTH,HEAVY VEHICLES,2024,WEEKDAYS,14665,-1,-1
58871,F3FWY002,COUNTER,SOUTH,HEAVY VEHICLES,2024,OFF PEAK,4378,19,70
58871,F3FWY002,PRESCRIBED AND COUNTER,BOTH,LIGHT VEHICLES,2024,PM PEAK,13565,-1,-1
58871,F3FWY002,PRESCRIBED AND COUNTER,BOTH,HEAVY VEHICLES,2024,AM PEAK,4247,-1,-1
58871,F3FWY002,PRESCRIBED AND COUNTER,BOTH,LIGHT VEHICLES,2024,WEEKENDS,68952,-1,-1
58871,F3FWY002,COUNTER,SOUTH,HEAVY VEHICLES,2024,WEEKENDS,3932,-1,-1
58871,F3FWY002,COUNTER,SOUTH,ALL VEHICLES,2024,WEEKDAYS,38441,-1,-1
58871,F3FWY002,PRESCRIBED AND COUNTER,BOTH,LIGHT VEHICLES,2024,WEEKDAYS,56157,-1,-1
58871,F3FWY002,COUNTER,SOUTH,LIGHT VEHICLES,2024,AM PEAK,8729,33,72
58871,F3FWY002,COUNTER,SOUTH,LIGHT VEHICLES,2024,OFF PEAK,14345,30,69
58871,F3FWY002,PRESCRIBED AND COUNTER,BOTH,LIGHT VEHICLES,2024,ALL DAYS,70366,-1,-1
58871,F3FWY002,COUNTER,SOUTH,LIGHT VEHICLES,2024,PM PEAK,7408,33,69
58871,F3FWY002,COUNTER,SOUTH,ALL VEHICLES,2024,ALL DAYS,42186,-1,-1
58871,F3FWY002,PRESCRIBED,NORTH,LIGHT VEHICLES,2024,AM PEAK,6081,12,55
58871,F3FWY002,COUNTER,SOUTH,LIGHT VEHICLES,2024,WEEKDAYS,30482,-1,-1
58871,F3FWY002,COUNTER,SOUTH,ALL VEHICLES,2024,PM PEAK,8837,-1,-1
58871,F3FWY002,COUNTER,SOUTH,ALL VEHICLES,2024,AM PEAK,10881,-1,-1
58871,F3FWY002,PRESCRIBED AND COUNTER,BOTH,ALL VEHICLES,2024,PM PEAK,16128,-1,-1
58871,F3FWY002,PRESCRIBED,NORTH,HEAVY VEHICLES,2024,OFF PEAK,3477,6,53
58871,F3FWY002,COUNTER,SOUTH,HEAVY VEHICLES,2024,AM PEAK,2152,23,73
58871,F3FWY002,COUNTER,SOUTH,HEAVY VEHICLES,2024,WEEKDAYS,7959,-1,-1
58871,F3FWY002,PRESCRIBED,NORTH,ALL VEHICLES,2024,AM PEAK,8176,-1,-1
58871,F3FWY002,PRESCRIBED,NORTH,ALL VEHICLES,2024,WEEKENDS,35233,-1,-1
58871,F3FWY002,PRESCRIBED AND COUNTER,BOTH,HEAVY VEHICLES,2024,WEEKENDS,7635,-1,-1
58871,F3FWY002,COUNTER,SOUTH,ALL VEHICLES,2024,WEEKENDS,41354,-1,-1
58871,F3FWY002,PRESCRIBED,NORTH,LIGHT VEHICLES,2024,PM PEAK,6157,11,50
58871,F3FWY002,PRESCRIBED,NORTH,LIGHT VEHICLES,2024,WEEKDAYS,25675,-1,-1
58871,F3FWY002,COUNTER,SOUTH,LIGHT VEHICLES,2024,ALL DAYS,34979,31,76
58871,F3FWY002,PRESCRIBED,NORTH,HEAVY VEHICLES,2024,WEEKDAYS,6706,-1,-1
58871,F3FWY002,PRESCRIBED,NORTH,LIGHT VEHICLES,2024,ALL DAYS,35387,11,59
58871,F3FWY002,COUNTER,SOUTH,ALL VEHICLES,2024,OFF PEAK,18723,-1,-1
58871,F3FWY002,PRESCRIBED AND COUNTER,BOTH,ALL VEHICLES,2024,WEEKENDS,76587,-1,-1
58871,F3FWY002,PRESCRIBED AND COUNTER,BOTH,ALL VEHICLES,2024,ALL DAYS,86061,-1,-1
58871,F3FWY002,PRESCRIBED AND COUNTER,BOTH,LIGHT VEHICLES,2024,OFF PEAK,27782,-1,-1
58872,F3FWY003,PRESCRIBED,NORTH,ALL VEHICLES,2024,PM PEAK,12668,-1,-1
58872,F3FWY003,PRESCRIBED,NORTH,HEAVY VEHICLES,2024,WEEKENDS,3886,-1,-1
58872,F3FWY003,PRESCRIBED,NORTH,ALL VEHICLES,2024,AM PEAK,8607,-1,-1
58872,F3FWY003,PRESCRIBED,NORTH,ALL VEHICLES,2024,OFF PEAK,20371,-1,-1
58872,F3FWY003,PRESCRIBED AND COUNTER,BOTH,HEAVY VEHICLES,2024,WEEKENDS,8241,-1,-1
58872,F3FWY003,PRESCRIBED AND COUNTER,BOTH,LIGHT VEHICLES,2024,AM PEAK,16216,-1,-1
58872,F3FWY003,PRESCRIBED AND COUNTER,BOTH,ALL VEHICLES,2024,AM PEAK,20904,-1,-1
58872,F3FWY003,PRESCRIBED AND COUNTER,BOTH,HEAVY VEHICLES,2024,ALL DAYS,15377,-1,-1
58872,F3FWY003,PRESCRIBED,NORTH,LIGHT VEHICLES,2024,WEEKENDS,35586,-1,-1
58872,F3FWY003,PRESCRIBED AND COUNTER,BOTH,ALL VEHICLES,2024,ALL DAYS,85824,-1,-1
58872,F3FWY003,PRESCRIBED,NORTH,LIGHT VEHICLES,2024,ALL DAYS,34221,69,92
58872,F3FWY003,PRESCRIBED AND COUNTER,BOTH,LIGHT VEHICLES,2024,PM PEAK,18188,-1,-1
58872,F3FWY003,PRESCRIBED,NORTH,HEAVY VEHICLES,2024,AM PEAK,2165,50,91
58872,F3FWY003,PRESCRIBED,NORTH,HEAVY VEHICLES,2024,OFF PEAK,4718,43,93
58872,F3FWY003,PRESCRIBED,NORTH,HEAVY VEHICLES,2024,PM PEAK,1822,51,93
58872,F3FWY003,PRESCRIBED AND COUNTER,BOTH,LIGHT VEHICLES,2024,WEEKENDS,73575,-1,-1
58872,F3FWY003,PRESCRIBED AND COUNTER,BOTH,HEAVY VEHICLES,2024,OFF PEAK,9537,-1,-1
58872,F3FWY003,PRESCRIBED AND COUNTER,BOTH,LIGHT VEHICLES,2024,WEEKDAYS,64896,-1,-1
58872,F3FWY003,PRESCRIBED,NORTH,ALL VEHICLES,2024,ALL DAYS,41620,-1,-1
58872,F3FWY003,COUNTER,SOUTH,HEAVY VEHICLES,2024,OFF PEAK,4819,13,69
58872,F3FWY003,COUNTER,SOUTH,HEAVY VEHICLES,2024,AM PEAK,2523,16,71
58872,F3FWY003,COUNTER,SOUTH,ALL VEHICLES,2024,PM PEAK,8851,-1,-1
58872,F3FWY003,PRESCRIBED AND COUNTER,BOTH,HEAVY VEHICLES,2024,PM PEAK,3331,-1,-1
58872,F3FWY003,PRESCRIBED AND COUNTER,BOTH,HEAVY VEHICLES,2024,WEEKDAYS,17556,-1,-1
58872,F3FWY003,PRESCRIBED,NORTH,ALL VEHICLES,2024,WEEKENDS,39472,-1,-1
58872,F3FWY003,PRESCRIBED,NORTH,LIGHT VEHICLES,2024,AM PEAK,6442,76,91
58872,F3FWY003,COUNTER,SOUTH,ALL VEHICLES,2024,ALL DAYS,44204,-1,-1
58872,F3FWY003,COUNTER,SOUTH,LIGHT VEHICLES,2024,ALL DAYS,36226,20,73
58872,F3FWY003,COUNTER,SOUTH,LIGHT VEHICLES,2024,PM PEAK,7342,21,69
58872,F3FWY003,COUNTER,SOUTH,LIGHT VEHICLES,2024,WEEKDAYS,31955,-1,-1
58872,F3FWY003,COUNTER,SOUTH,HEAVY VEHICLES,2024,PM PEAK,1509,15,68
58872,F3FWY003,COUNTER,SOUTH,HEAVY VEHICLES,2024,WEEKDAYS,8851,-1,-1
58872,F3FWY003,COUNTER,SOUTH,HEAVY VEHICLES,2024,WEEKENDS,4355,-1,-1
58872,F3FWY003,PRESCRIBED,NORTH,ALL VEHICLES,2024,WEEKDAYS,41646,-1,-1
58872,F3FWY003,PRESCRIBED,NORTH,LIGHT VEHICLES,2024,WEEKDAYS,32941,-1,-1
58872,F3FWY003,COUNTER,SOUTH,LIGHT VEHICLES,2024,OFF PEAK,14839,19,71
58872,F3FWY003,COUNTER,SOUTH,ALL VEHICLES,2024,AM PEAK,12297,-1,-1
58872,F3FWY003,PRESCRIBED AND COUNTER,BOTH,LIGHT VEHICLES,2024,ALL DAYS,70447,-1,-1
58872,F3FWY003,COUNTER,SOUTH,HEAVY VEHICLES,2024,ALL DAYS,7978,13,73
58872,F3FWY003,COUNTER,SOUTH,LIGHT VEHICLES,2024,WEEKENDS,37989,-1,-1
58872,F3FWY003,PRESCRIBED AND COUNTER,BOTH,ALL VEHICLES,2024,WEEKENDS,81816,-1,-1
58872,F3FWY003,COUNTER,SOUTH,ALL VEHICLES,2024,WEEKENDS,42344,-1,-1
58872,F3FWY003,COUNTER,SOUTH,ALL VEHICLES,2024,OFF PEAK,19658,-1,-1
58872,F3FWY003,COUNTER,SOUTH,LIGHT VEHICLES,2024,AM PEAK,9774,21,71
58872,F3FWY003,PRESCRIBED,NORTH,HEAVY VEHICLES,2024,WEEKDAYS,8705,-1,-1
58872,F3FWY003,PRESCRIBED AND COUNTER,BOTH,HEAVY VEHICLES,2024,AM PEAK,4688,-1,-1
58872,F3FWY003,COUNTER,SOUTH,ALL VEHICLES,2024,WEEKDAYS,40806,-1,-1
58872,F3FWY003,PRESCRIBED,NORTH,HEAVY VEHICLES,2024,ALL DAYS,7399,41,92
58872,F3FWY003,PRESCRIBED,NORTH,LIGHT VEHICLES,2024,OFF PEAK,15653,67,92
58872,F3FWY003,PRESCRIBED AND COUNTER,BOTH,ALL VEHICLES,2024,OFF PEAK,40029,-1,-1
58872,F3FWY003,PRESCRIBED AND COUNTER,BOTH,LIGHT VEHICLES,2024,OFF PEAK,30492,-1,-1
58872,F3FWY003,PRESCRIBED,NORTH,LIGHT VEHICLES,2024,PM PEAK,10846,74,93
58872,F3FWY003,PRESCRIBED AND COUNTER,BOTH,ALL VEHICLES,2024,WEEKDAYS,82452,-1,-1
58872,F3FWY003,PRESCRIBED AND COUNTER,BOTH,ALL VEHICLES,2024,PM PEAK,21519,-1,-1
15154104,7270,PRESCRIBED,NORTH,LIGHT VEHICLES,2024,PM PEAK,5308,78,91
15154104,7270,PRESCRIBED,NORTH,LIGHT VEHICLES,2024,AM PEAK,6017,76,91
15154104,7270,PRESCRIBED,NORTH,HEAVY VEHICLES,2024,OFF PEAK,1758,33,91
15154104,7270,PRESCRIBED,NORTH,ALL VEHICLES,2024,PM PEAK,5764,-1,-1
15154104,7270,PRESCRIBED,NORTH,ALL VEHICLES,2024,OFF PEAK,13523,-1,-1
15154104,7270,PRESCRIBED,NORTH,HEAVY VEHICLES,2024,ALL DAYS,2795,31,92
15154104,7270,PRESCRIBED,NORTH,ALL VEHICLES,2024,AM PEAK,7048,-1,-1
15154104,7270,PRESCRIBED,NORTH,ALL VEHICLES,2024,ALL DAYS,26414,-1,-1
15154104,7270,PRESCRIBED,NORTH,HEAVY VEHICLES,2024,WEEKENDS,1551,-1,-1
15154104,7270,PRESCRIBED,NORTH,HEAVY VEHICLES,2024,WEEKDAYS,3245,-1,-1
15154104,7270,PRESCRIBED,NORTH,LIGHT VEHICLES,2024,OFF PEAK,11765,59,90
15154104,7270,PRESCRIBED,NORTH,ALL VEHICLES,2024,WEEKDAYS,26335,-1,-1
15154104,7270,PRESCRIBED,NORTH,HEAVY VEHICLES,2024,AM PEAK,1031,46,91
15154104,7270,PRESCRIBED,NORTH,ALL VEHICLES,2024,WEEKENDS,25458,-1,-1
15154104,7270,PRESCRIBED,NORTH,LIGHT VEHICLES,2024,WEEKENDS,23907,-1,-1
15154104,7270,PRESCRIBED,NORTH,LIGHT VEHICLES,2024,ALL DAYS,23619,63,91
15154104,7270,PRESCRIBED,NORTH,LIGHT VEHICLES,2024,WEEKDAYS,23090,-1,-1
15154104,7270,PRESCRIBED,NORTH,HEAVY VEHICLES,2024,PM PEAK,456,33,91
15252028,7112,PRESCRIBED,NORTH,HEAVY VEHICLES,2024,PM PEAK,408,30,89
15252028,7112,PRESCRIBED,NORTH,ALL VEHICLES,2024,OFF PEAK,10569,-1,-1
15252028,7112,PRESCRIBED,NORTH,LIGHT VEHICLES,2024,OFF PEAK,9238,54,89
15252028,7112,PRESCRIBED,NORTH,ALL VEHICLES,2024,WEEKENDS,18399,-1,-1
15252028,7112,PRESCRIBED,NORTH,LIGHT VEHICLES,2024,ALL DAYS,18946,57,89
15252028,7112,PRESCRIBED,NORTH,HEAVY VEHICLES,2024,WEEKDAYS,2662,-1,-1
15252028,7112,PRESCRIBED,NORTH,LIGHT VEHICLES,2024,AM PEAK,4822,70,88
15252028,7112,PRESCRIBED,NORTH,HEAVY VEHICLES,2024,AM PEAK,923,43,89
15252028,7112,PRESCRIBED,NORTH,HEAVY VEHICLES,2024,ALL DAYS,2261,26,90
15252028,7112,PRESCRIBED,NORTH,ALL VEHICLES,2024,PM PEAK,5102,-1,-1
15252028,7112,PRESCRIBED,NORTH,HEAVY VEHICLES,2024,WEEKENDS,1081,-1,-1
15252028,7112,PRESCRIBED,NORTH,ALL VEHICLES,2024,ALL DAYS,21207,-1,-1
15252028,7112,PRESCRIBED,NORTH,HEAVY VEHICLES,2024,OFF PEAK,1331,26,89
15252028,7112,PRESCRIBED,NORTH,LIGHT VEHICLES,2024,PM PEAK,4694,63,89
15252028,7112,PRESCRIBED,NORTH,LIGHT VEHICLES,2024,WEEKDAYS,18754,-1,-1
15252028,7112,PRESCRIBED,NORTH,ALL VEHICLES,2024,WEEKDAYS,21416,-1,-1
15252028,7112,PRESCRIBED,NORTH,ALL VEHICLES,2024,AM PEAK,5745,-1,-1
15252028,7112,PRESCRIBED,NORTH,LIGHT VEHICLES,2024,WEEKENDS,17318,-1,-1
15252035,7274,COUNTER,EAST,ALL VEHICLES,2024,ALL DAYS,15133,-1,-1
15252035,7274,COUNTER,EAST,HEAVY VEHICLES,2024,OFF PEAK,722,22,54
15252035,7274,COUNTER,EAST,LIGHT VEHICLES,2024,ALL DAYS,13685,47,69
15252035,7274,COUNTER,EAST,HEAVY VEHICLES,2024,WEEKENDS,744,-1,-1
15252035,7274,COUNTER,EAST,ALL VEHICLES,2024,AM PEAK,3846,-1,-1
15252035,7274,COUNTER,EAST,LIGHT VEHICLES,2024,OFF PEAK,5918,45,54
15252035,7274,COUNTER,EAST,ALL VEHICLES,2024,WEEKDAYS,13568,-1,-1
15252035,7274,COUNTER,EAST,ALL VEHICLES,2024,OFF PEAK,6640,-1,-1
15252035,7274,COUNTER,EAST,LIGHT VEHICLES,2024,PM PEAK,2825,55,54
15252035,7274,COUNTER,EAST,ALL VEHICLES,2024,WEEKENDS,11258,-1,-1
15252035,7274,COUNTER,EAST,LIGHT VEHICLES,2024,WEEKENDS,10514,-1,-1
15252035,7274,COUNTER,EAST,HEAVY VEHICLES,2024,WEEKDAYS,1422,-1,-1
15252035,7274,COUNTER,EAST,HEAVY VEHICLES,2024,AM PEAK,443,31,56
15252035,7274,COUNTER,EAST,HEAVY VEHICLES,2024,ALL DAYS,1448,21,70
15252035,7274,COUNTER,EAST,HEAVY VEHICLES,2024,PM PEAK,257,26,54
15252035,7274,COUNTER,EAST,ALL VEHICLES,2024,PM PEAK,3082,-1,-1
15252035,7274,COUNTER,EAST,LIGHT VEHICLES,2024,AM PEAK,3403,55,57
15252035,7274,COUNTER,EAST,LIGHT VEHICLES,2024,WEEKDAYS,12146,-1,-1
15286001,7121,COUNTER,SOUTH,LIGHT VEHICLES,2024,PM PEAK,2071,80,76
15286001,7121,COUNTER,SOUTH,LIGHT VEHICLES,2024,ALL DAYS,7753,70,84
15286001,7121,COUNTER,SOUTH,ALL VEHICLES,2024,AM PEAK,1583,-1,-1
15286001,7121,COUNTER,SOUTH,HEAVY VEHICLES,2024,OFF PEAK,376,13,77
15286001,7121,COUNTER,SOUTH,ALL VEHICLES,2024,WEEKDAYS,8069,-1,-1
15286001,7121,COUNTER,SOUTH,HEAVY VEHICLES,2024,WEEKDAYS,689,-1,-1
15286001,7121,COUNTER,SOUTH,LIGHT VEHICLES,2024,AM PEAK,1422,79,76
15286001,7121,COUNTER,SOUTH,HEAVY VEHICLES,2024,AM PEAK,161,19,77
15286001,7121,COUNTER,SOUTH,HEAVY VEHICLES,2024,ALL DAYS,626,13,84
15286001,7121,COUNTER,SOUTH,LIGHT VEHICLES,2024,WEEKDAYS,7380,-1,-1
15286001,7121,COUNTER,SOUTH,ALL VEHICLES,2024,ALL DAYS,8379,-1,-1
15286001,7121,COUNTER,SOUTH,LIGHT VEHICLES,2024,OFF PEAK,3887,66,76
15286001,7121,COUNTER,SOUTH,HEAVY VEHICLES,2024,WEEKENDS,400,-1,-1
15286001,7121,COUNTER,SOUTH,HEAVY VEHICLES,2024,PM PEAK,152,15,77
15286001,7121,COUNTER,SOUTH,LIGHT VEHICLES,2024,WEEKENDS,7218,-1,-1
15286001,7121,COUNTER,SOUTH,ALL VEHICLES,2024,OFF PEAK,4263,-1,-1
15286001,7121,COUNTER,SOUTH,ALL VEHICLES,2024,WEEKENDS,7618,-1,-1
15286001,7121,COUNTER,SOUTH,ALL VEHICLES,2024,PM PEAK,2223,-1,-1
15286002,7126,COUNTER,EAST,HEAVY VEHICLES,2024,WEEKENDS,627,-1,-1
15286002,7126,COUNTER,EAST,LIGHT VEHICLES,2024,PM PEAK,2483,64,90
15286002,7126,COUNTER,EAST,LIGHT VEHICLES,2024,ALL DAYS,9014,57,91
15286002,7126,COUNTER,EAST,ALL VEHICLES,2024,PM PEAK,2680,-1,-1
15286002,7126,COUNTER,EAST,HEAVY VEHICLES,2024,AM PEAK,250,28,90
15286002,7126,COUNTER,EAST,HEAVY VEHICLES,2024,OFF PEAK,428,15,90
15286002,7126,COUNTER,EAST,ALL VEHICLES,2024,WEEKDAYS,9935,-1,-1
15286002,7126,COUNTER,EAST,LIGHT VEHICLES,2024,WEEKENDS,8160,-1,-1
15286002,7126,COUNTER,EAST,ALL VEHICLES,2024,WEEKENDS,8787,-1,-1
15286002,7126,COUNTER,EAST,ALL VEHICLES,2024,AM PEAK,2322,-1,-1
15286002,7126,COUNTER,EAST,HEAVY VEHICLES,2024,WEEKDAYS,875,-1,-1
15286002,7126,COUNTER,EAST,LIGHT VEHICLES,2024,AM PEAK,2072,67,88
15286002,7126,COUNTER,EAST,ALL VEHICLES,2024,ALL DAYS,9817,-1,-1
15286002,7126,COUNTER,EAST,HEAVY VEHICLES,2024,PM PEAK,197,17,90
15286002,7126,COUNTER,EAST,LIGHT VEHICLES,2024,OFF PEAK,4505,54,89
15286002,7126,COUNTER,EAST,LIGHT VEHICLES,2024,WEEKDAYS,9060,-1,-1
15286002,7126,COUNTER,EAST,ALL VEHICLES,2024,OFF PEAK,4933,-1,-1
15286002,7126,COUNTER,EAST,HEAVY VEHICLES,2024,ALL DAYS,803,15,92
15286003,7132,COUNTER,NORTH,LIGHT VEHICLES,2024,WEEKENDS,16524,-1,-1
15286003,7132,COUNTER,NORTH,ALL VEHICLES,2024,ALL DAYS,19487,-1,-1
15286003,7132,COUNTER,NORTH,HEAVY VEHICLES,2024,WEEKDAYS,1168,-1,-1
15286003,7132,COUNTER,NORTH,LIGHT VEHICLES,2024,AM PEAK,6814,58,81
15286003,7132,COUNTER,NORTH,ALL VEHICLES,2024,OFF PEAK,8440,-1,-1
15286003,7132,COUNTER,NORTH,ALL VEHICLES,2024,WEEKDAYS,19436,-1,-1
15286003,7132,COUNTER,NORTH,HEAVY VEHICLES,2024,OFF PEAK,552,16,82
15286003,7132,COUNTER,NORTH,HEAVY VEHICLES,2024,AM PEAK,457,25,83
15286003,7132,COUNTER,NORTH,LIGHT VEHICLES,2024,WEEKDAYS,18268,-1,-1
15286003,7132,COUNTER,NORTH,HEAVY VEHICLES,2024,PM PEAK,159,16,80
15286003,7132,COUNTER,NORTH,HEAVY VEHICLES,2024,WEEKENDS,528,-1,-1
15286003,7132,COUNTER,NORTH,ALL VEHICLES,2024,PM PEAK,3725,-1,-1
15286003,7132,COUNTER,NORTH,HEAVY VEHICLES,2024,ALL DAYS,1013,15,85
15286003,7132,COUNTER,NORTH,LIGHT VEHICLES,2024,ALL DAYS,18474,51,84
15286003,7132,COUNTER,NORTH,LIGHT VEHICLES,2024,PM PEAK,3566,58,79
15286003,7132,COUNTER,NORTH,ALL VEHICLES,2024,WEEKENDS,17052,-1,-1
15286003,7132,COUNTER,NORTH,ALL VEHICLES,2024,AM PEAK,7271,-1,-1
15286003,7132,COUNTER,NORTH,LIGHT VEHICLES,2024,OFF PEAK,7888,47,79
15286007,7150,PRESCRIBED,WEST,HEAVY VEHICLES,2024,ALL DAYS,819,17,93
15286007,7150,PRESCRIBED,WEST,LIGHT VEHICLES,2024,PM PEAK,5423,75,89
15286007,7150,PRESCRIBED,WEST,ALL VEHICLES,2024,WEEKENDS,16694,-1,-1
15286007,7150,PRESCRIBED,WEST,ALL VEHICLES,2024,AM PEAK,3361,-1,-1
15286007,7150,PRESCRIBED,WEST,ALL VEHICLES,2024,ALL DAYS,17951,-1,-1
15286007,7150,PRESCRIBED,WEST,LIGHT VEHICLES,2024,WEEKDAYS,16868,-1,-1
15286007,7150,PRESCRIBED,WEST,ALL VEHICLES,2024,WEEKDAYS,17808,-1,-1
15286007,7150,PRESCRIBED,WEST,ALL VEHICLES,2024,PM PEAK,5644,-1,-1
15286007,7150,PRESCRIBED,WEST,HEAVY VEHICLES,2024,WEEKDAYS,940,-1,-1
15286007,7150,PRESCRIBED,WEST,LIGHT VEHICLES,2024,ALL DAYS,17132,61,92
15286007,7150,PRESCRIBED,WEST,LIGHT VEHICLES,2024,AM PEAK,3120,67,88
15286007,7150,PRESCRIBED,WEST,HEAVY VEHICLES,2024,WEEKENDS,456,-1,-1
15286007,7150,PRESCRIBED,WEST,LIGHT VEHICLES,2024,WEEKENDS,16238,-1,-1
15286007,7150,PRESCRIBED,WEST,HEAVY VEHICLES,2024,AM PEAK,241,31,88
15286007,7150,PRESCRIBED,WEST,ALL VEHICLES,2024,OFF PEAK,8803,-1,-1
15286007,7150,PRESCRIBED,WEST,HEAVY VEHICLES,2024,PM PEAK,221,31,89
15286007,7150,PRESCRIBED,WEST,HEAVY VEHICLES,2024,OFF PEAK,478,17,89
15286007,7150,PRESCRIBED,WEST,LIGHT VEHICLES,2024,OFF PEAK,8325,56,88
15286008,7153,PRESCRIBED,NORTH,LIGHT VEHICLES,2024,WEEKDAYS,17543,-1,-1
15286008,7153,PRESCRIBED,NORTH,HEAVY VEHICLES,2024,PM PEAK,482,43,90
15286008,7153,PRESCRIBED,NORTH,LIGHT VEHICLES,2024,WEEKENDS,14585,-1,-1
15286008,7153,PRESCRIBED,NORTH,HEAVY VEHICLES,2024,WEEKENDS,1214,-1,-1
15286008,7153,PRESCRIBED,NORTH,LIGHT VEHICLES,2024,PM PEAK,3994,82,89
15286008,7153,PRESCRIBED,NORTH,HEAVY VEHICLES,2024,AM PEAK,1018,57,91
15286008,7153,PRESCRIBED,NORTH,HEAVY VEHICLES,2024,WEEKDAYS,3080,-1,-1
15286008,7153,PRESCRIBED,NORTH,LIGHT VEHICLES,2024,AM PEAK,5537,90,90
15286008,7153,PRESCRIBED,NORTH,ALL VEHICLES,2024,OFF PEAK,9592,-1,-1
15286008,7153,PRESCRIBED,NORTH,ALL VEHICLES,2024,WEEKENDS,15799,-1,-1
15286008,7153,PRESCRIBED,NORTH,LIGHT VEHICLES,2024,OFF PEAK,8012,72,90
15286008,7153,PRESCRIBED,NORTH,ALL VEHICLES,2024,ALL DAYS,19782,-1,-1
15286008,7153,PRESCRIBED,NORTH,ALL VEHICLES,2024,AM PEAK,6555,-1,-1
15286008,7153,PRESCRIBED,NORTH,ALL VEHICLES,2024,PM PEAK,4476,-1,-1
15286008,7153,PRESCRIBED,NORTH,HEAVY VEHICLES,2024,OFF PEAK,1580,39,91
15286008,7153,PRESCRIBED,NORTH,ALL VEHICLES,2024,WEEKDAYS,20623,-1,-1
15286008,7153,PRESCRIBED,NORTH,HEAVY VEHICLES,2024,ALL DAYS,2607,38,91
15286008,7153,PRESCRIBED,NORTH,LIGHT VEHICLES,2024,ALL DAYS,17175,74,91
15286009,7159,COUNTER,SOUTH,ALL VEHICLES,2024,WEEKENDS,16631,-1,-1
15286009,7159,COUNTER,SOUTH,ALL VEHICLES,2024,AM PEAK,4013,-1,-1
15286009,7159,COUNTER,SOUTH,HEAVY VEHICLES,2024,WEEKDAYS,2167,-1,-1
15286009,7159,COUNTER,SOUTH,ALL VEHICLES,2024,OFF PEAK,9743,-1,-1
15286009,7159,COUNTER,SOUTH,ALL VEHICLES,2024,ALL DAYS,18224,-1,-1
15286009,7159,COUNTER,SOUTH,LIGHT VEHICLES,2024,ALL DAYS,16362,65,93
15286009,7159,COUNTER,SOUTH,HEAVY VEHICLES,2024,AM PEAK,587,44,90
15286009,7159,COUNTER,SOUTH,HEAVY VEHICLES,2024,PM PEAK,381,36,91
15286009,7159,COUNTER,SOUTH,LIGHT VEHICLES,2024,WEEKENDS,15689,-1,-1
15286009,7159,COUNTER,SOUTH,ALL VEHICLES,2024,WEEKDAYS,18372,-1,-1
15286009,7159,COUNTER,SOUTH,LIGHT VEHICLES,2024,AM PEAK,3426,72,90
15286009,7159,COUNTER,SOUTH,LIGHT VEHICLES,2024,PM PEAK,4235,77,91
15286009,7159,COUNTER,SOUTH,HEAVY VEHICLES,2024,ALL DAYS,1862,29,93
15286009,7159,COUNTER,SOUTH,LIGHT VEHICLES,2024,WEEKDAYS,16205,-1,-1
15286009,7159,COUNTER,SOUTH,LIGHT VEHICLES,2024,OFF PEAK,8544,62,91
15286009,7159,COUNTER,SOUTH,HEAVY VEHICLES,2024,OFF PEAK,1199,31,91
15286009,7159,COUNTER,SOUTH,HEAVY VEHICLES,2024,WEEKENDS,942,-1,-1
15286009,7159,COUNTER,SOUTH,ALL VEHICLES,2024,PM PEAK,4616,-1,-1
15286010,7161,COUNTER,WEST,HEAVY VEHICLES,2024,ALL DAYS,1790,33,93
15286010,7161,COUNTER,WEST,ALL VEHICLES,2024,WEEKDAYS,19996,-1,-1
15286010,7161,COUNTER,WEST,LIGHT VEHICLES,2024,WEEKDAYS,17963,-1,-1
15286010,7161,COUNTER,WEST,LIGHT VEHICLES,2024,WEEKENDS,17420,-1,-1
15286010,7161,COUNTER,WEST,HEAVY VEHICLES,2024,WEEKDAYS,2033,-1,-1
15286010,7161,COUNTER,WEST,ALL VEHICLES,2024,OFF PEAK,9294,-1,-1
15286010,7161,COUNTER,WEST,ALL VEHICLES,2024,AM PEAK,4819,-1,-1
15286010,7161,COUNTER,WEST,HEAVY VEHICLES,2024,OFF PEAK,1100,35,93
15286010,7161,COUNTER,WEST,LIGHT VEHICLES,2024,ALL DAYS,18227,80,92
15286010,7161,COUNTER,WEST,HEAVY VEHICLES,2024,PM PEAK,471,41,93
15286010,7161,COUNTER,WEST,HEAVY VEHICLES,2024,AM PEAK,462,46,93
15286010,7161,COUNTER,WEST,HEAVY VEHICLES,2024,WEEKENDS,1011,-1,-1
15286010,7161,COUNTER,WEST,ALL VEHICLES,2024,PM PEAK,5883,-1,-1
15286010,7161,COUNTER,WEST,LIGHT VEHICLES,2024,PM PEAK,5412,91,93
15286010,7161,COUNTER,WEST,LIGHT VEHICLES,2024,OFF PEAK,8194,75,92
15286010,7161,COUNTER,WEST,LIGHT VEHICLES,2024,AM PEAK,4357,90,92
15286010,7161,COUNTER,WEST,ALL VEHICLES,2024,WEEKENDS,18431,-1,-1
15286010,7161,COUNTER,WEST,ALL VEHICLES,2024,ALL DAYS,20017,-1,-1
15286011,7162,PRESCRIBED,WEST,ALL VEHICLES,2024,PM PEAK,4141,-1,-1
15286011,7162,PRESCRIBED,WEST,HEAVY VEHICLES,2024,AM PEAK,373,26,91
15286011,7162,PRESCRIBED,WEST,LIGHT VEHICLES,2024,WEEKENDS,15307,-1,-1
15286011,7162,PRESCRIBED,WEST,ALL VEHICLES,2024,WEEKENDS,16323,-1,-1
15286011,7162,PRESCRIBED,WEST,HEAVY VEHICLES,2024,WEEKDAYS,1379,-1,-1
15286011,7162,PRESCRIBED,WEST,LIGHT VEHICLES,2024,AM PEAK,4256,76,91
15286011,7162,PRESCRIBED,WEST,ALL VEHICLES,2024,WEEKDAYS,17061,-1,-1
15286011,7162,PRESCRIBED,WEST,LIGHT VEHICLES,2024,OFF PEAK,7575,59,91
15286011,7162,PRESCRIBED,WEST,LIGHT VEHICLES,2024,ALL DAYS,15905,63,93
15286011,7162,PRESCRIBED,WEST,HEAVY VEHICLES,2024,OFF PEAK,716,16,92
15286011,7162,PRESCRIBED,WEST,HEAVY VEHICLES,2024,PM PEAK,290,21,90
15286011,7162,PRESCRIBED,WEST,ALL VEHICLES,2024,AM PEAK,4629,-1,-1
15286011,7162,PRESCRIBED,WEST,LIGHT VEHICLES,2024,WEEKDAYS,15682,-1,-1
15286011,7162,PRESCRIBED,WEST,ALL VEHICLES,2024,ALL DAYS,17183,-1,-1
15286011,7162,PRESCRIBED,WEST,HEAVY VEHICLES,2024,ALL DAYS,1278,16,93
15286011,7162,PRESCRIBED,WEST,LIGHT VEHICLES,2024,PM PEAK,3851,72,91
15286011,7162,PRESCRIBED,WEST,HEAVY VEHICLES,2024,WEEKENDS,1016,-1,-1
15286011,7162,PRESCRIBED,WEST,ALL VEHICLES,2024,OFF PEAK,8291,-1,-1
15286012,7163,COUNTER,EAST,HEAVY VEHICLES,2024,WEEKDAYS,1424,-1,-1
15286012,7163,COUNTER,EAST,LIGHT VEHICLES,2024,WEEKDAYS,11817,-1,-1
15286012,7163,COUNTER,EAST,HEAVY VEHICLES,2024,AM PEAK,420,30,90
15286012,7163,COUNTER,EAST,ALL VEHICLES,2024,WEEKDAYS,13241,-1,-1
15286012,7163,COUNTER,EAST,LIGHT VEHICLES,2024,PM PEAK,2927,91,90
15286012,7163,COUNTER,EAST,LIGHT VEHICLES,2024,AM PEAK,2746,90,90
15286012,7163,COUNTER,EAST,HEAVY VEHICLES,2024,PM PEAK,278,23,90
15286012,7163,COUNTER,EAST,LIGHT VEHICLES,2024,OFF PEAK,6144,68,90
15286012,7163,COUNTER,EAST,ALL VEHICLES,2024,PM PEAK,3205,-1,-1
15286012,7163,COUNTER,EAST,ALL VEHICLES,2024,AM PEAK,3166,-1,-1
15286012,7163,COUNTER,EAST,HEAVY VEHICLES,2024,ALL DAYS,1260,19,90
15286012,7163,COUNTER,EAST,HEAVY VEHICLES,2024,WEEKENDS,833,-1,-1
15286012,7163,COUNTER,EAST,ALL VEHICLES,2024,ALL DAYS,13463,-1,-1
15286012,7163,COUNTER,EAST,ALL VEHICLES,2024,OFF PEAK,6870,-1,-1
15286012,7163,COUNTER,EAST,LIGHT VEHICLES,2024,ALL DAYS,12203,75,90
15286012,7163,COUNTER,EAST,LIGHT VEHICLES,2024,WEEKENDS,12405,-1,-1
15286012,7163,COUNTER,EAST,ALL VEHICLES,2024,WEEKENDS,13238,-1,-1
15286012,7163,COUNTER,EAST,HEAVY VEHICLES,2024,OFF PEAK,726,18,90
15286013,7164,COUNTER,EAST,LIGHT VEHICLES,2024,ALL DAYS,10130,75,90
15286013,7164,COUNTER,EAST,HEAVY VEHICLES,2024,WEEKENDS,692,-1,-1
15286013,7164,COUNTER,EAST,ALL VEHICLES,2024,OFF PEAK,5313,-1,-1
15286013,7164,COUNTER,EAST,ALL VEHICLES,2024,WEEKENDS,9632,-1,-1
15286013,7164,COUNTER,EAST,LIGHT VEHICLES,2024,AM PEAK,2926,83,89
15286013,7164,COUNTER,EAST,ALL VEHICLES,2024,ALL DAYS,11135,-1,-1
15286013,7164,COUNTER,EAST,ALL VEHICLES,2024,PM PEAK,2663,-1,-1
15286013,7164,COUNTER,EAST,HEAVY VEHICLES,2024,OFF PEAK,530,21,89
15286013,7164,COUNTER,EAST,LIGHT VEHICLES,2024,WEEKDAYS,10161,-1,-1
15286013,7164,COUNTER,EAST,ALL VEHICLES,2024,AM PEAK,3284,-1,-1
15286013,7164,COUNTER,EAST,HEAVY VEHICLES,2024,WEEKDAYS,1099,-1,-1
15286013,7164,COUNTER,EAST,HEAVY VEHICLES,2024,AM PEAK,358,35,91
15286013,7164,COUNTER,EAST,LIGHT VEHICLES,2024,OFF PEAK,4783,72,88
15286013,7164,COUNTER,EAST,ALL VEHICLES,2024,WEEKDAYS,11260,-1,-1
15286013,7164,COUNTER,EAST,LIGHT VEHICLES,2024,PM PEAK,2452,85,89
15286013,7164,COUNTER,EAST,HEAVY VEHICLES,2024,ALL DAYS,1005,21,91
15286013,7164,COUNTER,EAST,HEAVY VEHICLES,2024,PM PEAK,211,26,89
15286013,7164,COUNTER,EAST,LIGHT VEHICLES,2024,WEEKENDS,8940,-1,-1
15286014,7168,PRESCRIBED,WEST,LIGHT VEHICLES,2024,ALL DAYS,8475,59,88
15286014,7168,PRESCRIBED,WEST,ALL VEHICLES,2024,PM PEAK,3715,-1,-1
15286014,7168,PRESCRIBED,WEST,ALL VEHICLES,2024,WEEKDAYS,10328,-1,-1
15286014,7168,PRESCRIBED,WEST,HEAVY VEHICLES,2024,AM PEAK,277,31,86
15286014,7168,PRESCRIBED,WEST,LIGHT VEHICLES,2024,WEEKDAYS,9146,-1,-1
15286014,7168,PRESCRIBED,WEST,HEAVY VEHICLES,2024,PM PEAK,326,32,85
15286014,7168,PRESCRIBED,WEST,LIGHT VEHICLES,2024,OFF PEAK,3875,55,85
15286014,7168,PRESCRIBED,WEST,ALL VEHICLES,2024,AM PEAK,2159,-1,-1
15286014,7168,PRESCRIBED,WEST,ALL VEHICLES,2024,OFF PEAK,4454,-1,-1
15286014,7168,PRESCRIBED,WEST,HEAVY VEHICLES,2024,WEEKDAYS,1182,-1,-1
15286014,7168,PRESCRIBED,WEST,ALL VEHICLES,2024,ALL DAYS,9497,-1,-1
15286014,7168,PRESCRIBED,WEST,HEAVY VEHICLES,2024,OFF PEAK,579,22,85
15286014,7168,PRESCRIBED,WEST,HEAVY VEHICLES,2024,WEEKENDS,586,-1,-1
15286014,7168,PRESCRIBED,WEST,LIGHT VEHICLES,2024,PM PEAK,3389,72,84
15286014,7168,PRESCRIBED,WEST,LIGHT VEHICLES,2024,AM PEAK,1882,66,86
15286014,7168,PRESCRIBED,WEST,ALL VEHICLES,2024,WEEKENDS,6746,-1,-1
15286014,7168,PRESCRIBED,WEST,HEAVY VEHICLES,2024,ALL DAYS,1022,21,88
15286014,7168,PRESCRIBED,WEST,LIGHT VEHICLES,2024,WEEKENDS,6160,-1,-1
15334002,7251,COUNTER,WEST,LIGHT VEHICLES,2024,ALL DAYS,15503,62,89
15334002,7251,COUNTER,WEST,ALL VEHICLES,2024,PM PEAK,5149,-1,-1
15334002,7251,COUNTER,WEST,HEAVY VEHICLES,2024,OFF PEAK,1230,30,91
15334002,7251,COUNTER,WEST,ALL VEHICLES,2024,WEEKDAYS,17367,-1,-1
15334002,7251,COUNTER,WEST,ALL VEHICLES,2024,ALL DAYS,17412,-1,-1
15334002,7251,COUNTER,WEST,ALL VEHICLES,2024,OFF PEAK,9208,-1,-1
15334002,7251,COUNTER,WEST,LIGHT VEHICLES,2024,WEEKENDS,15310,-1,-1
15334002,7251,COUNTER,WEST,HEAVY VEHICLES,2024,WEEKENDS,1019,-1,-1
15334002,7251,COUNTER,WEST,HEAVY VEHICLES,2024,PM PEAK,486,35,91
15334002,7251,COUNTER,WEST,ALL VEHICLES,2024,AM PEAK,3010,-1,-1
15334002,7251,COUNTER,WEST,LIGHT VEHICLES,2024,AM PEAK,2518,66,87
15334002,7251,COUNTER,WEST,HEAVY VEHICLES,2024,ALL DAYS,1909,27,92
15334002,7251,COUNTER,WEST,ALL VEHICLES,2024,WEEKENDS,16329,-1,-1
15334002,7251,COUNTER,WEST,LIGHT VEHICLES,2024,WEEKDAYS,15159,-1,-1
15334002,7251,COUNTER,WEST,HEAVY VEHICLES,2024,WEEKDAYS,2208,-1,-1
15334002,7251,COUNTER,WEST,LIGHT VEHICLES,2024,OFF PEAK,7978,59,88
15334002,7251,COUNTER,WEST,HEAVY VEHICLES,2024,AM PEAK,492,44,90
15334002,7251,COUNTER,WEST,LIGHT VEHICLES,2024,PM PEAK,4663,72,89
15334003,7272,COUNTER,SOUTH,ALL VEHICLES,2024,WEEKDAYS,8487,-1,-1
15334003,7272,COUNTER,SOUTH,LIGHT VEHICLES,2024,OFF PEAK,4047,61,88
15334003,7272,COUNTER,SOUTH,ALL VEHICLES,2024,PM PEAK,1930,-1,-1
15334003,7272,COUNTER,SOUTH,HEAVY VEHICLES,2024,OFF PEAK,510,25,88
15334003,7272,COUNTER,SOUTH,HEAVY VEHICLES,2024,WEEKDAYS,941,-1,-1
15334003,7272,COUNTER,SOUTH,ALL VEHICLES,2024,AM PEAK,2000,-1,-1
15334003,7272,COUNTER,SOUTH,LIGHT VEHICLES,2024,PM PEAK,1758,76,88
15334003,7272,COUNTER,SOUTH,HEAVY VEHICLES,2024,AM PEAK,259,38,89
15334003,7272,COUNTER,SOUTH,LIGHT VEHICLES,2024,WEEKENDS,7436,-1,-1
15334003,7272,COUNTER,SOUTH,ALL VEHICLES,2024,WEEKENDS,7976,-1,-1
15334003,7272,COUNTER,SOUTH,ALL VEHICLES,2024,ALL DAYS,8583,-1,-1
15334003,7272,COUNTER,SOUTH,HEAVY VEHICLES,2024,ALL DAYS,855,24,93
15334003,7272,COUNTER,SOUTH,LIGHT VEHICLES,2024,ALL DAYS,7728,65,92
15334003,7272,COUNTER,SOUTH,HEAVY VEHICLES,2024,WEEKENDS,540,-1,-1
15334003,7272,COUNTER,SOUTH,ALL VEHICLES,2024,OFF PEAK,4557,-1,-1
15334003,7272,COUNTER,SOUTH,HEAVY VEHICLES,2024,PM PEAK,172,31,88
15334003,7272,COUNTER,SOUTH,LIGHT VEHICLES,2024,WEEKDAYS,7546,-1,-1
15334003,7272,COUNTER,SOUTH,LIGHT VEHICLES,2024,AM PEAK,1741,77,88
15334004,7275,COUNTER,NORTH,ALL VEHICLES,2024,ALL DAYS,12435,-1,-1
15334004,7275,PRESCRIBED,SOUTH,ALL VEHICLES,2024,OFF PEAK,6680,-1,-1
15334004,7275,COUNTER,NORTH,HEAVY VEHICLES,2024,WEEKENDS,663,-1,-1
15334004,7275,PRESCRIBED AND COUNTER,BOTH,HEAVY VEHICLES,2024,OFF PEAK,1091,-1,-1
15334004,7275,PRESCRIBED,SOUTH,HEAVY VEHICLES,2024,WEEKENDS,618,-1,-1
15334004,7275,COUNTER,NORTH,LIGHT VEHICLES,2024,ALL DAYS,11419,44,97
15334004,7275,PRESCRIBED,SOUTH,ALL VEHICLES,2024,PM PEAK,4273,-1,-1
15334004,7275,PRESCRIBED,SOUTH,HEAVY VEHICLES,2024,PM PEAK,338,21,90
15334004,7275,PRESCRIBED,SOUTH,LIGHT VEHICLES,2024,OFF PEAK,6138,38,91
15334004,7275,COUNTER,NORTH,HEAVY VEHICLES,2024,ALL DAYS,1016,17,97
15334004,7275,PRESCRIBED,SOUTH,ALL VEHICLES,2024,WEEKDAYS,12819,-1,-1
15334004,7275,PRESCRIBED AND COUNTER,BOTH,LIGHT VEHICLES,2024,ALL DAYS,23011,-1,-1
15334004,7275,PRESCRIBED AND COUNTER,BOTH,LIGHT VEHICLES,2024,OFF PEAK,11626,-1,-1
15334004,7275,PRESCRIBED AND COUNTER,BOTH,HEAVY VEHICLES,2024,AM PEAK,642,-1,-1
15334004,7275,COUNTER,NORTH,HEAVY VEHICLES,2024,PM PEAK,181,18,96
15334004,7275,COUNTER,NORTH,HEAVY VEHICLES,2024,WEEKDAYS,1171,-1,-1
15334004,7275,COUNTER,NORTH,ALL VEHICLES,2024,OFF PEAK,6037,-1,-1
15334004,7275,PRESCRIBED AND COUNTER,BOTH,HEAVY VEHICLES,2024,WEEKENDS,1281,-1,-1
15334004,7275,PRESCRIBED,SOUTH,LIGHT VEHICLES,2024,WEEKDAYS,11738,-1,-1
15334004,7275,PRESCRIBED AND COUNTER,BOTH,ALL VEHICLES,2024,AM PEAK,5850,-1,-1
15334004,7275,PRESCRIBED,SOUTH,LIGHT VEHICLES,2024,AM PEAK,1665,55,91
15334004,7275,PRESCRIBED AND COUNTER,BOTH,LIGHT VEHICLES,2024,AM PEAK,5208,-1,-1
15334004,7275,PRESCRIBED AND COUNTER,BOTH,ALL VEHICLES,2024,ALL DAYS,24965,-1,-1
15334004,7275,PRESCRIBED,SOUTH,HEAVY VEHICLES,2024,WEEKDAYS,1081,-1,-1
15334004,7275,PRESCRIBED,SOUTH,ALL VEHICLES,2024,AM PEAK,1866,-1,-1
15334004,7275,COUNTER,NORTH,ALL VEHICLES,2024,WEEKDAYS,12769,-1,-1
15334004,7275,PRESCRIBED AND COUNTER,BOTH,HEAVY VEHICLES,2024,WEEKDAYS,2252,-1,-1
15334004,7275,PRESCRIBED AND COUNTER,BOTH,LIGHT VEHICLES,2024,PM PEAK,6502,-1,-1
15334004,7275,COUNTER,NORTH,LIGHT VEHICLES,2024,OFF PEAK,5488,42,96
15334004,7275,PRESCRIBED AND COUNTER,BOTH,LIGHT VEHICLES,2024,WEEKENDS,21828,-1,-1
15334004,7275,PRESCRIBED,SOUTH,ALL VEHICLES,2024,WEEKENDS,11571,-1,-1
15334004,7275,PRESCRIBED,SOUTH,HEAVY VEHICLES,2024,OFF PEAK,542,15,94
15334004,7275,COUNTER,NORTH,LIGHT VEHICLES,2024,WEEKENDS,10875,-1,-1
15334004,7275,COUNTER,NORTH,LIGHT VEHICLES,2024,AM PEAK,3543,65,96
15334004,7275,PRESCRIBED,SOUTH,LIGHT VEHICLES,2024,WEEKENDS,10953,-1,-1
15334004,7275,PRESCRIBED AND COUNTER,BOTH,ALL VEHICLES,2024,PM PEAK,7021,-1,-1
15334004,7275,PRESCRIBED AND COUNTER,BOTH,ALL VEHICLES,2024,OFF PEAK,12717,-1,-1
15334004,7275,PRESCRIBED,SOUTH,HEAVY VEHICLES,2024,AM PEAK,201,24,94
15334004,7275,PRESCRIBED AND COUNTER,BOTH,HEAVY VEHICLES,2024,ALL DAYS,1954,-1,-1
15334004,7275,COUNTER,NORTH,LIGHT VEHICLES,2024,PM PEAK,2567,65,96
15334004,7275,COUNTER,NORTH,ALL VEHICLES,2024,AM PEAK,3984,-1,-1
15334004,7275,PRESCRIBED AND COUNTER,BOTH,LIGHT VEHICLES,2024,WEEKDAYS,23336,-1,-1
15334004,7275,PRESCRIBED,SOUTH,LIGHT VEHICLES,2024,ALL DAYS,11592,41,85
15334004,7275,PRESCRIBED,SOUTH,ALL VEHICLES,2024,ALL DAYS,12530,-1,-1
15334004,7275,PRESCRIBED AND COUNTER,BOTH,ALL VEHICLES,2024,WEEKDAYS,25588,-1,-1
15334004,7275,COUNTER,NORTH,LIGHT VEHICLES,2024,WEEKDAYS,11598,-1,-1
15334004,7275,COUNTER,NORTH,ALL VEHICLES,2024,PM PEAK,2748,-1,-1
15334004,7275,COUNTER,NORTH,HEAVY VEHICLES,2024,OFF PEAK,549,20,97
15334004,7275,PRESCRIBED,SOUTH,LIGHT VEHICLES,2024,PM PEAK,3935,65,90
15334004,7275,PRESCRIBED AND COUNTER,BOTH,ALL VEHICLES,2024,WEEKENDS,23109,-1,-1
15334004,7275,PRESCRIBED,SOUTH,HEAVY VEHICLES,2024,ALL DAYS,938,14,91
15334004,7275,COUNTER,NORTH,ALL VEHICLES,2024,WEEKENDS,11538,-1,-1
15334004,7275,PRESCRIBED AND COUNTER,BOTH,HEAVY VEHICLES,2024,PM PEAK,519,-1,-1
15334004,7275,COUNTER,NORTH,HEAVY VEHICLES,2024,AM PEAK,441,37,97
15334006,9827,COUNTER,SOUTH,HEAVY VEHICLES,2024,PM PEAK,410,32,86
15334006,9827,COUNTER,SOUTH,ALL VEHICLES,2024,ALL DAYS,16211,-1,-1
15334006,9827,COUNTER,SOUTH,ALL VEHICLES,2024,AM PEAK,4046,-1,-1
15334006,9827,COUNTER,SOUTH,HEAVY VEHICLES,2024,OFF PEAK,832,21,87
15334006,9827,COUNTER,SOUTH,ALL VEHICLES,2024,WEEKENDS,14652,-1,-1
15334006,9827,COUNTER,SOUTH,LIGHT VEHICLES,2024,OFF PEAK,6742,64,86
15334006,9827,COUNTER,SOUTH,HEAVY VEHICLES,2024,AM PEAK,518,37,87
15334006,9827,COUNTER,SOUTH,ALL VEHICLES,2024,OFF PEAK,7574,-1,-1
15334006,9827,COUNTER,SOUTH,HEAVY VEHICLES,2024,ALL DAYS,1560,22,90
15334006,9827,COUNTER,SOUTH,ALL VEHICLES,2024,WEEKDAYS,16368,-1,-1
15334006,9827,COUNTER,SOUTH,LIGHT VEHICLES,2024,PM PEAK,4338,94,85
15334006,9827,COUNTER,SOUTH,HEAVY VEHICLES,2024,WEEKDAYS,1760,-1,-1
15334006,9827,COUNTER,SOUTH,HEAVY VEHICLES,2024,WEEKENDS,1023,-1,-1
15334006,9827,COUNTER,SOUTH,LIGHT VEHICLES,2024,ALL DAYS,14651,71,89
15334006,9827,COUNTER,SOUTH,LIGHT VEHICLES,2024,AM PEAK,3528,85,85
15334006,9827,COUNTER,SOUTH,LIGHT VEHICLES,2024,WEEKDAYS,14608,-1,-1
15334006,9827,COUNTER,SOUTH,LIGHT VEHICLES,2024,WEEKENDS,13629,-1,-1
15334006,9827,COUNTER,SOUTH,ALL VEHICLES,2024,PM PEAK,4748,-1,-1
15334014,T0085,COUNTER,EAST,HEAVY VEHICLES,2024,ALL DAYS,142,12,96
15334014,T0085,PRESCRIBED AND COUNTER,BOTH,HEAVY VEHICLES,2024,ALL DAYS,250,-1,-1
15334014,T0085,PRESCRIBED AND COUNTER,BOTH,ALL VEHICLES,2024,PM PEAK,1441,-1,-1
15334014,T0085,PRESCRIBED AND COUNTER,BOTH,HEAVY VEHICLES,2024,WEEKDAYS,300,-1,-1
15334014,T0085,COUNTER,EAST,ALL VEHICLES,2024,WEEKENDS,1737,-1,-1
15334014,T0085,COUNTER,EAST,HEAVY VEHICLES,2024,WEEKENDS,90,-1,-1
15334014,T0085,COUNTER,EAST,LIGHT VEHICLES,2024,WEEKENDS,1647,-1,-1
15334014,T0085,PRESCRIBED AND COUNTER,BOTH,LIGHT VEHICLES,2024,WEEKDAYS,4022,-1,-1
15334014,T0085,PRESCRIBED AND COUNTER,BOTH,LIGHT VEHICLES,2024,WEEKENDS,3450,-1,-1
15334014,T0085,PRESCRIBED AND COUNTER,BOTH,HEAVY VEHICLES,2024,AM PEAK,103,-1,-1
15334014,T0085,PRESCRIBED,WEST,LIGHT VEHICLES,2024,WEEKENDS,1803,-1,-1
15334014,T0085,PRESCRIBED AND COUNTER,BOTH,ALL VEHICLES,2024,ALL DAYS,4121,-1,-1
15334014,T0085,PRESCRIBED,WEST,ALL VEHICLES,2024,ALL DAYS,2152,-1,-1
15334014,T0085,PRESCRIBED AND COUNTER,BOTH,LIGHT VEHICLES,2024,AM PEAK,1166,-1,-1
15334014,T0085,PRESCRIBED AND COUNTER,BOTH,ALL VEHICLES,2024,OFF PEAK,1612,-1,-1
15334014,T0085,COUNTER,EAST,LIGHT VEHICLES,2024,WEEKDAYS,1891,-1,-1
15334014,T0085,PRESCRIBED,WEST,HEAVY VEHICLES,2024,OFF PEAK,51,11,96
15334014,T0085,PRESCRIBED,WEST,LIGHT VEHICLES,2024,WEEKDAYS,2131,-1,-1
15334014,T0085,COUNTER,EAST,ALL VEHICLES,2024,WEEKDAYS,2059,-1,-1
15334014,T0085,PRESCRIBED AND COUNTER,BOTH,HEAVY VEHICLES,2024,PM PEAK,84,-1,-1
15334014,T0085,COUNTER,EAST,ALL VEHICLES,2024,AM PEAK,791,-1,-1
15334014,T0085,PRESCRIBED AND COUNTER,BOTH,HEAVY VEHICLES,2024,WEEKENDS,158,-1,-1
15334014,T0085,PRESCRIBED,WEST,LIGHT VEHICLES,2024,ALL DAYS,2044,68,95
15334014,T0085,PRESCRIBED,WEST,ALL VEHICLES,2024,OFF PEAK,856,-1,-1
15334014,T0085,PRESCRIBED,WEST,LIGHT VEHICLES,2024,PM PEAK,879,86,95
15334014,T0085,PRESCRIBED AND COUNTER,BOTH,ALL VEHICLES,2024,WEEKDAYS,4322,-1,-1
15334014,T0085,COUNTER,EAST,LIGHT VEHICLES,2024,PM PEAK,478,76,96
15334014,T0085,COUNTER,EAST,HEAVY VEHICLES,2024,PM PEAK,34,28,96
15334014,T0085,PRESCRIBED AND COUNTER,BOTH,ALL VEHICLES,2024,WEEKENDS,3608,-1,-1
15334014,T0085,COUNTER,EAST,HEAVY VEHICLES,2024,OFF PEAK,62,10,96
15334014,T0085,COUNTER,EAST,LIGHT VEHICLES,2024,OFF PEAK,694,58,96
15334014,T0085,PRESCRIBED,WEST,HEAVY VEHICLES,2024,PM PEAK,50,20,95
15334014,T0085,PRESCRIBED AND COUNTER,BOTH,LIGHT VEHICLES,2024,ALL DAYS,3871,-1,-1
15334014,T0085,COUNTER,EAST,ALL VEHICLES,2024,ALL DAYS,1969,-1,-1
15334014,T0085,COUNTER,EAST,HEAVY VEHICLES,2024,WEEKDAYS,168,-1,-1
15334014,T0085,PRESCRIBED AND COUNTER,BOTH,LIGHT VEHICLES,2024,OFF PEAK,1499,-1,-1
15334014,T0085,COUNTER,EAST,HEAVY VEHICLES,2024,AM PEAK,72,27,96
15334014,T0085,COUNTER,EAST,ALL VEHICLES,2024,PM PEAK,512,-1,-1
15334014,T0085,PRESCRIBED,WEST,HEAVY VEHICLES,2024,ALL DAYS,108,8,95
15334014,T0085,PRESCRIBED,WEST,ALL VEHICLES,2024,WEEKENDS,1871,-1,-1
15334014,T0085,PRESCRIBED,WEST,ALL VEHICLES,2024,PM PEAK,929,-1,-1
15334014,T0085,PRESCRIBED,WEST,LIGHT VEHICLES,2024,AM PEAK,447,81,95
15334014,T0085,PRESCRIBED,WEST,HEAVY VEHICLES,2024,WEEKDAYS,132,-1,-1
15334014,T0085,COUNTER,EAST,ALL VEHICLES,2024,OFF PEAK,756,-1,-1
15334014,T0085,PRESCRIBED AND COUNTER,BOTH,HEAVY VEHICLES,2024,OFF PEAK,113,-1,-1
15334014,T0085,COUNTER,EAST,LIGHT VEHICLES,2024,AM PEAK,719,87,96
15334014,T0085,PRESCRIBED,WEST,HEAVY VEHICLES,2024,WEEKENDS,68,-1,-1
15334014,T0085,PRESCRIBED AND COUNTER,BOTH,ALL VEHICLES,2024,AM PEAK,1269,-1,-1
15334014,T0085,PRESCRIBED,WEST,LIGHT VEHICLES,2024,OFF PEAK,805,60,95
15334014,T0085,PRESCRIBED,WEST,ALL VEHICLES,2024,AM PEAK,478,-1,-1
15334014,T0085,PRESCRIBED,WEST,HEAVY VEHICLES,2024,AM PEAK,31,15,95
15334014,T0085,PRESCRIBED AND COUNTER,BOTH,LIGHT VEHICLES,2024,PM PEAK,1357,-1,-1
15334014,T0085,PRESCRIBED,WEST,ALL VEHICLES,2024,WEEKDAYS,2263,-1,-1
15334014,T0085,COUNTER,EAST,LIGHT VEHICLES,2024,ALL DAYS,1827,66,96
15334016,T0231,COUNTER,EAST,LIGHT VEHICLES,2024,AM PEAK,4826,89,89
15334016,T0231,COUNTER,EAST,LIGHT VEHICLES,2024,PM PEAK,4815,94,90
15334016,T0231,COUNTER,EAST,HEAVY VEHICLES,2024,WEEKDAYS,1584,-1,-1
15334016,T0231,COUNTER,EAST,HEAVY VEHICLES,2024,OFF PEAK,726,21,89
15334016,T0231,COUNTER,EAST,ALL VEHICLES,2024,OFF PEAK,9119,-1,-1
15334016,T0231,COUNTER,EAST,ALL VEHICLES,2024,AM PEAK,5355,-1,-1
15334016,T0231,COUNTER,EAST,ALL VEHICLES,2024,ALL DAYS,19607,-1,-1
15334016,T0231,COUNTER,EAST,LIGHT VEHICLES,2024,ALL DAYS,18217,72,91
15334016,T0231,COUNTER,EAST,HEAVY VEHICLES,2024,WEEKENDS,918,-1,-1
15334016,T0231,COUNTER,EAST,HEAVY VEHICLES,2024,AM PEAK,529,32,89
15334016,T0231,COUNTER,EAST,HEAVY VEHICLES,2024,ALL DAYS,1390,22,91
15334016,T0231,COUNTER,EAST,LIGHT VEHICLES,2024,WEEKENDS,17863,-1,-1
15334016,T0231,COUNTER,EAST,ALL VEHICLES,2024,PM PEAK,5144,-1,-1
15334016,T0231,COUNTER,EAST,LIGHT VEHICLES,2024,WEEKDAYS,18034,-1,-1
15334016,T0231,COUNTER,EAST,HEAVY VEHICLES,2024,PM PEAK,329,24,89
15334016,T0231,COUNTER,EAST,ALL VEHICLES,2024,WEEKENDS,18781,-1,-1
15334016,T0231,COUNTER,EAST,ALL VEHICLES,2024,WEEKDAYS,19618,-1,-1
15334016,T0231,COUNTER,EAST,LIGHT VEHICLES,2024,OFF PEAK,8393,64,89
15334029,T0337,PRESCRIBED,WEST,LIGHT VEHICLES,2024,PM PEAK,888,87,96
15334029,T0337,PRESCRIBED,WEST,ALL VEHICLES,2024,AM PEAK,510,-1,-1
15334029,T0337,PRESCRIBED,WEST,ALL VEHICLES,2024,PM PEAK,976,-1,-1
15334029,T0337,COUNTER,EAST,ALL VEHICLES,2024,ALL DAYS,2144,-1,-1
15334029,T0337,PRESCRIBED AND COUNTER,BOTH,LIGHT VEHICLES,2024,ALL DAYS,4105,-1,-1
15334029,T0337,PRESCRIBED,WEST,HEAVY VEHICLES,2024,OFF PEAK,87,11,96
15334029,T0337,PRESCRIBED AND COUNTER,BOTH,LIGHT VEHICLES,2024,WEEKDAYS,4235,-1,-1
15334029,T0337,PRESCRIBED AND COUNTER,BOTH,ALL VEHICLES,2024,OFF PEAK,1788,-1,-1
15334029,T0337,PRESCRIBED AND COUNTER,BOTH,HEAVY VEHICLES,2024,ALL DAYS,357,-1,-1
15334029,T0337,PRESCRIBED,WEST,HEAVY VEHICLES,2024,PM PEAK,88,18,96
15334029,T0337,PRESCRIBED,WEST,HEAVY VEHICLES,2024,ALL DAYS,187,13,96
15334029,T0337,PRESCRIBED AND COUNTER,BOTH,ALL VEHICLES,2024,AM PEAK,1342,-1,-1
15334029,T0337,PRESCRIBED AND COUNTER,BOTH,HEAVY VEHICLES,2024,WEEKENDS,234,-1,-1
15334029,T0337,PRESCRIBED AND COUNTER,BOTH,ALL VEHICLES,2024,PM PEAK,1533,-1,-1
15334029,T0337,COUNTER,EAST,LIGHT VEHICLES,2024,WEEKDAYS,2035,-1,-1
15334029,T0337,PRESCRIBED,WEST,ALL VEHICLES,2024,WEEKDAYS,2424,-1,-1
15334029,T0337,PRESCRIBED AND COUNTER,BOTH,ALL VEHICLES,2024,WEEKENDS,3916,-1,-1
15334029,T0337,COUNTER,EAST,LIGHT VEHICLES,2024,OFF PEAK,770,60,96
15334029,T0337,PRESCRIBED,WEST,LIGHT VEHICLES,2024,WEEKENDS,1902,-1,-1
15334029,T0337,COUNTER,EAST,ALL VEHICLES,2024,OFF PEAK,850,-1,-1
15334029,T0337,PRESCRIBED,WEST,LIGHT VEHICLES,2024,OFF PEAK,851,62,96
15334029,T0337,COUNTER,EAST,ALL VEHICLES,2024,WEEKENDS,1896,-1,-1
15334029,T0337,COUNTER,EAST,HEAVY VEHICLES,2024,ALL DAYS,170,12,96
15334029,T0337,PRESCRIBED AND COUNTER,BOTH,HEAVY VEHICLES,2024,OFF PEAK,167,-1,-1
15334029,T0337,PRESCRIBED,WEST,ALL VEHICLES,2024,ALL DAYS,2318,-1,-1
15334029,T0337,PRESCRIBED,WEST,HEAVY VEHICLES,2024,AM PEAK,49,19,96
15334029,T0337,PRESCRIBED AND COUNTER,BOTH,LIGHT VEHICLES,2024,WEEKENDS,3682,-1,-1
15334029,T0337,PRESCRIBED,WEST,LIGHT VEHICLES,2024,WEEKDAYS,2200,-1,-1
15334029,T0337,PRESCRIBED AND COUNTER,BOTH,HEAVY VEHICLES,2024,PM PEAK,132,-1,-1
15334029,T0337,COUNTER,EAST,LIGHT VEHICLES,2024,AM PEAK,752,88,96
15334029,T0337,PRESCRIBED AND COUNTER,BOTH,LIGHT VEHICLES,2024,OFF PEAK,1621,-1,-1
15334029,T0337,PRESCRIBED,WEST,LIGHT VEHICLES,2024,ALL DAYS,2131,69,96
15334029,T0337,COUNTER,EAST,LIGHT VEHICLES,2024,ALL DAYS,1974,68,96
15334029,T0337,PRESCRIBED AND COUNTER,BOTH,HEAVY VEHICLES,2024,WEEKDAYS,428,-1,-1
15334029,T0337,PRESCRIBED,WEST,HEAVY VEHICLES,2024,WEEKDAYS,224,-1,-1
15334029,T0337,PRESCRIBED AND COUNTER,BOTH,ALL VEHICLES,2024,ALL DAYS,4462,-1,-1
15334029,T0337,COUNTER,EAST,ALL VEHICLES,2024,WEEKDAYS,2239,-1,-1
15334029,T0337,COUNTER,EAST,HEAVY VEHICLES,2024,WEEKENDS,116,-1,-1
15334029,T0337,PRESCRIBED,WEST,ALL VEHICLES,2024,WEEKENDS,2020,-1,-1
15334029,T0337,PRESCRIBED AND COUNTER,BOTH,LIGHT VEHICLES,2024,PM PEAK,1401,-1,-1
15334029,T0337,PRESCRIBED,WEST,LIGHT VEHICLES,2024,AM PEAK,461,80,96
15334029,T0337,COUNTER,EAST,LIGHT VEHICLES,2024,PM PEAK,513,77,96
15334029,T0337,COUNTER,EAST,ALL VEHICLES,2024,AM PEAK,832,-1,-1
15334029,T0337,PRESCRIBED,WEST,ALL VEHICLES,2024,OFF PEAK,938,-1,-1
15334029,T0337,PRESCRIBED AND COUNTER,BOTH,LIGHT VEHICLES,2024,AM PEAK,1213,-1,-1
15334029,T0337,COUNTER,EAST,LIGHT VEHICLES,2024,WEEKENDS,1780,-1,-1
15334029,T0337,COUNTER,EAST,HEAVY VEHICLES,2024,WEEKDAYS,204,-1,-1
15334029,T0337,COUNTER,EAST,HEAVY VEHICLES,2024,PM PEAK,44,18,97
15334029,T0337,COUNTER,EAST,HEAVY VEHICLES,2024,AM PEAK,80,20,96
15334029,T0337,PRESCRIBED AND COUNTER,BOTH,ALL VEHICLES,2024,WEEKDAYS,4663,-1,-1
15334029,T0337,PRESCRIBED,WEST,HEAVY VEHICLES,2024,WEEKENDS,118,-1,-1
15334029,T0337,PRESCRIBED AND COUNTER,BOTH,HEAVY VEHICLES,2024,AM PEAK,129,-1,-1
15334029,T0337,COUNTER,EAST,ALL VEHICLES,2024,PM PEAK,557,-1,-1
15334029,T0337,COUNTER,EAST,HEAVY VEHICLES,2024,OFF PEAK,80,10,96
15334030,T0342,COUNTER,EAST,LIGHT VEHICLES,2024,AM PEAK,713,87,96
15334030,T0342,COUNTER,EAST,ALL VEHICLES,2024,WEEKENDS,1719,-1,-1
15334030,T0342,PRESCRIBED,WEST,LIGHT VEHICLES,2024,AM PEAK,425,80,96
15334030,T0342,PRESCRIBED,WEST,HEAVY VEHICLES,2024,WEEKENDS,91,-1,-1
15334030,T0342,PRESCRIBED,WEST,ALL VEHICLES,2024,WEEKENDS,1840,-1,-1
15334030,T0342,COUNTER,EAST,ALL VEHICLES,2024,PM PEAK,496,-1,-1
15334030,T0342,PRESCRIBED,WEST,HEAVY VEHICLES,2024,OFF PEAK,68,15,96
15334030,T0342,PRESCRIBED AND COUNTER,BOTH,LIGHT VEHICLES,2024,WEEKENDS,3370,-1,-1
15334030,T0342,COUNTER,EAST,ALL VEHICLES,2024,AM PEAK,788,-1,-1
15334030,T0342,PRESCRIBED,WEST,HEAVY VEHICLES,2024,WEEKDAYS,180,-1,-1
15334030,T0342,PRESCRIBED AND COUNTER,BOTH,ALL VEHICLES,2024,WEEKENDS,3559,-1,-1
15334030,T0342,PRESCRIBED AND COUNTER,BOTH,LIGHT VEHICLES,2024,AM PEAK,1138,-1,-1
15334030,T0342,COUNTER,EAST,LIGHT VEHICLES,2024,ALL DAYS,1805,65,94
15334030,T0342,PRESCRIBED AND COUNTER,BOTH,ALL VEHICLES,2024,ALL DAYS,4089,-1,-1
15334030,T0342,PRESCRIBED AND COUNTER,BOTH,HEAVY VEHICLES,2024,ALL DAYS,301,-1,-1
15334030,T0342,PRESCRIBED,WEST,HEAVY VEHICLES,2024,ALL DAYS,150,12,96
15334030,T0342,PRESCRIBED,WEST,LIGHT VEHICLES,2024,PM PEAK,857,86,96
15334030,T0342,PRESCRIBED,WEST,LIGHT VEHICLES,2024,WEEKDAYS,2061,-1,-1
15334030,T0342,PRESCRIBED,WEST,LIGHT VEHICLES,2024,OFF PEAK,779,60,96
15334030,T0342,COUNTER,EAST,ALL VEHICLES,2024,WEEKDAYS,2046,-1,-1
15334030,T0342,COUNTER,EAST,LIGHT VEHICLES,2024,WEEKDAYS,1868,-1,-1
15334030,T0342,PRESCRIBED AND COUNTER,BOTH,HEAVY VEHICLES,2024,OFF PEAK,136,-1,-1
15334030,T0342,PRESCRIBED AND COUNTER,BOTH,LIGHT VEHICLES,2024,OFF PEAK,1473,-1,-1
15334030,T0342,COUNTER,EAST,ALL VEHICLES,2024,OFF PEAK,762,-1,-1
15334030,T0342,PRESCRIBED AND COUNTER,BOTH,ALL VEHICLES,2024,PM PEAK,1427,-1,-1
15334030,T0342,PRESCRIBED AND COUNTER,BOTH,HEAVY VEHICLES,2024,AM PEAK,113,-1,-1
15334030,T0342,COUNTER,EAST,HEAVY VEHICLES,2024,PM PEAK,35,28,97
15334030,T0342,PRESCRIBED,WEST,ALL VEHICLES,2024,OFF PEAK,847,-1,-1
15334030,T0342,COUNTER,EAST,HEAVY VEHICLES,2024,ALL DAYS,151,11,94
15334030,T0342,PRESCRIBED,WEST,ALL VEHICLES,2024,ALL DAYS,2133,-1,-1
15334030,T0342,PRESCRIBED,WEST,HEAVY VEHICLES,2024,AM PEAK,38,20,96
15334030,T0342,PRESCRIBED AND COUNTER,BOTH,LIGHT VEHICLES,2024,ALL DAYS,3788,-1,-1
15334030,T0342,PRESCRIBED AND COUNTER,BOTH,HEAVY VEHICLES,2024,WEEKDAYS,358,-1,-1
15334030,T0342,COUNTER,EAST,LIGHT VEHICLES,2024,PM PEAK,461,75,97
15334030,T0342,COUNTER,EAST,HEAVY VEHICLES,2024,WEEKENDS,98,-1,-1
15334030,T0342,PRESCRIBED,WEST,ALL VEHICLES,2024,WEEKDAYS,2241,-1,-1
15334030,T0342,PRESCRIBED AND COUNTER,BOTH,ALL VEHICLES,2024,AM PEAK,1251,-1,-1
15334030,T0342,PRESCRIBED AND COUNTER,BOTH,LIGHT VEHICLES,2024,PM PEAK,1318,-1,-1
15334030,T0342,PRESCRIBED AND COUNTER,BOTH,ALL VEHICLES,2024,WEEKDAYS,4287,-1,-1
15334030,T0342,PRESCRIBED AND COUNTER,BOTH,HEAVY VEHICLES,2024,PM PEAK,109,-1,-1
15334030,T0342,COUNTER,EAST,LIGHT VEHICLES,2024,OFF PEAK,694,58,96
15334030,T0342,PRESCRIBED,WEST,LIGHT VEHICLES,2024,WEEKENDS,1749,-1,-1
15334030,T0342,PRESCRIBED AND COUNTER,BOTH,LIGHT VEHICLES,2024,WEEKDAYS,3929,-1,-1
15334030,T0342,PRESCRIBED,WEST,ALL VEHICLES,2024,PM PEAK,931,-1,-1
15334030,T0342,COUNTER,EAST,HEAVY VEHICLES,2024,WEEKDAYS,178,-1,-1
15334030,T0342,PRESCRIBED,WEST,ALL VEHICLES,2024,AM PEAK,463,-1,-1
15334030,T0342,PRESCRIBED AND COUNTER,BOTH,ALL VEHICLES,2024,OFF PEAK,1609,-1,-1
15334030,T0342,COUNTER,EAST,LIGHT VEHICLES,2024,WEEKENDS,1621,-1,-1
15334030,T0342,COUNTER,EAST,HEAVY VEHICLES,2024,OFF PEAK,68,10,96
15334030,T0342,COUNTER,EAST,ALL VEHICLES,2024,ALL DAYS,1956,-1,-1
15334030,T0342,COUNTER,EAST,HEAVY VEHICLES,2024,AM PEAK,75,23,97
15334030,T0342,PRESCRIBED,WEST,LIGHT VEHICLES,2024,ALL DAYS,1983,67,96
15334030,T0342,PRESCRIBED AND COUNTER,BOTH,HEAVY VEHICLES,2024,WEEKENDS,189,-1,-1
15334030,T0342,PRESCRIBED,WEST,HEAVY VEHICLES,2024,PM PEAK,74,26,96
15334031,T0345,PRESCRIBED,WEST,ALL VEHICLES,2024,AM PEAK,1542,-1,-1
15334031,T0345,COUNTER,EAST,HEAVY VEHICLES,2024,AM PEAK,181,40,97
15334031,T0345,COUNTER,EAST,ALL VEHICLES,2024,WEEKENDS,6863,-1,-1
15334031,T0345,COUNTER,EAST,LIGHT VEHICLES,2024,WEEKENDS,6597,-1,-1
15334031,T0345,PRESCRIBED AND COUNTER,BOTH,LIGHT VEHICLES,2024,WEEKDAYS,15964,-1,-1
15334031,T0345,PRESCRIBED,WEST,ALL VEHICLES,2024,WEEKDAYS,8730,-1,-1
15334031,T0345,PRESCRIBED,WEST,LIGHT VEHICLES,2024,PM PEAK,3275,100,95
15334031,T0345,COUNTER,EAST,LIGHT VEHICLES,2024,ALL DAYS,7460,77,96
15334031,T0345,PRESCRIBED,WEST,LIGHT VEHICLES,2024,ALL DAYS,7793,77,96
15334031,T0345,PRESCRIBED AND COUNTER,BOTH,HEAVY VEHICLES,2024,WEEKDAYS,1060,-1,-1
15334031,T0345,COUNTER,EAST,LIGHT VEHICLES,2024,OFF PEAK,2957,70,95
15334031,T0345,COUNTER,EAST,ALL VEHICLES,2024,AM PEAK,3026,-1,-1
15334031,T0345,PRESCRIBED,WEST,ALL VEHICLES,2024,ALL DAYS,8276,-1,-1
15334031,T0345,COUNTER,EAST,HEAVY VEHICLES,2024,ALL DAYS,431,20,97
15334031,T0345,COUNTER,EAST,LIGHT VEHICLES,2024,PM PEAK,1993,95,95
15334031,T0345,PRESCRIBED AND COUNTER,BOTH,LIGHT VEHICLES,2024,OFF PEAK,6438,-1,-1
15334031,T0345,COUNTER,EAST,ALL VEHICLES,2024,PM PEAK,2094,-1,-1
15334031,T0345,PRESCRIBED,WEST,LIGHT VEHICLES,2024,AM PEAK,1413,97,96
15334031,T0345,COUNTER,EAST,HEAVY VEHICLES,2024,WEEKENDS,266,-1,-1
15334031,T0345,COUNTER,EAST,LIGHT VEHICLES,2024,WEEKDAYS,7795,-1,-1
15334031,T0345,PRESCRIBED AND COUNTER,BOTH,ALL VEHICLES,2024,AM PEAK,4568,-1,-1
15334031,T0345,PRESCRIBED,WEST,HEAVY VEHICLES,2024,PM PEAK,199,30,97
15334031,T0345,PRESCRIBED AND COUNTER,BOTH,LIGHT VEHICLES,2024,ALL DAYS,15253,-1,-1
15334031,T0345,PRESCRIBED AND COUNTER,BOTH,ALL VEHICLES,2024,WEEKDAYS,17024,-1,-1
15334031,T0345,PRESCRIBED AND COUNTER,BOTH,LIGHT VEHICLES,2024,WEEKENDS,13425,-1,-1
15334031,T0345,COUNTER,EAST,LIGHT VEHICLES,2024,AM PEAK,2845,99,95
15334031,T0345,COUNTER,EAST,ALL VEHICLES,2024,OFF PEAK,3174,-1,-1
15334031,T0345,PRESCRIBED,WEST,HEAVY VEHICLES,2024,WEEKENDS,295,-1,-1
15334031,T0345,PRESCRIBED,WEST,HEAVY VEHICLES,2024,AM PEAK,129,32,97
15334031,T0345,PRESCRIBED AND COUNTER,BOTH,LIGHT VEHICLES,2024,PM PEAK,5268,-1,-1
15334031,T0345,PRESCRIBED,WEST,ALL VEHICLES,2024,PM PEAK,3474,-1,-1
15334031,T0345,PRESCRIBED,WEST,ALL VEHICLES,2024,WEEKENDS,7123,-1,-1
15334031,T0345,PRESCRIBED AND COUNTER,BOTH,ALL VEHICLES,2024,ALL DAYS,16167,-1,-1
15334031,T0345,PRESCRIBED AND COUNTER,BOTH,HEAVY VEHICLES,2024,PM PEAK,300,-1,-1
15334031,T0345,PRESCRIBED,WEST,LIGHT VEHICLES,2024,WEEKENDS,6828,-1,-1
15334031,T0345,PRESCRIBED,WEST,HEAVY VEHICLES,2024,OFF PEAK,233,21,97
15334031,T0345,COUNTER,EAST,HEAVY VEHICLES,2024,OFF PEAK,217,19,96
15334031,T0345,PRESCRIBED AND COUNTER,BOTH,HEAVY VEHICLES,2024,AM PEAK,310,-1,-1
15334031,T0345,PRESCRIBED AND COUNTER,BOTH,HEAVY VEHICLES,2024,ALL DAYS,914,-1,-1
15334031,T0345,COUNTER,EAST,ALL VEHICLES,2024,WEEKDAYS,8294,-1,-1
15334031,T0345,COUNTER,EAST,ALL VEHICLES,2024,ALL DAYS,7891,-1,-1
15334031,T0345,PRESCRIBED,WEST,LIGHT VEHICLES,2024,WEEKDAYS,8169,-1,-1
15334031,T0345,PRESCRIBED AND COUNTER,BOTH,ALL VEHICLES,2024,PM PEAK,5568,-1,-1
15334031,T0345,PRESCRIBED,WEST,HEAVY VEHICLES,2024,ALL DAYS,483,20,97
15334031,T0345,PRESCRIBED AND COUNTER,BOTH,LIGHT VEHICLES,2024,AM PEAK,4258,-1,-1
15334031,T0345,PRESCRIBED,WEST,LIGHT VEHICLES,2024,OFF PEAK,3481,69,95
15334031,T0345,PRESCRIBED,WEST,ALL VEHICLES,2024,OFF PEAK,3714,-1,-1
15334031,T0345,PRESCRIBED,WEST,HEAVY VEHICLES,2024,WEEKDAYS,561,-1,-1
15334031,T0345,COUNTER,EAST,HEAVY VEHICLES,2024,WEEKDAYS,499,-1,-1
15334031,T0345,PRESCRIBED AND COUNTER,BOTH,ALL VEHICLES,2024,WEEKENDS,13986,-1,-1
15334031,T0345,COUNTER,EAST,HEAVY VEHICLES,2024,PM PEAK,101,27,96
15334031,T0345,PRESCRIBED AND COUNTER,BOTH,HEAVY VEHICLES,2024,OFF PEAK,450,-1,-1
15334031,T0345,PRESCRIBED AND COUNTER,BOTH,ALL VEHICLES,2024,OFF PEAK,6888,-1,-1
15334031,T0345,PRESCRIBED AND COUNTER,BOTH,HEAVY VEHICLES,2024,WEEKENDS,561,-1,-1
15370001,7139,COUNTER,WEST,LIGHT VEHICLES,2024,OFF PEAK,17289,78,87
15370001,7139,COUNTER,WEST,ALL VEHICLES,2024,AM PEAK,10056,-1,-1
15370001,7139,COUNTER,WEST,HEAVY VEHICLES,2024,WEEKDAYS,3450,-1,-1
15370001,7139,COUNTER,WEST,LIGHT VEHICLES,2024,ALL DAYS,36829,82,90
15370001,7139,COUNTER,WEST,HEAVY VEHICLES,2024,WEEKENDS,1586,-1,-1
15370001,7139,COUNTER,WEST,ALL VEHICLES,2024,WEEKDAYS,39864,-1,-1
15370001,7139,COUNTER,WEST,HEAVY VEHICLES,2024,AM PEAK,836,36,88
15370001,7139,COUNTER,WEST,LIGHT VEHICLES,2024,PM PEAK,9905,89,88
15370001,7139,COUNTER,WEST,ALL VEHICLES,2024,PM PEAK,10727,-1,-1
15370001,7139,COUNTER,WEST,HEAVY VEHICLES,2024,OFF PEAK,1792,22,88
15370001,7139,COUNTER,WEST,LIGHT VEHICLES,2024,AM PEAK,9220,90,87
15370001,7139,COUNTER,WEST,ALL VEHICLES,2024,ALL DAYS,39833,-1,-1
15370001,7139,COUNTER,WEST,HEAVY VEHICLES,2024,PM PEAK,822,30,88
15370001,7139,COUNTER,WEST,ALL VEHICLES,2024,WEEKENDS,36483,-1,-1
15370001,7139,COUNTER,WEST,LIGHT VEHICLES,2024,WEEKENDS,34897,-1,-1
15370001,7139,COUNTER,WEST,HEAVY VEHICLES,2024,ALL DAYS,3004,23,90
15370001,7139,COUNTER,WEST,ALL VEHICLES,2024,OFF PEAK,19081,-1,-1
15370001,7139,COUNTER,WEST,LIGHT VEHICLES,2024,WEEKDAYS,36414,-1,-1
15648001,7179,COUNTER,SOUTH,LIGHT VEHICLES,2024,WEEKENDS,26104,-1,-1
15648001,7179,COUNTER,SOUTH,ALL VEHICLES,2024,ALL DAYS,32486,-1,-1
15648001,7179,COUNTER,SOUTH,HEAVY VEHICLES,2024,WEEKDAYS,5519,-1,-1
15648001,7179,COUNTER,SOUTH,LIGHT VEHICLES,2024,WEEKDAYS,27400,-1,-1
15648001,7179,COUNTER,SOUTH,LIGHT VEHICLES,2024,PM PEAK,7264,84,88
15648001,7179,COUNTER,SOUTH,HEAVY VEHICLES,2024,ALL DAYS,4713,43,91
15648001,7179,COUNTER,SOUTH,ALL VEHICLES,2024,AM PEAK,7175,-1,-1
15648001,7179,COUNTER,SOUTH,ALL VEHICLES,2024,WEEKDAYS,32919,-1,-1
15648001,7179,COUNTER,SOUTH,HEAVY VEHICLES,2024,PM PEAK,1122,54,89
15648001,7179,COUNTER,SOUTH,LIGHT VEHICLES,2024,AM PEAK,5853,83,88
15648001,7179,COUNTER,SOUTH,HEAVY VEHICLES,2024,WEEKENDS,2127,-1,-1
15648001,7179,COUNTER,SOUTH,HEAVY VEHICLES,2024,AM PEAK,1322,58,88
15648001,7179,COUNTER,SOUTH,ALL VEHICLES,2024,OFF PEAK,17358,-1,-1
15648001,7179,COUNTER,SOUTH,ALL VEHICLES,2024,WEEKENDS,28231,-1,-1
15648001,7179,COUNTER,SOUTH,LIGHT VEHICLES,2024,ALL DAYS,27773,74,91
15648001,7179,COUNTER,SOUTH,HEAVY VEHICLES,2024,OFF PEAK,3075,44,88
15648001,7179,COUNTER,SOUTH,LIGHT VEHICLES,2024,OFF PEAK,14283,70,88
15648001,7179,COUNTER,SOUTH,ALL VEHICLES,2024,PM PEAK,8386,-1,-1
15648002,9849,PRESCRIBED,NORTH,ALL VEHICLES,2024,WEEKENDS,8697,-1,-1
15648002,9849,PRESCRIBED,NORTH,LIGHT VEHICLES,2024,WEEKENDS,8234,-1,-1
15648002,9849,COUNTER,SOUTH,HEAVY VEHICLES,2024,ALL DAYS,709,13,91
15648002,9849,PRESCRIBED AND COUNTER,BOTH,ALL VEHICLES,2024,PM PEAK,6191,-1,-1
15648002,9849,COUNTER,SOUTH,HEAVY VEHICLES,2024,WEEKENDS,412,-1,-1
15648002,9849,PRESCRIBED AND COUNTER,BOTH,HEAVY VEHICLES,2024,WEEKENDS,875,-1,-1
15648002,9849,PRESCRIBED AND COUNTER,BOTH,HEAVY VEHICLES,2024,WEEKDAYS,1744,-1,-1
15648002,9849,PRESCRIBED,NORTH,LIGHT VEHICLES,2024,OFF PEAK,4189,38,94
15648002,9849,PRESCRIBED,NORTH,HEAVY VEHICLES,2024,OFF PEAK,385,15,96
15648002,9849,COUNTER,SOUTH,ALL VEHICLES,2024,AM PEAK,1954,-1,-1
15648002,9849,PRESCRIBED AND COUNTER,BOTH,LIGHT VEHICLES,2024,AM PEAK,4683,-1,-1
15648002,9849,PRESCRIBED AND COUNTER,BOTH,HEAVY VEHICLES,2024,PM PEAK,469,-1,-1
15648002,9849,PRESCRIBED,NORTH,HEAVY VEHICLES,2024,ALL DAYS,757,15,93
15648002,9849,PRESCRIBED AND COUNTER,BOTH,LIGHT VEHICLES,2024,PM PEAK,5722,-1,-1
15648002,9849,COUNTER,SOUTH,LIGHT VEHICLES,2024,AM PEAK,1761,75,94
15648002,9849,PRESCRIBED,NORTH,ALL VEHICLES,2024,WEEKDAYS,10435,-1,-1
15648002,9849,COUNTER,SOUTH,HEAVY VEHICLES,2024,PM PEAK,275,19,94
15648002,9849,PRESCRIBED,NORTH,LIGHT VEHICLES,2024,ALL DAYS,9194,40,90
15648002,9849,PRESCRIBED,NORTH,LIGHT VEHICLES,2024,PM PEAK,2424,49,94
15648002,9849,PRESCRIBED AND COUNTER,BOTH,HEAVY VEHICLES,2024,ALL DAYS,1466,-1,-1
15648002,9849,COUNTER,SOUTH,ALL VEHICLES,2024,WEEKENDS,8658,-1,-1
15648002,9849,PRESCRIBED AND COUNTER,BOTH,ALL VEHICLES,2024,WEEKENDS,17355,-1,-1
15648002,9849,COUNTER,SOUTH,ALL VEHICLES,2024,ALL DAYS,9973,-1,-1
15648002,9849,PRESCRIBED,NORTH,HEAVY VEHICLES,2024,AM PEAK,321,28,96
15648002,9849,COUNTER,SOUTH,ALL VEHICLES,2024,OFF PEAK,4913,-1,-1
15648002,9849,PRESCRIBED,NORTH,HEAVY VEHICLES,2024,WEEKENDS,463,-1,-1
15648002,9849,COUNTER,SOUTH,ALL VEHICLES,2024,WEEKDAYS,10440,-1,-1
15648002,9849,COUNTER,SOUTH,HEAVY VEHICLES,2024,OFF PEAK,376,14,95
15648002,9849,PRESCRIBED AND COUNTER,BOTH,LIGHT VEHICLES,2024,OFF PEAK,8726,-1,-1
15648002,9849,PRESCRIBED AND COUNTER,BOTH,ALL VEHICLES,2024,OFF PEAK,9487,-1,-1
15648002,9849,PRESCRIBED,NORTH,HEAVY VEHICLES,2024,PM PEAK,194,16,95
15648002,9849,PRESCRIBED,NORTH,ALL VEHICLES,2024,ALL DAYS,9951,-1,-1
15648002,9849,PRESCRIBED,NORTH,ALL VEHICLES,2024,OFF PEAK,4574,-1,-1
15648002,9849,COUNTER,SOUTH,LIGHT VEHICLES,2024,OFF PEAK,4537,38,94
15648002,9849,COUNTER,SOUTH,LIGHT VEHICLES,2024,ALL DAYS,9264,40,89
15648002,9849,PRESCRIBED AND COUNTER,BOTH,HEAVY VEHICLES,2024,AM PEAK,514,-1,-1
15648002,9849,PRESCRIBED,NORTH,LIGHT VEHICLES,2024,AM PEAK,2922,50,95
15648002,9849,PRESCRIBED AND COUNTER,BOTH,ALL VEHICLES,2024,WEEKDAYS,20875,-1,-1
15648002,9849,PRESCRIBED AND COUNTER,BOTH,ALL VEHICLES,2024,ALL DAYS,19924,-1,-1
15648002,9849,PRESCRIBED AND COUNTER,BOTH,LIGHT VEHICLES,2024,WEEKDAYS,19131,-1,-1
15648002,9849,PRESCRIBED,NORTH,ALL VEHICLES,2024,AM PEAK,3243,-1,-1
15648002,9849,PRESCRIBED,NORTH,ALL VEHICLES,2024,PM PEAK,2618,-1,-1
15648002,9849,COUNTER,SOUTH,HEAVY VEHICLES,2024,WEEKDAYS,844,-1,-1
15648002,9849,COUNTER,SOUTH,LIGHT VEHICLES,2024,WEEKENDS,8246,-1,-1
15648002,9849,PRESCRIBED AND COUNTER,BOTH,HEAVY VEHICLES,2024,OFF PEAK,761,-1,-1
15648002,9849,PRESCRIBED AND COUNTER,BOTH,ALL VEHICLES,2024,AM PEAK,5197,-1,-1
15648002,9849,COUNTER,SOUTH,HEAVY VEHICLES,2024,AM PEAK,193,26,95
15648002,9849,PRESCRIBED AND COUNTER,BOTH,LIGHT VEHICLES,2024,WEEKENDS,16480,-1,-1
15648002,9849,PRESCRIBED AND COUNTER,BOTH,LIGHT VEHICLES,2024,ALL DAYS,18458,-1,-1
15648002,9849,COUNTER,SOUTH,ALL VEHICLES,2024,PM PEAK,3573,-1,-1
15648002,9849,COUNTER,SOUTH,LIGHT VEHICLES,2024,WEEKDAYS,9596,-1,-1
15648002,9849,COUNTER,SOUTH,LIGHT VEHICLES,2024,PM PEAK,3298,49,94
15648002,9849,PRESCRIBED,NORTH,LIGHT VEHICLES,2024,WEEKDAYS,9535,-1,-1
15648002,9849,PRESCRIBED,NORTH,HEAVY VEHICLES,2024,WEEKDAYS,900,-1,-1
15828001,7184,COUNTER,SOUTH,LIGHT VEHICLES,2024,OFF PEAK,14869,71,90
15828001,7184,COUNTER,SOUTH,HEAVY VEHICLES,2024,WEEKDAYS,3614,-1,-1
15828001,7184,COUNTER,SOUTH,LIGHT VEHICLES,2024,PM PEAK,8842,93,90
15828001,7184,COUNTER,SOUTH,ALL VEHICLES,2024,OFF PEAK,16780,-1,-1
15828001,7184,COUNTER,SOUTH,HEAVY VEHICLES,2024,PM PEAK,803,44,91
15828001,7184,COUNTER,SOUTH,HEAVY VEHICLES,2024,ALL DAYS,3090,35,93
15828001,7184,COUNTER,SOUTH,ALL VEHICLES,2024,WEEKDAYS,36533,-1,-1
15828001,7184,COUNTER,SOUTH,LIGHT VEHICLES,2024,WEEKENDS,32513,-1,-1
15828001,7184,COUNTER,SOUTH,ALL VEHICLES,2024,AM PEAK,10108,-1,-1
15828001,7184,COUNTER,SOUTH,HEAVY VEHICLES,2024,WEEKENDS,1518,-1,-1
15828001,7184,COUNTER,SOUTH,ALL VEHICLES,2024,PM PEAK,9645,-1,-1
15828001,7184,COUNTER,SOUTH,ALL VEHICLES,2024,ALL DAYS,36444,-1,-1
15828001,7184,COUNTER,SOUTH,LIGHT VEHICLES,2024,WEEKDAYS,32919,-1,-1
15828001,7184,COUNTER,SOUTH,ALL VEHICLES,2024,WEEKENDS,34031,-1,-1
15828001,7184,COUNTER,SOUTH,HEAVY VEHICLES,2024,OFF PEAK,1911,35,91
15828001,7184,COUNTER,SOUTH,LIGHT VEHICLES,2024,AM PEAK,9208,91,91
15828001,7184,COUNTER,SOUTH,LIGHT VEHICLES,2024,ALL DAYS,33354,76,92
15828001,7184,COUNTER,SOUTH,HEAVY VEHICLES,2024,AM PEAK,900,50,92
15934002,T0289,PRESCRIBED,NORTH,HEAVY VEHICLES,2024,AM PEAK,1154,85,80
15934002,T0289,PRESCRIBED,NORTH,HEAVY VEHICLES,2024,ALL DAYS,3789,75,81
15934002,T0289,PRESCRIBED,NORTH,HEAVY VEHICLES,2024,OFF PEAK,2833,77,78
15934002,T0289,PRESCRIBED,NORTH,HEAVY VEHICLES,2024,WEEKDAYS,4663,-1,-1
15934002,T0289,PRESCRIBED,NORTH,ALL VEHICLES,2024,OFF PEAK,2849,-1,-1
15934002,T0289,PRESCRIBED,NORTH,LIGHT VEHICLES,2024,PM PEAK,4,20,77
15934002,T0289,PRESCRIBED,NORTH,LIGHT VEHICLES,2024,ALL DAYS,21,21,81
15934002,T0289,PRESCRIBED,NORTH,ALL VEHICLES,2024,WEEKDAYS,4687,-1,-1
15934002,T0289,PRESCRIBED,NORTH,LIGHT VEHICLES,2024,OFF PEAK,16,22,83
15934002,T0289,PRESCRIBED,NORTH,ALL VEHICLES,2024,PM PEAK,680,-1,-1
15934002,T0289,PRESCRIBED,NORTH,HEAVY VEHICLES,2024,PM PEAK,676,92,78
15934002,T0289,PRESCRIBED,NORTH,ALL VEHICLES,2024,ALL DAYS,3810,-1,-1
15934002,T0289,PRESCRIBED,NORTH,ALL VEHICLES,2024,WEEKENDS,1265,-1,-1
15934002,T0289,PRESCRIBED,NORTH,LIGHT VEHICLES,2024,AM PEAK,4,25,79
15934002,T0289,PRESCRIBED,NORTH,LIGHT VEHICLES,2024,WEEKENDS,22,-1,-1
15934002,T0289,PRESCRIBED,NORTH,HEAVY VEHICLES,2024,WEEKENDS,1243,-1,-1
15934002,T0289,PRESCRIBED,NORTH,ALL VEHICLES,2024,AM PEAK,1158,-1,-1
15934002,T0289,PRESCRIBED,NORTH,LIGHT VEHICLES,2024,WEEKDAYS,24,-1,-1
16294002,T0288,PRESCRIBED,NORTH,LIGHT VEHICLES,2024,ALL DAYS,18,22,84
16294002,T0288,PRESCRIBED,NORTH,LIGHT VEHICLES,2024,PM PEAK,4,20,83
16294002,T0288,PRESCRIBED,NORTH,HEAVY VEHICLES,2024,WEEKDAYS,4721,-1,-1
16294002,T0288,PRESCRIBED,NORTH,LIGHT VEHICLES,2024,OFF PEAK,14,23,85
16294002,T0288,PRESCRIBED,NORTH,HEAVY VEHICLES,2024,PM PEAK,689,92,81
16294002,T0288,PRESCRIBED,NORTH,ALL VEHICLES,2024,PM PEAK,693,-1,-1
16294002,T0288,PRESCRIBED,NORTH,HEAVY VEHICLES,2024,AM PEAK,1161,83,81
16294002,T0288,PRESCRIBED,NORTH,LIGHT VEHICLES,2024,WEEKDAYS,22,-1,-1
16294002,T0288,PRESCRIBED,NORTH,ALL VEHICLES,2024,WEEKDAYS,4743,-1,-1
16294002,T0288,PRESCRIBED,NORTH,LIGHT VEHICLES,2024,WEEKENDS,18,-1,-1
16294002,T0288,PRESCRIBED,NORTH,LIGHT VEHICLES,2024,AM PEAK,4,25,82
16294002,T0288,PRESCRIBED,NORTH,HEAVY VEHICLES,2024,WEEKENDS,1245,-1,-1
16294002,T0288,PRESCRIBED,NORTH,ALL VEHICLES,2024,OFF PEAK,2885,-1,-1
16294002,T0288,PRESCRIBED,NORTH,HEAVY VEHICLES,2024,ALL DAYS,3813,74,83
16294002,T0288,PRESCRIBED,NORTH,ALL VEHICLES,2024,WEEKENDS,1263,-1,-1
16294002,T0288,PRESCRIBED,NORTH,ALL VEHICLES,2024,ALL DAYS,3831,-1,-1
16294002,T0288,PRESCRIBED,NORTH,ALL VEHICLES,2024,AM PEAK,1165,-1,-1
16294002,T0288,PRESCRIBED,NORTH,HEAVY VEHICLES,2024,OFF PEAK,2871,76,81
16294003,T0290,PRESCRIBED,NORTH,ALL VEHICLES,2024,PM PEAK,677,-1,-1
16294003,T0290,PRESCRIBED,NORTH,ALL VEHICLES,2024,ALL DAYS,3831,-1,-1
16294003,T0290,PRESCRIBED,NORTH,HEAVY VEHICLES,2024,PM PEAK,673,91,83
16294003,T0290,PRESCRIBED,NORTH,LIGHT VEHICLES,2024,ALL DAYS,19,23,83
16294003,T0290,PRESCRIBED,NORTH,ALL VEHICLES,2024,WEEKENDS,1287,-1,-1
16294003,T0290,PRESCRIBED,NORTH,LIGHT VEHICLES,2024,AM PEAK,4,27,82
16294003,T0290,PRESCRIBED,NORTH,HEAVY VEHICLES,2024,WEEKENDS,1269,-1,-1
16294003,T0290,PRESCRIBED,NORTH,LIGHT VEHICLES,2024,PM PEAK,4,22,89
16294003,T0290,PRESCRIBED,NORTH,LIGHT VEHICLES,2024,OFF PEAK,13,23,84
16294003,T0290,PRESCRIBED,NORTH,ALL VEHICLES,2024,WEEKDAYS,4674,-1,-1
16294003,T0290,PRESCRIBED,NORTH,HEAVY VEHICLES,2024,WEEKDAYS,4653,-1,-1
16294003,T0290,PRESCRIBED,NORTH,LIGHT VEHICLES,2024,WEEKENDS,18,-1,-1
16294003,T0290,PRESCRIBED,NORTH,HEAVY VEHICLES,2024,OFF PEAK,2816,77,82
16294003,T0290,PRESCRIBED,NORTH,LIGHT VEHICLES,2024,WEEKDAYS,21,-1,-1
16294003,T0290,PRESCRIBED,NORTH,HEAVY VEHICLES,2024,AM PEAK,1164,85,83
16294003,T0290,PRESCRIBED,NORTH,HEAVY VEHICLES,2024,ALL DAYS,3812,75,84
16294003,T0290,PRESCRIBED,NORTH,ALL VEHICLES,2024,OFF PEAK,2829,-1,-1
16294003,T0290,PRESCRIBED,NORTH,ALL VEHICLES,2024,AM PEAK,1168,-1,-1
17126149,7120,PRESCRIBED,NORTH,LIGHT VEHICLES,2024,OFF PEAK,6725,78,93
17126149,7120,PRESCRIBED,NORTH,ALL VEHICLES,2024,ALL DAYS,13674,-1,-1
17126149,7120,PRESCRIBED,NORTH,ALL VEHICLES,2024,PM PEAK,2863,-1,-1
17126149,7120,PRESCRIBED,NORTH,HEAVY VEHICLES,2024,WEEKENDS,624,-1,-1
17126149,7120,PRESCRIBED,NORTH,HEAVY VEHICLES,2024,ALL DAYS,960,19,93
17126149,7120,PRESCRIBED,NORTH,ALL VEHICLES,2024,AM PEAK,3279,-1,-1
17126149,7120,PRESCRIBED,NORTH,LIGHT VEHICLES,2024,PM PEAK,2705,91,94
17126149,7120,PRESCRIBED,NORTH,ALL VEHICLES,2024,WEEKENDS,13259,-1,-1
17126149,7120,PRESCRIBED,NORTH,LIGHT VEHICLES,2024,ALL DAYS,12714,83,93
17126149,7120,PRESCRIBED,NORTH,HEAVY VEHICLES,2024,PM PEAK,158,19,94
17126149,7120,PRESCRIBED,NORTH,ALL VEHICLES,2024,OFF PEAK,7311,-1,-1
17126149,7120,PRESCRIBED,NORTH,HEAVY VEHICLES,2024,AM PEAK,340,29,93
17126149,7120,PRESCRIBED,NORTH,LIGHT VEHICLES,2024,AM PEAK,2939,91,93
17126149,7120,PRESCRIBED,NORTH,ALL VEHICLES,2024,WEEKDAYS,13453,-1,-1
17126149,7120,PRESCRIBED,NORTH,HEAVY VEHICLES,2024,OFF PEAK,586,18,93
17126149,7120,PRESCRIBED,NORTH,HEAVY VEHICLES,2024,WEEKDAYS,1084,-1,-1
17126149,7120,PRESCRIBED,NORTH,LIGHT VEHICLES,2024,WEEKENDS,12635,-1,-1
17126149,7120,PRESCRIBED,NORTH,LIGHT VEHICLES,2024,WEEKDAYS,12369,-1,-1
99990003,7119-PR,COUNTER,EAST,HEAVY VEHICLES,2024,WEEKDAYS,1045,-1,-1
99990003,7119-PR,COUNTER,EAST,LIGHT VEHICLES,2024,WEEKENDS,12864,-1,-1
99990003,7119-PR,COUNTER,EAST,LIGHT VEHICLES,2024,AM PEAK,3666,75,92
99990003,7119-PR,COUNTER,EAST,LIGHT VEHICLES,2024,PM PEAK,3488,83,92
99990003,7119-PR,PRESCRIBED AND COUNTER,BOTH,HEAVY VEHICLES,2024,AM PEAK,567,-1,-1
99990003,7119-PR,PRESCRIBED,WEST,HEAVY VEHICLES,2024,WEEKENDS,420,-1,-1
99990003,7119-PR,COUNTER,EAST,ALL VEHICLES,2024,ALL DAYS,14831,-1,-1
99990003,7119-PR,PRESCRIBED AND COUNTER,BOTH,LIGHT VEHICLES,2024,WEEKENDS,25842,-1,-1
99990003,7119-PR,COUNTER,EAST,LIGHT VEHICLES,2024,WEEKDAYS,13882,-1,-1
99990003,7119-PR,PRESCRIBED AND COUNTER,BOTH,ALL VEHICLES,2024,AM PEAK,6249,-1,-1
99990003,7119-PR,PRESCRIBED AND COUNTER,BOTH,LIGHT VEHICLES,2024,PM PEAK,7363,-1,-1
99990003,7119-PR,PRESCRIBED,WEST,LIGHT VEHICLES,2024,AM PEAK,2016,66,88
99990003,7119-PR,COUNTER,EAST,ALL VEHICLES,2024,AM PEAK,4014,-1,-1
99990003,7119-PR,COUNTER,EAST,HEAVY VEHICLES,2024,WEEKENDS,566,-1,-1
99990003,7119-PR,COUNTER,EAST,LIGHT VEHICLES,2024,ALL DAYS,13919,64,92
99990003,7119-PR,PRESCRIBED AND COUNTER,BOTH,ALL VEHICLES,2024,ALL DAYS,28753,-1,-1
99990003,7119-PR,COUNTER,EAST,HEAVY VEHICLES,2024,OFF PEAK,482,21,93
99990003,7119-PR,PRESCRIBED AND COUNTER,BOTH,ALL VEHICLES,2024,WEEKDAYS,28538,-1,-1
99990003,7119-PR,PRESCRIBED,WEST,ALL VEHICLES,2024,WEEKDAYS,13611,-1,-1
99990003,7119-PR,PRESCRIBED AND COUNTER,BOTH,HEAVY VEHICLES,2024,OFF PEAK,912,-1,-1
99990003,7119-PR,COUNTER,EAST,ALL VEHICLES,2024,WEEKDAYS,14927,-1,-1
99990003,7119-PR,PRESCRIBED,WEST,HEAVY VEHICLES,2024,PM PEAK,210,27,88
99990003,7119-PR,COUNTER,EAST,HEAVY VEHICLES,2024,AM PEAK,348,38,93
99990003,7119-PR,COUNTER,EAST,HEAVY VEHICLES,2024,ALL DAYS,912,21,93
99990003,7119-PR,PRESCRIBED AND COUNTER,BOTH,HEAVY VEHICLES,2024,PM PEAK,425,-1,-1
99990003,7119-PR,PRESCRIBED,WEST,HEAVY VEHICLES,2024,WEEKDAYS,859,-1,-1
99990003,7119-PR,PRESCRIBED,WEST,LIGHT VEHICLES,2024,WEEKDAYS,12752,-1,-1
99990003,7119-PR,PRESCRIBED,WEST,ALL VEHICLES,2024,AM PEAK,2235,-1,-1
99990003,7119-PR,COUNTER,EAST,HEAVY VEHICLES,2024,PM PEAK,215,26,92
99990003,7119-PR,PRESCRIBED AND COUNTER,BOTH,HEAVY VEHICLES,2024,ALL DAYS,1653,-1,-1
99990003,7119-PR,COUNTER,EAST,ALL VEHICLES,2024,WEEKENDS,13430,-1,-1
99990003,7119-PR,PRESCRIBED,WEST,HEAVY VEHICLES,2024,ALL DAYS,741,19,90
99990003,7119-PR,PRESCRIBED AND COUNTER,BOTH,LIGHT VEHICLES,2024,OFF PEAK,13589,-1,-1
99990003,7119-PR,COUNTER,EAST,ALL VEHICLES,2024,PM PEAK,3703,-1,-1
99990003,7119-PR,PRESCRIBED,WEST,LIGHT VEHICLES,2024,PM PEAK,3875,77,88
99990003,7119-PR,PRESCRIBED,WEST,HEAVY VEHICLES,2024,AM PEAK,219,31,88
99990003,7119-PR,COUNTER,EAST,LIGHT VEHICLES,2024,OFF PEAK,6728,61,91
99990003,7119-PR,PRESCRIBED,WEST,ALL VEHICLES,2024,ALL DAYS,13922,-1,-1
99990003,7119-PR,PRESCRIBED,WEST,ALL VEHICLES,2024,OFF PEAK,7291,-1,-1
99990003,7119-PR,PRESCRIBED AND COUNTER,BOTH,LIGHT VEHICLES,2024,ALL DAYS,27100,-1,-1
99990003,7119-PR,PRESCRIBED AND COUNTER,BOTH,ALL VEHICLES,2024,WEEKENDS,26828,-1,-1
99990003,7119-PR,PRESCRIBED,WEST,HEAVY VEHICLES,2024,OFF PEAK,430,20,88
99990003,7119-PR,COUNTER,EAST,ALL VEHICLES,2024,OFF PEAK,7210,-1,-1
99990003,7119-PR,PRESCRIBED,WEST,ALL VEHICLES,2024,WEEKENDS,13398,-1,-1
99990003,7119-PR,PRESCRIBED,WEST,LIGHT VEHICLES,2024,OFF PEAK,6861,54,88
99990003,7119-PR,PRESCRIBED AND COUNTER,BOTH,HEAVY VEHICLES,2024,WEEKDAYS,1904,-1,-1
99990003,7119-PR,PRESCRIBED,WEST,LIGHT VEHICLES,2024,WEEKENDS,12978,-1,-1
99990003,7119-PR,PRESCRIBED,WEST,ALL VEHICLES,2024,PM PEAK,4085,-1,-1
99990003,7119-PR,PRESCRIBED AND COUNTER,BOTH,LIGHT VEHICLES,2024,AM PEAK,5682,-1,-1
99990003,7119-PR,PRESCRIBED AND COUNTER,BOTH,ALL VEHICLES,2024,OFF PEAK,14501,-1,-1
99990003,7119-PR,PRESCRIBED AND COUNTER,BOTH,ALL VEHICLES,2024,PM PEAK,7788,-1,-1
99990003,7119-PR,PRESCRIBED AND COUNTER,BOTH,HEAVY VEHICLES,2024,WEEKENDS,986,-1,-1
99990003,7119-PR,PRESCRIBED AND COUNTER,BOTH,LIGHT VEHICLES,2024,WEEKDAYS,26634,-1,-1
99990003,7119-PR,PRESCRIBED,WEST,LIGHT VEHICLES,2024,ALL DAYS,13181,58,89
99990004,7123-PR,COUNTER,EAST,LIGHT VEHICLES,2024,PM PEAK,2515,73,90
99990004,7123-PR,COUNTER,EAST,ALL VEHICLES,2024,ALL DAYS,10241,-1,-1
99990004,7123-PR,COUNTER,EAST,HEAVY VEHICLES,2024,ALL DAYS,945,21,92
99990004,7123-PR,PRESCRIBED,WEST,ALL VEHICLES,2024,ALL DAYS,10921,-1,-1
99990004,7123-PR,PRESCRIBED AND COUNTER,BOTH,HEAVY VEHICLES,2024,OFF PEAK,1104,-1,-1
99990004,7123-PR,COUNTER,EAST,LIGHT VEHICLES,2024,WEEKDAYS,9742,-1,-1
99990004,7123-PR,PRESCRIBED,WEST,LIGHT VEHICLES,2024,OFF PEAK,4856,60,85
99990004,7123-PR,COUNTER,EAST,HEAVY VEHICLES,2024,OFF PEAK,553,20,91
99990004,7123-PR,PRESCRIBED,WEST,ALL VEHICLES,2024,PM PEAK,3406,-1,-1
99990004,7123-PR,PRESCRIBED AND COUNTER,BOTH,ALL VEHICLES,2024,WEEKDAYS,22010,-1,-1
99990004,7123-PR,PRESCRIBED AND COUNTER,BOTH,LIGHT VEHICLES,2024,PM PEAK,5676,-1,-1
99990004,7123-PR,PRESCRIBED,WEST,HEAVY VEHICLES,2024,AM PEAK,263,33,85
99990004,7123-PR,COUNTER,EAST,HEAVY VEHICLES,2024,AM PEAK,311,37,92
99990004,7123-PR,PRESCRIBED,WEST,HEAVY VEHICLES,2024,ALL DAYS,954,21,89
99990004,7123-PR,PRESCRIBED,WEST,HEAVY VEHICLES,2024,WEEKDAYS,1059,-1,-1
99990004,7123-PR,COUNTER,EAST,ALL VEHICLES,2024,AM PEAK,2814,-1,-1
99990004,7123-PR,COUNTER,EAST,HEAVY VEHICLES,2024,WEEKDAYS,1066,-1,-1
99990004,7123-PR,PRESCRIBED AND COUNTER,BOTH,ALL VEHICLES,2024,WEEKENDS,17551,-1,-1
99990004,7123-PR,COUNTER,EAST,ALL VEHICLES,2024,PM PEAK,2717,-1,-1
99990004,7123-PR,PRESCRIBED,WEST,ALL VEHICLES,2024,WEEKENDS,9213,-1,-1
99990004,7123-PR,PRESCRIBED,WEST,ALL VEHICLES,2024,OFF PEAK,5407,-1,-1
99990004,7123-PR,PRESCRIBED,WEST,LIGHT VEHICLES,2024,WEEKDAYS,10143,-1,-1
99990004,7123-PR,PRESCRIBED AND COUNTER,BOTH,LIGHT VEHICLES,2024,OFF PEAK,9580,-1,-1
99990004,7123-PR,PRESCRIBED AND COUNTER,BOTH,HEAVY VEHICLES,2024,ALL DAYS,1899,-1,-1
99990004,7123-PR,COUNTER,EAST,LIGHT VEHICLES,2024,ALL DAYS,9296,64,92
99990004,7123-PR,PRESCRIBED,WEST,ALL VEHICLES,2024,AM PEAK,2389,-1,-1
99990004,7123-PR,PRESCRIBED AND COUNTER,BOTH,HEAVY VEHICLES,2024,AM PEAK,574,-1,-1
99990004,7123-PR,PRESCRIBED AND COUNTER,BOTH,ALL VEHICLES,2024,OFF PEAK,10684,-1,-1
99990004,7123-PR,COUNTER,EAST,HEAVY VEHICLES,2024,PM PEAK,202,24,91
99990004,7123-PR,PRESCRIBED,WEST,HEAVY VEHICLES,2024,PM PEAK,245,29,87
99990004,7123-PR,COUNTER,EAST,ALL VEHICLES,2024,WEEKENDS,8338,-1,-1
99990004,7123-PR,PRESCRIBED AND COUNTER,BOTH,HEAVY VEHICLES,2024,WEEKENDS,1280,-1,-1
99990004,7123-PR,PRESCRIBED,WEST,LIGHT VEHICLES,2024,AM PEAK,2126,71,84
99990004,7123-PR,PRESCRIBED,WEST,LIGHT VEHICLES,2024,WEEKENDS,8571,-1,-1
99990004,7123-PR,COUNTER,EAST,HEAVY VEHICLES,2024,WEEKENDS,638,-1,-1
99990004,7123-PR,PRESCRIBED AND COUNTER,BOTH,LIGHT VEHICLES,2024,AM PEAK,4629,-1,-1
99990004,7123-PR,PRESCRIBED AND COUNTER,BOTH,LIGHT VEHICLES,2024,ALL DAYS,19263,-1,-1
99990004,7123-PR,COUNTER,EAST,LIGHT VEHICLES,2024,WEEKENDS,7700,-1,-1
99990004,7123-PR,PRESCRIBED,WEST,HEAVY VEHICLES,2024,WEEKENDS,642,-1,-1
99990004,7123-PR,PRESCRIBED AND COUNTER,BOTH,HEAVY VEHICLES,2024,WEEKDAYS,2125,-1,-1
99990004,7123-PR,PRESCRIBED AND COUNTER,BOTH,LIGHT VEHICLES,2024,WEEKDAYS,19885,-1,-1
99990004,7123-PR,PRESCRIBED,WEST,LIGHT VEHICLES,2024,PM PEAK,3161,76,87
99990004,7123-PR,COUNTER,EAST,ALL VEHICLES,2024,OFF PEAK,5277,-1,-1
99990004,7123-PR,PRESCRIBED AND COUNTER,BOTH,LIGHT VEHICLES,2024,WEEKENDS,16271,-1,-1
99990004,7123-PR,PRESCRIBED AND COUNTER,BOTH,ALL VEHICLES,2024,PM PEAK,6123,-1,-1
99990004,7123-PR,PRESCRIBED,WEST,HEAVY VEHICLES,2024,OFF PEAK,551,22,86
99990004,7123-PR,PRESCRIBED AND COUNTER,BOTH,HEAVY VEHICLES,2024,PM PEAK,447,-1,-1
99990004,7123-PR,PRESCRIBED,WEST,LIGHT VEHICLES,2024,ALL DAYS,9967,64,88
99990004,7123-PR,PRESCRIBED AND COUNTER,BOTH,ALL VEHICLES,2024,ALL DAYS,21162,-1,-1
99990004,7123-PR,PRESCRIBED AND COUNTER,BOTH,ALL VEHICLES,2024,AM PEAK,5203,-1,-1
99990004,7123-PR,COUNTER,EAST,ALL VEHICLES,2024,WEEKDAYS,10808,-1,-1
99990004,7123-PR,COUNTER,EAST,LIGHT VEHICLES,2024,OFF PEAK,4724,61,91
99990004,7123-PR,COUNTER,EAST,LIGHT VEHICLES,2024,AM PEAK,2503,75,92
99990004,7123-PR,PRESCRIBED,WEST,ALL VEHICLES,2024,WEEKDAYS,11202,-1,-1
99990010,9836-PR,COUNTER,EAST,LIGHT VEHICLES,2024,WEEKDAYS,24069,-1,-1
99990010,9836-PR,COUNTER,EAST,ALL VEHICLES,2024,OFF PEAK,12360,-1,-1
99990010,9836-PR,COUNTER,EAST,HEAVY VEHICLES,2024,WEEKENDS,805,-1,-1
99990010,9836-PR,COUNTER,EAST,ALL VEHICLES,2024,PM PEAK,6457,-1,-1
99990010,9836-PR,COUNTER,EAST,HEAVY VEHICLES,2024,PM PEAK,270,24,90
99990010,9836-PR,COUNTER,EAST,HEAVY VEHICLES,2024,AM PEAK,571,39,91
99990010,9836-PR,COUNTER,EAST,HEAVY VEHICLES,2024,ALL DAYS,1428,23,92
99990010,9836-PR,COUNTER,EAST,ALL VEHICLES,2024,AM PEAK,6901,-1,-1
99990010,9836-PR,COUNTER,EAST,LIGHT VEHICLES,2024,ALL DAYS,24256,70,92
99990010,9836-PR,COUNTER,EAST,ALL VEHICLES,2024,WEEKDAYS,25718,-1,-1
99990010,9836-PR,COUNTER,EAST,LIGHT VEHICLES,2024,AM PEAK,6330,85,91
99990010,9836-PR,COUNTER,EAST,HEAVY VEHICLES,2024,OFF PEAK,808,25,91
99990010,9836-PR,COUNTER,EAST,ALL VEHICLES,2024,WEEKENDS,24206,-1,-1
99990010,9836-PR,COUNTER,EAST,LIGHT VEHICLES,2024,PM PEAK,6187,87,90
99990010,9836-PR,COUNTER,EAST,HEAVY VEHICLES,2024,WEEKDAYS,1649,-1,-1
99990010,9836-PR,COUNTER,EAST,LIGHT VEHICLES,2024,WEEKENDS,23401,-1,-1
99990010,9836-PR,COUNTER,EAST,LIGHT VEHICLES,2024,OFF PEAK,11552,63,90
99990010,9836-PR,COUNTER,EAST,ALL VEHICLES,2024,ALL DAYS,25684,-1,-1
99990013,9834-PR,COUNTER,EAST,HEAVY VEHICLES,2024,WEEKENDS,589,-1,-1
99990013,9834-PR,COUNTER,EAST,LIGHT VEHICLES,2024,PM PEAK,2601,41,77
99990013,9834-PR,COUNTER,EAST,ALL VEHICLES,2024,ALL DAYS,11380,-1,-1
99990013,9834-PR,COUNTER,EAST,ALL VEHICLES,2024,WEEKDAYS,11009,-1,-1
99990013,9834-PR,COUNTER,EAST,HEAVY VEHICLES,2024,AM PEAK,289,27,80
99990013,9834-PR,COUNTER,EAST,ALL VEHICLES,2024,AM PEAK,3047,-1,-1
99990013,9834-PR,COUNTER,EAST,LIGHT VEHICLES,2024,OFF PEAK,4722,30,76
99990013,9834-PR,COUNTER,EAST,LIGHT VEHICLES,2024,AM PEAK,2758,43,78
99990013,9834-PR,COUNTER,EAST,LIGHT VEHICLES,2024,ALL DAYS,10508,33,71
99990013,9834-PR,COUNTER,EAST,HEAVY VEHICLES,2024,OFF PEAK,424,11,79
99990013,9834-PR,COUNTER,EAST,HEAVY VEHICLES,2024,ALL DAYS,872,11,78
99990013,9834-PR,COUNTER,EAST,LIGHT VEHICLES,2024,WEEKENDS,9389,-1,-1
99990013,9834-PR,COUNTER,EAST,ALL VEHICLES,2024,OFF PEAK,5146,-1,-1
99990013,9834-PR,COUNTER,EAST,LIGHT VEHICLES,2024,WEEKDAYS,10081,-1,-1
99990013,9834-PR,COUNTER,EAST,ALL VEHICLES,2024,PM PEAK,2816,-1,-1
99990013,9834-PR,COUNTER,EAST,ALL VEHICLES,2024,WEEKENDS,9978,-1,-1
99990013,9834-PR,COUNTER,EAST,HEAVY VEHICLES,2024,WEEKDAYS,928,-1,-1
99990013,9834-PR,COUNTER,EAST,HEAVY VEHICLES,2024,PM PEAK,215,15,76
99990014,T0479-PR,PRESCRIBED AND COUNTER,BOTH,HEAVY VEHICLES,2024,WEEKDAYS,8387,-1,-1
99990014,T0479-PR,PRESCRIBED AND COUNTER,BOTH,ALL VEHICLES,2024,WEEKDAYS,72467,-1,-1
99990014,T0479-PR,COUNTER,SOUTH,LIGHT VEHICLES,2024,AM PEAK,9289,95,87
99990014,T0479-PR,COUNTER,SOUTH,LIGHT VEHICLES,2024,ALL DAYS,33908,86,88
99990014,T0479-PR,COUNTER,SOUTH,LIGHT VEHICLES,2024,PM PEAK,7343,93,86
99990014,T0479-PR,PRESCRIBED,NORTH,ALL VEHICLES,2024,WEEKDAYS,37012,-1,-1
99990014,T0479-PR,PRESCRIBED,NORTH,LIGHT VEHICLES,2024,OFF PEAK,15460,64,85
99990014,T0479-PR,PRESCRIBED,NORTH,ALL VEHICLES,2024,ALL DAYS,37691,-1,-1
99990014,T0479-PR,PRESCRIBED AND COUNTER,BOTH,HEAVY VEHICLES,2024,WEEKENDS,5438,-1,-1
99990014,T0479-PR,COUNTER,SOUTH,HEAVY VEHICLES,2024,PM PEAK,843,34,85
99990014,T0479-PR,PRESCRIBED,NORTH,LIGHT VEHICLES,2024,PM PEAK,10912,72,85
99990014,T0479-PR,COUNTER,SOUTH,HEAVY VEHICLES,2024,OFF PEAK,2005,20,86
99990014,T0479-PR,COUNTER,SOUTH,ALL VEHICLES,2024,PM PEAK,8186,-1,-1
99990014,T0479-PR,PRESCRIBED,NORTH,ALL VEHICLES,2024,OFF PEAK,17466,-1,-1
99990014,T0479-PR,COUNTER,SOUTH,ALL VEHICLES,2024,AM PEAK,10421,-1,-1
99990014,T0479-PR,PRESCRIBED AND COUNTER,BOTH,HEAVY VEHICLES,2024,AM PEAK,2226,-1,-1
99990014,T0479-PR,PRESCRIBED AND COUNTER,BOTH,LIGHT VEHICLES,2024,ALL DAYS,67658,-1,-1
99990014,T0479-PR,PRESCRIBED,NORTH,LIGHT VEHICLES,2024,AM PEAK,6233,72,84
99990014,T0479-PR,PRESCRIBED,NORTH,LIGHT VEHICLES,2024,ALL DAYS,33750,67,89
99990014,T0479-PR,PRESCRIBED,NORTH,LIGHT VEHICLES,2024,WEEKDAYS,32605,-1,-1
99990014,T0479-PR,PRESCRIBED AND COUNTER,BOTH,LIGHT VEHICLES,2024,PM PEAK,18255,-1,-1
99990014,T0479-PR,PRESCRIBED,NORTH,HEAVY VEHICLES,2024,WEEKDAYS,4407,-1,-1
99990014,T0479-PR,PRESCRIBED,NORTH,HEAVY VEHICLES,2024,AM PEAK,1094,27,83
99990014,T0479-PR,PRESCRIBED AND COUNTER,BOTH,ALL VEHICLES,2024,PM PEAK,20405,-1,-1
99990014,T0479-PR,PRESCRIBED AND COUNTER,BOTH,ALL VEHICLES,2024,AM PEAK,17748,-1,-1
99990014,T0479-PR,PRESCRIBED AND COUNTER,BOTH,HEAVY VEHICLES,2024,PM PEAK,2150,-1,-1
99990014,T0479-PR,PRESCRIBED,NORTH,LIGHT VEHICLES,2024,WEEKENDS,35271,-1,-1
99990014,T0479-PR,COUNTER,SOUTH,ALL VEHICLES,2024,ALL DAYS,37548,-1,-1
99990014,T0479-PR,PRESCRIBED,NORTH,HEAVY VEHICLES,2024,ALL DAYS,3941,18,88
99990014,T0479-PR,PRESCRIBED AND COUNTER,BOTH,ALL VEHICLES,2024,OFF PEAK,34314,-1,-1
99990014,T0479-PR,COUNTER,SOUTH,ALL VEHICLES,2024,OFF PEAK,16848,-1,-1
99990014,T0479-PR,COUNTER,SOUTH,LIGHT VEHICLES,2024,WEEKDAYS,31475,-1,-1
99990014,T0479-PR,PRESCRIBED,NORTH,ALL VEHICLES,2024,PM PEAK,12219,-1,-1
99990014,T0479-PR,PRESCRIBED,NORTH,HEAVY VEHICLES,2024,OFF PEAK,2006,16,84
99990014,T0479-PR,COUNTER,SOUTH,HEAVY VEHICLES,2024,ALL DAYS,3640,22,88
99990014,T0479-PR,COUNTER,SOUTH,LIGHT VEHICLES,2024,OFF PEAK,14843,83,87
99990014,T0479-PR,PRESCRIBED,NORTH,ALL VEHICLES,2024,AM PEAK,7327,-1,-1
99990014,T0479-PR,COUNTER,SOUTH,HEAVY VEHICLES,2024,WEEKDAYS,3980,-1,-1
99990014,T0479-PR,COUNTER,SOUTH,ALL VEHICLES,2024,WEEKENDS,39515,-1,-1
99990014,T0479-PR,PRESCRIBED AND COUNTER,BOTH,HEAVY VEHICLES,2024,ALL DAYS,7581,-1,-1
99990014,T0479-PR,PRESCRIBED AND COUNTER,BOTH,LIGHT VEHICLES,2024,WEEKDAYS,64080,-1,-1
99990014,T0479-PR,COUNTER,SOUTH,HEAVY VEHICLES,2024,AM PEAK,1132,33,86
99990014,T0479-PR,PRESCRIBED AND COUNTER,BOTH,LIGHT VEHICLES,2024,AM PEAK,15522,-1,-1
99990014,T0479-PR,PRESCRIBED AND COUNTER,BOTH,LIGHT VEHICLES,2024,OFF PEAK,30303,-1,-1
99990014,T0479-PR,PRESCRIBED,NORTH,ALL VEHICLES,2024,WEEKENDS,38032,-1,-1
99990014,T0479-PR,PRESCRIBED,NORTH,HEAVY VEHICLES,2024,WEEKENDS,2761,-1,-1
99990014,T0479-PR,COUNTER,SOUTH,ALL VEHICLES,2024,WEEKDAYS,35455,-1,-1
99990014,T0479-PR,PRESCRIBED AND COUNTER,BOTH,HEAVY VEHICLES,2024,OFF PEAK,4011,-1,-1
99990014,T0479-PR,PRESCRIBED AND COUNTER,BOTH,LIGHT VEHICLES,2024,WEEKENDS,72109,-1,-1
99990014,T0479-PR,PRESCRIBED,NORTH,HEAVY VEHICLES,2024,PM PEAK,1307,26,84
99990014,T0479-PR,PRESCRIBED AND COUNTER,BOTH,ALL VEHICLES,2024,WEEKENDS,77547,-1,-1
99990014,T0479-PR,PRESCRIBED AND COUNTER,BOTH,ALL VEHICLES,2024,ALL DAYS,75239,-1,-1
99990014,T0479-PR,COUNTER,SOUTH,LIGHT VEHICLES,2024,WEEKENDS,36838,-1,-1
99990014,T0479-PR,COUNTER,SOUTH,HEAVY VEHICLES,2024,WEEKENDS,2677,-1,-1
