station_key,station_id,traffic_direction_name,cardinal_direction_name,classification_type,year,period,traffic_count,data_availability,data_reliability
55304,1003,COUNTER,SOUTH,UNCLASSIFIED,2019,OFF PEAK,19864,90,99
55304,1003,PRESCRIBED AND COUNTER,BOTH,UNCLASSIFIED,2019,AM PEAK,25560,-1,-1
55304,1003,COUNTER,SOUTH,UNCLASSIFIED,2019,WEEKDAYS,41756,-1,-1
55304,1003,PRESCRIBED AND COUNTER,BOTH,UNCLASSIFIED,2019,WEEKENDS,81710,-1,-1
55304,1003,PRESCRIBED,NORTH,UNCLASSIFIED,2019,WEEKDAYS,49902,-1,-1
55304,1003,PRESCRIBED,NORTH,UNCLASSIFIED,2019,PM PEAK,13626,91,95
55304,1003,PRESCRIBED AND COUNTER,BOTH,UNCLASSIFIED,2019,PUBLIC HOLIDAYS,67828,-1,-1
55304,1003,COUNTER,SOUTH,UNCLASSIFIED,2019,ALL DAYS,40987,90,99
55304,1003,PRESCRIBED,NORTH,UNCLASSIFIED,2019,OFF PEAK,23307,90,98
55304,1003,PRESCRIBED,NORTH,UNCLASSIFIED,2019,WEEKENDS,42400,-1,-1
55304,1003,PRESCRIBED,NORTH,UNCLASSIFIED,2019,PUBLIC HOLIDAYS,34579,61,100
55304,1003,PRESCRIBED,NORTH,UNCLASSIFIED,2019,AM PEAK,12969,90,91
55304,1003,COUNTER,SOUTH,UNCLASSIFIED,2019,WEEKENDS,39310,-1,-1
55304,1003,COUNTER,SOUTH,UNCLASSIFIED,2019,PUBLIC HOLIDAYS,33249,61,100
55304,1003,COUNTER,SOUTH,UNCLASSIFIED,2019,AM PEAK,12591,90,92
55304,1003,COUNTER,SOUTH,UNCLASSIFIED,2019,PM PEAK,9301,91,100
55304,1003,PRESCRIBED AND COUNTER,BOTH,UNCLASSIFIED,2019,PM PEAK,22927,-1,-1
55304,1003,PRESCRIBED AND COUNTER,BOTH,UNCLASSIFIED,2019,WEEKDAYS,91658,-1,-1
55304,1003,PRESCRIBED,NORTH,UNCLASSIFIED,2019,ALL DAYS,47766,90,97
55304,1003,PRESCRIBED AND COUNTER,BOTH,UNCLASSIFIED,2019,OFF PEAK,43171,-1,-1
55304,1003,PRESCRIBED AND COUNTER,BOTH,UNCLASSIFIED,2019,ALL DAYS,88753,-1,-1
55306,1004,PRESCRIBED,NORTH,UNCLASSIFIED,2019,AM PEAK,10575,99,88
55306,1004,PRESCRIBED,NORTH,UNCLASSIFIED,2019,ALL DAYS,41754,99,95
55306,1004,PRESCRIBED,NORTH,UNCLASSIFIED,2019,WEEKDAYS,43574,-1,-1
55306,1004,PRESCRIBED,NORTH,UNCLASSIFIED,2019,WEEKENDS,36917,-1,-1
55306,1004,PRESCRIBED,NORTH,UNCLASSIFIED,2019,PM PEAK,12420,99,93
55306,1004,PRESCRIBED,NORTH,UNCLASSIFIED,2019,PUBLIC HOLIDAYS,28461,76,100
55306,1004,PRESCRIBED,NORTH,UNCLASSIFIED,2019,OFF PEAK,20579,99,98
55307,1011,COUNTER,SOUTH,UNCLASSIFIED,2019,AM PEAK,6751,95,85
55307,1011,PRESCRIBED AND COUNTER,BOTH,UNCLASSIFIED,2019,AM PEAK,10861,-1,-1
55307,1011,PRESCRIBED,NORTH,UNCLASSIFIED,2019,WEEKDAYS,19115,-1,-1
55307,1011,PRESCRIBED AND COUNTER,BOTH,UNCLASSIFIED,2019,PM PEAK,11334,-1,-1
55307,1011,PRESCRIBED AND COUNTER,BOTH,UNCLASSIFIED,2019,OFF PEAK,19252,-1,-1
55307,1011,COUNTER,SOUTH,UNCLASSIFIED,2019,OFF PEAK,9280,95,95
55307,1011,PRESCRIBED,NORTH,UNCLASSIFIED,2019,ALL DAYS,18129,96,96
55307,1011,COUNTER,SOUTH,UNCLASSIFIED,2019,PUBLIC HOLIDAYS,11791,69,100
55307,1011,PRESCRIBED AND COUNTER,BOTH,UNCLASSIFIED,2019,ALL DAYS,38603,-1,-1
55307,1011,PRESCRIBED,NORTH,UNCLASSIFIED,2019,PM PEAK,5033,96,96
55307,1011,PRESCRIBED,NORTH,UNCLASSIFIED,2019,OFF PEAK,9972,95,96
55307,1011,PRESCRIBED AND COUNTER,BOTH,UNCLASSIFIED,2019,WEEKENDS,31567,-1,-1
55307,1011,PRESCRIBED,NORTH,UNCLASSIFIED,2019,PUBLIC HOLIDAYS,12032,69,100
55307,1011,PRESCRIBED AND COUNTER,BOTH,UNCLASSIFIED,2019,WEEKDAYS,41447,-1,-1
55307,1011,PRESCRIBED,NORTH,UNCLASSIFIED,2019,AM PEAK,4110,95,89
55307,1011,PRESCRIBED AND COUNTER,BOTH,UNCLASSIFIED,2019,PUBLIC HOLIDAYS,23823,-1,-1
55307,1011,COUNTER,SOUTH,UNCLASSIFIED,2019,PM PEAK,6301,95,93
55307,1011,COUNTER,SOUTH,UNCLASSIFIED,2019,WEEKENDS,15837,-1,-1
55307,1011,PRESCRIBED,NORTH,UNCLASSIFIED,2019,WEEKENDS,15730,-1,-1
55307,1011,COUNTER,SOUTH,UNCLASSIFIED,2019,ALL DAYS,20474,95,93
55307,1011,COUNTER,SOUTH,UNCLASSIFIED,2019,WEEKDAYS,22332,-1,-1
55329,2062,COUNTER,NORTH,UNCLASSIFIED,2019,OFF PEAK,7428,84,98
55329,2062,PRESCRIBED AND COUNTER,BOTH,UNCLASSIFIED,2019,PM PEAK,7514,-1,-1
55329,2062,PRESCRIBED,SOUTH,UNCLASSIFIED,2019,PUBLIC HOLIDAYS,10190,69,100
55329,2062,COUNTER,NORTH,UNCLASSIFIED,2019,ALL DAYS,15077,84,96
55329,2062,PRESCRIBED,SOUTH,UNCLASSIFIED,2019,OFF PEAK,7541,85,99
55329,2062,PRESCRIBED AND COUNTER,BOTH,UNCLASSIFIED,2019,WEEKENDS,26612,-1,-1
55329,2062,PRESCRIBED AND COUNTER,BOTH,UNCLASSIFIED,2019,OFF PEAK,14969,-1,-1
55329,2062,COUNTER,NORTH,UNCLASSIFIED,2019,PM PEAK,3341,85,99
55329,2062,PRESCRIBED,SOUTH,UNCLASSIFIED,2019,WEEKDAYS,13659,-1,-1
55329,2062,PRESCRIBED,SOUTH,UNCLASSIFIED,2019,WEEKENDS,12911,-1,-1
55329,2062,COUNTER,NORTH,UNCLASSIFIED,2019,AM PEAK,4797,83,83
55329,2062,PRESCRIBED,SOUTH,UNCLASSIFIED,2019,ALL DAYS,13434,85,98
55329,2062,PRESCRIBED AND COUNTER,BOTH,UNCLASSIFIED,2019,PUBLIC HOLIDAYS,20884,-1,-1
55329,2062,COUNTER,NORTH,UNCLASSIFIED,2019,WEEKDAYS,15566,-1,-1
55329,2062,COUNTER,NORTH,UNCLASSIFIED,2019,WEEKENDS,13701,-1,-1
55329,2062,PRESCRIBED,SOUTH,UNCLASSIFIED,2019,PM PEAK,4173,86,94
55329,2062,PRESCRIBED AND COUNTER,BOTH,UNCLASSIFIED,2019,AM PEAK,6742,-1,-1
55329,2062,PRESCRIBED AND COUNTER,BOTH,UNCLASSIFIED,2019,ALL DAYS,28511,-1,-1
55329,2062,PRESCRIBED,SOUTH,UNCLASSIFIED,2019,AM PEAK,1945,85,91
55329,2062,COUNTER,NORTH,UNCLASSIFIED,2019,PUBLIC HOLIDAYS,10694,69,100
55329,2062,PRESCRIBED AND COUNTER,BOTH,UNCLASSIFIED,2019,WEEKDAYS,29225,-1,-1
55348,2243,PRESCRIBED,NORTH,UNCLASSIFIED,2019,WEEKENDS,10584,-1,-1
55348,2243,PRESCRIBED,NORTH,UNCLASSIFIED,2019,AM PEAK,2955,95,90
55348,2243,PRESCRIBED AND COUNTER,BOTH,UNCLASSIFIED,2019,PUBLIC HOLIDAYS,19350,-1,-1
55348,2243,COUNTER,SOUTH,UNCLASSIFIED,2019,OFF PEAK,8375,95,98
55348,2243,PRESCRIBED AND COUNTER,BOTH,UNCLASSIFIED,2019,WEEKENDS,25247,-1,-1
55348,2243,PRESCRIBED,NORTH,UNCLASSIFIED,2019,WEEKDAYS,10992,-1,-1
55348,2243,COUNTER,SOUTH,UNCLASSIFIED,2019,WEEKENDS,14663,-1,-1
55348,2243,PRESCRIBED,NORTH,UNCLASSIFIED,2019,PUBLIC HOLIDAYS,8710,69,100
55348,2243,PRESCRIBED AND COUNTER,BOTH,UNCLASSIFIED,2019,ALL DAYS,27226,-1,-1
55348,2243,PRESCRIBED AND COUNTER,BOTH,UNCLASSIFIED,2019,PM PEAK,7883,-1,-1
55348,2243,PRESCRIBED,NORTH,UNCLASSIFIED,2019,OFF PEAK,5629,96,99
55348,2243,COUNTER,SOUTH,UNCLASSIFIED,2019,ALL DAYS,16345,95,95
55348,2243,PRESCRIBED,NORTH,UNCLASSIFIED,2019,PM PEAK,2408,96,98
55348,2243,COUNTER,SOUTH,UNCLASSIFIED,2019,AM PEAK,3097,95,88
55348,2243,PRESCRIBED AND COUNTER,BOTH,UNCLASSIFIED,2019,AM PEAK,6052,-1,-1
55348,2243,COUNTER,SOUTH,UNCLASSIFIED,2019,PUBLIC HOLIDAYS,10640,69,100
55348,2243,PRESCRIBED AND COUNTER,BOTH,UNCLASSIFIED,2019,OFF PEAK,14004,-1,-1
55348,2243,PRESCRIBED AND COUNTER,BOTH,UNCLASSIFIED,2019,WEEKDAYS,27939,-1,-1
55348,2243,COUNTER,SOUTH,UNCLASSIFIED,2019,WEEKDAYS,16947,-1,-1
55348,2243,COUNTER,SOUTH,UNCLASSIFIED,2019,PM PEAK,5475,96,91
55348,2243,PRESCRIBED,NORTH,UNCLASSIFIED,2019,ALL DAYS,10881,95,97
55363,2309,COUNTER,SOUTH,UNCLASSIFIED,2019,PUBLIC HOLIDAYS,7770,69,100
55363,2309,PRESCRIBED,NORTH,UNCLASSIFIED,2019,ALL DAYS,11189,89,93
55363,2309,COUNTER,SOUTH,UNCLASSIFIED,2019,AM PEAK,3586,89,91
55363,2309,PRESCRIBED,NORTH,UNCLASSIFIED,2019,WEEKDAYS,11712,-1,-1
55363,2309,PRESCRIBED AND COUNTER,BOTH,UNCLASSIFIED,2019,PUBLIC HOLIDAYS,16469,-1,-1
55363,2309,PRESCRIBED,NORTH,UNCLASSIFIED,2019,WEEKENDS,9902,-1,-1
55363,2309,PRESCRIBED,NORTH,UNCLASSIFIED,2019,OFF PEAK,6129,90,92
55363,2309,PRESCRIBED AND COUNTER,BOTH,UNCLASSIFIED,2019,ALL DAYS,23985,-1,-1
55363,2309,COUNTER,SOUTH,UNCLASSIFIED,2019,WEEKDAYS,13644,-1,-1
55363,2309,PRESCRIBED AND COUNTER,BOTH,UNCLASSIFIED,2019,PM PEAK,6326,-1,-1
55363,2309,PRESCRIBED,NORTH,UNCLASSIFIED,2019,PUBLIC HOLIDAYS,8699,69,100
55363,2309,PRESCRIBED AND COUNTER,BOTH,UNCLASSIFIED,2019,WEEKDAYS,25356,-1,-1
55363,2309,COUNTER,SOUTH,UNCLASSIFIED,2019,OFF PEAK,6582,90,97
55363,2309,PRESCRIBED AND COUNTER,BOTH,UNCLASSIFIED,2019,WEEKENDS,20576,-1,-1
55363,2309,COUNTER,SOUTH,UNCLASSIFIED,2019,WEEKENDS,10674,-1,-1
55363,2309,COUNTER,SOUTH,UNCLASSIFIED,2019,PM PEAK,3476,90,93
55363,2309,PRESCRIBED,NORTH,UNCLASSIFIED,2019,AM PEAK,2733,89,92
55363,2309,COUNTER,SOUTH,UNCLASSIFIED,2019,ALL DAYS,12796,89,96
55363,2309,PRESCRIBED,NORTH,UNCLASSIFIED,2019,PM PEAK,2850,90,91
55363,2309,PRESCRIBED AND COUNTER,BOTH,UNCLASSIFIED,2019,AM PEAK,6319,-1,-1
55363,2309,PRESCRIBED AND COUNTER,BOTH,UNCLASSIFIED,2019,OFF PEAK,12711,-1,-1
55385,2379,PRESCRIBED,EAST,UNCLASSIFIED,2019,AM PEAK,16344,80,88
55385,2379,PRESCRIBED,EAST,UNCLASSIFIED,2019,PM PEAK,11129,81,89
55385,2379,PRESCRIBED,EAST,UNCLASSIFIED,2019,ALL DAYS,52675,81,94
55385,2379,PRESCRIBED,EAST,UNCLASSIFIED,2019,PUBLIC HOLIDAYS,37914,69,100
55385,2379,PRESCRIBED,EAST,UNCLASSIFIED,2019,WEEKENDS,48453,-1,-1
55385,2379,PRESCRIBED,EAST,UNCLASSIFIED,2019,OFF PEAK,26685,81,94
55385,2379,PRESCRIBED,EAST,UNCLASSIFIED,2019,WEEKDAYS,54158,-1,-1
55393,2384,COUNTER,EAST,UNCLASSIFIED,2019,PUBLIC HOLIDAYS,13532,76,100
55393,2384,COUNTER,EAST,UNCLASSIFIED,2019,PM PEAK,4130,85,96
55393,2384,COUNTER,EAST,UNCLASSIFIED,2019,AM PEAK,4894,84,87
55393,2384,COUNTER,EAST,UNCLASSIFIED,2019,OFF PEAK,9681,84,98
55393,2384,COUNTER,EAST,UNCLASSIFIED,2019,WEEKDAYS,18705,-1,-1
55393,2384,COUNTER,EAST,UNCLASSIFIED,2019,ALL DAYS,18431,84,97
55393,2384,COUNTER,EAST,UNCLASSIFIED,2019,WEEKENDS,17834,-1,-1
55394,2385,PRESCRIBED,NORTH,UNCLASSIFIED,2019,PUBLIC HOLIDAYS,15829,76,100
55394,2385,PRESCRIBED,NORTH,UNCLASSIFIED,2019,WEEKENDS,21080,-1,-1
55394,2385,PRESCRIBED,NORTH,UNCLASSIFIED,2019,AM PEAK,6045,99,89
55394,2385,PRESCRIBED,NORTH,UNCLASSIFIED,2019,OFF PEAK,12525,99,98
55394,2385,PRESCRIBED,NORTH,UNCLASSIFIED,2019,PM PEAK,6315,100,95
55394,2385,PRESCRIBED,NORTH,UNCLASSIFIED,2019,ALL DAYS,23816,99,96
55394,2385,PRESCRIBED,NORTH,UNCLASSIFIED,2019,WEEKDAYS,24885,-1,-1
55411,2396,PRESCRIBED,SOUTH,UNCLASSIFIED,2019,WEEKDAYS,9673,-1,-1
55411,2396,PRESCRIBED AND COUNTER,BOTH,UNCLASSIFIED,2019,PM PEAK,4622,-1,-1
55411,2396,COUNTER,NORTH,UNCLASSIFIED,2019,AM PEAK,2654,86,96
55411,2396,COUNTER,NORTH,UNCLASSIFIED,2019,WEEKDAYS,9924,-1,-1
55411,2396,COUNTER,NORTH,UNCLASSIFIED,2019,WEEKENDS,9669,-1,-1
55411,2396,PRESCRIBED AND COUNTER,BOTH,UNCLASSIFIED,2019,PUBLIC HOLIDAYS,17121,-1,-1
55411,2396,PRESCRIBED AND COUNTER,BOTH,UNCLASSIFIED,2019,WEEKENDS,19444,-1,-1
55411,2396,COUNTER,NORTH,UNCLASSIFIED,2019,OFF PEAK,5378,86,98
55411,2396,PRESCRIBED AND COUNTER,BOTH,UNCLASSIFIED,2019,WEEKDAYS,19597,-1,-1
55411,2396,PRESCRIBED,SOUTH,UNCLASSIFIED,2019,PUBLIC HOLIDAYS,8328,53,100
55411,2396,COUNTER,NORTH,UNCLASSIFIED,2019,PUBLIC HOLIDAYS,8793,53,100
55411,2396,COUNTER,NORTH,UNCLASSIFIED,2019,PM PEAK,1892,86,100
55411,2396,PRESCRIBED,SOUTH,UNCLASSIFIED,2019,WEEKENDS,9775,-1,-1
55411,2396,PRESCRIBED AND COUNTER,BOTH,UNCLASSIFIED,2019,OFF PEAK,10958,-1,-1
55411,2396,COUNTER,NORTH,UNCLASSIFIED,2019,ALL DAYS,9825,86,99
55411,2396,PRESCRIBED,SOUTH,UNCLASSIFIED,2019,OFF PEAK,5580,86,99
55411,2396,PRESCRIBED,SOUTH,UNCLASSIFIED,2019,PM PEAK,2730,86,97
55411,2396,PRESCRIBED,SOUTH,UNCLASSIFIED,2019,ALL DAYS,9684,86,99
55411,2396,PRESCRIBED,SOUTH,UNCLASSIFIED,2019,AM PEAK,1363,86,97
55411,2396,PRESCRIBED AND COUNTER,BOTH,UNCLASSIFIED,2019,AM PEAK,4017,-1,-1
55411,2396,PRESCRIBED AND COUNTER,BOTH,UNCLASSIFIED,2019,ALL DAYS,19509,-1,-1
55423,2413,PRESCRIBED,NORTH,UNCLASSIFIED,2019,WEEKENDS,7713,-1,-1
55423,2413,PRESCRIBED,NORTH,UNCLASSIFIED,2019,PUBLIC HOLIDAYS,5565,76,100
55423,2413,PRESCRIBED,NORTH,UNCLASSIFIED,2019,OFF PEAK,4177,99,96
55423,2413,PRESCRIBED,NORTH,UNCLASSIFIED,2019,WEEKDAYS,8916,-1,-1
55423,2413,PRESCRIBED,NORTH,UNCLASSIFIED,2019,ALL DAYS,8607,99,95
55423,2413,PRESCRIBED,NORTH,UNCLASSIFIED,2019,AM PEAK,2774,100,88
55423,2413,PRESCRIBED,NORTH,UNCLASSIFIED,2019,PM PEAK,1965,100,92
55430,3018,COUNTER,SOUTH,UNCLASSIFIED,2019,WEEKDAYS,19993,-1,-1
55430,3018,COUNTER,SOUTH,UNCLASSIFIED,2019,OFF PEAK,9195,8,93
55430,3018,PRESCRIBED,NORTH,UNCLASSIFIED,2019,PUBLIC HOLIDAYS,14991,46,100
55430,3018,PRESCRIBED AND COUNTER,BOTH,UNCLASSIFIED,2019,PUBLIC HOLIDAYS,30700,-1,-1
55430,3018,COUNTER,SOUTH,UNCLASSIFIED,2019,WEEKENDS,15937,-1,-1
55430,3018,COUNTER,SOUTH,UNCLASSIFIED,2019,AM PEAK,4514,8,90
55430,3018,COUNTER,SOUTH,UNCLASSIFIED,2019,PUBLIC HOLIDAYS,15709,7,100
55430,3018,PRESCRIBED AND COUNTER,BOTH,UNCLASSIFIED,2019,WEEKENDS,34469,-1,-1
55430,3018,PRESCRIBED,NORTH,UNCLASSIFIED,2019,WEEKENDS,18532,-1,-1
55430,3018,PRESCRIBED AND COUNTER,BOTH,UNCLASSIFIED,2019,PM PEAK,11849,-1,-1
55430,3018,PRESCRIBED AND COUNTER,BOTH,UNCLASSIFIED,2019,AM PEAK,11434,-1,-1
55430,3018,PRESCRIBED,NORTH,UNCLASSIFIED,2019,ALL DAYS,21298,71,96
55430,3018,COUNTER,SOUTH,UNCLASSIFIED,2019,ALL DAYS,18931,8,90
55430,3018,PRESCRIBED AND COUNTER,BOTH,UNCLASSIFIED,2019,ALL DAYS,40229,-1,-1
55430,3018,PRESCRIBED,NORTH,UNCLASSIFIED,2019,AM PEAK,6920,71,92
55430,3018,PRESCRIBED,NORTH,UNCLASSIFIED,2019,WEEKDAYS,22139,-1,-1
55430,3018,PRESCRIBED,NORTH,UNCLASSIFIED,2019,PM PEAK,5565,72,98
55430,3018,PRESCRIBED AND COUNTER,BOTH,UNCLASSIFIED,2019,OFF PEAK,18849,-1,-1
55430,3018,COUNTER,SOUTH,UNCLASSIFIED,2019,PM PEAK,6284,9,95
55430,3018,PRESCRIBED,NORTH,UNCLASSIFIED,2019,OFF PEAK,9654,72,99
55430,3018,PRESCRIBED AND COUNTER,BOTH,UNCLASSIFIED,2019,WEEKDAYS,42132,-1,-1
55432,3022,COUNTER,EAST,UNCLASSIFIED,2019,AM PEAK,3027,84,95
55432,3022,COUNTER,EAST,UNCLASSIFIED,2019,ALL DAYS,12373,83,99
55432,3022,COUNTER,EAST,UNCLASSIFIED,2019,WEEKENDS,12350,-1,-1
55432,3022,COUNTER,EAST,UNCLASSIFIED,2019,OFF PEAK,6270,84,100
55432,3022,COUNTER,EAST,UNCLASSIFIED,2019,PM PEAK,3125,84,98
55432,3022,COUNTER,EAST,UNCLASSIFIED,2019,PUBLIC HOLIDAYS,10915,61,100
55432,3022,COUNTER,EAST,UNCLASSIFIED,2019,WEEKDAYS,12422,-1,-1
56602,100001,PRESCRIBED AND COUNTER,BOTH,LIGHT VEHICLES,2019,PUBLIC HOLIDAYS,29303,-1,-1
56602,100001,COUNTER,NORTH,HEAVY VEHICLES,2019,AM PEAK,684,53,96
56602,100001,PRESCRIBED AND COUNTER,BOTH,ALL VEHICLES,2019,OFF PEAK,21473,-1,-1
56602,100001,PRESCRIBED AND COUNTER,BOTH,ALL VEHICLES,2019,WEEKDAYS,43174,-1,-1
56602,100001,PRESCRIBED,SOUTH,ALL VEHICLES,2019,WEEKENDS,18222,-1,-1
56602,100001,PRESCRIBED AND COUNTER,BOTH,LIGHT VEHICLES,2019,WEEKENDS,34745,-1,-1
56602,100001,PRESCRIBED,SOUTH,LIGHT VEHICLES,2019,OFF PEAK,9489,56,94
56602,100001,PRESCRIBED AND COUNTER,BOTH,LIGHT VEHICLES,2019,OFF PEAK,19199,-1,-1
56602,100001,COUNTER,NORTH,HEAVY VEHICLES,2019,PUBLIC HOLIDAYS,447,12,87
56602,100001,PRESCRIBED,SOUTH,ALL VEHICLES,2019,PUBLIC HOLIDAYS,15316,-1,-1
56602,100001,PRESCRIBED,SOUTH,HEAVY VEHICLES,2019,PM PEAK,426,43,95
56602,100001,COUNTER,NORTH,ALL VEHICLES,2019,PUBLIC HOLIDAYS,14915,-1,-1
56602,100001,PRESCRIBED,SOUTH,HEAVY VEHICLES,2019,ALL DAYS,1756,34,97
56602,100001,COUNTER,NORTH,LIGHT VEHICLES,2019,WEEKENDS,17198,-1,-1
56602,100001,COUNTER,NORTH,ALL VEHICLES,2019,WEEKENDS,17859,-1,-1
56602,100001,COUNTER,NORTH,ALL VEHICLES,2019,ALL DAYS,20808,-1,-1
56602,100001,PRESCRIBED AND COUNTER,BOTH,LIGHT VEHICLES,2019,PM PEAK,10621,-1,-1
56602,100001,COUNTER,NORTH,HEAVY VEHICLES,2019,OFF PEAK,1120,37,96
56602,100001,PRESCRIBED AND COUNTER,BOTH,ALL VEHICLES,2019,ALL DAYS,41515,-1,-1
56602,100001,PRESCRIBED AND COUNTER,BOTH,LIGHT VEHICLES,2019,WEEKDAYS,38893,-1,-1
56602,100001,PRESCRIBED,SOUTH,HEAVY VEHICLES,2019,OFF PEAK,1154,37,95
56602,100001,COUNTER,NORTH,ALL VEHICLES,2019,WEEKDAYS,21726,-1,-1
56602,100001,COUNTER,NORTH,LIGHT VEHICLES,2019,AM PEAK,5331,69,96
56602,100001,COUNTER,NORTH,ALL VEHICLES,2019,OFF PEAK,10830,-1,-1
56602,100001,COUNTER,NORTH,HEAVY VEHICLES,2019,ALL DAYS,1761,35,97
56602,100001,PRESCRIBED,SOUTH,ALL VEHICLES,2019,AM PEAK,4296,-1,-1
56602,100001,PRESCRIBED,SOUTH,HEAVY VEHICLES,2019,WEEKENDS,675,-1,-1
56602,100001,COUNTER,NORTH,ALL VEHICLES,2019,AM PEAK,6015,-1,-1
56602,100001,COUNTER,NORTH,ALL VEHICLES,2019,PM PEAK,4881,-1,-1
56602,100001,COUNTER,NORTH,LIGHT VEHICLES,2019,PUBLIC HOLIDAYS,14468,34,92
56602,100001,PRESCRIBED,SOUTH,HEAVY VEHICLES,2019,WEEKDAYS,2134,-1,-1
56602,100001,PRESCRIBED AND COUNTER,BOTH,LIGHT VEHICLES,2019,AM PEAK,9073,-1,-1
56602,100001,COUNTER,NORTH,LIGHT VEHICLES,2019,OFF PEAK,9710,55,95
56602,100001,PRESCRIBED,SOUTH,ALL VEHICLES,2019,WEEKDAYS,21448,-1,-1
56602,100001,PRESCRIBED AND COUNTER,BOTH,HEAVY VEHICLES,2019,OFF PEAK,2274,-1,-1
56602,100001,PRESCRIBED AND COUNTER,BOTH,HEAVY VEHICLES,2019,ALL DAYS,3517,-1,-1
56602,100001,COUNTER,NORTH,HEAVY VEHICLES,2019,PM PEAK,343,41,96
56602,100001,COUNTER,NORTH,LIGHT VEHICLES,2019,PM PEAK,4538,66,95
56602,100001,PRESCRIBED AND COUNTER,BOTH,HEAVY VEHICLES,2019,PM PEAK,769,-1,-1
56602,100001,PRESCRIBED,SOUTH,LIGHT VEHICLES,2019,AM PEAK,3742,68,94
56602,100001,PRESCRIBED,SOUTH,ALL VEHICLES,2019,PM PEAK,6509,-1,-1
56602,100001,PRESCRIBED,SOUTH,ALL VEHICLES,2019,OFF PEAK,10643,-1,-1
56602,100001,PRESCRIBED,SOUTH,HEAVY VEHICLES,2019,PUBLIC HOLIDAYS,481,13,100
56602,100001,COUNTER,NORTH,HEAVY VEHICLES,2019,WEEKENDS,661,-1,-1
56602,100001,PRESCRIBED AND COUNTER,BOTH,ALL VEHICLES,2019,PM PEAK,11390,-1,-1
56602,100001,PRESCRIBED AND COUNTER,BOTH,ALL VEHICLES,2019,AM PEAK,10311,-1,-1
56602,100001,PRESCRIBED,SOUTH,LIGHT VEHICLES,2019,PUBLIC HOLIDAYS,14835,37,100
56602,100001,COUNTER,NORTH,LIGHT VEHICLES,2019,ALL DAYS,19047,59,97
56602,100001,PRESCRIBED,SOUTH,LIGHT VEHICLES,2019,WEEKDAYS,19314,-1,-1
56602,100001,PRESCRIBED,SOUTH,LIGHT VEHICLES,2019,ALL DAYS,18951,60,97
56602,100001,PRESCRIBED,SOUTH,HEAVY VEHICLES,2019,AM PEAK,554,52,95
56602,100001,PRESCRIBED,SOUTH,ALL VEHICLES,2019,ALL DAYS,20707,-1,-1
56602,100001,COUNTER,NORTH,HEAVY VEHICLES,2019,WEEKDAYS,2147,-1,-1
56602,100001,PRESCRIBED AND COUNTER,BOTH,HEAVY VEHICLES,2019,WEEKENDS,1336,-1,-1
56602,100001,PRESCRIBED,SOUTH,LIGHT VEHICLES,2019,PM PEAK,6083,70,94
56602,100001,COUNTER,NORTH,LIGHT VEHICLES,2019,WEEKDAYS,19579,-1,-1
56602,100001,PRESCRIBED,SOUTH,LIGHT VEHICLES,2019,WEEKENDS,17547,-1,-1
56602,100001,PRESCRIBED AND COUNTER,BOTH,ALL VEHICLES,2019,WEEKENDS,36081,-1,-1
56602,100001,PRESCRIBED AND COUNTER,BOTH,ALL VEHICLES,2019,PUBLIC HOLIDAYS,30231,-1,-1
56602,100001,PRESCRIBED AND COUNTER,BOTH,HEAVY VEHICLES,2019,PUBLIC HOLIDAYS,928,-1,-1
56602,100001,PRESCRIBED AND COUNTER,BOTH,LIGHT VEHICLES,2019,ALL DAYS,37998,-1,-1
56602,100001,PRESCRIBED AND COUNTER,BOTH,HEAVY VEHICLES,2019,WEEKDAYS,4281,-1,-1
56602,100001,PRESCRIBED AND COUNTER,BOTH,HEAVY VEHICLES,2019,AM PEAK,1238,-1,-1
56606,10011,PRESCRIBED,WEST,HEAVY VEHICLES,2019,WEEKDAYS,2422,-1,-1
56606,10011,PRESCRIBED AND COUNTER,BOTH,ALL VEHICLES,2019,PM PEAK,19435,-1,-1
56606,10011,PRESCRIBED AND COUNTER,BOTH,ALL VEHICLES,2019,OFF PEAK,35441,-1,-1
56606,10011,PRESCRIBED AND COUNTER,BOTH,HEAVY VEHICLES,2019,ALL DAYS,3859,-1,-1
56606,10011,COUNTER,EAST,ALL VEHICLES,2019,ALL DAYS,32707,-1,-1
56606,10011,COUNTER,EAST,HEAVY VEHICLES,2019,OFF PEAK,1015,22,95
56606,10011,PRESCRIBED,WEST,LIGHT VEHICLES,2019,ALL DAYS,36828,87,95
56606,10011,PRESCRIBED AND COUNTER,BOTH,LIGHT VEHICLES,2019,ALL DAYS,67716,-1,-1
56606,10011,PRESCRIBED,WEST,LIGHT VEHICLES,2019,PUBLIC HOLIDAYS,29230,65,100
56606,10011,COUNTER,EAST,LIGHT VEHICLES,2019,AM PEAK,7050,99,94
56606,10011,PRESCRIBED,WEST,HEAVY VEHICLES,2019,PM PEAK,569,31,95
56606,10011,PRESCRIBED,WEST,LIGHT VEHICLES,2019,PM PEAK,9305,98,95
56606,10011,PRESCRIBED,WEST,HEAVY VEHICLES,2019,OFF PEAK,1255,22,95
56606,10011,COUNTER,EAST,HEAVY VEHICLES,2019,ALL DAYS,1819,23,96
56606,10011,COUNTER,EAST,LIGHT VEHICLES,2019,WEEKDAYS,31564,-1,-1
56606,10011,COUNTER,EAST,LIGHT VEHICLES,2019,PUBLIC HOLIDAYS,23546,71,100
56606,10011,COUNTER,EAST,ALL VEHICLES,2019,WEEKENDS,29932,-1,-1
56606,10011,PRESCRIBED AND COUNTER,BOTH,LIGHT VEHICLES,2019,OFF PEAK,33171,-1,-1
56606,10011,COUNTER,EAST,HEAVY VEHICLES,2019,PUBLIC HOLIDAYS,695,14,100
56606,10011,PRESCRIBED AND COUNTER,BOTH,HEAVY VEHICLES,2019,PUBLIC HOLIDAYS,1560,-1,-1
56606,10011,COUNTER,EAST,ALL VEHICLES,2019,OFF PEAK,16337,-1,-1
56606,10011,PRESCRIBED,WEST,ALL VEHICLES,2019,AM PEAK,10899,-1,-1
56606,10011,COUNTER,EAST,LIGHT VEHICLES,2019,PM PEAK,9192,98,94
56606,10011,PRESCRIBED AND COUNTER,BOTH,ALL VEHICLES,2019,AM PEAK,18764,-1,-1
56606,10011,PRESCRIBED,WEST,ALL VEHICLES,2019,WEEKENDS,35812,-1,-1
56606,10011,PRESCRIBED,WEST,ALL VEHICLES,2019,ALL DAYS,38868,-1,-1
56606,10011,PRESCRIBED AND COUNTER,BOTH,LIGHT VEHICLES,2019,PM PEAK,18497,-1,-1
56606,10011,PRESCRIBED,WEST,ALL VEHICLES,2019,PUBLIC HOLIDAYS,30095,-1,-1
56606,10011,PRESCRIBED,WEST,ALL VEHICLES,2019,OFF PEAK,19104,-1,-1
56606,10011,PRESCRIBED AND COUNTER,BOTH,HEAVY VEHICLES,2019,AM PEAK,1413,-1,-1
56606,10011,PRESCRIBED AND COUNTER,BOTH,HEAVY VEHICLES,2019,OFF PEAK,2270,-1,-1
56606,10011,COUNTER,EAST,ALL VEHICLES,2019,WEEKDAYS,33763,-1,-1
56606,10011,PRESCRIBED,WEST,LIGHT VEHICLES,2019,OFF PEAK,17849,80,94
56606,10011,COUNTER,EAST,ALL VEHICLES,2019,AM PEAK,7865,-1,-1
56606,10011,COUNTER,EAST,HEAVY VEHICLES,2019,PM PEAK,369,26,95
56606,10011,PRESCRIBED AND COUNTER,BOTH,LIGHT VEHICLES,2019,PUBLIC HOLIDAYS,52776,-1,-1
56606,10011,PRESCRIBED AND COUNTER,BOTH,LIGHT VEHICLES,2019,WEEKENDS,63787,-1,-1
56606,10011,COUNTER,EAST,HEAVY VEHICLES,2019,WEEKDAYS,2199,-1,-1
56606,10011,COUNTER,EAST,LIGHT VEHICLES,2019,WEEKENDS,29037,-1,-1
56606,10011,PRESCRIBED,WEST,LIGHT VEHICLES,2019,WEEKDAYS,37455,-1,-1
56606,10011,PRESCRIBED AND COUNTER,BOTH,ALL VEHICLES,2019,WEEKENDS,65744,-1,-1
56606,10011,COUNTER,EAST,ALL VEHICLES,2019,PM PEAK,9561,-1,-1
56606,10011,PRESCRIBED,WEST,LIGHT VEHICLES,2019,AM PEAK,10301,98,95
56606,10011,PRESCRIBED,WEST,HEAVY VEHICLES,2019,AM PEAK,598,34,95
56606,10011,PRESCRIBED AND COUNTER,BOTH,ALL VEHICLES,2019,ALL DAYS,71575,-1,-1
56606,10011,COUNTER,EAST,HEAVY VEHICLES,2019,AM PEAK,815,44,95
56606,10011,PRESCRIBED AND COUNTER,BOTH,ALL VEHICLES,2019,PUBLIC HOLIDAYS,54336,-1,-1
56606,10011,PRESCRIBED AND COUNTER,BOTH,HEAVY VEHICLES,2019,WEEKDAYS,4621,-1,-1
56606,10011,COUNTER,EAST,HEAVY VEHICLES,2019,WEEKENDS,895,-1,-1
56606,10011,PRESCRIBED,WEST,ALL VEHICLES,2019,WEEKDAYS,39877,-1,-1
56606,10011,COUNTER,EAST,LIGHT VEHICLES,2019,ALL DAYS,30888,92,96
56606,10011,COUNTER,EAST,LIGHT VEHICLES,2019,OFF PEAK,15322,87,93
56606,10011,PRESCRIBED AND COUNTER,BOTH,ALL VEHICLES,2019,WEEKDAYS,73640,-1,-1
56606,10011,PRESCRIBED,WEST,HEAVY VEHICLES,2019,PUBLIC HOLIDAYS,865,16,100
56606,10011,COUNTER,EAST,ALL VEHICLES,2019,PUBLIC HOLIDAYS,24241,-1,-1
56606,10011,PRESCRIBED AND COUNTER,BOTH,LIGHT VEHICLES,2019,AM PEAK,17351,-1,-1
56606,10011,PRESCRIBED,WEST,HEAVY VEHICLES,2019,ALL DAYS,2040,22,96
56606,10011,PRESCRIBED,WEST,ALL VEHICLES,2019,PM PEAK,9874,-1,-1
56606,10011,PRESCRIBED AND COUNTER,BOTH,HEAVY VEHICLES,2019,PM PEAK,938,-1,-1
56606,10011,PRESCRIBED AND COUNTER,BOTH,HEAVY VEHICLES,2019,WEEKENDS,1957,-1,-1
56606,10011,PRESCRIBED,WEST,HEAVY VEHICLES,2019,WEEKENDS,1062,-1,-1
56606,10011,PRESCRIBED AND COUNTER,BOTH,LIGHT VEHICLES,2019,WEEKDAYS,69019,-1,-1
56606,10011,PRESCRIBED,WEST,LIGHT VEHICLES,2019,WEEKENDS,34750,-1,-1
56615,10052,COUNTER,WEST,UNCLASSIFIED,2019,WEEKENDS,20116,-1,-1
56615,10052,PRESCRIBED AND COUNTER,BOTH,UNCLASSIFIED,2019,PUBLIC HOLIDAYS,40542,-1,-1
56615,10052,COUNTER,WEST,UNCLASSIFIED,2019,OFF PEAK,10047,41,100
56615,10052,PRESCRIBED AND COUNTER,BOTH,UNCLASSIFIED,2019,AM PEAK,10796,-1,-1
56615,10052,PRESCRIBED AND COUNTER,BOTH,UNCLASSIFIED,2019,PM PEAK,11592,-1,-1
56615,10052,PRESCRIBED AND COUNTER,BOTH,UNCLASSIFIED,2019,OFF PEAK,21996,-1,-1
56615,10052,PRESCRIBED AND COUNTER,BOTH,UNCLASSIFIED,2019,ALL DAYS,43794,-1,-1
56615,10052,COUNTER,WEST,UNCLASSIFIED,2019,PM PEAK,4837,41,100
56615,10052,PRESCRIBED,EAST,UNCLASSIFIED,2019,WEEKENDS,22587,-1,-1
56615,10052,COUNTER,WEST,UNCLASSIFIED,2019,AM PEAK,6111,40,85
56615,10052,PRESCRIBED,EAST,UNCLASSIFIED,2019,PM PEAK,6755,41,98
56615,10052,PRESCRIBED,EAST,UNCLASSIFIED,2019,WEEKDAYS,23389,-1,-1
56615,10052,PRESCRIBED,EAST,UNCLASSIFIED,2019,AM PEAK,4685,40,91
56615,10052,COUNTER,WEST,UNCLASSIFIED,2019,PUBLIC HOLIDAYS,19277,61,100
56615,10052,PRESCRIBED,EAST,UNCLASSIFIED,2019,PUBLIC HOLIDAYS,21265,61,100
56615,10052,PRESCRIBED,EAST,UNCLASSIFIED,2019,ALL DAYS,23114,44,98
56615,10052,COUNTER,WEST,UNCLASSIFIED,2019,ALL DAYS,20680,44,98
56615,10052,PRESCRIBED AND COUNTER,BOTH,UNCLASSIFIED,2019,WEEKDAYS,44384,-1,-1
56615,10052,PRESCRIBED AND COUNTER,BOTH,UNCLASSIFIED,2019,WEEKENDS,42703,-1,-1
56615,10052,PRESCRIBED,EAST,UNCLASSIFIED,2019,OFF PEAK,11949,41,100
56615,10052,COUNTER,WEST,UNCLASSIFIED,2019,WEEKDAYS,20995,-1,-1
56662,16129,PRESCRIBED AND COUNTER,BOTH,UNCLASSIFIED,2019,OFF PEAK,26158,-1,-1
56662,16129,PRESCRIBED,WEST,UNCLASSIFIED,2019,AM PEAK,7347,65,90
56662,16129,PRESCRIBED AND COUNTER,BOTH,UNCLASSIFIED,2019,ALL DAYS,51712,-1,-1
56662,16129,COUNTER,EAST,UNCLASSIFIED,2019,OFF PEAK,12165,64,96
56662,16129,PRESCRIBED AND COUNTER,BOTH,UNCLASSIFIED,2019,WEEKDAYS,54430,-1,-1
56662,16129,PRESCRIBED,WEST,UNCLASSIFIED,2019,PM PEAK,7990,65,97
56662,16129,PRESCRIBED,WEST,UNCLASSIFIED,2019,WEEKENDS,24018,-1,-1
56662,16129,COUNTER,EAST,UNCLASSIFIED,2019,AM PEAK,5932,64,92
56662,16129,COUNTER,EAST,UNCLASSIFIED,2019,WEEKDAYS,25100,-1,-1
56662,16129,PRESCRIBED,WEST,UNCLASSIFIED,2019,OFF PEAK,13993,65,99
56662,16129,COUNTER,EAST,UNCLASSIFIED,2019,PUBLIC HOLIDAYS,16141,53,100
56662,16129,PRESCRIBED AND COUNTER,BOTH,UNCLASSIFIED,2019,PM PEAK,14993,-1,-1
56662,16129,COUNTER,EAST,UNCLASSIFIED,2019,WEEKENDS,20714,-1,-1
56662,16129,PRESCRIBED,WEST,UNCLASSIFIED,2019,WEEKDAYS,29330,-1,-1
56662,16129,COUNTER,EAST,UNCLASSIFIED,2019,ALL DAYS,23870,64,97
56662,16129,PRESCRIBED,WEST,UNCLASSIFIED,2019,PUBLIC HOLIDAYS,18730,53,100
56662,16129,PRESCRIBED AND COUNTER,BOTH,UNCLASSIFIED,2019,WEEKENDS,44732,-1,-1
56662,16129,PRESCRIBED AND COUNTER,BOTH,UNCLASSIFIED,2019,PUBLIC HOLIDAYS,34871,-1,-1
56662,16129,PRESCRIBED,WEST,UNCLASSIFIED,2019,ALL DAYS,27842,64,97
56662,16129,PRESCRIBED AND COUNTER,BOTH,UNCLASSIFIED,2019,AM PEAK,13279,-1,-1
56662,16129,COUNTER,EAST,UNCLASSIFIED,2019,PM PEAK,7003,64,97
56678,18011,COUNTER,NORTH,UNCLASSIFIED,2019,ALL DAYS,13948,-1,-1
56678,18011,COUNTER,NORTH,UNCLASSIFIED,2019,WEEKDAYS,13201,-1,-1
56678,18011,COUNTER,NORTH,UNCLASSIFIED,2019,PUBLIC HOLIDAYS,11885,-1,-1
56678,18011,COUNTER,NORTH,UNCLASSIFIED,2019,AM PEAK,4282,-1,-1
56678,18011,COUNTER,NORTH,UNCLASSIFIED,2019,WEEKENDS,12591,-1,-1
56678,18011,COUNTER,NORTH,UNCLASSIFIED,2019,PM PEAK,2046,-1,-1
56678,18011,COUNTER,NORTH,UNCLASSIFIED,2019,OFF PEAK,6873,-1,-1
56683,18041,COUNTER,EAST,UNCLASSIFIED,2019,PUBLIC HOLIDAYS,8866,-1,-1
56683,18041,PRESCRIBED AND COUNTER,BOTH,UNCLASSIFIED,2019,PM PEAK,7437,-1,-1
56683,18041,PRESCRIBED,WEST,UNCLASSIFIED,2019,ALL DAYS,15397,-1,-1
56683,18041,COUNTER,EAST,UNCLASSIFIED,2019,WEEKDAYS,16053,-1,-1
56683,18041,COUNTER,EAST,UNCLASSIFIED,2019,OFF PEAK,8242,-1,-1
56683,18041,PRESCRIBED,WEST,UNCLASSIFIED,2019,AM PEAK,2559,-1,-1
56683,18041,PRESCRIBED AND COUNTER,BOTH,UNCLASSIFIED,2019,AM PEAK,7678,-1,-1
56683,18041,PRESCRIBED,WEST,UNCLASSIFIED,2019,OFF PEAK,8598,-1,-1
56683,18041,COUNTER,EAST,UNCLASSIFIED,2019,PM PEAK,2692,-1,-1
56683,18041,PRESCRIBED,WEST,UNCLASSIFIED,2019,PM PEAK,4745,-1,-1
56683,18041,PRESCRIBED AND COUNTER,BOTH,UNCLASSIFIED,2019,ALL DAYS,30711,-1,-1
56683,18041,PRESCRIBED AND COUNTER,BOTH,UNCLASSIFIED,2019,PUBLIC HOLIDAYS,18997,-1,-1
56683,18041,PRESCRIBED AND COUNTER,BOTH,UNCLASSIFIED,2019,WEEKDAYS,31955,-1,-1
56683,18041,PRESCRIBED AND COUNTER,BOTH,UNCLASSIFIED,2019,WEEKENDS,26246,-1,-1
56683,18041,PRESCRIBED,WEST,UNCLASSIFIED,2019,WEEKENDS,13490,-1,-1
56683,18041,PRESCRIBED,WEST,UNCLASSIFIED,2019,PUBLIC HOLIDAYS,10131,-1,-1
56683,18041,COUNTER,EAST,UNCLASSIFIED,2019,WEEKENDS,12756,-1,-1
56683,18041,PRESCRIBED AND COUNTER,BOTH,UNCLASSIFIED,2019,OFF PEAK,16840,-1,-1
56683,18041,PRESCRIBED,WEST,UNCLASSIFIED,2019,WEEKDAYS,15902,-1,-1
56683,18041,COUNTER,EAST,UNCLASSIFIED,2019,ALL DAYS,15314,-1,-1
56683,18041,COUNTER,EAST,UNCLASSIFIED,2019,AM PEAK,5119,-1,-1
56694,19065,PRESCRIBED,WEST,UNCLASSIFIED,2019,WEEKENDS,27843,-1,-1
56694,19065,PRESCRIBED AND COUNTER,BOTH,UNCLASSIFIED,2019,PUBLIC HOLIDAYS,41056,-1,-1
56694,19065,PRESCRIBED,WEST,UNCLASSIFIED,2019,AM PEAK,4581,99,93
56694,19065,COUNTER,EAST,UNCLASSIFIED,2019,WEEKENDS,27375,-1,-1
56694,19065,COUNTER,EAST,UNCLASSIFIED,2019,PM PEAK,5871,93,98
56694,19065,PRESCRIBED,WEST,UNCLASSIFIED,2019,ALL DAYS,29753,99,97
56694,19065,PRESCRIBED AND COUNTER,BOTH,UNCLASSIFIED,2019,ALL DAYS,59616,-1,-1
56694,19065,COUNTER,EAST,UNCLASSIFIED,2019,ALL DAYS,29863,92,97
56694,19065,PRESCRIBED AND COUNTER,BOTH,UNCLASSIFIED,2019,WEEKENDS,55218,-1,-1
56694,19065,PRESCRIBED AND COUNTER,BOTH,UNCLASSIFIED,2019,OFF PEAK,31674,-1,-1
56694,19065,PRESCRIBED,WEST,UNCLASSIFIED,2019,WEEKDAYS,30502,-1,-1
56694,19065,PRESCRIBED AND COUNTER,BOTH,UNCLASSIFIED,2019,AM PEAK,14602,-1,-1
56694,19065,PRESCRIBED AND COUNTER,BOTH,UNCLASSIFIED,2019,WEEKDAYS,61280,-1,-1
56694,19065,COUNTER,EAST,UNCLASSIFIED,2019,PUBLIC HOLIDAYS,19713,69,100
56694,19065,PRESCRIBED,WEST,UNCLASSIFIED,2019,PUBLIC HOLIDAYS,21343,76,100
56694,19065,PRESCRIBED,WEST,UNCLASSIFIED,2019,OFF PEAK,16788,99,99
56694,19065,PRESCRIBED AND COUNTER,BOTH,UNCLASSIFIED,2019,PM PEAK,15004,-1,-1
56694,19065,PRESCRIBED,WEST,UNCLASSIFIED,2019,PM PEAK,9133,99,94
56694,19065,COUNTER,EAST,UNCLASSIFIED,2019,WEEKDAYS,30778,-1,-1
56694,19065,COUNTER,EAST,UNCLASSIFIED,2019,OFF PEAK,14886,93,98
56694,19065,COUNTER,EAST,UNCLASSIFIED,2019,AM PEAK,10021,93,87
56705,20001,PRESCRIBED,EAST,UNCLASSIFIED,2019,WEEKDAYS,74989,-1,-1
56705,20001,PRESCRIBED AND COUNTER,BOTH,UNCLASSIFIED,2019,ALL DAYS,136756,-1,-1
56705,20001,PRESCRIBED,EAST,UNCLASSIFIED,2019,PUBLIC HOLIDAYS,52245,76,100
56705,20001,PRESCRIBED AND COUNTER,BOTH,UNCLASSIFIED,2019,OFF PEAK,70150,-1,-1
56705,20001,COUNTER,WEST,UNCLASSIFIED,2019,WEEKDAYS,64329,-1,-1
56705,20001,COUNTER,WEST,UNCLASSIFIED,2019,WEEKENDS,61461,-1,-1
56705,20001,COUNTER,WEST,UNCLASSIFIED,2019,PUBLIC HOLIDAYS,47742,76,100
56705,20001,PRESCRIBED AND COUNTER,BOTH,UNCLASSIFIED,2019,WEEKENDS,130074,-1,-1
56705,20001,PRESCRIBED,EAST,UNCLASSIFIED,2019,PM PEAK,16905,99,96
56705,20001,PRESCRIBED AND COUNTER,BOTH,UNCLASSIFIED,2019,PUBLIC HOLIDAYS,99987,-1,-1
56705,20001,COUNTER,WEST,UNCLASSIFIED,2019,ALL DAYS,63442,99,97
56705,20001,PRESCRIBED AND COUNTER,BOTH,UNCLASSIFIED,2019,PM PEAK,35922,-1,-1
56705,20001,COUNTER,WEST,UNCLASSIFIED,2019,OFF PEAK,34466,99,98
56705,20001,COUNTER,WEST,UNCLASSIFIED,2019,AM PEAK,10846,100,92
56705,20001,PRESCRIBED AND COUNTER,BOTH,UNCLASSIFIED,2019,AM PEAK,33246,-1,-1
56705,20001,PRESCRIBED,EAST,UNCLASSIFIED,2019,AM PEAK,22400,99,87
56705,20001,COUNTER,WEST,UNCLASSIFIED,2019,PM PEAK,19017,100,96
56705,20001,PRESCRIBED AND COUNTER,BOTH,UNCLASSIFIED,2019,WEEKDAYS,139318,-1,-1
56705,20001,PRESCRIBED,EAST,UNCLASSIFIED,2019,ALL DAYS,73314,99,96
56705,20001,PRESCRIBED,EAST,UNCLASSIFIED,2019,OFF PEAK,35684,99,99
56705,20001,PRESCRIBED,EAST,UNCLASSIFIED,2019,WEEKENDS,68613,-1,-1
56716,20075,PRESCRIBED,WEST,ALL VEHICLES,2019,OFF PEAK,17843,-1,-1
56716,20075,PRESCRIBED,WEST,HEAVY VEHICLES,2019,ALL DAYS,2702,36,99
56716,20075,COUNTER,EAST,ALL VEHICLES,2019,OFF PEAK,18689,-1,-1
56716,20075,PRESCRIBED,WEST,ALL VEHICLES,2019,ALL DAYS,31322,-1,-1
56716,20075,PRESCRIBED AND COUNTER,BOTH,HEAVY VEHICLES,2019,ALL DAYS,6000,-1,-1
56716,20075,PRESCRIBED AND COUNTER,BOTH,LIGHT VEHICLES,2019,OFF PEAK,32544,-1,-1
56716,20075,PRESCRIBED,WEST,HEAVY VEHICLES,2019,OFF PEAK,1841,37,99
56716,20075,PRESCRIBED,WEST,ALL VEHICLES,2019,AM PEAK,5580,-1,-1
56716,20075,PRESCRIBED AND COUNTER,BOTH,LIGHT VEHICLES,2019,ALL DAYS,61255,-1,-1
56716,20075,COUNTER,EAST,LIGHT VEHICLES,2019,WEEKDAYS,32160,-1,-1
56716,20075,PRESCRIBED AND COUNTER,BOTH,ALL VEHICLES,2019,ALL DAYS,67255,-1,-1
56716,20075,PRESCRIBED,WEST,HEAVY VEHICLES,2019,PUBLIC HOLIDAYS,1012,20,100
56716,20075,PRESCRIBED,WEST,ALL VEHICLES,2019,PUBLIC HOLIDAYS,26158,-1,-1
56716,20075,COUNTER,EAST,HEAVY VEHICLES,2019,PUBLIC HOLIDAYS,1186,21,100
56716,20075,PRESCRIBED AND COUNTER,BOTH,HEAVY VEHICLES,2019,WEEKDAYS,7048,-1,-1
56716,20075,COUNTER,EAST,LIGHT VEHICLES,2019,AM PEAK,7633,85,98
56716,20075,PRESCRIBED,WEST,LIGHT VEHICLES,2019,AM PEAK,4808,83,99
56716,20075,PRESCRIBED AND COUNTER,BOTH,HEAVY VEHICLES,2019,PUBLIC HOLIDAYS,2198,-1,-1
56716,20075,PRESCRIBED,WEST,LIGHT VEHICLES,2019,PUBLIC HOLIDAYS,25146,56,100
56716,20075,PRESCRIBED AND COUNTER,BOTH,LIGHT VEHICLES,2019,WEEKENDS,64041,-1,-1
56716,20075,PRESCRIBED,WEST,HEAVY VEHICLES,2019,PM PEAK,581,44,99
56716,20075,PRESCRIBED AND COUNTER,BOTH,HEAVY VEHICLES,2019,AM PEAK,1952,-1,-1
56716,20075,COUNTER,EAST,ALL VEHICLES,2019,PUBLIC HOLIDAYS,27547,-1,-1
56716,20075,COUNTER,EAST,LIGHT VEHICLES,2019,PUBLIC HOLIDAYS,26361,56,100
56716,20075,PRESCRIBED,WEST,ALL VEHICLES,2019,PM PEAK,7710,-1,-1
56716,20075,PRESCRIBED AND COUNTER,BOTH,LIGHT VEHICLES,2019,PUBLIC HOLIDAYS,51507,-1,-1
56716,20075,COUNTER,EAST,ALL VEHICLES,2019,ALL DAYS,35933,-1,-1
56716,20075,COUNTER,EAST,LIGHT VEHICLES,2019,PM PEAK,7985,85,98
56716,20075,PRESCRIBED AND COUNTER,BOTH,ALL VEHICLES,2019,WEEKDAYS,67147,-1,-1
56716,20075,COUNTER,EAST,HEAVY VEHICLES,2019,AM PEAK,1180,59,99
56716,20075,COUNTER,EAST,LIGHT VEHICLES,2019,WEEKENDS,33773,-1,-1
56716,20075,PRESCRIBED,WEST,ALL VEHICLES,2019,WEEKDAYS,31133,-1,-1
56716,20075,COUNTER,EAST,ALL VEHICLES,2019,WEEKDAYS,36014,-1,-1
56716,20075,COUNTER,EAST,ALL VEHICLES,2019,WEEKENDS,35614,-1,-1
56716,20075,COUNTER,EAST,HEAVY VEHICLES,2019,WEEKDAYS,3854,-1,-1
56716,20075,PRESCRIBED,WEST,LIGHT VEHICLES,2019,PM PEAK,7129,85,99
56716,20075,PRESCRIBED AND COUNTER,BOTH,ALL VEHICLES,2019,PUBLIC HOLIDAYS,53705,-1,-1
56716,20075,PRESCRIBED AND COUNTER,BOTH,ALL VEHICLES,2019,OFF PEAK,36532,-1,-1
56716,20075,PRESCRIBED AND COUNTER,BOTH,ALL VEHICLES,2019,PM PEAK,16222,-1,-1
56716,20075,COUNTER,EAST,ALL VEHICLES,2019,PM PEAK,8512,-1,-1
56716,20075,PRESCRIBED AND COUNTER,BOTH,LIGHT VEHICLES,2019,PM PEAK,15114,-1,-1
56716,20075,PRESCRIBED,WEST,HEAVY VEHICLES,2019,WEEKDAYS,3194,-1,-1
56716,20075,PRESCRIBED,WEST,ALL VEHICLES,2019,WEEKENDS,31686,-1,-1
56716,20075,COUNTER,EAST,HEAVY VEHICLES,2019,OFF PEAK,2147,40,98
56716,20075,PRESCRIBED AND COUNTER,BOTH,LIGHT VEHICLES,2019,AM PEAK,12441,-1,-1
56716,20075,COUNTER,EAST,LIGHT VEHICLES,2019,OFF PEAK,16542,74,98
56716,20075,PRESCRIBED,WEST,HEAVY VEHICLES,2019,WEEKENDS,1418,-1,-1
56716,20075,PRESCRIBED AND COUNTER,BOTH,ALL VEHICLES,2019,AM PEAK,14393,-1,-1
56716,20075,PRESCRIBED AND COUNTER,BOTH,ALL VEHICLES,2019,WEEKENDS,67300,-1,-1
56716,20075,COUNTER,EAST,HEAVY VEHICLES,2019,WEEKENDS,1841,-1,-1
56716,20075,PRESCRIBED,WEST,HEAVY VEHICLES,2019,AM PEAK,772,54,99
56716,20075,COUNTER,EAST,LIGHT VEHICLES,2019,ALL DAYS,32635,78,98
56716,20075,COUNTER,EAST,HEAVY VEHICLES,2019,PM PEAK,527,41,99
56716,20075,PRESCRIBED AND COUNTER,BOTH,HEAVY VEHICLES,2019,WEEKENDS,3259,-1,-1
56716,20075,PRESCRIBED,WEST,LIGHT VEHICLES,2019,OFF PEAK,16002,75,99
56716,20075,PRESCRIBED,WEST,LIGHT VEHICLES,2019,WEEKENDS,30268,-1,-1
56716,20075,PRESCRIBED AND COUNTER,BOTH,LIGHT VEHICLES,2019,WEEKDAYS,60099,-1,-1
56716,20075,PRESCRIBED AND COUNTER,BOTH,HEAVY VEHICLES,2019,PM PEAK,1108,-1,-1
56716,20075,COUNTER,EAST,HEAVY VEHICLES,2019,ALL DAYS,3298,39,99
56716,20075,PRESCRIBED,WEST,LIGHT VEHICLES,2019,ALL DAYS,28620,78,99
56716,20075,PRESCRIBED AND COUNTER,BOTH,HEAVY VEHICLES,2019,OFF PEAK,3988,-1,-1
56716,20075,PRESCRIBED,WEST,LIGHT VEHICLES,2019,WEEKDAYS,27939,-1,-1
56716,20075,COUNTER,EAST,ALL VEHICLES,2019,AM PEAK,8813,-1,-1
56730,21032,PRESCRIBED AND COUNTER,BOTH,UNCLASSIFIED,2019,ALL DAYS,23231,-1,-1
56730,21032,COUNTER,SOUTH,UNCLASSIFIED,2019,PM PEAK,3537,93,92
56730,21032,PRESCRIBED AND COUNTER,BOTH,UNCLASSIFIED,2019,AM PEAK,6644,-1,-1
56730,21032,PRESCRIBED,NORTH,UNCLASSIFIED,2019,PM PEAK,3717,93,93
56730,21032,COUNTER,SOUTH,UNCLASSIFIED,2019,AM PEAK,3470,92,82
56730,21032,COUNTER,SOUTH,UNCLASSIFIED,2019,ALL DAYS,11563,92,94
56730,21032,PRESCRIBED AND COUNTER,BOTH,UNCLASSIFIED,2019,PM PEAK,7254,-1,-1
56730,21032,PRESCRIBED AND COUNTER,BOTH,UNCLASSIFIED,2019,WEEKENDS,20068,-1,-1
56730,21032,COUNTER,SOUTH,UNCLASSIFIED,2019,PUBLIC HOLIDAYS,6906,76,100
56730,21032,COUNTER,SOUTH,UNCLASSIFIED,2019,OFF PEAK,5184,93,96
56730,21032,PRESCRIBED,NORTH,UNCLASSIFIED,2019,WEEKENDS,10106,-1,-1
56730,21032,PRESCRIBED AND COUNTER,BOTH,UNCLASSIFIED,2019,PUBLIC HOLIDAYS,14233,-1,-1
56730,21032,PRESCRIBED,NORTH,UNCLASSIFIED,2019,AM PEAK,3174,93,81
56730,21032,PRESCRIBED AND COUNTER,BOTH,UNCLASSIFIED,2019,WEEKDAYS,24380,-1,-1
56730,21032,PRESCRIBED,NORTH,UNCLASSIFIED,2019,ALL DAYS,11668,92,94
56730,21032,COUNTER,SOUTH,UNCLASSIFIED,2019,WEEKENDS,9962,-1,-1
56730,21032,PRESCRIBED AND COUNTER,BOTH,UNCLASSIFIED,2019,OFF PEAK,10482,-1,-1
56730,21032,PRESCRIBED,NORTH,UNCLASSIFIED,2019,WEEKDAYS,12189,-1,-1
56730,21032,PRESCRIBED,NORTH,UNCLASSIFIED,2019,OFF PEAK,5298,93,97
56730,21032,PRESCRIBED,NORTH,UNCLASSIFIED,2019,PUBLIC HOLIDAYS,7327,76,100
56730,21032,COUNTER,SOUTH,UNCLASSIFIED,2019,WEEKDAYS,12191,-1,-1
56738,22001,PRESCRIBED,EAST,ALL VEHICLES,2019,AM PEAK,6200,-1,-1
56738,22001,COUNTER,WEST,ALL VEHICLES,2019,PM PEAK,5547,-1,-1
56738,22001,COUNTER,WEST,ALL VEHICLES,2019,AM PEAK,6950,-1,-1
56738,22001,PRESCRIBED,EAST,ALL VEHICLES,2019,OFF PEAK,14766,-1,-1
56738,22001,COUNTER,WEST,ALL VEHICLES,2019,ALL DAYS,25373,-1,-1
56738,22001,PRESCRIBED AND COUNTER,BOTH,ALL VEHICLES,2019,PUBLIC HOLIDAYS,45131,-1,-1
56738,22001,PRESCRIBED,EAST,ALL VEHICLES,2019,WEEKENDS,25474,-1,-1
56738,22001,COUNTER,WEST,ALL VEHICLES,2019,OFF PEAK,13451,-1,-1
56738,22001,PRESCRIBED AND COUNTER,BOTH,ALL VEHICLES,2019,WEEKENDS,49321,-1,-1
56738,22001,PRESCRIBED AND COUNTER,BOTH,ALL VEHICLES,2019,AM PEAK,13150,-1,-1
56738,22001,PRESCRIBED,EAST,ALL VEHICLES,2019,WEEKDAYS,28291,-1,-1
56738,22001,PRESCRIBED AND COUNTER,BOTH,ALL VEHICLES,2019,PM PEAK,12872,-1,-1
56738,22001,PRESCRIBED,EAST,ALL VEHICLES,2019,PM PEAK,7325,-1,-1
56738,22001,PRESCRIBED AND COUNTER,BOTH,ALL VEHICLES,2019,WEEKDAYS,54239,-1,-1
56738,22001,PRESCRIBED AND COUNTER,BOTH,ALL VEHICLES,2019,ALL DAYS,52916,-1,-1
56738,22001,PRESCRIBED,EAST,ALL VEHICLES,2019,ALL DAYS,27543,-1,-1
56738,22001,PRESCRIBED,EAST,ALL VEHICLES,2019,PUBLIC HOLIDAYS,23192,-1,-1
56738,22001,PRESCRIBED AND COUNTER,BOTH,ALL VEHICLES,2019,OFF PEAK,28217,-1,-1
56738,22001,COUNTER,WEST,ALL VEHICLES,2019,WEEKDAYS,25948,-1,-1
56738,22001,COUNTER,WEST,ALL VEHICLES,2019,WEEKENDS,23847,-1,-1
56738,22001,COUNTER,WEST,ALL VEHICLES,2019,PUBLIC HOLIDAYS,21939,-1,-1
56740,22043,PRESCRIBED AND COUNTER,BOTH,UNCLASSIFIED,2019,WEEKDAYS,24663,-1,-1
56740,22043,PRESCRIBED,WEST,UNCLASSIFIED,2019,ALL DAYS,12473,97,97
56740,22043,COUNTER,EAST,UNCLASSIFIED,2019,ALL DAYS,10908,97,95
56740,22043,PRESCRIBED AND COUNTER,BOTH,UNCLASSIFIED,2019,OFF PEAK,10257,-1,-1
56740,22043,PRESCRIBED AND COUNTER,BOTH,UNCLASSIFIED,2019,PM PEAK,7196,-1,-1
56740,22043,PRESCRIBED AND COUNTER,BOTH,UNCLASSIFIED,2019,WEEKENDS,20040,-1,-1
56740,22043,PRESCRIBED,WEST,UNCLASSIFIED,2019,WEEKDAYS,13243,-1,-1
56740,22043,COUNTER,EAST,UNCLASSIFIED,2019,WEEKDAYS,11420,-1,-1
56740,22043,COUNTER,EAST,UNCLASSIFIED,2019,WEEKENDS,9493,-1,-1
56740,22043,COUNTER,EAST,UNCLASSIFIED,2019,OFF PEAK,4995,97,97
56740,22043,PRESCRIBED AND COUNTER,BOTH,UNCLASSIFIED,2019,PUBLIC HOLIDAYS,15784,-1,-1
56740,22043,PRESCRIBED,WEST,UNCLASSIFIED,2019,WEEKENDS,10547,-1,-1
56740,22043,PRESCRIBED,WEST,UNCLASSIFIED,2019,OFF PEAK,5262,97,98
56740,22043,COUNTER,EAST,UNCLASSIFIED,2019,PUBLIC HOLIDAYS,7599,76,100
56740,22043,COUNTER,EAST,UNCLASSIFIED,2019,AM PEAK,2204,97,91
56740,22043,PRESCRIBED,WEST,UNCLASSIFIED,2019,PUBLIC HOLIDAYS,8185,76,100
56740,22043,PRESCRIBED,WEST,UNCLASSIFIED,2019,AM PEAK,5006,97,79
56740,22043,COUNTER,EAST,UNCLASSIFIED,2019,PM PEAK,4221,97,89
56740,22043,PRESCRIBED,WEST,UNCLASSIFIED,2019,PM PEAK,2975,98,98
56740,22043,PRESCRIBED AND COUNTER,BOTH,UNCLASSIFIED,2019,AM PEAK,7210,-1,-1
56740,22043,PRESCRIBED AND COUNTER,BOTH,UNCLASSIFIED,2019,ALL DAYS,23381,-1,-1
56744,23001,PRESCRIBED,SOUTH,UNCLASSIFIED,2019,PM PEAK,11959,79,94
56744,23001,PRESCRIBED,SOUTH,UNCLASSIFIED,2019,AM PEAK,5348,79,95
56744,23001,PRESCRIBED,SOUTH,UNCLASSIFIED,2019,WEEKENDS,32502,-1,-1
56744,23001,PRESCRIBED,SOUTH,UNCLASSIFIED,2019,ALL DAYS,34840,78,97
56744,23001,PRESCRIBED,SOUTH,UNCLASSIFIED,2019,WEEKDAYS,35737,-1,-1
56744,23001,PRESCRIBED,SOUTH,UNCLASSIFIED,2019,OFF PEAK,18430,79,99
56744,23001,PRESCRIBED,SOUTH,UNCLASSIFIED,2019,PUBLIC HOLIDAYS,24102,69,100
56748,23019,PRESCRIBED AND COUNTER,BOTH,UNCLASSIFIED,2019,WEEKDAYS,41108,-1,-1
56748,23019,PRESCRIBED AND COUNTER,BOTH,UNCLASSIFIED,2019,AM PEAK,9997,-1,-1
56748,23019,COUNTER,NORTH,UNCLASSIFIED,2019,PM PEAK,4396,93,99
56748,23019,COUNTER,NORTH,UNCLASSIFIED,2019,WEEKENDS,18733,-1,-1
56748,23019,PRESCRIBED,SOUTH,UNCLASSIFIED,2019,WEEKDAYS,19283,-1,-1
56748,23019,COUNTER,NORTH,UNCLASSIFIED,2019,OFF PEAK,10093,92,99
56748,23019,PRESCRIBED AND COUNTER,BOTH,UNCLASSIFIED,2019,OFF PEAK,19938,-1,-1
56748,23019,PRESCRIBED,SOUTH,UNCLASSIFIED,2019,WEEKENDS,17168,-1,-1
56748,23019,PRESCRIBED,SOUTH,UNCLASSIFIED,2019,OFF PEAK,9845,32,100
56748,23019,PRESCRIBED,SOUTH,UNCLASSIFIED,2019,PUBLIC HOLIDAYS,13930,38,100
56748,23019,PRESCRIBED,SOUTH,UNCLASSIFIED,2019,ALL DAYS,18629,32,96
56748,23019,PRESCRIBED AND COUNTER,BOTH,UNCLASSIFIED,2019,PUBLIC HOLIDAYS,28752,-1,-1
56748,23019,COUNTER,NORTH,UNCLASSIFIED,2019,AM PEAK,7336,92,83
56748,23019,COUNTER,NORTH,UNCLASSIFIED,2019,WEEKDAYS,21825,-1,-1
56748,23019,PRESCRIBED,SOUTH,UNCLASSIFIED,2019,PM PEAK,6777,32,80
56748,23019,PRESCRIBED AND COUNTER,BOTH,UNCLASSIFIED,2019,ALL DAYS,39569,-1,-1
56748,23019,PRESCRIBED AND COUNTER,BOTH,UNCLASSIFIED,2019,PM PEAK,11173,-1,-1
56748,23019,COUNTER,NORTH,UNCLASSIFIED,2019,PUBLIC HOLIDAYS,14822,76,100
56748,23019,PRESCRIBED AND COUNTER,BOTH,UNCLASSIFIED,2019,WEEKENDS,35901,-1,-1
56748,23019,COUNTER,NORTH,UNCLASSIFIED,2019,ALL DAYS,20940,92,97
56748,23019,PRESCRIBED,SOUTH,UNCLASSIFIED,2019,AM PEAK,2661,32,91
56753,23032,COUNTER,NORTH,UNCLASSIFIED,2019,WEEKDAYS,15982,-1,-1
56753,23032,COUNTER,NORTH,UNCLASSIFIED,2019,OFF PEAK,7767,59,93
56753,23032,COUNTER,NORTH,UNCLASSIFIED,2019,WEEKENDS,13082,-1,-1
56753,23032,COUNTER,NORTH,UNCLASSIFIED,2019,PUBLIC HOLIDAYS,11334,46,100
56753,23032,COUNTER,NORTH,UNCLASSIFIED,2019,AM PEAK,4788,59,92
56753,23032,COUNTER,NORTH,UNCLASSIFIED,2019,ALL DAYS,15276,59,97
56753,23032,COUNTER,NORTH,UNCLASSIFIED,2019,PM PEAK,3427,59,98
56758,23055,PRESCRIBED,NORTH,UNCLASSIFIED,2019,ALL DAYS,30691,53,99
56758,23055,PRESCRIBED,NORTH,UNCLASSIFIED,2019,PUBLIC HOLIDAYS,24252,23,100
56758,23055,PRESCRIBED AND COUNTER,BOTH,UNCLASSIFIED,2019,PM PEAK,19277,-1,-1
56758,23055,COUNTER,SOUTH,UNCLASSIFIED,2019,WEEKDAYS,35473,-1,-1
56758,23055,COUNTER,SOUTH,UNCLASSIFIED,2019,OFF PEAK,17102,94,100
56758,23055,PRESCRIBED,NORTH,UNCLASSIFIED,2019,WEEKENDS,28093,-1,-1
56758,23055,COUNTER,SOUTH,UNCLASSIFIED,2019,PUBLIC HOLIDAYS,25942,46,100
56758,23055,PRESCRIBED AND COUNTER,BOTH,UNCLASSIFIED,2019,ALL DAYS,64366,-1,-1
56758,23055,PRESCRIBED,NORTH,UNCLASSIFIED,2019,AM PEAK,10286,53,93
56758,23055,PRESCRIBED,NORTH,UNCLASSIFIED,2019,WEEKDAYS,31787,-1,-1
56758,23055,PRESCRIBED AND COUNTER,BOTH,UNCLASSIFIED,2019,WEEKDAYS,67260,-1,-1
56758,23055,PRESCRIBED AND COUNTER,BOTH,UNCLASSIFIED,2019,PUBLIC HOLIDAYS,50194,-1,-1
56758,23055,PRESCRIBED AND COUNTER,BOTH,UNCLASSIFIED,2019,AM PEAK,15670,-1,-1
56758,23055,PRESCRIBED,NORTH,UNCLASSIFIED,2019,PM PEAK,6290,54,99
56758,23055,PRESCRIBED AND COUNTER,BOTH,UNCLASSIFIED,2019,WEEKENDS,57310,-1,-1
56758,23055,COUNTER,SOUTH,UNCLASSIFIED,2019,ALL DAYS,33675,94,97
56758,23055,PRESCRIBED AND COUNTER,BOTH,UNCLASSIFIED,2019,OFF PEAK,32313,-1,-1
56758,23055,PRESCRIBED,NORTH,UNCLASSIFIED,2019,OFF PEAK,15211,53,99
56758,23055,COUNTER,SOUTH,UNCLASSIFIED,2019,PM PEAK,12987,94,94
56758,23055,COUNTER,SOUTH,UNCLASSIFIED,2019,WEEKENDS,29217,-1,-1
56758,23055,COUNTER,SOUTH,UNCLASSIFIED,2019,AM PEAK,5384,94,96
56776,24008,PRESCRIBED,NORTH,UNCLASSIFIED,2019,WEEKDAYS,38376,-1,-1
56776,24008,PRESCRIBED,NORTH,UNCLASSIFIED,2019,PUBLIC HOLIDAYS,33890,46,100
56776,24008,PRESCRIBED,NORTH,UNCLASSIFIED,2019,PM PEAK,8403,27,100
56776,24008,PRESCRIBED,NORTH,UNCLASSIFIED,2019,AM PEAK,8929,26,92
56776,24008,PRESCRIBED,NORTH,UNCLASSIFIED,2019,WEEKENDS,37353,-1,-1
56776,24008,PRESCRIBED,NORTH,UNCLASSIFIED,2019,OFF PEAK,21044,26,100
56776,24008,PRESCRIBED,NORTH,UNCLASSIFIED,2019,ALL DAYS,38218,31,98
56778,24014,COUNTER,EAST,UNCLASSIFIED,2019,PUBLIC HOLIDAYS,16572,76,100
56778,24014,COUNTER,EAST,UNCLASSIFIED,2019,AM PEAK,6406,95,84
56778,24014,COUNTER,EAST,UNCLASSIFIED,2019,WEEKDAYS,22767,-1,-1
56778,24014,PRESCRIBED,WEST,UNCLASSIFIED,2019,ALL DAYS,19536,96,99
56778,24014,PRESCRIBED,WEST,UNCLASSIFIED,2019,OFF PEAK,11180,96,99
56778,24014,PRESCRIBED,WEST,UNCLASSIFIED,2019,WEEKDAYS,19886,-1,-1
56778,24014,PRESCRIBED AND COUNTER,BOTH,UNCLASSIFIED,2019,AM PEAK,9858,-1,-1
56778,24014,PRESCRIBED AND COUNTER,BOTH,UNCLASSIFIED,2019,PM PEAK,10123,-1,-1
56778,24014,COUNTER,EAST,UNCLASSIFIED,2019,PM PEAK,4869,96,99
56778,24014,PRESCRIBED AND COUNTER,BOTH,UNCLASSIFIED,2019,ALL DAYS,41587,-1,-1
56778,24014,COUNTER,EAST,UNCLASSIFIED,2019,WEEKENDS,20089,-1,-1
56778,24014,COUNTER,EAST,UNCLASSIFIED,2019,OFF PEAK,11492,96,98
56778,24014,PRESCRIBED AND COUNTER,BOTH,UNCLASSIFIED,2019,WEEKENDS,38995,-1,-1
56778,24014,PRESCRIBED,WEST,UNCLASSIFIED,2019,PM PEAK,5254,96,97
56778,24014,PRESCRIBED,WEST,UNCLASSIFIED,2019,AM PEAK,3452,96,92
56778,24014,PRESCRIBED AND COUNTER,BOTH,UNCLASSIFIED,2019,WEEKDAYS,42653,-1,-1
56778,24014,PRESCRIBED,WEST,UNCLASSIFIED,2019,PUBLIC HOLIDAYS,15909,76,100
56778,24014,PRESCRIBED AND COUNTER,BOTH,UNCLASSIFIED,2019,OFF PEAK,22672,-1,-1
56778,24014,COUNTER,EAST,UNCLASSIFIED,2019,ALL DAYS,22051,96,97
56778,24014,PRESCRIBED,WEST,UNCLASSIFIED,2019,WEEKENDS,18906,-1,-1
56778,24014,PRESCRIBED AND COUNTER,BOTH,UNCLASSIFIED,2019,PUBLIC HOLIDAYS,32481,-1,-1
56781,24026,COUNTER,SOUTH,UNCLASSIFIED,2019,WEEKDAYS,35749,-1,-1
56781,24026,COUNTER,SOUTH,UNCLASSIFIED,2019,PUBLIC HOLIDAYS,32345,76,100
56781,24026,COUNTER,SOUTH,UNCLASSIFIED,2019,PM PEAK,9040,91,99
56781,24026,COUNTER,SOUTH,UNCLASSIFIED,2019,OFF PEAK,19711,91,99
56781,24026,COUNTER,SOUTH,UNCLASSIFIED,2019,ALL DAYS,35517,91,99
56781,24026,COUNTER,SOUTH,UNCLASSIFIED,2019,AM PEAK,6998,90,96
56781,24026,COUNTER,SOUTH,UNCLASSIFIED,2019,WEEKENDS,35156,-1,-1
56795,24213,COUNTER,EAST,UNCLASSIFIED,2019,PUBLIC HOLIDAYS,17482,23,100
56795,24213,COUNTER,EAST,UNCLASSIFIED,2019,WEEKENDS,21244,-1,-1
56795,24213,PRESCRIBED AND COUNTER,BOTH,UNCLASSIFIED,2019,PUBLIC HOLIDAYS,35604,-1,-1
56795,24213,PRESCRIBED AND COUNTER,BOTH,UNCLASSIFIED,2019,OFF PEAK,24003,-1,-1
56795,24213,COUNTER,EAST,UNCLASSIFIED,2019,AM PEAK,6545,44,89
56795,24213,PRESCRIBED,WEST,UNCLASSIFIED,2019,PM PEAK,6441,45,96
56795,24213,PRESCRIBED AND COUNTER,BOTH,UNCLASSIFIED,2019,AM PEAK,10989,-1,-1
56795,24213,PRESCRIBED AND COUNTER,BOTH,UNCLASSIFIED,2019,WEEKDAYS,47021,-1,-1
56795,24213,PRESCRIBED,WEST,UNCLASSIFIED,2019,WEEKDAYS,22932,-1,-1
56795,24213,PRESCRIBED,WEST,UNCLASSIFIED,2019,PUBLIC HOLIDAYS,18122,23,100
56795,24213,COUNTER,EAST,UNCLASSIFIED,2019,ALL DAYS,22676,45,98
56795,24213,COUNTER,EAST,UNCLASSIFIED,2019,PM PEAK,5588,45,99
56795,24213,COUNTER,EAST,UNCLASSIFIED,2019,WEEKDAYS,24089,-1,-1
56795,24213,PRESCRIBED,WEST,UNCLASSIFIED,2019,AM PEAK,4444,44,93
56795,24213,PRESCRIBED AND COUNTER,BOTH,UNCLASSIFIED,2019,PM PEAK,12029,-1,-1
56795,24213,PRESCRIBED,WEST,UNCLASSIFIED,2019,ALL DAYS,22482,45,98
56795,24213,PRESCRIBED,WEST,UNCLASSIFIED,2019,WEEKENDS,21578,-1,-1
56795,24213,COUNTER,EAST,UNCLASSIFIED,2019,OFF PEAK,11956,45,100
56795,24213,PRESCRIBED AND COUNTER,BOTH,UNCLASSIFIED,2019,WEEKENDS,42822,-1,-1
56795,24213,PRESCRIBED AND COUNTER,BOTH,UNCLASSIFIED,2019,ALL DAYS,45158,-1,-1
56795,24213,PRESCRIBED,WEST,UNCLASSIFIED,2019,OFF PEAK,12047,45,99
56820,28008,PRESCRIBED AND COUNTER,BOTH,HEAVY VEHICLES,2019,OFF PEAK,1726,-1,-1
56820,28008,PRESCRIBED,NORTH,HEAVY VEHICLES,2019,WEEKDAYS,1377,-1,-1
56820,28008,COUNTER,SOUTH,LIGHT VEHICLES,2019,PM PEAK,11766,99,98
56820,28008,COUNTER,SOUTH,ALL VEHICLES,2019,PUBLIC HOLIDAYS,41092,-1,-1
56820,28008,PRESCRIBED AND COUNTER,BOTH,HEAVY VEHICLES,2019,AM PEAK,728,-1,-1
56820,28008,PRESCRIBED AND COUNTER,BOTH,ALL VEHICLES,2019,WEEKDAYS,97346,-1,-1
56820,28008,PRESCRIBED AND COUNTER,BOTH,ALL VEHICLES,2019,ALL DAYS,95110,-1,-1
56820,28008,PRESCRIBED,NORTH,HEAVY VEHICLES,2019,WEEKENDS,350,-1,-1
56820,28008,PRESCRIBED,NORTH,LIGHT VEHICLES,2019,PUBLIC HOLIDAYS,34906,75,100
56820,28008,PRESCRIBED,NORTH,HEAVY VEHICLES,2019,ALL DAYS,1092,46,98
56820,28008,PRESCRIBED,NORTH,HEAVY VEHICLES,2019,AM PEAK,358,56,98
56820,28008,PRESCRIBED AND COUNTER,BOTH,HEAVY VEHICLES,2019,PM PEAK,329,-1,-1
56820,28008,PRESCRIBED,NORTH,LIGHT VEHICLES,2019,ALL DAYS,43515,99,98
56820,28008,PRESCRIBED,NORTH,LIGHT VEHICLES,2019,PM PEAK,9865,99,97
56820,28008,PRESCRIBED,NORTH,ALL VEHICLES,2019,AM PEAK,11185,-1,-1
56820,28008,PRESCRIBED,NORTH,ALL VEHICLES,2019,WEEKDAYS,45851,-1,-1
56820,28008,PRESCRIBED,NORTH,HEAVY VEHICLES,2019,PUBLIC HOLIDAYS,262,26,100
56820,28008,PRESCRIBED AND COUNTER,BOTH,HEAVY VEHICLES,2019,WEEKENDS,730,-1,-1
56820,28008,COUNTER,SOUTH,HEAVY VEHICLES,2019,AM PEAK,370,59,99
56820,28008,PRESCRIBED,NORTH,HEAVY VEHICLES,2019,OFF PEAK,875,51,98
56820,28008,PRESCRIBED AND COUNTER,BOTH,LIGHT VEHICLES,2019,WEEKDAYS,94563,-1,-1
56820,28008,COUNTER,SOUTH,LIGHT VEHICLES,2019,WEEKENDS,47521,-1,-1
56820,28008,COUNTER,SOUTH,ALL VEHICLES,2019,WEEKENDS,47901,-1,-1
56820,28008,PRESCRIBED AND COUNTER,BOTH,LIGHT VEHICLES,2019,ALL DAYS,92893,-1,-1
56820,28008,COUNTER,SOUTH,ALL VEHICLES,2019,WEEKDAYS,51495,-1,-1
56820,28008,COUNTER,SOUTH,ALL VEHICLES,2019,OFF PEAK,27712,-1,-1
56820,28008,COUNTER,SOUTH,HEAVY VEHICLES,2019,PM PEAK,185,63,99
56820,28008,COUNTER,SOUTH,ALL VEHICLES,2019,AM PEAK,11832,-1,-1
56820,28008,PRESCRIBED,NORTH,LIGHT VEHICLES,2019,WEEKENDS,41057,-1,-1
56820,28008,COUNTER,SOUTH,ALL VEHICLES,2019,ALL DAYS,50503,-1,-1
56820,28008,PRESCRIBED AND COUNTER,BOTH,ALL VEHICLES,2019,AM PEAK,23017,-1,-1
56820,28008,PRESCRIBED AND COUNTER,BOTH,HEAVY VEHICLES,2019,ALL DAYS,2217,-1,-1
56820,28008,PRESCRIBED AND COUNTER,BOTH,LIGHT VEHICLES,2019,WEEKENDS,88578,-1,-1
56820,28008,COUNTER,SOUTH,LIGHT VEHICLES,2019,OFF PEAK,26861,99,98
56820,28008,COUNTER,SOUTH,LIGHT VEHICLES,2019,AM PEAK,11462,99,98
56820,28008,COUNTER,SOUTH,HEAVY VEHICLES,2019,WEEKDAYS,1406,-1,-1
56820,28008,PRESCRIBED AND COUNTER,BOTH,LIGHT VEHICLES,2019,PUBLIC HOLIDAYS,75768,-1,-1
56820,28008,COUNTER,SOUTH,LIGHT VEHICLES,2019,ALL DAYS,49378,99,98
56820,28008,PRESCRIBED,NORTH,LIGHT VEHICLES,2019,WEEKDAYS,44474,-1,-1
56820,28008,COUNTER,SOUTH,LIGHT VEHICLES,2019,PUBLIC HOLIDAYS,40862,76,100
56820,28008,PRESCRIBED,NORTH,ALL VEHICLES,2019,ALL DAYS,44607,-1,-1
56820,28008,PRESCRIBED,NORTH,ALL VEHICLES,2019,OFF PEAK,24657,-1,-1
56820,28008,COUNTER,SOUTH,HEAVY VEHICLES,2019,ALL DAYS,1125,51,99
56820,28008,PRESCRIBED AND COUNTER,BOTH,ALL VEHICLES,2019,WEEKENDS,89308,-1,-1
56820,28008,PRESCRIBED AND COUNTER,BOTH,HEAVY VEHICLES,2019,PUBLIC HOLIDAYS,492,-1,-1
56820,28008,PRESCRIBED,NORTH,LIGHT VEHICLES,2019,OFF PEAK,23782,99,97
56820,28008,PRESCRIBED,NORTH,ALL VEHICLES,2019,WEEKENDS,41407,-1,-1
56820,28008,COUNTER,SOUTH,HEAVY VEHICLES,2019,OFF PEAK,851,52,99
56820,28008,COUNTER,SOUTH,HEAVY VEHICLES,2019,WEEKENDS,380,-1,-1
56820,28008,PRESCRIBED AND COUNTER,BOTH,ALL VEHICLES,2019,OFF PEAK,52369,-1,-1
56820,28008,COUNTER,SOUTH,LIGHT VEHICLES,2019,WEEKDAYS,50089,-1,-1
56820,28008,PRESCRIBED,NORTH,ALL VEHICLES,2019,PUBLIC HOLIDAYS,35168,-1,-1
56820,28008,PRESCRIBED AND COUNTER,BOTH,LIGHT VEHICLES,2019,OFF PEAK,50643,-1,-1
56820,28008,PRESCRIBED,NORTH,HEAVY VEHICLES,2019,PM PEAK,144,47,98
56820,28008,PRESCRIBED,NORTH,LIGHT VEHICLES,2019,AM PEAK,10827,99,97
56820,28008,PRESCRIBED AND COUNTER,BOTH,ALL VEHICLES,2019,PUBLIC HOLIDAYS,76260,-1,-1
56820,28008,PRESCRIBED AND COUNTER,BOTH,ALL VEHICLES,2019,PM PEAK,21960,-1,-1
56820,28008,PRESCRIBED AND COUNTER,BOTH,LIGHT VEHICLES,2019,PM PEAK,21631,-1,-1
56820,28008,COUNTER,SOUTH,HEAVY VEHICLES,2019,PUBLIC HOLIDAYS,230,34,100
56820,28008,PRESCRIBED,NORTH,ALL VEHICLES,2019,PM PEAK,10009,-1,-1
56820,28008,PRESCRIBED AND COUNTER,BOTH,HEAVY VEHICLES,2019,WEEKDAYS,2783,-1,-1
56820,28008,PRESCRIBED AND COUNTER,BOTH,LIGHT VEHICLES,2019,AM PEAK,22289,-1,-1
56820,28008,COUNTER,SOUTH,ALL VEHICLES,2019,PM PEAK,11951,-1,-1
56823,28022,PRESCRIBED,WEST,UNCLASSIFIED,2019,AM PEAK,6168,100,89
56823,28022,PRESCRIBED,WEST,UNCLASSIFIED,2019,WEEKDAYS,30627,-1,-1
56823,28022,PRESCRIBED AND COUNTER,BOTH,UNCLASSIFIED,2019,WEEKDAYS,59229,-1,-1
56823,28022,PRESCRIBED,WEST,UNCLASSIFIED,2019,PUBLIC HOLIDAYS,21207,76,100
56823,28022,COUNTER,EAST,UNCLASSIFIED,2019,PUBLIC HOLIDAYS,18924,76,100
56823,28022,PRESCRIBED AND COUNTER,BOTH,UNCLASSIFIED,2019,AM PEAK,14495,-1,-1
56823,28022,COUNTER,EAST,UNCLASSIFIED,2019,WEEKDAYS,28602,-1,-1
56823,28022,PRESCRIBED AND COUNTER,BOTH,UNCLASSIFIED,2019,OFF PEAK,28944,-1,-1
56823,28022,PRESCRIBED AND COUNTER,BOTH,UNCLASSIFIED,2019,WEEKENDS,51751,-1,-1
56823,28022,COUNTER,EAST,UNCLASSIFIED,2019,OFF PEAK,13349,100,100
56823,28022,PRESCRIBED,WEST,UNCLASSIFIED,2019,PM PEAK,8864,100,95
56823,28022,PRESCRIBED,WEST,UNCLASSIFIED,2019,ALL DAYS,29740,99,97
56823,28022,COUNTER,EAST,UNCLASSIFIED,2019,AM PEAK,8327,100,86
56823,28022,COUNTER,EAST,UNCLASSIFIED,2019,ALL DAYS,27457,99,97
56823,28022,PRESCRIBED,WEST,UNCLASSIFIED,2019,WEEKENDS,27335,-1,-1
56823,28022,PRESCRIBED AND COUNTER,BOTH,UNCLASSIFIED,2019,PUBLIC HOLIDAYS,40131,-1,-1
56823,28022,COUNTER,EAST,UNCLASSIFIED,2019,WEEKENDS,24416,-1,-1
56823,28022,COUNTER,EAST,UNCLASSIFIED,2019,PM PEAK,6926,100,96
56823,28022,PRESCRIBED,WEST,UNCLASSIFIED,2019,OFF PEAK,15595,100,99
56823,28022,PRESCRIBED AND COUNTER,BOTH,UNCLASSIFIED,2019,PM PEAK,15790,-1,-1
56823,28022,PRESCRIBED AND COUNTER,BOTH,UNCLASSIFIED,2019,ALL DAYS,57197,-1,-1
56841,29005,PRESCRIBED AND COUNTER,BOTH,ALL VEHICLES,2019,OFF PEAK,49351,-1,-1
56841,29005,PRESCRIBED,NORTH,ALL VEHICLES,2019,WEEKDAYS,49586,-1,-1
56841,29005,COUNTER,SOUTH,HEAVY VEHICLES,2019,WEEKENDS,1726,-1,-1
56841,29005,PRESCRIBED,NORTH,ALL VEHICLES,2019,WEEKENDS,45556,-1,-1
56841,29005,PRESCRIBED AND COUNTER,BOTH,HEAVY VEHICLES,2019,AM PEAK,2290,-1,-1
56841,29005,PRESCRIBED AND COUNTER,BOTH,LIGHT VEHICLES,2019,ALL DAYS,91739,-1,-1
56841,29005,PRESCRIBED AND COUNTER,BOTH,ALL VEHICLES,2019,WEEKENDS,92758,-1,-1
56841,29005,PRESCRIBED,NORTH,LIGHT VEHICLES,2019,PM PEAK,12630,98,96
56841,29005,COUNTER,SOUTH,LIGHT VEHICLES,2019,PUBLIC HOLIDAYS,37321,66,100
56841,29005,PRESCRIBED,NORTH,HEAVY VEHICLES,2019,PM PEAK,620,46,97
56841,29005,PRESCRIBED,NORTH,HEAVY VEHICLES,2019,AM PEAK,1352,61,96
56841,29005,COUNTER,SOUTH,ALL VEHICLES,2019,PM PEAK,13364,-1,-1
56841,29005,PRESCRIBED,NORTH,HEAVY VEHICLES,2019,WEEKENDS,1788,-1,-1
56841,29005,COUNTER,SOUTH,HEAVY VEHICLES,2019,PUBLIC HOLIDAYS,1251,25,100
56841,29005,COUNTER,SOUTH,ALL VEHICLES,2019,PUBLIC HOLIDAYS,38572,-1,-1
56841,29005,PRESCRIBED,NORTH,LIGHT VEHICLES,2019,AM PEAK,10933,99,95
56841,29005,PRESCRIBED AND COUNTER,BOTH,LIGHT VEHICLES,2019,WEEKENDS,89244,-1,-1
56841,29005,PRESCRIBED,NORTH,LIGHT VEHICLES,2019,PUBLIC HOLIDAYS,35715,66,100
56841,29005,PRESCRIBED AND COUNTER,BOTH,HEAVY VEHICLES,2019,ALL DAYS,7039,-1,-1
56841,29005,PRESCRIBED,NORTH,LIGHT VEHICLES,2019,WEEKENDS,43768,-1,-1
56841,29005,PRESCRIBED AND COUNTER,BOTH,ALL VEHICLES,2019,WEEKDAYS,100782,-1,-1
56841,29005,PRESCRIBED,NORTH,LIGHT VEHICLES,2019,OFF PEAK,21821,77,95
56841,29005,COUNTER,SOUTH,LIGHT VEHICLES,2019,WEEKDAYS,47031,-1,-1
56841,29005,PRESCRIBED AND COUNTER,BOTH,HEAVY VEHICLES,2019,WEEKENDS,3514,-1,-1
56841,29005,COUNTER,SOUTH,LIGHT VEHICLES,2019,ALL DAYS,46698,86,97
56841,29005,PRESCRIBED,NORTH,ALL VEHICLES,2019,OFF PEAK,24051,-1,-1
56841,29005,COUNTER,SOUTH,ALL VEHICLES,2019,WEEKDAYS,51196,-1,-1
56841,29005,PRESCRIBED AND COUNTER,BOTH,ALL VEHICLES,2019,PUBLIC HOLIDAYS,75573,-1,-1
56841,29005,PRESCRIBED AND COUNTER,BOTH,LIGHT VEHICLES,2019,PM PEAK,25146,-1,-1
56841,29005,PRESCRIBED,NORTH,LIGHT VEHICLES,2019,WEEKDAYS,45384,-1,-1
56841,29005,PRESCRIBED AND COUNTER,BOTH,ALL VEHICLES,2019,PM PEAK,26614,-1,-1
56841,29005,PRESCRIBED,NORTH,HEAVY VEHICLES,2019,PUBLIC HOLIDAYS,1286,23,100
56841,29005,COUNTER,SOUTH,LIGHT VEHICLES,2019,OFF PEAK,22921,81,96
56841,29005,PRESCRIBED AND COUNTER,BOTH,ALL VEHICLES,2019,AM PEAK,24817,-1,-1
56841,29005,PRESCRIBED,NORTH,HEAVY VEHICLES,2019,WEEKDAYS,4202,-1,-1
56841,29005,PRESCRIBED AND COUNTER,BOTH,ALL VEHICLES,2019,ALL DAYS,98778,-1,-1
56841,29005,COUNTER,SOUTH,ALL VEHICLES,2019,OFF PEAK,25300,-1,-1
56841,29005,PRESCRIBED,NORTH,LIGHT VEHICLES,2019,ALL DAYS,45041,84,96
56841,29005,PRESCRIBED AND COUNTER,BOTH,HEAVY VEHICLES,2019,PUBLIC HOLIDAYS,2537,-1,-1
56841,29005,PRESCRIBED AND COUNTER,BOTH,HEAVY VEHICLES,2019,PM PEAK,1468,-1,-1
56841,29005,COUNTER,SOUTH,LIGHT VEHICLES,2019,WEEKENDS,45476,-1,-1
56841,29005,PRESCRIBED AND COUNTER,BOTH,LIGHT VEHICLES,2019,OFF PEAK,44742,-1,-1
56841,29005,PRESCRIBED,NORTH,ALL VEHICLES,2019,PUBLIC HOLIDAYS,37001,-1,-1
56841,29005,PRESCRIBED,NORTH,ALL VEHICLES,2019,AM PEAK,12285,-1,-1
56841,29005,COUNTER,SOUTH,LIGHT VEHICLES,2019,PM PEAK,12516,98,96
56841,29005,PRESCRIBED AND COUNTER,BOTH,LIGHT VEHICLES,2019,AM PEAK,22527,-1,-1
56841,29005,PRESCRIBED,NORTH,HEAVY VEHICLES,2019,ALL DAYS,3538,42,97
56841,29005,COUNTER,SOUTH,HEAVY VEHICLES,2019,AM PEAK,938,56,96
56841,29005,PRESCRIBED,NORTH,ALL VEHICLES,2019,ALL DAYS,48579,-1,-1
56841,29005,PRESCRIBED,NORTH,ALL VEHICLES,2019,PM PEAK,13250,-1,-1
56841,29005,COUNTER,SOUTH,HEAVY VEHICLES,2019,PM PEAK,848,49,97
56841,29005,PRESCRIBED AND COUNTER,BOTH,LIGHT VEHICLES,2019,PUBLIC HOLIDAYS,73036,-1,-1
56841,29005,COUNTER,SOUTH,ALL VEHICLES,2019,WEEKENDS,47202,-1,-1
56841,29005,PRESCRIBED AND COUNTER,BOTH,HEAVY VEHICLES,2019,WEEKDAYS,8367,-1,-1
56841,29005,COUNTER,SOUTH,ALL VEHICLES,2019,AM PEAK,12532,-1,-1
56841,29005,COUNTER,SOUTH,LIGHT VEHICLES,2019,AM PEAK,11594,98,96
56841,29005,PRESCRIBED AND COUNTER,BOTH,HEAVY VEHICLES,2019,OFF PEAK,4609,-1,-1
56841,29005,COUNTER,SOUTH,HEAVY VEHICLES,2019,OFF PEAK,2379,45,97
56841,29005,COUNTER,SOUTH,ALL VEHICLES,2019,ALL DAYS,50199,-1,-1
56841,29005,PRESCRIBED AND COUNTER,BOTH,LIGHT VEHICLES,2019,WEEKDAYS,92415,-1,-1
56841,29005,PRESCRIBED,NORTH,HEAVY VEHICLES,2019,OFF PEAK,2230,44,97
56841,29005,COUNTER,SOUTH,HEAVY VEHICLES,2019,ALL DAYS,3501,44,98
56841,29005,COUNTER,SOUTH,HEAVY VEHICLES,2019,WEEKDAYS,4165,-1,-1
56845,30005,COUNTER,EAST,UNCLASSIFIED,2019,PM PEAK,8514,87,89
56845,30005,PRESCRIBED AND COUNTER,BOTH,UNCLASSIFIED,2019,ALL DAYS,56219,-1,-1
56845,30005,PRESCRIBED,WEST,UNCLASSIFIED,2019,OFF PEAK,12202,87,97
56845,30005,PRESCRIBED,WEST,UNCLASSIFIED,2019,WEEKDAYS,22059,-1,-1
56845,30005,PRESCRIBED,WEST,UNCLASSIFIED,2019,WEEKENDS,21553,-1,-1
56845,30005,PRESCRIBED AND COUNTER,BOTH,UNCLASSIFIED,2019,PUBLIC HOLIDAYS,51423,-1,-1
56845,30005,COUNTER,EAST,UNCLASSIFIED,2019,PUBLIC HOLIDAYS,30519,61,100
56845,30005,COUNTER,EAST,UNCLASSIFIED,2019,ALL DAYS,34320,87,93
56845,30005,PRESCRIBED,WEST,UNCLASSIFIED,2019,PUBLIC HOLIDAYS,20904,61,100
56845,30005,PRESCRIBED AND COUNTER,BOTH,UNCLASSIFIED,2019,WEEKENDS,54721,-1,-1
56845,30005,PRESCRIBED AND COUNTER,BOTH,UNCLASSIFIED,2019,WEEKDAYS,57016,-1,-1
56845,30005,COUNTER,EAST,UNCLASSIFIED,2019,WEEKENDS,33168,-1,-1
56845,30005,COUNTER,EAST,UNCLASSIFIED,2019,WEEKDAYS,34957,-1,-1
56845,30005,PRESCRIBED,WEST,UNCLASSIFIED,2019,AM PEAK,4685,87,86
56845,30005,PRESCRIBED AND COUNTER,BOTH,UNCLASSIFIED,2019,AM PEAK,13147,-1,-1
56845,30005,COUNTER,EAST,UNCLASSIFIED,2019,OFF PEAK,17981,87,95
56845,30005,PRESCRIBED AND COUNTER,BOTH,UNCLASSIFIED,2019,PM PEAK,13686,-1,-1
56845,30005,PRESCRIBED,WEST,UNCLASSIFIED,2019,PM PEAK,5172,87,97
56845,30005,PRESCRIBED AND COUNTER,BOTH,UNCLASSIFIED,2019,OFF PEAK,30183,-1,-1
56845,30005,PRESCRIBED,WEST,UNCLASSIFIED,2019,ALL DAYS,21899,87,95
56845,30005,COUNTER,EAST,UNCLASSIFIED,2019,AM PEAK,8462,87,87
56846,30011,PRESCRIBED,WEST,HEAVY VEHICLES,2019,AM PEAK,575,28,98
56846,30011,PRESCRIBED,WEST,HEAVY VEHICLES,2019,WEEKDAYS,2477,-1,-1
56846,30011,PRESCRIBED,WEST,HEAVY VEHICLES,2019,OFF PEAK,1249,20,98
56846,30011,PRESCRIBED,WEST,HEAVY VEHICLES,2019,WEEKENDS,1123,-1,-1
56846,30011,PRESCRIBED,WEST,ALL VEHICLES,2019,OFF PEAK,18757,-1,-1
56846,30011,PRESCRIBED,WEST,LIGHT VEHICLES,2019,PUBLIC HOLIDAYS,25713,41,100
56846,30011,PRESCRIBED,WEST,HEAVY VEHICLES,2019,ALL DAYS,2074,18,98
56846,30011,PRESCRIBED,WEST,LIGHT VEHICLES,2019,ALL DAYS,33888,56,97
56846,30011,PRESCRIBED,WEST,LIGHT VEHICLES,2019,PM PEAK,10850,65,97
56846,30011,PRESCRIBED,WEST,LIGHT VEHICLES,2019,AM PEAK,6043,62,98
56846,30011,PRESCRIBED,WEST,HEAVY VEHICLES,2019,PUBLIC HOLIDAYS,886,14,100
56846,30011,PRESCRIBED,WEST,LIGHT VEHICLES,2019,WEEKENDS,32559,-1,-1
56846,30011,PRESCRIBED,WEST,ALL VEHICLES,2019,WEEKENDS,33682,-1,-1
56846,30011,PRESCRIBED,WEST,HEAVY VEHICLES,2019,PM PEAK,653,23,98
56846,30011,PRESCRIBED,WEST,ALL VEHICLES,2019,WEEKDAYS,36878,-1,-1
56846,30011,PRESCRIBED,WEST,ALL VEHICLES,2019,PM PEAK,11503,-1,-1
56846,30011,PRESCRIBED,WEST,ALL VEHICLES,2019,ALL DAYS,35962,-1,-1
56846,30011,PRESCRIBED,WEST,LIGHT VEHICLES,2019,WEEKDAYS,34401,-1,-1
56846,30011,PRESCRIBED,WEST,ALL VEHICLES,2019,AM PEAK,6618,-1,-1
56846,30011,PRESCRIBED,WEST,ALL VEHICLES,2019,PUBLIC HOLIDAYS,26599,-1,-1
56846,30011,PRESCRIBED,WEST,LIGHT VEHICLES,2019,OFF PEAK,17508,53,97
56855,31111,COUNTER,EAST,UNCLASSIFIED,2019,WEEKDAYS,29220,-1,-1
56855,31111,COUNTER,EAST,UNCLASSIFIED,2019,PM PEAK,7608,93,94
56855,31111,COUNTER,EAST,UNCLASSIFIED,2019,OFF PEAK,12646,92,99
56855,31111,PRESCRIBED AND COUNTER,BOTH,UNCLASSIFIED,2019,PUBLIC HOLIDAYS,36071,-1,-1
56855,31111,PRESCRIBED,WEST,UNCLASSIFIED,2019,WEEKDAYS,24203,-1,-1
56855,31111,COUNTER,EAST,UNCLASSIFIED,2019,ALL DAYS,27758,92,96
56855,31111,PRESCRIBED AND COUNTER,BOTH,UNCLASSIFIED,2019,WEEKDAYS,53423,-1,-1
56855,31111,PRESCRIBED AND COUNTER,BOTH,UNCLASSIFIED,2019,AM PEAK,13754,-1,-1
56855,31111,PRESCRIBED AND COUNTER,BOTH,UNCLASSIFIED,2019,PM PEAK,15015,-1,-1
56855,31111,PRESCRIBED,WEST,UNCLASSIFIED,2019,OFF PEAK,12008,68,99
56855,31111,PRESCRIBED,WEST,UNCLASSIFIED,2019,WEEKENDS,21906,-1,-1
56855,31111,PRESCRIBED,WEST,UNCLASSIFIED,2019,PM PEAK,7407,68,97
56855,31111,COUNTER,EAST,UNCLASSIFIED,2019,AM PEAK,8966,92,85
56855,31111,COUNTER,EAST,UNCLASSIFIED,2019,PUBLIC HOLIDAYS,18761,76,100
56855,31111,PRESCRIBED,WEST,UNCLASSIFIED,2019,PUBLIC HOLIDAYS,17310,53,100
56855,31111,PRESCRIBED,WEST,UNCLASSIFIED,2019,AM PEAK,4788,68,92
56855,31111,PRESCRIBED AND COUNTER,BOTH,UNCLASSIFIED,2019,WEEKENDS,45911,-1,-1
56855,31111,COUNTER,EAST,UNCLASSIFIED,2019,WEEKENDS,24005,-1,-1
56855,31111,PRESCRIBED AND COUNTER,BOTH,UNCLASSIFIED,2019,OFF PEAK,24654,-1,-1
56855,31111,PRESCRIBED AND COUNTER,BOTH,UNCLASSIFIED,2019,ALL DAYS,51368,-1,-1
56855,31111,PRESCRIBED,WEST,UNCLASSIFIED,2019,ALL DAYS,23610,68,97
56856,32012,COUNTER,SOUTH,UNCLASSIFIED,2019,WEEKDAYS,23112,-1,-1
56856,32012,PRESCRIBED AND COUNTER,BOTH,UNCLASSIFIED,2019,PM PEAK,13057,-1,-1
56856,32012,PRESCRIBED AND COUNTER,BOTH,UNCLASSIFIED,2019,WEEKDAYS,43913,-1,-1
56856,32012,PRESCRIBED AND COUNTER,BOTH,UNCLASSIFIED,2019,WEEKENDS,36144,-1,-1
56856,32012,PRESCRIBED AND COUNTER,BOTH,UNCLASSIFIED,2019,ALL DAYS,41806,-1,-1
56856,32012,PRESCRIBED,NORTH,UNCLASSIFIED,2019,PUBLIC HOLIDAYS,12110,53,100
56856,32012,PRESCRIBED,NORTH,UNCLASSIFIED,2019,WEEKDAYS,20801,-1,-1
56856,32012,PRESCRIBED AND COUNTER,BOTH,UNCLASSIFIED,2019,OFF PEAK,19073,-1,-1
56856,32012,PRESCRIBED,NORTH,UNCLASSIFIED,2019,PM PEAK,5037,65,97
56856,32012,PRESCRIBED AND COUNTER,BOTH,UNCLASSIFIED,2019,AM PEAK,11783,-1,-1
56856,32012,COUNTER,SOUTH,UNCLASSIFIED,2019,PM PEAK,8020,65,95
56856,32012,COUNTER,SOUTH,UNCLASSIFIED,2019,WEEKENDS,19648,-1,-1
56856,32012,PRESCRIBED AND COUNTER,BOTH,UNCLASSIFIED,2019,PUBLIC HOLIDAYS,26898,-1,-1
56856,32012,COUNTER,SOUTH,UNCLASSIFIED,2019,AM PEAK,4376,64,92
56856,32012,COUNTER,SOUTH,UNCLASSIFIED,2019,ALL DAYS,22182,64,97
56856,32012,COUNTER,SOUTH,UNCLASSIFIED,2019,OFF PEAK,10716,65,98
56856,32012,PRESCRIBED,NORTH,UNCLASSIFIED,2019,OFF PEAK,8357,65,99
56856,32012,PRESCRIBED,NORTH,UNCLASSIFIED,2019,AM PEAK,7407,64,89
56856,32012,PRESCRIBED,NORTH,UNCLASSIFIED,2019,WEEKENDS,16496,-1,-1
56856,32012,PRESCRIBED,NORTH,UNCLASSIFIED,2019,ALL DAYS,19624,64,96
56856,32012,COUNTER,SOUTH,UNCLASSIFIED,2019,PUBLIC HOLIDAYS,14788,53,100
56857,32022,PRESCRIBED AND COUNTER,BOTH,UNCLASSIFIED,2019,OFF PEAK,21639,-1,-1
56857,32022,COUNTER,EAST,UNCLASSIFIED,2019,WEEKENDS,15087,-1,-1
56857,32022,PRESCRIBED AND COUNTER,BOTH,UNCLASSIFIED,2019,AM PEAK,9923,-1,-1
56857,32022,PRESCRIBED,WEST,UNCLASSIFIED,2019,PUBLIC HOLIDAYS,16647,76,100
56857,32022,COUNTER,EAST,UNCLASSIFIED,2019,OFF PEAK,8772,100,98
56857,32022,PRESCRIBED AND COUNTER,BOTH,UNCLASSIFIED,2019,PM PEAK,11061,-1,-1
56857,32022,COUNTER,EAST,UNCLASSIFIED,2019,ALL DAYS,17365,99,97
56857,32022,COUNTER,EAST,UNCLASSIFIED,2019,WEEKDAYS,18247,-1,-1
56857,32022,COUNTER,EAST,UNCLASSIFIED,2019,AM PEAK,5078,100,90
56857,32022,PRESCRIBED,WEST,UNCLASSIFIED,2019,ALL DAYS,23557,99,97
56857,32022,PRESCRIBED,WEST,UNCLASSIFIED,2019,OFF PEAK,12867,100,98
56857,32022,COUNTER,EAST,UNCLASSIFIED,2019,PM PEAK,4397,100,96
56857,32022,PRESCRIBED AND COUNTER,BOTH,UNCLASSIFIED,2019,WEEKDAYS,42623,-1,-1
56857,32022,PRESCRIBED AND COUNTER,BOTH,UNCLASSIFIED,2019,WEEKENDS,36497,-1,-1
56857,32022,PRESCRIBED AND COUNTER,BOTH,UNCLASSIFIED,2019,ALL DAYS,40922,-1,-1
56857,32022,PRESCRIBED,WEST,UNCLASSIFIED,2019,AM PEAK,4845,100,88
56857,32022,PRESCRIBED,WEST,UNCLASSIFIED,2019,WEEKENDS,21410,-1,-1
56857,32022,PRESCRIBED,WEST,UNCLASSIFIED,2019,WEEKDAYS,24376,-1,-1
56857,32022,PRESCRIBED AND COUNTER,BOTH,UNCLASSIFIED,2019,PUBLIC HOLIDAYS,28112,-1,-1
56857,32022,COUNTER,EAST,UNCLASSIFIED,2019,PUBLIC HOLIDAYS,11465,76,100
56857,32022,PRESCRIBED,WEST,UNCLASSIFIED,2019,PM PEAK,6664,100,97
56860,32028,COUNTER,EAST,UNCLASSIFIED,2019,ALL DAYS,14919,71,97
56860,32028,COUNTER,EAST,UNCLASSIFIED,2019,PM PEAK,4157,72,96
56860,32028,COUNTER,EAST,UNCLASSIFIED,2019,PUBLIC HOLIDAYS,10251,53,100
56860,32028,COUNTER,EAST,UNCLASSIFIED,2019,WEEKDAYS,15668,-1,-1
56860,32028,COUNTER,EAST,UNCLASSIFIED,2019,WEEKENDS,12949,-1,-1
56860,32028,COUNTER,EAST,UNCLASSIFIED,2019,OFF PEAK,7694,72,99
56860,32028,COUNTER,EAST,UNCLASSIFIED,2019,AM PEAK,3817,72,95
56861,32029,PRESCRIBED,NORTH,LIGHT VEHICLES,2019,OFF PEAK,8243,66,97
56861,32029,COUNTER,SOUTH,LIGHT VEHICLES,2019,AM PEAK,4135,73,97
56861,32029,PRESCRIBED AND COUNTER,BOTH,HEAVY VEHICLES,2019,WEEKDAYS,2430,-1,-1
56861,32029,PRESCRIBED,NORTH,ALL VEHICLES,2019,OFF PEAK,8863,-1,-1
56861,32029,PRESCRIBED AND COUNTER,BOTH,ALL VEHICLES,2019,ALL DAYS,40800,-1,-1
56861,32029,PRESCRIBED,NORTH,LIGHT VEHICLES,2019,WEEKENDS,15491,-1,-1
56861,32029,COUNTER,SOUTH,ALL VEHICLES,2019,PM PEAK,7382,-1,-1
56861,32029,PRESCRIBED AND COUNTER,BOTH,HEAVY VEHICLES,2019,AM PEAK,716,-1,-1
56861,32029,PRESCRIBED AND COUNTER,BOTH,HEAVY VEHICLES,2019,ALL DAYS,1990,-1,-1
56861,32029,COUNTER,SOUTH,LIGHT VEHICLES,2019,ALL DAYS,20583,67,97
56861,32029,PRESCRIBED,NORTH,HEAVY VEHICLES,2019,ALL DAYS,1041,20,97
56861,32029,PRESCRIBED,NORTH,HEAVY VEHICLES,2019,WEEKENDS,485,-1,-1
56861,32029,PRESCRIBED,NORTH,ALL VEHICLES,2019,PUBLIC HOLIDAYS,12258,-1,-1
56861,32029,PRESCRIBED AND COUNTER,BOTH,ALL VEHICLES,2019,PM PEAK,11990,-1,-1
56861,32029,PRESCRIBED AND COUNTER,BOTH,ALL VEHICLES,2019,WEEKENDS,34888,-1,-1
56861,32029,PRESCRIBED,NORTH,HEAVY VEHICLES,2019,OFF PEAK,620,21,97
56861,32029,COUNTER,SOUTH,ALL VEHICLES,2019,WEEKENDS,18912,-1,-1
56861,32029,PRESCRIBED AND COUNTER,BOTH,ALL VEHICLES,2019,OFF PEAK,19719,-1,-1
56861,32029,PRESCRIBED,NORTH,LIGHT VEHICLES,2019,ALL DAYS,18227,70,98
56861,32029,COUNTER,SOUTH,HEAVY VEHICLES,2019,ALL DAYS,949,20,97
56861,32029,COUNTER,SOUTH,LIGHT VEHICLES,2019,PUBLIC HOLIDAYS,14331,47,100
56861,32029,PRESCRIBED AND COUNTER,BOTH,HEAVY VEHICLES,2019,OFF PEAK,1229,-1,-1
56861,32029,COUNTER,SOUTH,HEAVY VEHICLES,2019,AM PEAK,257,33,97
56861,32029,PRESCRIBED AND COUNTER,BOTH,LIGHT VEHICLES,2019,OFF PEAK,18490,-1,-1
56861,32029,PRESCRIBED,NORTH,ALL VEHICLES,2019,PM PEAK,4608,-1,-1
56861,32029,PRESCRIBED AND COUNTER,BOTH,ALL VEHICLES,2019,AM PEAK,11505,-1,-1
56861,32029,PRESCRIBED AND COUNTER,BOTH,HEAVY VEHICLES,2019,PUBLIC HOLIDAYS,617,-1,-1
56861,32029,COUNTER,SOUTH,ALL VEHICLES,2019,WEEKDAYS,22630,-1,-1
56861,32029,PRESCRIBED AND COUNTER,BOTH,ALL VEHICLES,2019,WEEKDAYS,43214,-1,-1
56861,32029,PRESCRIBED,NORTH,HEAVY VEHICLES,2019,PM PEAK,196,23,96
56861,32029,COUNTER,SOUTH,LIGHT VEHICLES,2019,PM PEAK,7093,78,97
56861,32029,COUNTER,SOUTH,HEAVY VEHICLES,2019,PM PEAK,289,26,97
56861,32029,COUNTER,SOUTH,ALL VEHICLES,2019,PUBLIC HOLIDAYS,14633,-1,-1
56861,32029,PRESCRIBED,NORTH,LIGHT VEHICLES,2019,PM PEAK,4412,74,98
56861,32029,PRESCRIBED AND COUNTER,BOTH,LIGHT VEHICLES,2019,ALL DAYS,38810,-1,-1
56861,32029,COUNTER,SOUTH,ALL VEHICLES,2019,AM PEAK,4392,-1,-1
56861,32029,COUNTER,SOUTH,HEAVY VEHICLES,2019,WEEKENDS,483,-1,-1
56861,32029,PRESCRIBED,NORTH,LIGHT VEHICLES,2019,PUBLIC HOLIDAYS,11943,48,100
56861,32029,COUNTER,SOUTH,LIGHT VEHICLES,2019,OFF PEAK,10247,63,97
56861,32029,PRESCRIBED,NORTH,ALL VEHICLES,2019,WEEKENDS,15976,-1,-1
56861,32029,PRESCRIBED AND COUNTER,BOTH,ALL VEHICLES,2019,PUBLIC HOLIDAYS,26891,-1,-1
56861,32029,PRESCRIBED,NORTH,HEAVY VEHICLES,2019,WEEKDAYS,1275,-1,-1
56861,32029,PRESCRIBED AND COUNTER,BOTH,HEAVY VEHICLES,2019,WEEKENDS,968,-1,-1
56861,32029,PRESCRIBED,NORTH,LIGHT VEHICLES,2019,AM PEAK,6654,91,98
56861,32029,COUNTER,SOUTH,ALL VEHICLES,2019,ALL DAYS,21532,-1,-1
56861,32029,PRESCRIBED,NORTH,ALL VEHICLES,2019,WEEKDAYS,20584,-1,-1
56861,32029,COUNTER,SOUTH,ALL VEHICLES,2019,OFF PEAK,10856,-1,-1
56861,32029,PRESCRIBED,NORTH,LIGHT VEHICLES,2019,WEEKDAYS,19309,-1,-1
56861,32029,PRESCRIBED,NORTH,ALL VEHICLES,2019,ALL DAYS,19268,-1,-1
56861,32029,PRESCRIBED AND COUNTER,BOTH,LIGHT VEHICLES,2019,WEEKDAYS,40784,-1,-1
56861,32029,COUNTER,SOUTH,LIGHT VEHICLES,2019,WEEKENDS,18429,-1,-1
56861,32029,COUNTER,SOUTH,HEAVY VEHICLES,2019,WEEKDAYS,1155,-1,-1
56861,32029,PRESCRIBED AND COUNTER,BOTH,LIGHT VEHICLES,2019,PM PEAK,11505,-1,-1
56861,32029,COUNTER,SOUTH,LIGHT VEHICLES,2019,WEEKDAYS,21475,-1,-1
56861,32029,PRESCRIBED,NORTH,HEAVY VEHICLES,2019,AM PEAK,459,36,97
56861,32029,PRESCRIBED,NORTH,ALL VEHICLES,2019,AM PEAK,7113,-1,-1
56861,32029,PRESCRIBED AND COUNTER,BOTH,LIGHT VEHICLES,2019,PUBLIC HOLIDAYS,26274,-1,-1
56861,32029,PRESCRIBED,NORTH,HEAVY VEHICLES,2019,PUBLIC HOLIDAYS,315,15,100
56861,32029,COUNTER,SOUTH,HEAVY VEHICLES,2019,PUBLIC HOLIDAYS,302,14,100
56861,32029,PRESCRIBED AND COUNTER,BOTH,HEAVY VEHICLES,2019,PM PEAK,485,-1,-1
56861,32029,PRESCRIBED AND COUNTER,BOTH,LIGHT VEHICLES,2019,WEEKENDS,33920,-1,-1
56861,32029,COUNTER,SOUTH,HEAVY VEHICLES,2019,OFF PEAK,609,22,97
56861,32029,PRESCRIBED AND COUNTER,BOTH,LIGHT VEHICLES,2019,AM PEAK,10789,-1,-1
56863,32039,PRESCRIBED,WEST,UNCLASSIFIED,2019,PUBLIC HOLIDAYS,7205,53,100
56863,32039,COUNTER,EAST,UNCLASSIFIED,2019,WEEKENDS,7858,-1,-1
56863,32039,PRESCRIBED,WEST,UNCLASSIFIED,2019,OFF PEAK,5122,71,98
56863,32039,PRESCRIBED AND COUNTER,BOTH,UNCLASSIFIED,2019,PUBLIC HOLIDAYS,13009,-1,-1
56863,32039,PRESCRIBED,WEST,UNCLASSIFIED,2019,AM PEAK,2104,71,89
56863,32039,PRESCRIBED AND COUNTER,BOTH,UNCLASSIFIED,2019,AM PEAK,6769,-1,-1
56863,32039,PRESCRIBED AND COUNTER,BOTH,UNCLASSIFIED,2019,PM PEAK,7338,-1,-1
56863,32039,PRESCRIBED AND COUNTER,BOTH,UNCLASSIFIED,2019,OFF PEAK,9136,-1,-1
56863,32039,PRESCRIBED AND COUNTER,BOTH,UNCLASSIFIED,2019,ALL DAYS,21488,-1,-1
56863,32039,PRESCRIBED AND COUNTER,BOTH,UNCLASSIFIED,2019,WEEKENDS,16883,-1,-1
56863,32039,PRESCRIBED,WEST,UNCLASSIFIED,2019,WEEKDAYS,11939,-1,-1
56863,32039,COUNTER,EAST,UNCLASSIFIED,2019,ALL DAYS,10353,71,95
56863,32039,COUNTER,EAST,UNCLASSIFIED,2019,PUBLIC HOLIDAYS,5804,53,100
56863,32039,COUNTER,EAST,UNCLASSIFIED,2019,AM PEAK,4665,71,85
56863,32039,COUNTER,EAST,UNCLASSIFIED,2019,PM PEAK,2625,71,94
56863,32039,PRESCRIBED,WEST,UNCLASSIFIED,2019,ALL DAYS,11135,71,96
56863,32039,PRESCRIBED AND COUNTER,BOTH,UNCLASSIFIED,2019,WEEKDAYS,23243,-1,-1
56863,32039,COUNTER,EAST,UNCLASSIFIED,2019,WEEKDAYS,11304,-1,-1
56863,32039,PRESCRIBED,WEST,UNCLASSIFIED,2019,WEEKENDS,9025,-1,-1
56863,32039,COUNTER,EAST,UNCLASSIFIED,2019,OFF PEAK,4014,71,98
56863,32039,PRESCRIBED,WEST,UNCLASSIFIED,2019,PM PEAK,4713,72,92
56865,32097,PRESCRIBED AND COUNTER,BOTH,UNCLASSIFIED,2019,AM PEAK,4379,-1,-1
56865,32097,PRESCRIBED AND COUNTER,BOTH,UNCLASSIFIED,2019,WEEKENDS,12086,-1,-1
56865,32097,PRESCRIBED AND COUNTER,BOTH,UNCLASSIFIED,2019,ALL DAYS,14382,-1,-1
56865,32097,COUNTER,EAST,UNCLASSIFIED,2019,WEEKDAYS,7765,-1,-1
56865,32097,PRESCRIBED,WEST,UNCLASSIFIED,2019,ALL DAYS,7132,71,97
56865,32097,PRESCRIBED,WEST,UNCLASSIFIED,2019,WEEKDAYS,7513,-1,-1
56865,32097,COUNTER,EAST,UNCLASSIFIED,2019,PM PEAK,2281,72,94
56865,32097,PRESCRIBED,WEST,UNCLASSIFIED,2019,PUBLIC HOLIDAYS,4572,53,100
56865,32097,COUNTER,EAST,UNCLASSIFIED,2019,ALL DAYS,7250,71,96
56865,32097,PRESCRIBED,WEST,UNCLASSIFIED,2019,AM PEAK,1961,72,88
56865,32097,COUNTER,EAST,UNCLASSIFIED,2019,WEEKENDS,5927,-1,-1
56865,32097,COUNTER,EAST,UNCLASSIFIED,2019,AM PEAK,2418,72,87
56865,32097,PRESCRIBED,WEST,UNCLASSIFIED,2019,OFF PEAK,3280,71,98
56865,32097,PRESCRIBED AND COUNTER,BOTH,UNCLASSIFIED,2019,PUBLIC HOLIDAYS,8980,-1,-1
56865,32097,PRESCRIBED AND COUNTER,BOTH,UNCLASSIFIED,2019,OFF PEAK,6346,-1,-1
56865,32097,PRESCRIBED,WEST,UNCLASSIFIED,2019,PM PEAK,2272,72,96
56865,32097,PRESCRIBED,WEST,UNCLASSIFIED,2019,WEEKENDS,6159,-1,-1
56865,32097,PRESCRIBED AND COUNTER,BOTH,UNCLASSIFIED,2019,PM PEAK,4553,-1,-1
56865,32097,COUNTER,EAST,UNCLASSIFIED,2019,PUBLIC HOLIDAYS,4408,53,100
56865,32097,COUNTER,EAST,UNCLASSIFIED,2019,OFF PEAK,3066,71,98
56865,32097,PRESCRIBED AND COUNTER,BOTH,UNCLASSIFIED,2019,WEEKDAYS,15278,-1,-1
56868,33013,COUNTER,SOUTH,UNCLASSIFIED,2019,PM PEAK,6279,9,95
56868,33013,COUNTER,SOUTH,UNCLASSIFIED,2019,PUBLIC HOLIDAYS,22811,15,100
56868,33013,COUNTER,SOUTH,UNCLASSIFIED,2019,WEEKDAYS,28742,-1,-1
56868,33013,COUNTER,SOUTH,UNCLASSIFIED,2019,ALL DAYS,28111,9,96
56868,33013,COUNTER,SOUTH,UNCLASSIFIED,2019,AM PEAK,8899,9,66
56868,33013,COUNTER,SOUTH,UNCLASSIFIED,2019,OFF PEAK,13564,9,99
56868,33013,COUNTER,SOUTH,UNCLASSIFIED,2019,WEEKENDS,26558,-1,-1
56868,33013,PRESCRIBED,NORTH,UNCLASSIFIED,2019,PUBLIC HOLIDAYS,23058,76,100
56868,33013,PRESCRIBED AND COUNTER,BOTH,UNCLASSIFIED,2019,WEEKDAYS,59357,-1,-1
56868,33013,PRESCRIBED AND COUNTER,BOTH,UNCLASSIFIED,2019,AM PEAK,14189,-1,-1
56868,33013,PRESCRIBED AND COUNTER,BOTH,UNCLASSIFIED,2019,ALL DAYS,57757,-1,-1
56868,33013,PRESCRIBED AND COUNTER,BOTH,UNCLASSIFIED,2019,OFF PEAK,29043,-1,-1
56868,33013,PRESCRIBED,NORTH,UNCLASSIFIED,2019,ALL DAYS,29646,99,98
56868,33013,PRESCRIBED AND COUNTER,BOTH,UNCLASSIFIED,2019,PUBLIC HOLIDAYS,45869,-1,-1
56868,33013,PRESCRIBED,NORTH,UNCLASSIFIED,2019,PM PEAK,9846,100,94
56868,33013,PRESCRIBED,NORTH,UNCLASSIFIED,2019,WEEKENDS,27298,-1,-1
56868,33013,PRESCRIBED,NORTH,UNCLASSIFIED,2019,AM PEAK,5290,100,96
56868,33013,PRESCRIBED AND COUNTER,BOTH,UNCLASSIFIED,2019,WEEKENDS,53856,-1,-1
56868,33013,PRESCRIBED AND COUNTER,BOTH,UNCLASSIFIED,2019,PM PEAK,16125,-1,-1
56868,33013,PRESCRIBED,NORTH,UNCLASSIFIED,2019,WEEKDAYS,30615,-1,-1
56868,33013,PRESCRIBED,NORTH,UNCLASSIFIED,2019,OFF PEAK,15479,99,100
56869,33014,PRESCRIBED,NORTH,UNCLASSIFIED,2019,PM PEAK,8843,-1,-1
56869,33014,PRESCRIBED,NORTH,UNCLASSIFIED,2019,ALL DAYS,29939,-1,-1
56869,33014,PRESCRIBED,NORTH,UNCLASSIFIED,2019,WEEKENDS,26955,-1,-1
56869,33014,PRESCRIBED,NORTH,UNCLASSIFIED,2019,PUBLIC HOLIDAYS,21188,-1,-1
56869,33014,PRESCRIBED,NORTH,UNCLASSIFIED,2019,AM PEAK,6293,-1,-1
56869,33014,PRESCRIBED,NORTH,UNCLASSIFIED,2019,OFF PEAK,15631,-1,-1
56869,33014,PRESCRIBED,NORTH,UNCLASSIFIED,2019,WEEKDAYS,30767,-1,-1
56872,33023,PRESCRIBED,NORTH,HEAVY VEHICLES,2019,WEEKDAYS,1149,-1,-1
56872,33023,PRESCRIBED AND COUNTER,BOTH,ALL VEHICLES,2019,PM PEAK,8658,-1,-1
56872,33023,PRESCRIBED,NORTH,ALL VEHICLES,2019,WEEKENDS,11601,-1,-1
56872,33023,PRESCRIBED AND COUNTER,BOTH,ALL VEHICLES,2019,WEEKDAYS,29794,-1,-1
56872,33023,PRESCRIBED AND COUNTER,BOTH,ALL VEHICLES,2019,WEEKENDS,22841,-1,-1
56872,33023,PRESCRIBED AND COUNTER,BOTH,HEAVY VEHICLES,2019,OFF PEAK,943,-1,-1
56872,33023,COUNTER,SOUTH,ALL VEHICLES,2019,WEEKENDS,11240,-1,-1
56872,33023,PRESCRIBED AND COUNTER,BOTH,ALL VEHICLES,2019,PUBLIC HOLIDAYS,18642,-1,-1
56872,33023,COUNTER,SOUTH,HEAVY VEHICLES,2019,WEEKENDS,351,-1,-1
56872,33023,PRESCRIBED,NORTH,ALL VEHICLES,2019,WEEKDAYS,14968,-1,-1
56872,33023,PRESCRIBED AND COUNTER,BOTH,HEAVY VEHICLES,2019,PM PEAK,572,-1,-1
56872,33023,PRESCRIBED,NORTH,LIGHT VEHICLES,2019,ALL DAYS,14392,60,55
56872,33023,PRESCRIBED AND COUNTER,BOTH,HEAVY VEHICLES,2019,AM PEAK,633,-1,-1
56872,33023,COUNTER,SOUTH,LIGHT VEHICLES,2019,WEEKDAYS,13827,-1,-1
56872,33023,COUNTER,SOUTH,ALL VEHICLES,2019,PM PEAK,3468,-1,-1
56872,33023,PRESCRIBED AND COUNTER,BOTH,LIGHT VEHICLES,2019,PUBLIC HOLIDAYS,18065,-1,-1
56872,33023,COUNTER,SOUTH,HEAVY VEHICLES,2019,ALL DAYS,852,17,69
56872,33023,PRESCRIBED,NORTH,HEAVY VEHICLES,2019,WEEKENDS,410,-1,-1
56872,33023,COUNTER,SOUTH,ALL VEHICLES,2019,PUBLIC HOLIDAYS,9250,-1,-1
56872,33023,PRESCRIBED AND COUNTER,BOTH,LIGHT VEHICLES,2019,OFF PEAK,12615,-1,-1
56872,33023,PRESCRIBED AND COUNTER,BOTH,LIGHT VEHICLES,2019,WEEKDAYS,27646,-1,-1
56872,33023,PRESCRIBED AND COUNTER,BOTH,HEAVY VEHICLES,2019,PUBLIC HOLIDAYS,577,-1,-1
56872,33023,PRESCRIBED AND COUNTER,BOTH,HEAVY VEHICLES,2019,ALL DAYS,1893,-1,-1
56872,33023,COUNTER,SOUTH,HEAVY VEHICLES,2019,PM PEAK,234,29,89
56872,33023,PRESCRIBED,NORTH,LIGHT VEHICLES,2019,PUBLIC HOLIDAYS,9077,45,70
56872,33023,PRESCRIBED,NORTH,LIGHT VEHICLES,2019,PM PEAK,4852,85,78
56872,33023,COUNTER,SOUTH,LIGHT VEHICLES,2019,PM PEAK,3234,86,86
56872,33023,PRESCRIBED,NORTH,ALL VEHICLES,2019,AM PEAK,2448,-1,-1
56872,33023,PRESCRIBED,NORTH,LIGHT VEHICLES,2019,AM PEAK,2186,79,82
56872,33023,PRESCRIBED AND COUNTER,BOTH,LIGHT VEHICLES,2019,ALL DAYS,28231,-1,-1
56872,33023,PRESCRIBED,NORTH,LIGHT VEHICLES,2019,WEEKDAYS,13819,-1,-1
56872,33023,COUNTER,SOUTH,HEAVY VEHICLES,2019,WEEKDAYS,999,-1,-1
56872,33023,COUNTER,SOUTH,HEAVY VEHICLES,2019,PUBLIC HOLIDAYS,262,13,74
56872,33023,PRESCRIBED,NORTH,HEAVY VEHICLES,2019,PM PEAK,338,28,80
56872,33023,PRESCRIBED,NORTH,ALL VEHICLES,2019,PM PEAK,5190,-1,-1
56872,33023,COUNTER,SOUTH,HEAVY VEHICLES,2019,AM PEAK,371,34,88
56872,33023,PRESCRIBED,NORTH,ALL VEHICLES,2019,PUBLIC HOLIDAYS,9392,-1,-1
56872,33023,PRESCRIBED,NORTH,HEAVY VEHICLES,2019,AM PEAK,262,27,86
56872,33023,COUNTER,SOUTH,LIGHT VEHICLES,2019,OFF PEAK,5834,60,87
56872,33023,COUNTER,SOUTH,ALL VEHICLES,2019,WEEKDAYS,14826,-1,-1
56872,33023,PRESCRIBED,NORTH,ALL VEHICLES,2019,ALL DAYS,15433,-1,-1
56872,33023,COUNTER,SOUTH,ALL VEHICLES,2019,ALL DAYS,14691,-1,-1
56872,33023,PRESCRIBED AND COUNTER,BOTH,ALL VEHICLES,2019,AM PEAK,7578,-1,-1
56872,33023,PRESCRIBED,NORTH,HEAVY VEHICLES,2019,PUBLIC HOLIDAYS,315,12,78
56872,33023,PRESCRIBED AND COUNTER,BOTH,ALL VEHICLES,2019,ALL DAYS,30124,-1,-1
56872,33023,COUNTER,SOUTH,ALL VEHICLES,2019,AM PEAK,5130,-1,-1
56872,33023,PRESCRIBED AND COUNTER,BOTH,ALL VEHICLES,2019,OFF PEAK,13558,-1,-1
56872,33023,PRESCRIBED,NORTH,HEAVY VEHICLES,2019,OFF PEAK,549,15,86
56872,33023,COUNTER,SOUTH,ALL VEHICLES,2019,OFF PEAK,6228,-1,-1
56872,33023,COUNTER,SOUTH,LIGHT VEHICLES,2019,ALL DAYS,13839,68,67
56872,33023,COUNTER,SOUTH,HEAVY VEHICLES,2019,OFF PEAK,394,17,89
56872,33023,PRESCRIBED AND COUNTER,BOTH,LIGHT VEHICLES,2019,AM PEAK,6945,-1,-1
56872,33023,PRESCRIBED,NORTH,LIGHT VEHICLES,2019,OFF PEAK,6781,54,82
56872,33023,PRESCRIBED,NORTH,ALL VEHICLES,2019,OFF PEAK,7330,-1,-1
56872,33023,COUNTER,SOUTH,LIGHT VEHICLES,2019,AM PEAK,4759,86,87
56872,33023,COUNTER,SOUTH,LIGHT VEHICLES,2019,WEEKENDS,10889,-1,-1
56872,33023,PRESCRIBED AND COUNTER,BOTH,LIGHT VEHICLES,2019,PM PEAK,8086,-1,-1
56872,33023,PRESCRIBED AND COUNTER,BOTH,LIGHT VEHICLES,2019,WEEKENDS,22080,-1,-1
56872,33023,PRESCRIBED AND COUNTER,BOTH,HEAVY VEHICLES,2019,WEEKENDS,761,-1,-1
56872,33023,PRESCRIBED AND COUNTER,BOTH,HEAVY VEHICLES,2019,WEEKDAYS,2148,-1,-1
56872,33023,COUNTER,SOUTH,LIGHT VEHICLES,2019,PUBLIC HOLIDAYS,8988,50,75
56872,33023,PRESCRIBED,NORTH,HEAVY VEHICLES,2019,ALL DAYS,1041,15,61
56872,33023,PRESCRIBED,NORTH,LIGHT VEHICLES,2019,WEEKENDS,11191,-1,-1
56873,33026,COUNTER,SOUTH,UNCLASSIFIED,2019,AM PEAK,6012,-1,-1
56873,33026,PRESCRIBED,NORTH,UNCLASSIFIED,2019,AM PEAK,4290,-1,-1
56873,33026,COUNTER,SOUTH,UNCLASSIFIED,2019,WEEKENDS,11393,-1,-1
56873,33026,COUNTER,SOUTH,UNCLASSIFIED,2019,WEEKDAYS,15095,-1,-1
56873,33026,PRESCRIBED AND COUNTER,BOTH,UNCLASSIFIED,2019,AM PEAK,10302,-1,-1
56873,33026,PRESCRIBED,NORTH,UNCLASSIFIED,2019,WEEKDAYS,20967,-1,-1
56873,33026,PRESCRIBED AND COUNTER,BOTH,UNCLASSIFIED,2019,WEEKENDS,29300,-1,-1
56873,33026,COUNTER,SOUTH,UNCLASSIFIED,2019,PM PEAK,2952,-1,-1
56873,33026,PRESCRIBED,NORTH,UNCLASSIFIED,2019,WEEKENDS,17907,-1,-1
56873,33026,PRESCRIBED AND COUNTER,BOTH,UNCLASSIFIED,2019,WEEKDAYS,36062,-1,-1
56873,33026,COUNTER,SOUTH,UNCLASSIFIED,2019,ALL DAYS,14038,-1,-1
56873,33026,COUNTER,SOUTH,UNCLASSIFIED,2019,PUBLIC HOLIDAYS,8584,-1,-1
56873,33026,PRESCRIBED,NORTH,UNCLASSIFIED,2019,PM PEAK,6442,-1,-1
56873,33026,PRESCRIBED,NORTH,UNCLASSIFIED,2019,OFF PEAK,10235,-1,-1
56873,33026,PRESCRIBED AND COUNTER,BOTH,UNCLASSIFIED,2019,ALL DAYS,34034,-1,-1
56873,33026,PRESCRIBED AND COUNTER,BOTH,UNCLASSIFIED,2019,PM PEAK,9394,-1,-1
56873,33026,PRESCRIBED,NORTH,UNCLASSIFIED,2019,PUBLIC HOLIDAYS,13141,-1,-1
56873,33026,PRESCRIBED AND COUNTER,BOTH,UNCLASSIFIED,2019,OFF PEAK,16366,-1,-1
56873,33026,PRESCRIBED AND COUNTER,BOTH,UNCLASSIFIED,2019,PUBLIC HOLIDAYS,21725,-1,-1
56873,33026,COUNTER,SOUTH,UNCLASSIFIED,2019,OFF PEAK,6131,-1,-1
56873,33026,PRESCRIBED,NORTH,UNCLASSIFIED,2019,ALL DAYS,19996,-1,-1
56881,33098,PRESCRIBED,NORTH,UNCLASSIFIED,2019,PUBLIC HOLIDAYS,11427,61,100
56881,33098,COUNTER,SOUTH,UNCLASSIFIED,2019,WEEKDAYS,18203,-1,-1
56881,33098,PRESCRIBED AND COUNTER,BOTH,UNCLASSIFIED,2019,ALL DAYS,34285,-1,-1
56881,33098,PRESCRIBED,NORTH,UNCLASSIFIED,2019,PM PEAK,5587,83,95
56881,33098,PRESCRIBED AND COUNTER,BOTH,UNCLASSIFIED,2019,WEEKENDS,29927,-1,-1
56881,33098,PRESCRIBED,NORTH,UNCLASSIFIED,2019,WEEKDAYS,17730,-1,-1
56881,33098,PRESCRIBED,NORTH,UNCLASSIFIED,2019,OFF PEAK,8338,83,100
56881,33098,PRESCRIBED,NORTH,UNCLASSIFIED,2019,ALL DAYS,16966,83,98
56881,33098,COUNTER,SOUTH,UNCLASSIFIED,2019,ALL DAYS,17319,83,97
56881,33098,COUNTER,SOUTH,UNCLASSIFIED,2019,OFF PEAK,7586,83,99
56881,33098,PRESCRIBED,NORTH,UNCLASSIFIED,2019,WEEKENDS,15001,-1,-1
56881,33098,COUNTER,SOUTH,UNCLASSIFIED,2019,AM PEAK,6173,83,87
56881,33098,PRESCRIBED AND COUNTER,BOTH,UNCLASSIFIED,2019,PM PEAK,10031,-1,-1
56881,33098,COUNTER,SOUTH,UNCLASSIFIED,2019,PM PEAK,4444,83,98
56881,33098,PRESCRIBED AND COUNTER,BOTH,UNCLASSIFIED,2019,AM PEAK,9978,-1,-1
56881,33098,COUNTER,SOUTH,UNCLASSIFIED,2019,WEEKENDS,14926,-1,-1
56881,33098,COUNTER,SOUTH,UNCLASSIFIED,2019,PUBLIC HOLIDAYS,10821,61,100
56881,33098,PRESCRIBED AND COUNTER,BOTH,UNCLASSIFIED,2019,PUBLIC HOLIDAYS,22248,-1,-1
56881,33098,PRESCRIBED,NORTH,UNCLASSIFIED,2019,AM PEAK,3805,83,93
56881,33098,PRESCRIBED AND COUNTER,BOTH,UNCLASSIFIED,2019,WEEKDAYS,35933,-1,-1
56881,33098,PRESCRIBED AND COUNTER,BOTH,UNCLASSIFIED,2019,OFF PEAK,15924,-1,-1
56885,34001,COUNTER,SOUTH,UNCLASSIFIED,2019,PUBLIC HOLIDAYS,22449,-1,-1
56885,34001,PRESCRIBED AND COUNTER,BOTH,UNCLASSIFIED,2019,WEEKENDS,56410,-1,-1
56885,34001,PRESCRIBED AND COUNTER,BOTH,UNCLASSIFIED,2019,AM PEAK,16505,-1,-1
56885,34001,PRESCRIBED,NORTH,UNCLASSIFIED,2019,WEEKENDS,29668,-1,-1
56885,34001,PRESCRIBED,NORTH,UNCLASSIFIED,2019,WEEKDAYS,34545,-1,-1
56885,34001,PRESCRIBED,NORTH,UNCLASSIFIED,2019,PM PEAK,11157,-1,-1
56885,34001,COUNTER,SOUTH,UNCLASSIFIED,2019,WEEKDAYS,31329,-1,-1
56885,34001,PRESCRIBED AND COUNTER,BOTH,UNCLASSIFIED,2019,PUBLIC HOLIDAYS,49569,-1,-1
56885,34001,COUNTER,SOUTH,UNCLASSIFIED,2019,ALL DAYS,30074,-1,-1
56885,34001,COUNTER,SOUTH,UNCLASSIFIED,2019,PM PEAK,6174,-1,-1
56885,34001,COUNTER,SOUTH,UNCLASSIFIED,2019,AM PEAK,10104,-1,-1
56885,34001,PRESCRIBED,NORTH,UNCLASSIFIED,2019,OFF PEAK,16987,-1,-1
56885,34001,PRESCRIBED AND COUNTER,BOTH,UNCLASSIFIED,2019,WEEKDAYS,65874,-1,-1
56885,34001,COUNTER,SOUTH,UNCLASSIFIED,2019,OFF PEAK,15051,-1,-1
56885,34001,COUNTER,SOUTH,UNCLASSIFIED,2019,WEEKENDS,26742,-1,-1
56885,34001,PRESCRIBED AND COUNTER,BOTH,UNCLASSIFIED,2019,PM PEAK,17331,-1,-1
56885,34001,PRESCRIBED,NORTH,UNCLASSIFIED,2019,ALL DAYS,33074,-1,-1
56885,34001,PRESCRIBED,NORTH,UNCLASSIFIED,2019,AM PEAK,6401,-1,-1
56885,34001,PRESCRIBED AND COUNTER,BOTH,UNCLASSIFIED,2019,ALL DAYS,63148,-1,-1
56885,34001,PRESCRIBED,NORTH,UNCLASSIFIED,2019,PUBLIC HOLIDAYS,27120,-1,-1
56885,34001,PRESCRIBED AND COUNTER,BOTH,UNCLASSIFIED,2019,OFF PEAK,32038,-1,-1
56891,34028,PRESCRIBED,NORTH,UNCLASSIFIED,2019,WEEKENDS,15895,-1,-1
56891,34028,PRESCRIBED,NORTH,UNCLASSIFIED,2019,WEEKDAYS,19885,-1,-1
56891,34028,PRESCRIBED,NORTH,UNCLASSIFIED,2019,PUBLIC HOLIDAYS,12811,-1,-1
56891,34028,PRESCRIBED,NORTH,UNCLASSIFIED,2019,OFF PEAK,9259,-1,-1
56891,34028,PRESCRIBED,NORTH,UNCLASSIFIED,2019,ALL DAYS,18395,-1,-1
56891,34028,PRESCRIBED,NORTH,UNCLASSIFIED,2019,AM PEAK,4191,-1,-1
56891,34028,PRESCRIBED,NORTH,UNCLASSIFIED,2019,PM PEAK,6435,-1,-1
56896,36002,PRESCRIBED AND COUNTER,BOTH,UNCLASSIFIED,2019,WEEKENDS,46832,-1,-1
56896,36002,COUNTER,SOUTH,UNCLASSIFIED,2019,ALL DAYS,28369,99,96
56896,36002,COUNTER,SOUTH,UNCLASSIFIED,2019,AM PEAK,5950,100,91
56896,36002,PRESCRIBED,NORTH,UNCLASSIFIED,2019,PUBLIC HOLIDAYS,19309,76,100
56896,36002,PRESCRIBED,NORTH,UNCLASSIFIED,2019,PM PEAK,6590,100,95
56896,36002,COUNTER,SOUTH,UNCLASSIFIED,2019,PM PEAK,10781,100,90
56896,36002,PRESCRIBED AND COUNTER,BOTH,UNCLASSIFIED,2019,AM PEAK,15261,-1,-1
56896,36002,COUNTER,SOUTH,UNCLASSIFIED,2019,OFF PEAK,13609,99,99
56896,36002,PRESCRIBED,NORTH,UNCLASSIFIED,2019,WEEKDAYS,29833,-1,-1
56896,36002,COUNTER,SOUTH,UNCLASSIFIED,2019,PUBLIC HOLIDAYS,18457,76,100
56896,36002,PRESCRIBED AND COUNTER,BOTH,UNCLASSIFIED,2019,OFF PEAK,27541,-1,-1
56896,36002,PRESCRIBED AND COUNTER,BOTH,UNCLASSIFIED,2019,PUBLIC HOLIDAYS,37766,-1,-1
56896,36002,PRESCRIBED AND COUNTER,BOTH,UNCLASSIFIED,2019,PM PEAK,17371,-1,-1
56896,36002,PRESCRIBED,NORTH,UNCLASSIFIED,2019,ALL DAYS,28268,99,91
56896,36002,PRESCRIBED,NORTH,UNCLASSIFIED,2019,WEEKENDS,23737,-1,-1
56896,36002,PRESCRIBED,NORTH,UNCLASSIFIED,2019,OFF PEAK,13932,99,89
56896,36002,PRESCRIBED AND COUNTER,BOTH,UNCLASSIFIED,2019,WEEKDAYS,60173,-1,-1
56896,36002,PRESCRIBED,NORTH,UNCLASSIFIED,2019,AM PEAK,9311,100,82
56896,36002,PRESCRIBED AND COUNTER,BOTH,UNCLASSIFIED,2019,ALL DAYS,56637,-1,-1
56896,36002,COUNTER,SOUTH,UNCLASSIFIED,2019,WEEKENDS,23095,-1,-1
56896,36002,COUNTER,SOUTH,UNCLASSIFIED,2019,WEEKDAYS,30340,-1,-1
56912,36208,PRESCRIBED,SOUTH,UNCLASSIFIED,2019,WEEKENDS,25426,-1,-1
56912,36208,PRESCRIBED,SOUTH,UNCLASSIFIED,2019,AM PEAK,5185,60,96
56912,36208,PRESCRIBED,SOUTH,UNCLASSIFIED,2019,PM PEAK,10430,60,93
56912,36208,PRESCRIBED,SOUTH,UNCLASSIFIED,2019,WEEKDAYS,29626,-1,-1
56912,36208,PRESCRIBED,SOUTH,UNCLASSIFIED,2019,ALL DAYS,28380,60,98
56912,36208,PRESCRIBED,SOUTH,UNCLASSIFIED,2019,OFF PEAK,14011,60,100
56912,36208,PRESCRIBED,SOUTH,UNCLASSIFIED,2019,PUBLIC HOLIDAYS,22119,53,100
56916,37005,PRESCRIBED,SOUTH,UNCLASSIFIED,2019,WEEKENDS,23701,-1,-1
56916,37005,PRESCRIBED,SOUTH,UNCLASSIFIED,2019,ALL DAYS,24299,38,99
56916,37005,PRESCRIBED,SOUTH,UNCLASSIFIED,2019,AM PEAK,4573,38,94
56916,37005,PRESCRIBED,SOUTH,UNCLASSIFIED,2019,PUBLIC HOLIDAYS,24427,53,100
56916,37005,PRESCRIBED,SOUTH,UNCLASSIFIED,2019,PM PEAK,8959,39,90
56916,37005,PRESCRIBED,SOUTH,UNCLASSIFIED,2019,WEEKDAYS,24625,-1,-1
56916,37005,PRESCRIBED,SOUTH,UNCLASSIFIED,2019,OFF PEAK,11093,39,96
56918,37022,PRESCRIBED,NORTH,UNCLASSIFIED,2019,PM PEAK,4344,-1,-1
56918,37022,PRESCRIBED,NORTH,UNCLASSIFIED,2019,WEEKDAYS,12100,-1,-1
56918,37022,COUNTER,SOUTH,UNCLASSIFIED,2019,OFF PEAK,4976,-1,-1
56918,37022,PRESCRIBED AND COUNTER,BOTH,UNCLASSIFIED,2019,PM PEAK,6806,-1,-1
56918,37022,COUNTER,SOUTH,UNCLASSIFIED,2019,WEEKENDS,10149,-1,-1
56918,37022,PRESCRIBED AND COUNTER,BOTH,UNCLASSIFIED,2019,ALL DAYS,22337,-1,-1
56918,37022,COUNTER,SOUTH,UNCLASSIFIED,2019,AM PEAK,3509,-1,-1
56918,37022,PRESCRIBED,NORTH,UNCLASSIFIED,2019,ALL DAYS,11577,-1,-1
56918,37022,PRESCRIBED AND COUNTER,BOTH,UNCLASSIFIED,2019,WEEKENDS,20840,-1,-1
56918,37022,PRESCRIBED AND COUNTER,BOTH,UNCLASSIFIED,2019,OFF PEAK,10038,-1,-1
56918,37022,COUNTER,SOUTH,UNCLASSIFIED,2019,PM PEAK,2462,-1,-1
56918,37022,PRESCRIBED,NORTH,UNCLASSIFIED,2019,WEEKENDS,10691,-1,-1
56918,37022,PRESCRIBED,NORTH,UNCLASSIFIED,2019,PUBLIC HOLIDAYS,12571,-1,-1
56918,37022,COUNTER,SOUTH,UNCLASSIFIED,2019,WEEKDAYS,10947,-1,-1
56918,37022,COUNTER,SOUTH,UNCLASSIFIED,2019,ALL DAYS,10760,-1,-1
56918,37022,COUNTER,SOUTH,UNCLASSIFIED,2019,PUBLIC HOLIDAYS,13292,-1,-1
56918,37022,PRESCRIBED,NORTH,UNCLASSIFIED,2019,OFF PEAK,5062,-1,-1
56918,37022,PRESCRIBED,NORTH,UNCLASSIFIED,2019,AM PEAK,2694,-1,-1
56918,37022,PRESCRIBED AND COUNTER,BOTH,UNCLASSIFIED,2019,PUBLIC HOLIDAYS,25863,-1,-1
56918,37022,PRESCRIBED AND COUNTER,BOTH,UNCLASSIFIED,2019,AM PEAK,6203,-1,-1
56918,37022,PRESCRIBED AND COUNTER,BOTH,UNCLASSIFIED,2019,WEEKDAYS,23047,-1,-1
56925,40017,COUNTER,NORTH,UNCLASSIFIED,2019,WEEKDAYS,28200,-1,-1
56925,40017,COUNTER,NORTH,UNCLASSIFIED,2019,OFF PEAK,12616,25,100
56925,40017,COUNTER,NORTH,UNCLASSIFIED,2019,PM PEAK,5999,25,95
56925,40017,COUNTER,NORTH,UNCLASSIFIED,2019,AM PEAK,9585,25,75
56925,40017,COUNTER,NORTH,UNCLASSIFIED,2019,PUBLIC HOLIDAYS,23013,61,100
56925,40017,COUNTER,NORTH,UNCLASSIFIED,2019,ALL DAYS,27955,42,99
56925,40017,COUNTER,NORTH,UNCLASSIFIED,2019,WEEKENDS,26826,-1,-1
56927,40041,COUNTER,SOUTH,UNCLASSIFIED,2019,WEEKDAYS,22991,-1,-1
56927,40041,PRESCRIBED AND COUNTER,BOTH,UNCLASSIFIED,2019,PUBLIC HOLIDAYS,36557,-1,-1
56927,40041,COUNTER,SOUTH,UNCLASSIFIED,2019,PUBLIC HOLIDAYS,18136,-1,-1
56927,40041,PRESCRIBED,NORTH,UNCLASSIFIED,2019,PUBLIC HOLIDAYS,18421,-1,-1
56927,40041,PRESCRIBED,NORTH,UNCLASSIFIED,2019,WEEKENDS,20698,-1,-1
56927,40041,COUNTER,SOUTH,UNCLASSIFIED,2019,PM PEAK,6603,-1,-1
56927,40041,PRESCRIBED,NORTH,UNCLASSIFIED,2019,WEEKDAYS,23463,-1,-1
56927,40041,PRESCRIBED,NORTH,UNCLASSIFIED,2019,ALL DAYS,22699,-1,-1
56927,40041,PRESCRIBED AND COUNTER,BOTH,UNCLASSIFIED,2019,OFF PEAK,22538,-1,-1
56927,40041,PRESCRIBED AND COUNTER,BOTH,UNCLASSIFIED,2019,AM PEAK,11594,-1,-1
56927,40041,PRESCRIBED,NORTH,UNCLASSIFIED,2019,PM PEAK,5719,-1,-1
56927,40041,COUNTER,SOUTH,UNCLASSIFIED,2019,WEEKENDS,20344,-1,-1
56927,40041,PRESCRIBED AND COUNTER,BOTH,UNCLASSIFIED,2019,ALL DAYS,44954,-1,-1
56927,40041,COUNTER,SOUTH,UNCLASSIFIED,2019,AM PEAK,5272,-1,-1
56927,40041,PRESCRIBED,NORTH,UNCLASSIFIED,2019,AM PEAK,6322,-1,-1
56927,40041,PRESCRIBED AND COUNTER,BOTH,UNCLASSIFIED,2019,WEEKENDS,41042,-1,-1
56927,40041,COUNTER,SOUTH,UNCLASSIFIED,2019,OFF PEAK,11116,-1,-1
56927,40041,PRESCRIBED AND COUNTER,BOTH,UNCLASSIFIED,2019,PM PEAK,12322,-1,-1
56927,40041,COUNTER,SOUTH,UNCLASSIFIED,2019,ALL DAYS,22255,-1,-1
56927,40041,PRESCRIBED,NORTH,UNCLASSIFIED,2019,OFF PEAK,11422,-1,-1
56927,40041,PRESCRIBED AND COUNTER,BOTH,UNCLASSIFIED,2019,WEEKDAYS,46454,-1,-1
56949,41154,PRESCRIBED,WEST,UNCLASSIFIED,2019,PM PEAK,4921,92,92
56949,41154,PRESCRIBED AND COUNTER,BOTH,UNCLASSIFIED,2019,AM PEAK,9728,-1,-1
56949,41154,PRESCRIBED,WEST,UNCLASSIFIED,2019,WEEKDAYS,16888,-1,-1
56949,41154,COUNTER,EAST,UNCLASSIFIED,2019,AM PEAK,6735,92,84
56949,41154,PRESCRIBED,WEST,UNCLASSIFIED,2019,PUBLIC HOLIDAYS,12426,53,100
56949,41154,COUNTER,EAST,UNCLASSIFIED,2019,PM PEAK,4425,93,96
56949,41154,PRESCRIBED AND COUNTER,BOTH,UNCLASSIFIED,2019,PUBLIC HOLIDAYS,25509,-1,-1
56949,41154,PRESCRIBED AND COUNTER,BOTH,UNCLASSIFIED,2019,PM PEAK,9346,-1,-1
56949,41154,PRESCRIBED AND COUNTER,BOTH,UNCLASSIFIED,2019,WEEKENDS,31250,-1,-1
56949,41154,PRESCRIBED,WEST,UNCLASSIFIED,2019,ALL DAYS,16419,92,96
56949,41154,COUNTER,EAST,UNCLASSIFIED,2019,PUBLIC HOLIDAYS,13083,53,100
56949,41154,PRESCRIBED AND COUNTER,BOTH,UNCLASSIFIED,2019,ALL DAYS,35786,-1,-1
56949,41154,PRESCRIBED,WEST,UNCLASSIFIED,2019,WEEKENDS,14902,-1,-1
56949,41154,COUNTER,EAST,UNCLASSIFIED,2019,WEEKENDS,16348,-1,-1
56949,41154,PRESCRIBED AND COUNTER,BOTH,UNCLASSIFIED,2019,WEEKDAYS,37277,-1,-1
56949,41154,COUNTER,EAST,UNCLASSIFIED,2019,ALL DAYS,19367,93,94
56949,41154,PRESCRIBED,WEST,UNCLASSIFIED,2019,AM PEAK,2993,92,86
56949,41154,COUNTER,EAST,UNCLASSIFIED,2019,WEEKDAYS,20389,-1,-1
56949,41154,PRESCRIBED AND COUNTER,BOTH,UNCLASSIFIED,2019,OFF PEAK,18203,-1,-1
56949,41154,PRESCRIBED,WEST,UNCLASSIFIED,2019,OFF PEAK,8974,92,94
56949,41154,COUNTER,EAST,UNCLASSIFIED,2019,OFF PEAK,9229,92,93
56950,42001,COUNTER,NORTH,LIGHT VEHICLES,2019,PUBLIC HOLIDAYS,23044,70,93
56950,42001,PRESCRIBED AND COUNTER,BOTH,ALL VEHICLES,2019,WEEKDAYS,53955,-1,-1
56950,42001,PRESCRIBED,SOUTH,LIGHT VEHICLES,2019,PUBLIC HOLIDAYS,23333,67,94
56950,42001,PRESCRIBED,SOUTH,LIGHT VEHICLES,2019,AM PEAK,5991,93,93
56950,42001,COUNTER,NORTH,LIGHT VEHICLES,2019,ALL DAYS,27495,85,82
56950,42001,COUNTER,NORTH,LIGHT VEHICLES,2019,PM PEAK,4801,80,92
56950,42001,PRESCRIBED,SOUTH,HEAVY VEHICLES,2019,AM PEAK,119,52,95
56950,42001,COUNTER,NORTH,LIGHT VEHICLES,2019,AM PEAK,9875,93,93
56950,42001,PRESCRIBED,SOUTH,LIGHT VEHICLES,2019,WEEKDAYS,26446,-1,-1
56950,42001,PRESCRIBED AND COUNTER,BOTH,LIGHT VEHICLES,2019,AM PEAK,15866,-1,-1
56950,42001,PRESCRIBED AND COUNTER,BOTH,LIGHT VEHICLES,2019,PUBLIC HOLIDAYS,46377,-1,-1
56950,42001,PRESCRIBED AND COUNTER,BOTH,ALL VEHICLES,2019,WEEKENDS,42689,-1,-1
56950,42001,PRESCRIBED,SOUTH,HEAVY VEHICLES,2019,WEEKENDS,130,-1,-1
56950,42001,PRESCRIBED AND COUNTER,BOTH,LIGHT VEHICLES,2019,WEEKENDS,42417,-1,-1
56950,42001,PRESCRIBED,SOUTH,ALL VEHICLES,2019,OFF PEAK,12203,-1,-1
56950,42001,COUNTER,NORTH,ALL VEHICLES,2019,PM PEAK,4859,-1,-1
56950,42001,PRESCRIBED AND COUNTER,BOTH,HEAVY VEHICLES,2019,AM PEAK,239,-1,-1
56950,42001,COUNTER,NORTH,HEAVY VEHICLES,2019,ALL DAYS,364,25,85
56950,42001,PRESCRIBED,SOUTH,ALL VEHICLES,2019,WEEKDAYS,26828,-1,-1
56950,42001,PRESCRIBED,SOUTH,HEAVY VEHICLES,2019,PUBLIC HOLIDAYS,156,24,94
56950,42001,COUNTER,NORTH,HEAVY VEHICLES,2019,WEEKDAYS,398,-1,-1
56950,42001,PRESCRIBED AND COUNTER,BOTH,ALL VEHICLES,2019,ALL DAYS,56080,-1,-1
56950,42001,PRESCRIBED AND COUNTER,BOTH,ALL VEHICLES,2019,PM PEAK,13374,-1,-1
56950,42001,PRESCRIBED AND COUNTER,BOTH,HEAVY VEHICLES,2019,OFF PEAK,429,-1,-1
56950,42001,COUNTER,NORTH,LIGHT VEHICLES,2019,WEEKENDS,21002,-1,-1
56950,42001,PRESCRIBED,SOUTH,ALL VEHICLES,2019,PUBLIC HOLIDAYS,23489,-1,-1
56950,42001,PRESCRIBED AND COUNTER,BOTH,HEAVY VEHICLES,2019,PM PEAK,112,-1,-1
56950,42001,COUNTER,NORTH,ALL VEHICLES,2019,WEEKDAYS,27127,-1,-1
56950,42001,COUNTER,NORTH,HEAVY VEHICLES,2019,PM PEAK,58,34,95
56950,42001,COUNTER,NORTH,HEAVY VEHICLES,2019,WEEKENDS,142,-1,-1
56950,42001,PRESCRIBED,SOUTH,ALL VEHICLES,2019,AM PEAK,6110,-1,-1
56950,42001,PRESCRIBED,SOUTH,ALL VEHICLES,2019,PM PEAK,8515,-1,-1
56950,42001,PRESCRIBED AND COUNTER,BOTH,HEAVY VEHICLES,2019,PUBLIC HOLIDAYS,319,-1,-1
56950,42001,PRESCRIBED AND COUNTER,BOTH,LIGHT VEHICLES,2019,PM PEAK,13262,-1,-1
56950,42001,PRESCRIBED,SOUTH,HEAVY VEHICLES,2019,ALL DAYS,345,29,85
56950,42001,COUNTER,NORTH,HEAVY VEHICLES,2019,AM PEAK,120,40,95
56950,42001,PRESCRIBED AND COUNTER,BOTH,HEAVY VEHICLES,2019,WEEKDAYS,780,-1,-1
56950,42001,PRESCRIBED AND COUNTER,BOTH,LIGHT VEHICLES,2019,WEEKDAYS,53175,-1,-1
56950,42001,PRESCRIBED AND COUNTER,BOTH,LIGHT VEHICLES,2019,ALL DAYS,55371,-1,-1
56950,42001,COUNTER,NORTH,HEAVY VEHICLES,2019,PUBLIC HOLIDAYS,163,28,95
56950,42001,COUNTER,NORTH,ALL VEHICLES,2019,WEEKENDS,21144,-1,-1
56950,42001,PRESCRIBED AND COUNTER,BOTH,ALL VEHICLES,2019,PUBLIC HOLIDAYS,46696,-1,-1
56950,42001,PRESCRIBED,SOUTH,HEAVY VEHICLES,2019,WEEKDAYS,382,-1,-1
56950,42001,PRESCRIBED AND COUNTER,BOTH,HEAVY VEHICLES,2019,WEEKENDS,272,-1,-1
56950,42001,PRESCRIBED AND COUNTER,BOTH,LIGHT VEHICLES,2019,OFF PEAK,24047,-1,-1
56950,42001,PRESCRIBED,SOUTH,LIGHT VEHICLES,2019,PM PEAK,8461,80,93
56950,42001,PRESCRIBED AND COUNTER,BOTH,ALL VEHICLES,2019,OFF PEAK,24476,-1,-1
56950,42001,PRESCRIBED,SOUTH,LIGHT VEHICLES,2019,OFF PEAK,11994,82,92
56950,42001,COUNTER,NORTH,HEAVY VEHICLES,2019,OFF PEAK,220,35,94
56950,42001,PRESCRIBED,SOUTH,LIGHT VEHICLES,2019,ALL DAYS,27876,83,83
56950,42001,PRESCRIBED,SOUTH,HEAVY VEHICLES,2019,PM PEAK,54,32,94
56950,42001,COUNTER,NORTH,ALL VEHICLES,2019,OFF PEAK,12273,-1,-1
56950,42001,PRESCRIBED,SOUTH,LIGHT VEHICLES,2019,WEEKENDS,21415,-1,-1
56950,42001,COUNTER,NORTH,ALL VEHICLES,2019,AM PEAK,9995,-1,-1
56950,42001,COUNTER,NORTH,LIGHT VEHICLES,2019,OFF PEAK,12053,86,91
56950,42001,PRESCRIBED,SOUTH,HEAVY VEHICLES,2019,OFF PEAK,209,34,94
56950,42001,PRESCRIBED AND COUNTER,BOTH,ALL VEHICLES,2019,AM PEAK,16105,-1,-1
56950,42001,PRESCRIBED,SOUTH,ALL VEHICLES,2019,WEEKENDS,21545,-1,-1
56950,42001,PRESCRIBED,SOUTH,ALL VEHICLES,2019,ALL DAYS,28221,-1,-1
56950,42001,COUNTER,NORTH,ALL VEHICLES,2019,ALL DAYS,27859,-1,-1
56950,42001,COUNTER,NORTH,ALL VEHICLES,2019,PUBLIC HOLIDAYS,23207,-1,-1
56950,42001,COUNTER,NORTH,LIGHT VEHICLES,2019,WEEKDAYS,26729,-1,-1
56950,42001,PRESCRIBED AND COUNTER,BOTH,HEAVY VEHICLES,2019,ALL DAYS,709,-1,-1
56959,43032,PRESCRIBED,EAST,UNCLASSIFIED,2019,ALL DAYS,19527,36,93
56959,43032,PRESCRIBED,EAST,UNCLASSIFIED,2019,WEEKENDS,15006,-1,-1
56959,43032,PRESCRIBED,EAST,UNCLASSIFIED,2019,WEEKDAYS,21098,-1,-1
56959,43032,PRESCRIBED,EAST,UNCLASSIFIED,2019,PUBLIC HOLIDAYS,11580,46,100
56959,43032,PRESCRIBED,EAST,UNCLASSIFIED,2019,OFF PEAK,8343,36,98
56959,43032,PRESCRIBED,EAST,UNCLASSIFIED,2019,PM PEAK,5083,36,93
56959,43032,PRESCRIBED,EAST,UNCLASSIFIED,2019,AM PEAK,7672,36,77
56973,43236,COUNTER,SOUTH,UNCLASSIFIED,2019,OFF PEAK,11472,89,97
56973,43236,COUNTER,SOUTH,UNCLASSIFIED,2019,WEEKDAYS,23406,-1,-1
56973,43236,COUNTER,SOUTH,UNCLASSIFIED,2019,ALL DAYS,22396,89,95
56973,43236,COUNTER,SOUTH,UNCLASSIFIED,2019,AM PEAK,4650,89,93
56973,43236,COUNTER,SOUTH,UNCLASSIFIED,2019,PM PEAK,7284,89,94
56973,43236,COUNTER,SOUTH,UNCLASSIFIED,2019,PUBLIC HOLIDAYS,18711,61,100
56973,43236,COUNTER,SOUTH,UNCLASSIFIED,2019,WEEKENDS,19881,-1,-1
56974,43237,COUNTER,SOUTH,UNCLASSIFIED,2019,PM PEAK,10308,5,86
56974,43237,COUNTER,SOUTH,UNCLASSIFIED,2019,AM PEAK,5873,5,86
56974,43237,COUNTER,SOUTH,UNCLASSIFIED,2019,PUBLIC HOLIDAYS,23413,7,100
56974,43237,COUNTER,SOUTH,UNCLASSIFIED,2019,OFF PEAK,16412,5,100
56974,43237,COUNTER,SOUTH,UNCLASSIFIED,2019,ALL DAYS,31071,5,95
56974,43237,COUNTER,SOUTH,UNCLASSIFIED,2019,WEEKDAYS,32593,-1,-1
56974,43237,COUNTER,SOUTH,UNCLASSIFIED,2019,WEEKENDS,26719,-1,-1
56975,43239,COUNTER,SOUTH,UNCLASSIFIED,2019,AM PEAK,6349,93,94
56975,43239,PRESCRIBED,NORTH,UNCLASSIFIED,2019,PUBLIC HOLIDAYS,21072,69,100
56975,43239,PRESCRIBED,NORTH,UNCLASSIFIED,2019,PM PEAK,5928,94,99
56975,43239,PRESCRIBED AND COUNTER,BOTH,UNCLASSIFIED,2019,PUBLIC HOLIDAYS,47057,-1,-1
56975,43239,PRESCRIBED AND COUNTER,BOTH,UNCLASSIFIED,2019,ALL DAYS,59855,-1,-1
56975,43239,PRESCRIBED,NORTH,UNCLASSIFIED,2019,WEEKDAYS,29698,-1,-1
56975,43239,PRESCRIBED AND COUNTER,BOTH,UNCLASSIFIED,2019,AM PEAK,14552,-1,-1
56975,43239,PRESCRIBED AND COUNTER,BOTH,UNCLASSIFIED,2019,WEEKDAYS,61417,-1,-1
56975,43239,COUNTER,SOUTH,UNCLASSIFIED,2019,ALL DAYS,31153,93,99
56975,43239,PRESCRIBED,NORTH,UNCLASSIFIED,2019,ALL DAYS,28702,94,98
56975,43239,COUNTER,SOUTH,UNCLASSIFIED,2019,PM PEAK,7475,94,100
56975,43239,PRESCRIBED,NORTH,UNCLASSIFIED,2019,OFF PEAK,15567,94,99
56975,43239,PRESCRIBED AND COUNTER,BOTH,UNCLASSIFIED,2019,PM PEAK,13403,-1,-1
56975,43239,COUNTER,SOUTH,UNCLASSIFIED,2019,OFF PEAK,17895,93,99
56975,43239,COUNTER,SOUTH,UNCLASSIFIED,2019,WEEKDAYS,31719,-1,-1
56975,43239,PRESCRIBED,NORTH,UNCLASSIFIED,2019,AM PEAK,8203,94,89
56975,43239,COUNTER,SOUTH,UNCLASSIFIED,2019,WEEKENDS,29909,-1,-1
56975,43239,PRESCRIBED,NORTH,UNCLASSIFIED,2019,WEEKENDS,26189,-1,-1
56975,43239,PRESCRIBED AND COUNTER,BOTH,UNCLASSIFIED,2019,WEEKENDS,56098,-1,-1
56975,43239,PRESCRIBED AND COUNTER,BOTH,UNCLASSIFIED,2019,OFF PEAK,33462,-1,-1
56975,43239,COUNTER,SOUTH,UNCLASSIFIED,2019,PUBLIC HOLIDAYS,25985,69,100
56981,44001,PRESCRIBED,EAST,UNCLASSIFIED,2019,PUBLIC HOLIDAYS,25331,46,100
56981,44001,PRESCRIBED,EAST,UNCLASSIFIED,2019,AM PEAK,8303,21,82
56981,44001,PRESCRIBED,EAST,UNCLASSIFIED,2019,WEEKENDS,29301,-1,-1
56981,44001,PRESCRIBED,EAST,UNCLASSIFIED,2019,OFF PEAK,18196,21,99
56981,44001,PRESCRIBED,EAST,UNCLASSIFIED,2019,ALL DAYS,32587,21,94
56981,44001,PRESCRIBED,EAST,UNCLASSIFIED,2019,PM PEAK,7217,21,92
56981,44001,PRESCRIBED,EAST,UNCLASSIFIED,2019,WEEKDAYS,33716,-1,-1
56982,44002,PRESCRIBED,WEST,UNCLASSIFIED,2019,WEEKENDS,23491,-1,-1
56982,44002,PRESCRIBED AND COUNTER,BOTH,UNCLASSIFIED,2019,PM PEAK,13760,-1,-1
56982,44002,COUNTER,EAST,UNCLASSIFIED,2019,OFF PEAK,13584,31,99
56982,44002,PRESCRIBED,WEST,UNCLASSIFIED,2019,ALL DAYS,25810,71,98
56982,44002,PRESCRIBED AND COUNTER,BOTH,UNCLASSIFIED,2019,OFF PEAK,27150,-1,-1
56982,44002,COUNTER,EAST,UNCLASSIFIED,2019,ALL DAYS,25510,30,97
56982,44002,COUNTER,EAST,UNCLASSIFIED,2019,WEEKDAYS,26412,-1,-1
56982,44002,PRESCRIBED AND COUNTER,BOTH,UNCLASSIFIED,2019,PUBLIC HOLIDAYS,38133,-1,-1
56982,44002,COUNTER,EAST,UNCLASSIFIED,2019,PM PEAK,6464,31,98
56982,44002,PRESCRIBED,WEST,UNCLASSIFIED,2019,PM PEAK,7296,71,96
56982,44002,PRESCRIBED,WEST,UNCLASSIFIED,2019,PUBLIC HOLIDAYS,19334,53,100
56982,44002,PRESCRIBED AND COUNTER,BOTH,UNCLASSIFIED,2019,AM PEAK,12207,-1,-1
56982,44002,PRESCRIBED AND COUNTER,BOTH,UNCLASSIFIED,2019,WEEKENDS,46357,-1,-1
56982,44002,COUNTER,EAST,UNCLASSIFIED,2019,PUBLIC HOLIDAYS,18799,38,99
56982,44002,PRESCRIBED AND COUNTER,BOTH,UNCLASSIFIED,2019,WEEKDAYS,53117,-1,-1
56982,44002,PRESCRIBED,WEST,UNCLASSIFIED,2019,AM PEAK,5843,71,91
56982,44002,COUNTER,EAST,UNCLASSIFIED,2019,WEEKENDS,22866,-1,-1
56982,44002,COUNTER,EAST,UNCLASSIFIED,2019,AM PEAK,6364,31,81
56982,44002,PRESCRIBED AND COUNTER,BOTH,UNCLASSIFIED,2019,ALL DAYS,51320,-1,-1
56982,44002,PRESCRIBED,WEST,UNCLASSIFIED,2019,OFF PEAK,13566,71,99
56982,44002,PRESCRIBED,WEST,UNCLASSIFIED,2019,WEEKDAYS,26705,-1,-1
57000,44139,PRESCRIBED,NORTH,UNCLASSIFIED,2019,ALL DAYS,31280,88,97
57000,44139,PRESCRIBED,NORTH,UNCLASSIFIED,2019,PM PEAK,7506,88,99
57000,44139,PRESCRIBED,NORTH,UNCLASSIFIED,2019,WEEKENDS,28162,-1,-1
57000,44139,PRESCRIBED,NORTH,UNCLASSIFIED,2019,AM PEAK,8452,87,90
57000,44139,PRESCRIBED,NORTH,UNCLASSIFIED,2019,OFF PEAK,16489,87,99
57000,44139,PRESCRIBED,NORTH,UNCLASSIFIED,2019,WEEKDAYS,32447,-1,-1
57000,44139,PRESCRIBED,NORTH,UNCLASSIFIED,2019,PUBLIC HOLIDAYS,23134,61,100
57012,49002,COUNTER,EAST,UNCLASSIFIED,2019,ALL DAYS,32083,45,97
57012,49002,COUNTER,EAST,UNCLASSIFIED,2019,PM PEAK,7449,45,98
57012,49002,COUNTER,EAST,UNCLASSIFIED,2019,WEEKDAYS,32752,-1,-1
57012,49002,COUNTER,EAST,UNCLASSIFIED,2019,OFF PEAK,18101,45,96
57012,49002,COUNTER,EAST,UNCLASSIFIED,2019,PUBLIC HOLIDAYS,24646,61,100
57012,49002,COUNTER,EAST,UNCLASSIFIED,2019,AM PEAK,7202,45,89
57012,49002,COUNTER,EAST,UNCLASSIFIED,2019,WEEKENDS,30228,-1,-1
57047,50231,COUNTER,SOUTH,LIGHT VEHICLES,2019,PM PEAK,3892,34,95
57047,50231,PRESCRIBED,NORTH,HEAVY VEHICLES,2019,WEEKENDS,500,-1,-1
57047,50231,COUNTER,SOUTH,LIGHT VEHICLES,2019,PUBLIC HOLIDAYS,10054,40,100
57047,50231,PRESCRIBED,NORTH,ALL VEHICLES,2019,WEEKENDS,12169,-1,-1
57047,50231,COUNTER,SOUTH,LIGHT VEHICLES,2019,WEEKDAYS,13060,-1,-1
57047,50231,PRESCRIBED AND COUNTER,BOTH,ALL VEHICLES,2019,PUBLIC HOLIDAYS,20275,-1,-1
57047,50231,PRESCRIBED,NORTH,ALL VEHICLES,2019,PUBLIC HOLIDAYS,9839,-1,-1
57047,50231,COUNTER,SOUTH,HEAVY VEHICLES,2019,PUBLIC HOLIDAYS,382,11,100
57047,50231,PRESCRIBED,NORTH,HEAVY VEHICLES,2019,PUBLIC HOLIDAYS,387,13,100
57047,50231,PRESCRIBED AND COUNTER,BOTH,LIGHT VEHICLES,2019,ALL DAYS,24362,-1,-1
57047,50231,PRESCRIBED AND COUNTER,BOTH,HEAVY VEHICLES,2019,WEEKENDS,989,-1,-1
57047,50231,PRESCRIBED,NORTH,LIGHT VEHICLES,2019,PUBLIC HOLIDAYS,9452,37,100
57047,50231,PRESCRIBED AND COUNTER,BOTH,HEAVY VEHICLES,2019,PM PEAK,370,-1,-1
57047,50231,PRESCRIBED,NORTH,LIGHT VEHICLES,2019,AM PEAK,3261,34,98
57047,50231,COUNTER,SOUTH,LIGHT VEHICLES,2019,AM PEAK,2874,34,95
57047,50231,COUNTER,SOUTH,HEAVY VEHICLES,2019,AM PEAK,386,20,97
57047,50231,PRESCRIBED,NORTH,ALL VEHICLES,2019,ALL DAYS,12457,-1,-1
57047,50231,PRESCRIBED AND COUNTER,BOTH,LIGHT VEHICLES,2019,AM PEAK,6135,-1,-1
57047,50231,PRESCRIBED AND COUNTER,BOTH,LIGHT VEHICLES,2019,PM PEAK,6520,-1,-1
57047,50231,PRESCRIBED AND COUNTER,BOTH,HEAVY VEHICLES,2019,PUBLIC HOLIDAYS,769,-1,-1
57047,50231,COUNTER,SOUTH,ALL VEHICLES,2019,OFF PEAK,6995,-1,-1
57047,50231,PRESCRIBED,NORTH,LIGHT VEHICLES,2019,WEEKDAYS,11344,-1,-1
57047,50231,PRESCRIBED,NORTH,LIGHT VEHICLES,2019,WEEKENDS,11669,-1,-1
57047,50231,COUNTER,SOUTH,HEAVY VEHICLES,2019,WEEKDAYS,1271,-1,-1
57047,50231,COUNTER,SOUTH,ALL VEHICLES,2019,AM PEAK,3260,-1,-1
57047,50231,PRESCRIBED AND COUNTER,BOTH,ALL VEHICLES,2019,WEEKDAYS,26868,-1,-1
57047,50231,COUNTER,SOUTH,ALL VEHICLES,2019,PM PEAK,4076,-1,-1
57047,50231,PRESCRIBED,NORTH,LIGHT VEHICLES,2019,OFF PEAK,5455,27,98
57047,50231,PRESCRIBED AND COUNTER,BOTH,HEAVY VEHICLES,2019,WEEKDAYS,2464,-1,-1
57047,50231,PRESCRIBED AND COUNTER,BOTH,LIGHT VEHICLES,2019,PUBLIC HOLIDAYS,19506,-1,-1
57047,50231,PRESCRIBED AND COUNTER,BOTH,ALL VEHICLES,2019,WEEKENDS,25155,-1,-1
57047,50231,PRESCRIBED AND COUNTER,BOTH,HEAVY VEHICLES,2019,OFF PEAK,1412,-1,-1
57047,50231,PRESCRIBED AND COUNTER,BOTH,ALL VEHICLES,2019,AM PEAK,6817,-1,-1
57047,50231,PRESCRIBED AND COUNTER,BOTH,ALL VEHICLES,2019,PM PEAK,6890,-1,-1
57047,50231,COUNTER,SOUTH,ALL VEHICLES,2019,WEEKENDS,12986,-1,-1
57047,50231,PRESCRIBED AND COUNTER,BOTH,HEAVY VEHICLES,2019,ALL DAYS,2062,-1,-1
57047,50231,COUNTER,SOUTH,HEAVY VEHICLES,2019,PM PEAK,184,13,97
57047,50231,PRESCRIBED AND COUNTER,BOTH,LIGHT VEHICLES,2019,WEEKDAYS,24404,-1,-1
57047,50231,COUNTER,SOUTH,LIGHT VEHICLES,2019,ALL DAYS,12912,31,96
57047,50231,COUNTER,SOUTH,HEAVY VEHICLES,2019,WEEKENDS,489,-1,-1
57047,50231,PRESCRIBED,NORTH,HEAVY VEHICLES,2019,AM PEAK,296,21,99
57047,50231,COUNTER,SOUTH,LIGHT VEHICLES,2019,WEEKENDS,12497,-1,-1
57047,50231,PRESCRIBED,NORTH,HEAVY VEHICLES,2019,ALL DAYS,1007,14,99
57047,50231,PRESCRIBED,NORTH,LIGHT VEHICLES,2019,ALL DAYS,11450,29,98
57047,50231,PRESCRIBED,NORTH,HEAVY VEHICLES,2019,OFF PEAK,711,15,99
57047,50231,PRESCRIBED,NORTH,ALL VEHICLES,2019,AM PEAK,3557,-1,-1
57047,50231,PRESCRIBED,NORTH,LIGHT VEHICLES,2019,PM PEAK,2628,33,98
57047,50231,PRESCRIBED AND COUNTER,BOTH,ALL VEHICLES,2019,OFF PEAK,13161,-1,-1
57047,50231,PRESCRIBED,NORTH,HEAVY VEHICLES,2019,WEEKDAYS,1193,-1,-1
57047,50231,PRESCRIBED,NORTH,HEAVY VEHICLES,2019,PM PEAK,186,14,98
57047,50231,PRESCRIBED,NORTH,ALL VEHICLES,2019,WEEKDAYS,12537,-1,-1
57047,50231,COUNTER,SOUTH,LIGHT VEHICLES,2019,OFF PEAK,6294,30,95
57047,50231,PRESCRIBED AND COUNTER,BOTH,HEAVY VEHICLES,2019,AM PEAK,682,-1,-1
57047,50231,PRESCRIBED AND COUNTER,BOTH,LIGHT VEHICLES,2019,WEEKENDS,24166,-1,-1
57047,50231,COUNTER,SOUTH,ALL VEHICLES,2019,ALL DAYS,13967,-1,-1
57047,50231,COUNTER,SOUTH,ALL VEHICLES,2019,WEEKDAYS,14331,-1,-1
57047,50231,PRESCRIBED AND COUNTER,BOTH,ALL VEHICLES,2019,ALL DAYS,26424,-1,-1
57047,50231,COUNTER,SOUTH,ALL VEHICLES,2019,PUBLIC HOLIDAYS,10436,-1,-1
57047,50231,COUNTER,SOUTH,HEAVY VEHICLES,2019,OFF PEAK,701,15,97
57047,50231,PRESCRIBED AND COUNTER,BOTH,LIGHT VEHICLES,2019,OFF PEAK,11749,-1,-1
57047,50231,PRESCRIBED,NORTH,ALL VEHICLES,2019,PM PEAK,2814,-1,-1
57047,50231,PRESCRIBED,NORTH,ALL VEHICLES,2019,OFF PEAK,6166,-1,-1
57047,50231,COUNTER,SOUTH,HEAVY VEHICLES,2019,ALL DAYS,1055,13,98
57048,50232,PRESCRIBED,NORTH,ALL VEHICLES,2019,OFF PEAK,2970,-1,-1
57048,50232,COUNTER,SOUTH,ALL VEHICLES,2019,WEEKDAYS,6554,-1,-1
57048,50232,PRESCRIBED AND COUNTER,BOTH,ALL VEHICLES,2019,AM PEAK,3015,-1,-1
57048,50232,PRESCRIBED,NORTH,ALL VEHICLES,2019,ALL DAYS,5922,-1,-1
57048,50232,COUNTER,SOUTH,ALL VEHICLES,2019,AM PEAK,2030,-1,-1
57048,50232,COUNTER,SOUTH,ALL VEHICLES,2019,PM PEAK,1426,-1,-1
57048,50232,PRESCRIBED,NORTH,ALL VEHICLES,2019,PUBLIC HOLIDAYS,4496,-1,-1
57048,50232,PRESCRIBED AND COUNTER,BOTH,ALL VEHICLES,2019,PM PEAK,3378,-1,-1
57048,50232,PRESCRIBED AND COUNTER,BOTH,ALL VEHICLES,2019,WEEKENDS,12031,-1,-1
57048,50232,PRESCRIBED,NORTH,ALL VEHICLES,2019,WEEKDAYS,5907,-1,-1
57048,50232,COUNTER,SOUTH,ALL VEHICLES,2019,PUBLIC HOLIDAYS,4843,-1,-1
57048,50232,PRESCRIBED AND COUNTER,BOTH,ALL VEHICLES,2019,WEEKDAYS,12461,-1,-1
57048,50232,COUNTER,SOUTH,ALL VEHICLES,2019,ALL DAYS,6449,-1,-1
57048,50232,PRESCRIBED,NORTH,ALL VEHICLES,2019,AM PEAK,985,-1,-1
57048,50232,PRESCRIBED,NORTH,ALL VEHICLES,2019,PM PEAK,1952,-1,-1
57048,50232,COUNTER,SOUTH,ALL VEHICLES,2019,WEEKENDS,6194,-1,-1
57048,50232,PRESCRIBED AND COUNTER,BOTH,ALL VEHICLES,2019,PUBLIC HOLIDAYS,9339,-1,-1
57048,50232,PRESCRIBED,NORTH,ALL VEHICLES,2019,WEEKENDS,5837,-1,-1
57048,50232,PRESCRIBED AND COUNTER,BOTH,ALL VEHICLES,2019,OFF PEAK,6068,-1,-1
57048,50232,PRESCRIBED AND COUNTER,BOTH,ALL VEHICLES,2019,ALL DAYS,12371,-1,-1
57048,50232,COUNTER,SOUTH,ALL VEHICLES,2019,OFF PEAK,3098,-1,-1
57051,50240,COUNTER,WEST,HEAVY VEHICLES,2019,PM PEAK,779,56,96
57051,50240,COUNTER,WEST,LIGHT VEHICLES,2019,AM PEAK,8467,94,94
57051,50240,COUNTER,WEST,LIGHT VEHICLES,2019,PUBLIC HOLIDAYS,27988,55,93
57051,50240,COUNTER,WEST,HEAVY VEHICLES,2019,PUBLIC HOLIDAYS,888,20,91
57051,50240,COUNTER,WEST,HEAVY VEHICLES,2019,OFF PEAK,2306,51,95
57051,50240,COUNTER,WEST,ALL VEHICLES,2019,PM PEAK,11729,-1,-1
57051,50240,COUNTER,WEST,ALL VEHICLES,2019,PUBLIC HOLIDAYS,28876,-1,-1
57051,50240,COUNTER,WEST,LIGHT VEHICLES,2019,PM PEAK,10950,96,94
57051,50240,COUNTER,WEST,ALL VEHICLES,2019,WEEKENDS,36216,-1,-1
57051,50240,COUNTER,WEST,ALL VEHICLES,2019,OFF PEAK,22087,-1,-1
57051,50240,COUNTER,WEST,HEAVY VEHICLES,2019,WEEKDAYS,3999,-1,-1
57051,50240,COUNTER,WEST,ALL VEHICLES,2019,AM PEAK,9381,-1,-1
57051,50240,COUNTER,WEST,LIGHT VEHICLES,2019,ALL DAYS,38033,84,96
57051,50240,COUNTER,WEST,LIGHT VEHICLES,2019,OFF PEAK,19781,80,94
57051,50240,COUNTER,WEST,HEAVY VEHICLES,2019,ALL DAYS,3279,48,96
57051,50240,COUNTER,WEST,HEAVY VEHICLES,2019,WEEKENDS,1341,-1,-1
57051,50240,COUNTER,WEST,LIGHT VEHICLES,2019,WEEKENDS,34875,-1,-1
57051,50240,COUNTER,WEST,LIGHT VEHICLES,2019,WEEKDAYS,39198,-1,-1
57051,50240,COUNTER,WEST,ALL VEHICLES,2019,ALL DAYS,41312,-1,-1
57051,50240,COUNTER,WEST,HEAVY VEHICLES,2019,AM PEAK,914,64,95
57051,50240,COUNTER,WEST,ALL VEHICLES,2019,WEEKDAYS,43197,-1,-1
57053,50260,PRESCRIBED AND COUNTER,BOTH,HEAVY VEHICLES,2019,PM PEAK,755,-1,-1
57053,50260,COUNTER,SOUTH,ALL VEHICLES,2019,OFF PEAK,11754,-1,-1
57053,50260,PRESCRIBED,NORTH,LIGHT VEHICLES,2019,WEEKENDS,16185,-1,-1
57053,50260,COUNTER,SOUTH,LIGHT VEHICLES,2019,AM PEAK,8594,33,72
57053,50260,PRESCRIBED,NORTH,ALL VEHICLES,2019,AM PEAK,7489,-1,-1
57053,50260,COUNTER,SOUTH,HEAVY VEHICLES,2019,WEEKDAYS,2392,-1,-1
57053,50260,COUNTER,SOUTH,LIGHT VEHICLES,2019,ALL DAYS,29597,25,56
57053,50260,PRESCRIBED AND COUNTER,BOTH,LIGHT VEHICLES,2019,PM PEAK,12244,-1,-1
57053,50260,PRESCRIBED,NORTH,ALL VEHICLES,2019,WEEKDAYS,26275,-1,-1
57053,50260,PRESCRIBED AND COUNTER,BOTH,ALL VEHICLES,2019,AM PEAK,16829,-1,-1
57053,50260,PRESCRIBED,NORTH,LIGHT VEHICLES,2019,PUBLIC HOLIDAYS,24209,6,100
57053,50260,PRESCRIBED AND COUNTER,BOTH,LIGHT VEHICLES,2019,WEEKENDS,32703,-1,-1
57053,50260,COUNTER,SOUTH,LIGHT VEHICLES,2019,PUBLIC HOLIDAYS,24000,7,100
57053,50260,PRESCRIBED,NORTH,ALL VEHICLES,2019,PUBLIC HOLIDAYS,25386,-1,-1
57053,50260,COUNTER,SOUTH,HEAVY VEHICLES,2019,PUBLIC HOLIDAYS,1060,3,100
57053,50260,PRESCRIBED AND COUNTER,BOTH,LIGHT VEHICLES,2019,ALL DAYS,59858,-1,-1
57053,50260,PRESCRIBED AND COUNTER,BOTH,HEAVY VEHICLES,2019,ALL DAYS,5458,-1,-1
57053,50260,COUNTER,SOUTH,ALL VEHICLES,2019,PM PEAK,5964,-1,-1
57053,50260,PRESCRIBED AND COUNTER,BOTH,HEAVY VEHICLES,2019,AM PEAK,1743,-1,-1
57053,50260,PRESCRIBED,NORTH,LIGHT VEHICLES,2019,ALL DAYS,30261,26,52
57053,50260,PRESCRIBED,NORTH,HEAVY VEHICLES,2019,OFF PEAK,1298,16,75
57053,50260,PRESCRIBED AND COUNTER,BOTH,HEAVY VEHICLES,2019,WEEKENDS,1486,-1,-1
57053,50260,PRESCRIBED,NORTH,HEAVY VEHICLES,2019,AM PEAK,997,23,71
57053,50260,PRESCRIBED AND COUNTER,BOTH,LIGHT VEHICLES,2019,AM PEAK,15086,-1,-1
57053,50260,COUNTER,SOUTH,ALL VEHICLES,2019,AM PEAK,9340,-1,-1
57053,50260,PRESCRIBED,NORTH,ALL VEHICLES,2019,ALL DAYS,33164,-1,-1
57053,50260,PRESCRIBED,NORTH,ALL VEHICLES,2019,WEEKENDS,16944,-1,-1
57053,50260,COUNTER,SOUTH,LIGHT VEHICLES,2019,OFF PEAK,10484,26,78
57053,50260,PRESCRIBED AND COUNTER,BOTH,ALL VEHICLES,2019,ALL DAYS,65316,-1,-1
57053,50260,PRESCRIBED AND COUNTER,BOTH,ALL VEHICLES,2019,WEEKENDS,34189,-1,-1
57053,50260,COUNTER,SOUTH,HEAVY VEHICLES,2019,OFF PEAK,1270,16,78
57053,50260,PRESCRIBED AND COUNTER,BOTH,ALL VEHICLES,2019,PUBLIC HOLIDAYS,50446,-1,-1
57053,50260,PRESCRIBED,NORTH,LIGHT VEHICLES,2019,OFF PEAK,10453,27,75
57053,50260,PRESCRIBED,NORTH,HEAVY VEHICLES,2019,WEEKDAYS,2674,-1,-1
57053,50260,PRESCRIBED,NORTH,HEAVY VEHICLES,2019,ALL DAYS,2903,14,54
57053,50260,PRESCRIBED AND COUNTER,BOTH,LIGHT VEHICLES,2019,OFF PEAK,20937,-1,-1
57053,50260,COUNTER,SOUTH,HEAVY VEHICLES,2019,WEEKENDS,727,-1,-1
57053,50260,PRESCRIBED,NORTH,ALL VEHICLES,2019,PM PEAK,7035,-1,-1
57053,50260,PRESCRIBED AND COUNTER,BOTH,ALL VEHICLES,2019,OFF PEAK,23505,-1,-1
57053,50260,COUNTER,SOUTH,ALL VEHICLES,2019,WEEKDAYS,27058,-1,-1
57053,50260,COUNTER,SOUTH,HEAVY VEHICLES,2019,AM PEAK,746,24,73
57053,50260,COUNTER,SOUTH,LIGHT VEHICLES,2019,WEEKDAYS,24666,-1,-1
57053,50260,PRESCRIBED AND COUNTER,BOTH,ALL VEHICLES,2019,WEEKDAYS,53333,-1,-1
57053,50260,COUNTER,SOUTH,LIGHT VEHICLES,2019,WEEKENDS,16518,-1,-1
57053,50260,PRESCRIBED AND COUNTER,BOTH,HEAVY VEHICLES,2019,PUBLIC HOLIDAYS,2237,-1,-1
57053,50260,PRESCRIBED,NORTH,ALL VEHICLES,2019,OFF PEAK,11751,-1,-1
57053,50260,PRESCRIBED AND COUNTER,BOTH,ALL VEHICLES,2019,PM PEAK,12999,-1,-1
57053,50260,PRESCRIBED AND COUNTER,BOTH,LIGHT VEHICLES,2019,WEEKDAYS,48267,-1,-1
57053,50260,COUNTER,SOUTH,ALL VEHICLES,2019,ALL DAYS,32152,-1,-1
57053,50260,PRESCRIBED AND COUNTER,BOTH,LIGHT VEHICLES,2019,PUBLIC HOLIDAYS,48209,-1,-1
57053,50260,PRESCRIBED AND COUNTER,BOTH,HEAVY VEHICLES,2019,OFF PEAK,2568,-1,-1
57053,50260,COUNTER,SOUTH,ALL VEHICLES,2019,PUBLIC HOLIDAYS,25060,-1,-1
57053,50260,PRESCRIBED,NORTH,LIGHT VEHICLES,2019,PM PEAK,6656,41,78
57053,50260,PRESCRIBED,NORTH,LIGHT VEHICLES,2019,WEEKDAYS,23601,-1,-1
57053,50260,COUNTER,SOUTH,HEAVY VEHICLES,2019,PM PEAK,376,26,79
57053,50260,COUNTER,SOUTH,LIGHT VEHICLES,2019,PM PEAK,5588,43,79
57053,50260,PRESCRIBED,NORTH,LIGHT VEHICLES,2019,AM PEAK,6492,31,71
57053,50260,PRESCRIBED AND COUNTER,BOTH,HEAVY VEHICLES,2019,WEEKDAYS,5066,-1,-1
57053,50260,PRESCRIBED,NORTH,HEAVY VEHICLES,2019,PM PEAK,379,18,77
57053,50260,COUNTER,SOUTH,HEAVY VEHICLES,2019,ALL DAYS,2555,14,58
57053,50260,PRESCRIBED,NORTH,HEAVY VEHICLES,2019,PUBLIC HOLIDAYS,1177,2,100
57053,50260,COUNTER,SOUTH,ALL VEHICLES,2019,WEEKENDS,17245,-1,-1
57053,50260,PRESCRIBED,NORTH,HEAVY VEHICLES,2019,WEEKENDS,759,-1,-1
57055,50374,PRESCRIBED AND COUNTER,BOTH,UNCLASSIFIED,2019,WEEKDAYS,17824,-1,-1
57055,50374,PRESCRIBED,NORTH,UNCLASSIFIED,2019,PUBLIC HOLIDAYS,5092,76,100
57055,50374,PRESCRIBED,NORTH,UNCLASSIFIED,2019,PM PEAK,2617,98,92
57055,50374,PRESCRIBED,NORTH,UNCLASSIFIED,2019,AM PEAK,2168,97,85
57055,50374,COUNTER,SOUTH,UNCLASSIFIED,2019,WEEKDAYS,9356,-1,-1
57055,50374,COUNTER,SOUTH,UNCLASSIFIED,2019,OFF PEAK,3902,99,99
57055,50374,PRESCRIBED,NORTH,UNCLASSIFIED,2019,WEEKENDS,6633,-1,-1
57055,50374,PRESCRIBED AND COUNTER,BOTH,UNCLASSIFIED,2019,OFF PEAK,7585,-1,-1
57055,50374,PRESCRIBED,NORTH,UNCLASSIFIED,2019,OFF PEAK,3683,97,98
57055,50374,PRESCRIBED AND COUNTER,BOTH,UNCLASSIFIED,2019,PM PEAK,5422,-1,-1
57055,50374,COUNTER,SOUTH,UNCLASSIFIED,2019,WEEKENDS,7186,-1,-1
57055,50374,PRESCRIBED AND COUNTER,BOTH,UNCLASSIFIED,2019,AM PEAK,4817,-1,-1
57055,50374,PRESCRIBED AND COUNTER,BOTH,UNCLASSIFIED,2019,PUBLIC HOLIDAYS,10550,-1,-1
57055,50374,COUNTER,SOUTH,UNCLASSIFIED,2019,PM PEAK,2805,100,91
57055,50374,PRESCRIBED AND COUNTER,BOTH,UNCLASSIFIED,2019,WEEKENDS,13819,-1,-1
57055,50374,PRESCRIBED,NORTH,UNCLASSIFIED,2019,WEEKDAYS,8468,-1,-1
57055,50374,COUNTER,SOUTH,UNCLASSIFIED,2019,ALL DAYS,8771,99,95
57055,50374,COUNTER,SOUTH,UNCLASSIFIED,2019,PUBLIC HOLIDAYS,5458,76,100
57055,50374,PRESCRIBED,NORTH,UNCLASSIFIED,2019,ALL DAYS,7971,98,95
57055,50374,PRESCRIBED AND COUNTER,BOTH,UNCLASSIFIED,2019,ALL DAYS,16742,-1,-1
57055,50374,COUNTER,SOUTH,UNCLASSIFIED,2019,AM PEAK,2649,99,82
57060,50385,PRESCRIBED,NORTH,UNCLASSIFIED,2019,WEEKDAYS,15761,-1,-1
57060,50385,PRESCRIBED,NORTH,UNCLASSIFIED,2019,AM PEAK,2675,94,88
57060,50385,PRESCRIBED,NORTH,UNCLASSIFIED,2019,PM PEAK,4908,95,84
57060,50385,PRESCRIBED,NORTH,UNCLASSIFIED,2019,OFF PEAK,8178,94,94
57060,50385,PRESCRIBED,NORTH,UNCLASSIFIED,2019,WEEKENDS,13017,-1,-1
57060,50385,PRESCRIBED,NORTH,UNCLASSIFIED,2019,ALL DAYS,15003,94,94
57060,50385,PRESCRIBED,NORTH,UNCLASSIFIED,2019,PUBLIC HOLIDAYS,9241,76,100
57083,51210,PRESCRIBED,WEST,UNCLASSIFIED,2019,AM PEAK,2936,69,95
57083,51210,PRESCRIBED,WEST,UNCLASSIFIED,2019,PM PEAK,6099,70,97
57083,51210,PRESCRIBED,WEST,UNCLASSIFIED,2019,WEEKDAYS,17741,-1,-1
57083,51210,PRESCRIBED,WEST,UNCLASSIFIED,2019,ALL DAYS,17165,69,97
57083,51210,PRESCRIBED,WEST,UNCLASSIFIED,2019,WEEKENDS,15617,-1,-1
57083,51210,PRESCRIBED,WEST,UNCLASSIFIED,2019,PUBLIC HOLIDAYS,12250,53,100
57083,51210,PRESCRIBED,WEST,UNCLASSIFIED,2019,OFF PEAK,8706,69,100
57095,51234,PRESCRIBED,NORTH,LIGHT VEHICLES,2019,ALL DAYS,25931,73,99
57095,51234,PRESCRIBED,NORTH,ALL VEHICLES,2019,OFF PEAK,15410,-1,-1
57095,51234,PRESCRIBED,NORTH,ALL VEHICLES,2019,ALL DAYS,28193,-1,-1
57095,51234,PRESCRIBED,NORTH,HEAVY VEHICLES,2019,PM PEAK,290,34,99
57095,51234,PRESCRIBED,NORTH,HEAVY VEHICLES,2019,PUBLIC HOLIDAYS,879,18,100
57095,51234,PRESCRIBED,NORTH,LIGHT VEHICLES,2019,WEEKDAYS,26024,-1,-1
57095,51234,PRESCRIBED,NORTH,LIGHT VEHICLES,2019,AM PEAK,6886,84,99
57095,51234,PRESCRIBED,NORTH,ALL VEHICLES,2019,WEEKENDS,26704,-1,-1
57095,51234,PRESCRIBED,NORTH,HEAVY VEHICLES,2019,WEEKDAYS,2729,-1,-1
57095,51234,PRESCRIBED,NORTH,LIGHT VEHICLES,2019,PM PEAK,5350,77,99
57095,51234,PRESCRIBED,NORTH,LIGHT VEHICLES,2019,WEEKENDS,25651,-1,-1
57095,51234,PRESCRIBED,NORTH,ALL VEHICLES,2019,AM PEAK,7703,-1,-1
57095,51234,PRESCRIBED,NORTH,ALL VEHICLES,2019,PM PEAK,5640,-1,-1
57095,51234,PRESCRIBED,NORTH,LIGHT VEHICLES,2019,OFF PEAK,13788,70,99
57095,51234,PRESCRIBED,NORTH,HEAVY VEHICLES,2019,ALL DAYS,2262,36,99
57095,51234,PRESCRIBED,NORTH,ALL VEHICLES,2019,PUBLIC HOLIDAYS,22254,-1,-1
57095,51234,PRESCRIBED,NORTH,LIGHT VEHICLES,2019,PUBLIC HOLIDAYS,21375,50,100
57095,51234,PRESCRIBED,NORTH,HEAVY VEHICLES,2019,WEEKENDS,1053,-1,-1
57095,51234,PRESCRIBED,NORTH,ALL VEHICLES,2019,WEEKDAYS,28753,-1,-1
57095,51234,PRESCRIBED,NORTH,HEAVY VEHICLES,2019,OFF PEAK,1622,39,99
57095,51234,PRESCRIBED,NORTH,HEAVY VEHICLES,2019,AM PEAK,817,50,99
57096,51235,PRESCRIBED,WEST,HEAVY VEHICLES,2019,OFF PEAK,1338,32,95
57096,51235,COUNTER,EAST,LIGHT VEHICLES,2019,WEEKDAYS,31446,-1,-1
57096,51235,PRESCRIBED AND COUNTER,BOTH,LIGHT VEHICLES,2019,PM PEAK,15543,-1,-1
57096,51235,PRESCRIBED AND COUNTER,BOTH,ALL VEHICLES,2019,PM PEAK,16412,-1,-1
57096,51235,PRESCRIBED AND COUNTER,BOTH,HEAVY VEHICLES,2019,OFF PEAK,2512,-1,-1
57096,51235,PRESCRIBED AND COUNTER,BOTH,ALL VEHICLES,2019,AM PEAK,15691,-1,-1
57096,51235,COUNTER,EAST,ALL VEHICLES,2019,OFF PEAK,16003,-1,-1
57096,51235,COUNTER,EAST,HEAVY VEHICLES,2019,OFF PEAK,1174,34,96
57096,51235,PRESCRIBED,WEST,ALL VEHICLES,2019,WEEKENDS,26689,-1,-1
57096,51235,PRESCRIBED,WEST,LIGHT VEHICLES,2019,ALL DAYS,27130,85,96
57096,51235,COUNTER,EAST,LIGHT VEHICLES,2019,AM PEAK,8960,97,95
57096,51235,PRESCRIBED AND COUNTER,BOTH,LIGHT VEHICLES,2019,ALL DAYS,57653,-1,-1
57096,51235,PRESCRIBED,WEST,LIGHT VEHICLES,2019,WEEKENDS,25753,-1,-1
57096,51235,PRESCRIBED,WEST,ALL VEHICLES,2019,ALL DAYS,29126,-1,-1
57096,51235,PRESCRIBED,WEST,HEAVY VEHICLES,2019,ALL DAYS,1996,32,96
57096,51235,PRESCRIBED AND COUNTER,BOTH,ALL VEHICLES,2019,WEEKENDS,55274,-1,-1
57096,51235,COUNTER,EAST,HEAVY VEHICLES,2019,WEEKENDS,813,-1,-1
57096,51235,PRESCRIBED,WEST,HEAVY VEHICLES,2019,WEEKENDS,936,-1,-1
57096,51235,COUNTER,EAST,LIGHT VEHICLES,2019,PM PEAK,7657,98,95
57096,51235,COUNTER,EAST,HEAVY VEHICLES,2019,WEEKDAYS,2307,-1,-1
57096,51235,PRESCRIBED AND COUNTER,BOTH,ALL VEHICLES,2019,ALL DAYS,61550,-1,-1
57096,51235,COUNTER,EAST,HEAVY VEHICLES,2019,PUBLIC HOLIDAYS,538,17,100
57096,51235,COUNTER,EAST,ALL VEHICLES,2019,WEEKENDS,28585,-1,-1
57096,51235,PRESCRIBED,WEST,ALL VEHICLES,2019,AM PEAK,5909,-1,-1
57096,51235,PRESCRIBED,WEST,ALL VEHICLES,2019,PUBLIC HOLIDAYS,21141,-1,-1
57096,51235,PRESCRIBED AND COUNTER,BOTH,LIGHT VEHICLES,2019,PUBLIC HOLIDAYS,42556,-1,-1
57096,51235,COUNTER,EAST,HEAVY VEHICLES,2019,PM PEAK,311,33,96
57096,51235,COUNTER,EAST,ALL VEHICLES,2019,PUBLIC HOLIDAYS,22612,-1,-1
57096,51235,PRESCRIBED AND COUNTER,BOTH,HEAVY VEHICLES,2019,ALL DAYS,3897,-1,-1
57096,51235,PRESCRIBED,WEST,ALL VEHICLES,2019,OFF PEAK,15628,-1,-1
57096,51235,PRESCRIBED AND COUNTER,BOTH,LIGHT VEHICLES,2019,OFF PEAK,29119,-1,-1
57096,51235,PRESCRIBED AND COUNTER,BOTH,HEAVY VEHICLES,2019,WEEKENDS,1749,-1,-1
57096,51235,COUNTER,EAST,ALL VEHICLES,2019,AM PEAK,9782,-1,-1
57096,51235,PRESCRIBED AND COUNTER,BOTH,LIGHT VEHICLES,2019,AM PEAK,14360,-1,-1
57096,51235,COUNTER,EAST,LIGHT VEHICLES,2019,OFF PEAK,14829,77,95
57096,51235,COUNTER,EAST,ALL VEHICLES,2019,ALL DAYS,32424,-1,-1
57096,51235,PRESCRIBED AND COUNTER,BOTH,ALL VEHICLES,2019,PUBLIC HOLIDAYS,43753,-1,-1
57096,51235,PRESCRIBED AND COUNTER,BOTH,LIGHT VEHICLES,2019,WEEKENDS,53525,-1,-1
57096,51235,PRESCRIBED,WEST,LIGHT VEHICLES,2019,PM PEAK,7886,98,94
57096,51235,PRESCRIBED AND COUNTER,BOTH,LIGHT VEHICLES,2019,WEEKDAYS,59022,-1,-1
57096,51235,PRESCRIBED,WEST,LIGHT VEHICLES,2019,PUBLIC HOLIDAYS,20482,63,100
57096,51235,PRESCRIBED AND COUNTER,BOTH,HEAVY VEHICLES,2019,AM PEAK,1331,-1,-1
57096,51235,PRESCRIBED,WEST,LIGHT VEHICLES,2019,WEEKDAYS,27576,-1,-1
57096,51235,COUNTER,EAST,ALL VEHICLES,2019,PM PEAK,7968,-1,-1
57096,51235,COUNTER,EAST,ALL VEHICLES,2019,WEEKDAYS,33753,-1,-1
57096,51235,COUNTER,EAST,HEAVY VEHICLES,2019,ALL DAYS,1901,32,97
57096,51235,PRESCRIBED,WEST,LIGHT VEHICLES,2019,OFF PEAK,14290,80,93
57096,51235,PRESCRIBED AND COUNTER,BOTH,HEAVY VEHICLES,2019,WEEKDAYS,4712,-1,-1
57096,51235,COUNTER,EAST,LIGHT VEHICLES,2019,PUBLIC HOLIDAYS,22074,61,100
57096,51235,COUNTER,EAST,HEAVY VEHICLES,2019,AM PEAK,822,54,96
57096,51235,PRESCRIBED,WEST,LIGHT VEHICLES,2019,AM PEAK,5400,96,93
57096,51235,PRESCRIBED,WEST,HEAVY VEHICLES,2019,AM PEAK,509,42,95
57096,51235,PRESCRIBED,WEST,ALL VEHICLES,2019,WEEKDAYS,29981,-1,-1
57096,51235,COUNTER,EAST,LIGHT VEHICLES,2019,WEEKENDS,27772,-1,-1
57096,51235,PRESCRIBED,WEST,HEAVY VEHICLES,2019,PUBLIC HOLIDAYS,659,21,100
57096,51235,PRESCRIBED AND COUNTER,BOTH,ALL VEHICLES,2019,WEEKDAYS,63734,-1,-1
57096,51235,PRESCRIBED,WEST,ALL VEHICLES,2019,PM PEAK,8444,-1,-1
57096,51235,PRESCRIBED AND COUNTER,BOTH,HEAVY VEHICLES,2019,PUBLIC HOLIDAYS,1197,-1,-1
57096,51235,PRESCRIBED AND COUNTER,BOTH,HEAVY VEHICLES,2019,PM PEAK,869,-1,-1
57096,51235,COUNTER,EAST,LIGHT VEHICLES,2019,ALL DAYS,30523,83,96
57096,51235,PRESCRIBED AND COUNTER,BOTH,ALL VEHICLES,2019,OFF PEAK,31631,-1,-1
57096,51235,PRESCRIBED,WEST,HEAVY VEHICLES,2019,PM PEAK,558,37,95
57096,51235,PRESCRIBED,WEST,HEAVY VEHICLES,2019,WEEKDAYS,2405,-1,-1
57101,52039,PRESCRIBED,WEST,UNCLASSIFIED,2019,OFF PEAK,11861,98,46
57101,52039,PRESCRIBED,WEST,UNCLASSIFIED,2019,ALL DAYS,25203,98,48
57101,52039,PRESCRIBED AND COUNTER,BOTH,UNCLASSIFIED,2019,WEEKENDS,41613,-1,-1
57101,52039,COUNTER,EAST,UNCLASSIFIED,2019,AM PEAK,10414,99,39
57101,52039,COUNTER,EAST,UNCLASSIFIED,2019,WEEKDAYS,32196,-1,-1
57101,52039,COUNTER,EAST,UNCLASSIFIED,2019,ALL DAYS,29037,97,48
57101,52039,PRESCRIBED,WEST,UNCLASSIFIED,2019,PUBLIC HOLIDAYS,15882,46,100
57101,52039,COUNTER,EAST,UNCLASSIFIED,2019,PUBLIC HOLIDAYS,17661,61,100
57101,52039,COUNTER,EAST,UNCLASSIFIED,2019,OFF PEAK,12573,99,48
57101,52039,PRESCRIBED AND COUNTER,BOTH,UNCLASSIFIED,2019,PM PEAK,20276,-1,-1
57101,52039,PRESCRIBED AND COUNTER,BOTH,UNCLASSIFIED,2019,ALL DAYS,54240,-1,-1
57101,52039,PRESCRIBED,WEST,UNCLASSIFIED,2019,WEEKDAYS,27331,-1,-1
57101,52039,PRESCRIBED,WEST,UNCLASSIFIED,2019,AM PEAK,4403,98,43
57101,52039,PRESCRIBED AND COUNTER,BOTH,UNCLASSIFIED,2019,AM PEAK,14817,-1,-1
57101,52039,COUNTER,EAST,UNCLASSIFIED,2019,WEEKENDS,23298,-1,-1
57101,52039,PRESCRIBED,WEST,UNCLASSIFIED,2019,PM PEAK,11067,98,53
57101,52039,COUNTER,EAST,UNCLASSIFIED,2019,PM PEAK,9209,99,65
57101,52039,PRESCRIBED AND COUNTER,BOTH,UNCLASSIFIED,2019,WEEKDAYS,59527,-1,-1
57101,52039,PRESCRIBED,WEST,UNCLASSIFIED,2019,WEEKENDS,18315,-1,-1
57101,52039,PRESCRIBED AND COUNTER,BOTH,UNCLASSIFIED,2019,OFF PEAK,24434,-1,-1
57101,52039,PRESCRIBED AND COUNTER,BOTH,UNCLASSIFIED,2019,PUBLIC HOLIDAYS,33543,-1,-1
57102,52040,PRESCRIBED,WEST,UNCLASSIFIED,2019,OFF PEAK,14782,81,96
57102,52040,PRESCRIBED,WEST,UNCLASSIFIED,2019,PM PEAK,9012,81,92
57102,52040,COUNTER,EAST,UNCLASSIFIED,2019,PM PEAK,6377,81,91
57102,52040,PRESCRIBED,WEST,UNCLASSIFIED,2019,WEEKDAYS,29855,-1,-1
57102,52040,PRESCRIBED AND COUNTER,BOTH,UNCLASSIFIED,2019,PUBLIC HOLIDAYS,31618,-1,-1
57102,52040,PRESCRIBED,WEST,UNCLASSIFIED,2019,AM PEAK,6061,80,86
57102,52040,PRESCRIBED AND COUNTER,BOTH,UNCLASSIFIED,2019,AM PEAK,12881,-1,-1
57102,52040,PRESCRIBED AND COUNTER,BOTH,UNCLASSIFIED,2019,WEEKDAYS,54216,-1,-1
57102,52040,COUNTER,EAST,UNCLASSIFIED,2019,PUBLIC HOLIDAYS,12339,69,100
57102,52040,PRESCRIBED AND COUNTER,BOTH,UNCLASSIFIED,2019,ALL DAYS,51922,-1,-1
57102,52040,PRESCRIBED AND COUNTER,BOTH,UNCLASSIFIED,2019,PM PEAK,15389,-1,-1
57102,52040,PRESCRIBED,WEST,UNCLASSIFIED,2019,WEEKENDS,25499,-1,-1
57102,52040,PRESCRIBED,WEST,UNCLASSIFIED,2019,PUBLIC HOLIDAYS,19279,69,100
57102,52040,COUNTER,EAST,UNCLASSIFIED,2019,ALL DAYS,23213,80,86
57102,52040,COUNTER,EAST,UNCLASSIFIED,2019,WEEKDAYS,24361,-1,-1
57102,52040,PRESCRIBED AND COUNTER,BOTH,UNCLASSIFIED,2019,OFF PEAK,25946,-1,-1
57102,52040,COUNTER,EAST,UNCLASSIFIED,2019,AM PEAK,6820,80,77
57102,52040,PRESCRIBED AND COUNTER,BOTH,UNCLASSIFIED,2019,WEEKENDS,45603,-1,-1
57102,52040,COUNTER,EAST,UNCLASSIFIED,2019,WEEKENDS,20104,-1,-1
57102,52040,PRESCRIBED,WEST,UNCLASSIFIED,2019,ALL DAYS,28709,80,96
57102,52040,COUNTER,EAST,UNCLASSIFIED,2019,OFF PEAK,11164,81,87
57103,53001,COUNTER,SOUTH,UNCLASSIFIED,2019,PUBLIC HOLIDAYS,15984,69,100
57103,53001,COUNTER,SOUTH,UNCLASSIFIED,2019,OFF PEAK,10082,84,98
57103,53001,COUNTER,SOUTH,UNCLASSIFIED,2019,PM PEAK,6163,85,97
57103,53001,PRESCRIBED AND COUNTER,BOTH,UNCLASSIFIED,2019,WEEKDAYS,47788,-1,-1
57103,53001,PRESCRIBED,NORTH,UNCLASSIFIED,2019,PUBLIC HOLIDAYS,16469,69,100
57103,53001,PRESCRIBED AND COUNTER,BOTH,UNCLASSIFIED,2019,AM PEAK,13081,-1,-1
57103,53001,PRESCRIBED AND COUNTER,BOTH,UNCLASSIFIED,2019,WEEKENDS,37626,-1,-1
57103,53001,PRESCRIBED,NORTH,UNCLASSIFIED,2019,AM PEAK,5856,83,89
57103,53001,COUNTER,SOUTH,UNCLASSIFIED,2019,ALL DAYS,22251,84,96
57103,53001,PRESCRIBED AND COUNTER,BOTH,UNCLASSIFIED,2019,ALL DAYS,44981,-1,-1
57103,53001,PRESCRIBED,NORTH,UNCLASSIFIED,2019,OFF PEAK,10269,84,99
57103,53001,PRESCRIBED,NORTH,UNCLASSIFIED,2019,PM PEAK,8193,85,91
57103,53001,PRESCRIBED,NORTH,UNCLASSIFIED,2019,ALL DAYS,22730,84,96
57103,53001,PRESCRIBED AND COUNTER,BOTH,UNCLASSIFIED,2019,OFF PEAK,20351,-1,-1
57103,53001,PRESCRIBED AND COUNTER,BOTH,UNCLASSIFIED,2019,PM PEAK,14356,-1,-1
57103,53001,COUNTER,SOUTH,UNCLASSIFIED,2019,WEEKDAYS,23470,-1,-1
57103,53001,PRESCRIBED AND COUNTER,BOTH,UNCLASSIFIED,2019,PUBLIC HOLIDAYS,32453,-1,-1
57103,53001,PRESCRIBED,NORTH,UNCLASSIFIED,2019,WEEKENDS,18856,-1,-1
57103,53001,COUNTER,SOUTH,UNCLASSIFIED,2019,AM PEAK,7225,84,84
57103,53001,COUNTER,SOUTH,UNCLASSIFIED,2019,WEEKENDS,18770,-1,-1
57103,53001,PRESCRIBED,NORTH,UNCLASSIFIED,2019,WEEKDAYS,24318,-1,-1
57104,53003,PRESCRIBED,NORTH,HEAVY VEHICLES,2019,AM PEAK,696,38,97
57104,53003,COUNTER,SOUTH,LIGHT VEHICLES,2019,OFF PEAK,13975,63,97
57104,53003,PRESCRIBED AND COUNTER,BOTH,ALL VEHICLES,2019,WEEKENDS,61037,-1,-1
57104,53003,PRESCRIBED,NORTH,HEAVY VEHICLES,2019,PM PEAK,657,35,98
57104,53003,PRESCRIBED,NORTH,HEAVY VEHICLES,2019,WEEKENDS,1372,-1,-1
57104,53003,COUNTER,SOUTH,ALL VEHICLES,2019,AM PEAK,10393,-1,-1
57104,53003,COUNTER,SOUTH,ALL VEHICLES,2019,PM PEAK,7447,-1,-1
57104,53003,PRESCRIBED AND COUNTER,BOTH,ALL VEHICLES,2019,ALL DAYS,64430,-1,-1
57104,53003,PRESCRIBED AND COUNTER,BOTH,LIGHT VEHICLES,2019,PUBLIC HOLIDAYS,52200,-1,-1
57104,53003,COUNTER,SOUTH,LIGHT VEHICLES,2019,AM PEAK,9210,78,97
57104,53003,PRESCRIBED AND COUNTER,BOTH,HEAVY VEHICLES,2019,ALL DAYS,5548,-1,-1
57104,53003,COUNTER,SOUTH,LIGHT VEHICLES,2019,PUBLIC HOLIDAYS,27292,66,100
57104,53003,PRESCRIBED AND COUNTER,BOTH,HEAVY VEHICLES,2019,WEEKENDS,2999,-1,-1
57104,53003,PRESCRIBED,NORTH,LIGHT VEHICLES,2019,WEEKDAYS,27863,-1,-1
57104,53003,PRESCRIBED,NORTH,ALL VEHICLES,2019,WEEKDAYS,30878,-1,-1
57104,53003,PRESCRIBED,NORTH,LIGHT VEHICLES,2019,AM PEAK,5666,74,96
57104,53003,COUNTER,SOUTH,ALL VEHICLES,2019,ALL DAYS,33756,-1,-1
57104,53003,COUNTER,SOUTH,HEAVY VEHICLES,2019,PUBLIC HOLIDAYS,1223,26,100
57104,53003,COUNTER,SOUTH,LIGHT VEHICLES,2019,WEEKENDS,30781,-1,-1
57104,53003,PRESCRIBED AND COUNTER,BOTH,ALL VEHICLES,2019,PM PEAK,16428,-1,-1
57104,53003,PRESCRIBED AND COUNTER,BOTH,ALL VEHICLES,2019,PUBLIC HOLIDAYS,54468,-1,-1
57104,53003,PRESCRIBED AND COUNTER,BOTH,LIGHT VEHICLES,2019,WEEKENDS,58038,-1,-1
57104,53003,PRESCRIBED AND COUNTER,BOTH,LIGHT VEHICLES,2019,PM PEAK,15279,-1,-1
57104,53003,PRESCRIBED AND COUNTER,BOTH,LIGHT VEHICLES,2019,WEEKDAYS,58003,-1,-1
57104,53003,COUNTER,SOUTH,LIGHT VEHICLES,2019,WEEKDAYS,30140,-1,-1
57104,53003,COUNTER,SOUTH,LIGHT VEHICLES,2019,PM PEAK,6955,75,97
57104,53003,COUNTER,SOUTH,ALL VEHICLES,2019,OFF PEAK,15760,-1,-1
57104,53003,PRESCRIBED,NORTH,HEAVY VEHICLES,2019,WEEKDAYS,3015,-1,-1
57104,53003,PRESCRIBED AND COUNTER,BOTH,HEAVY VEHICLES,2019,PUBLIC HOLIDAYS,2268,-1,-1
57104,53003,COUNTER,SOUTH,ALL VEHICLES,2019,PUBLIC HOLIDAYS,28515,-1,-1
57104,53003,PRESCRIBED AND COUNTER,BOTH,LIGHT VEHICLES,2019,ALL DAYS,58882,-1,-1
57104,53003,PRESCRIBED AND COUNTER,BOTH,LIGHT VEHICLES,2019,OFF PEAK,27848,-1,-1
57104,53003,PRESCRIBED AND COUNTER,BOTH,HEAVY VEHICLES,2019,WEEKDAYS,6475,-1,-1
57104,53003,PRESCRIBED AND COUNTER,BOTH,ALL VEHICLES,2019,AM PEAK,16755,-1,-1
57104,53003,COUNTER,SOUTH,ALL VEHICLES,2019,WEEKENDS,32408,-1,-1
57104,53003,PRESCRIBED,NORTH,ALL VEHICLES,2019,OFF PEAK,15535,-1,-1
57104,53003,PRESCRIBED,NORTH,LIGHT VEHICLES,2019,PUBLIC HOLIDAYS,24908,64,100
57104,53003,PRESCRIBED,NORTH,LIGHT VEHICLES,2019,ALL DAYS,28095,66,96
57104,53003,PRESCRIBED AND COUNTER,BOTH,HEAVY VEHICLES,2019,OFF PEAK,3447,-1,-1
57104,53003,COUNTER,SOUTH,HEAVY VEHICLES,2019,PM PEAK,492,35,98
57104,53003,PRESCRIBED AND COUNTER,BOTH,HEAVY VEHICLES,2019,AM PEAK,1879,-1,-1
57104,53003,PRESCRIBED,NORTH,ALL VEHICLES,2019,PUBLIC HOLIDAYS,25953,-1,-1
57104,53003,COUNTER,SOUTH,HEAVY VEHICLES,2019,ALL DAYS,2969,30,97
57104,53003,PRESCRIBED AND COUNTER,BOTH,ALL VEHICLES,2019,WEEKDAYS,64478,-1,-1
57104,53003,COUNTER,SOUTH,HEAVY VEHICLES,2019,AM PEAK,1183,42,98
57104,53003,PRESCRIBED AND COUNTER,BOTH,HEAVY VEHICLES,2019,PM PEAK,1149,-1,-1
57104,53003,PRESCRIBED AND COUNTER,BOTH,ALL VEHICLES,2019,OFF PEAK,31295,-1,-1
57104,53003,COUNTER,SOUTH,ALL VEHICLES,2019,WEEKDAYS,33600,-1,-1
57104,53003,PRESCRIBED,NORTH,LIGHT VEHICLES,2019,PM PEAK,8324,76,96
57104,53003,COUNTER,SOUTH,HEAVY VEHICLES,2019,WEEKDAYS,3460,-1,-1
57104,53003,COUNTER,SOUTH,HEAVY VEHICLES,2019,OFF PEAK,1785,31,98
57104,53003,COUNTER,SOUTH,HEAVY VEHICLES,2019,WEEKENDS,1627,-1,-1
57104,53003,PRESCRIBED,NORTH,ALL VEHICLES,2019,ALL DAYS,30674,-1,-1
57104,53003,PRESCRIBED,NORTH,ALL VEHICLES,2019,AM PEAK,6362,-1,-1
57104,53003,PRESCRIBED,NORTH,LIGHT VEHICLES,2019,WEEKENDS,27257,-1,-1
57104,53003,PRESCRIBED,NORTH,HEAVY VEHICLES,2019,ALL DAYS,2579,28,97
57104,53003,PRESCRIBED AND COUNTER,BOTH,LIGHT VEHICLES,2019,AM PEAK,14876,-1,-1
57104,53003,PRESCRIBED,NORTH,ALL VEHICLES,2019,WEEKENDS,28629,-1,-1
57104,53003,PRESCRIBED,NORTH,LIGHT VEHICLES,2019,OFF PEAK,13873,63,96
57104,53003,COUNTER,SOUTH,LIGHT VEHICLES,2019,ALL DAYS,30787,68,96
57104,53003,PRESCRIBED,NORTH,HEAVY VEHICLES,2019,OFF PEAK,1662,30,98
57104,53003,PRESCRIBED,NORTH,ALL VEHICLES,2019,PM PEAK,8981,-1,-1
57104,53003,PRESCRIBED,NORTH,HEAVY VEHICLES,2019,PUBLIC HOLIDAYS,1045,24,100
57106,53005,PRESCRIBED AND COUNTER,BOTH,LIGHT VEHICLES,2019,OFF PEAK,28196,-1,-1
57106,53005,PRESCRIBED AND COUNTER,BOTH,HEAVY VEHICLES,2019,AM PEAK,1982,-1,-1
57106,53005,PRESCRIBED,NORTH,HEAVY VEHICLES,2019,OFF PEAK,2127,36,97
57106,53005,PRESCRIBED AND COUNTER,BOTH,HEAVY VEHICLES,2019,PUBLIC HOLIDAYS,2003,-1,-1
57106,53005,PRESCRIBED AND COUNTER,BOTH,ALL VEHICLES,2019,WEEKENDS,59010,-1,-1
57106,53005,COUNTER,SOUTH,HEAVY VEHICLES,2019,PM PEAK,704,42,96
57106,53005,PRESCRIBED,NORTH,HEAVY VEHICLES,2019,PM PEAK,695,37,96
57106,53005,PRESCRIBED,NORTH,HEAVY VEHICLES,2019,WEEKDAYS,4001,-1,-1
57106,53005,COUNTER,SOUTH,LIGHT VEHICLES,2019,WEEKENDS,29506,-1,-1
57106,53005,PRESCRIBED,NORTH,HEAVY VEHICLES,2019,PUBLIC HOLIDAYS,969,20,100
57106,53005,COUNTER,SOUTH,ALL VEHICLES,2019,WEEKDAYS,32933,-1,-1
57106,53005,PRESCRIBED AND COUNTER,BOTH,LIGHT VEHICLES,2019,AM PEAK,13969,-1,-1
57106,53005,COUNTER,SOUTH,HEAVY VEHICLES,2019,WEEKENDS,1363,-1,-1
57106,53005,COUNTER,SOUTH,HEAVY VEHICLES,2019,PUBLIC HOLIDAYS,1034,22,100
57106,53005,PRESCRIBED AND COUNTER,BOTH,ALL VEHICLES,2019,PUBLIC HOLIDAYS,52665,-1,-1
57106,53005,COUNTER,SOUTH,HEAVY VEHICLES,2019,OFF PEAK,2185,39,97
57106,53005,PRESCRIBED AND COUNTER,BOTH,ALL VEHICLES,2019,OFF PEAK,32508,-1,-1
57106,53005,PRESCRIBED AND COUNTER,BOTH,LIGHT VEHICLES,2019,PUBLIC HOLIDAYS,50662,-1,-1
57106,53005,COUNTER,SOUTH,LIGHT VEHICLES,2019,OFF PEAK,14544,68,96
57106,53005,COUNTER,SOUTH,ALL VEHICLES,2019,WEEKENDS,30869,-1,-1
57106,53005,COUNTER,SOUTH,ALL VEHICLES,2019,PM PEAK,8153,-1,-1
57106,53005,PRESCRIBED AND COUNTER,BOTH,HEAVY VEHICLES,2019,ALL DAYS,6488,-1,-1
57106,53005,PRESCRIBED AND COUNTER,BOTH,HEAVY VEHICLES,2019,WEEKENDS,3271,-1,-1
57106,53005,COUNTER,SOUTH,LIGHT VEHICLES,2019,PUBLIC HOLIDAYS,26420,60,100
57106,53005,PRESCRIBED,NORTH,ALL VEHICLES,2019,OFF PEAK,15779,-1,-1
57106,53005,COUNTER,SOUTH,ALL VEHICLES,2019,PUBLIC HOLIDAYS,27454,-1,-1
57106,53005,PRESCRIBED,NORTH,HEAVY VEHICLES,2019,WEEKENDS,1908,-1,-1
57106,53005,PRESCRIBED,NORTH,ALL VEHICLES,2019,WEEKENDS,28141,-1,-1
57106,53005,COUNTER,SOUTH,HEAVY VEHICLES,2019,ALL DAYS,3059,35,98
57106,53005,COUNTER,SOUTH,LIGHT VEHICLES,2019,ALL DAYS,29416,74,97
57106,53005,PRESCRIBED AND COUNTER,BOTH,LIGHT VEHICLES,2019,WEEKENDS,55739,-1,-1
57106,53005,COUNTER,SOUTH,HEAVY VEHICLES,2019,AM PEAK,803,50,97
57106,53005,COUNTER,SOUTH,LIGHT VEHICLES,2019,PM PEAK,7449,82,96
57106,53005,PRESCRIBED,NORTH,LIGHT VEHICLES,2019,WEEKDAYS,29069,-1,-1
57106,53005,COUNTER,SOUTH,ALL VEHICLES,2019,OFF PEAK,16729,-1,-1
57106,53005,COUNTER,SOUTH,ALL VEHICLES,2019,AM PEAK,8051,-1,-1
57106,53005,PRESCRIBED AND COUNTER,BOTH,LIGHT VEHICLES,2019,ALL DAYS,57782,-1,-1
57106,53005,PRESCRIBED,NORTH,LIGHT VEHICLES,2019,WEEKENDS,26233,-1,-1
57106,53005,PRESCRIBED,NORTH,LIGHT VEHICLES,2019,OFF PEAK,13652,68,95
57106,53005,PRESCRIBED,NORTH,ALL VEHICLES,2019,ALL DAYS,31795,-1,-1
57106,53005,PRESCRIBED,NORTH,HEAVY VEHICLES,2019,ALL DAYS,3429,34,97
57106,53005,COUNTER,SOUTH,ALL VEHICLES,2019,ALL DAYS,32475,-1,-1
57106,53005,PRESCRIBED,NORTH,ALL VEHICLES,2019,PUBLIC HOLIDAYS,25211,-1,-1
57106,53005,PRESCRIBED AND COUNTER,BOTH,ALL VEHICLES,2019,PM PEAK,17544,-1,-1
57106,53005,PRESCRIBED,NORTH,HEAVY VEHICLES,2019,AM PEAK,1179,54,97
57106,53005,PRESCRIBED,NORTH,ALL VEHICLES,2019,PM PEAK,9391,-1,-1
57106,53005,PRESCRIBED,NORTH,LIGHT VEHICLES,2019,ALL DAYS,28366,73,97
57106,53005,COUNTER,SOUTH,LIGHT VEHICLES,2019,AM PEAK,7248,83,96
57106,53005,PRESCRIBED,NORTH,ALL VEHICLES,2019,AM PEAK,7900,-1,-1
57106,53005,PRESCRIBED,NORTH,LIGHT VEHICLES,2019,PM PEAK,8696,80,96
57106,53005,PRESCRIBED,NORTH,LIGHT VEHICLES,2019,AM PEAK,6721,83,96
57106,53005,PRESCRIBED AND COUNTER,BOTH,HEAVY VEHICLES,2019,OFF PEAK,4312,-1,-1
57106,53005,PRESCRIBED AND COUNTER,BOTH,HEAVY VEHICLES,2019,PM PEAK,1399,-1,-1
57106,53005,COUNTER,SOUTH,HEAVY VEHICLES,2019,WEEKDAYS,3692,-1,-1
57106,53005,PRESCRIBED AND COUNTER,BOTH,LIGHT VEHICLES,2019,WEEKDAYS,58310,-1,-1
57106,53005,PRESCRIBED AND COUNTER,BOTH,HEAVY VEHICLES,2019,WEEKDAYS,7693,-1,-1
57106,53005,PRESCRIBED AND COUNTER,BOTH,ALL VEHICLES,2019,WEEKDAYS,66003,-1,-1
57106,53005,PRESCRIBED AND COUNTER,BOTH,ALL VEHICLES,2019,ALL DAYS,64270,-1,-1
57106,53005,COUNTER,SOUTH,LIGHT VEHICLES,2019,WEEKDAYS,29241,-1,-1
57106,53005,PRESCRIBED,NORTH,ALL VEHICLES,2019,WEEKDAYS,33070,-1,-1
57106,53005,PRESCRIBED,NORTH,LIGHT VEHICLES,2019,PUBLIC HOLIDAYS,24242,60,100
57106,53005,PRESCRIBED AND COUNTER,BOTH,LIGHT VEHICLES,2019,PM PEAK,16145,-1,-1
57106,53005,PRESCRIBED AND COUNTER,BOTH,ALL VEHICLES,2019,AM PEAK,15951,-1,-1
57108,53018,PRESCRIBED,NORTH,UNCLASSIFIED,2019,ALL DAYS,28714,99,99
57108,53018,PRESCRIBED,NORTH,UNCLASSIFIED,2019,AM PEAK,5523,99,97
57108,53018,PRESCRIBED,NORTH,UNCLASSIFIED,2019,PUBLIC HOLIDAYS,23877,76,100
57108,53018,PRESCRIBED,NORTH,UNCLASSIFIED,2019,OFF PEAK,15519,99,99
57108,53018,PRESCRIBED,NORTH,UNCLASSIFIED,2019,WEEKDAYS,29301,-1,-1
57108,53018,PRESCRIBED,NORTH,UNCLASSIFIED,2019,WEEKENDS,27600,-1,-1
57108,53018,PRESCRIBED,NORTH,UNCLASSIFIED,2019,PM PEAK,8259,99,96
57110,53029,COUNTER,SOUTH,UNCLASSIFIED,2019,ALL DAYS,27238,-1,-1
57110,53029,COUNTER,SOUTH,UNCLASSIFIED,2019,WEEKDAYS,28743,-1,-1
57110,53029,COUNTER,SOUTH,UNCLASSIFIED,2019,AM PEAK,8118,-1,-1
57110,53029,PRESCRIBED AND COUNTER,BOTH,UNCLASSIFIED,2019,ALL DAYS,60250,-1,-1
57110,53029,PRESCRIBED AND COUNTER,BOTH,UNCLASSIFIED,2019,OFF PEAK,28069,-1,-1
57110,53029,COUNTER,SOUTH,UNCLASSIFIED,2019,WEEKENDS,23383,-1,-1
57110,53029,PRESCRIBED AND COUNTER,BOTH,UNCLASSIFIED,2019,WEEKENDS,52216,-1,-1
57110,53029,PRESCRIBED AND COUNTER,BOTH,UNCLASSIFIED,2019,PM PEAK,17373,-1,-1
57110,53029,PRESCRIBED AND COUNTER,BOTH,UNCLASSIFIED,2019,WEEKDAYS,63520,-1,-1
57110,53029,COUNTER,SOUTH,UNCLASSIFIED,2019,OFF PEAK,12885,-1,-1
57110,53029,PRESCRIBED,NORTH,UNCLASSIFIED,2019,OFF PEAK,15184,-1,-1
57110,53029,PRESCRIBED,NORTH,UNCLASSIFIED,2019,WEEKENDS,28833,-1,-1
57110,53029,PRESCRIBED,NORTH,UNCLASSIFIED,2019,WEEKDAYS,34777,-1,-1
57110,53029,COUNTER,SOUTH,UNCLASSIFIED,2019,PM PEAK,7740,-1,-1
57110,53029,PRESCRIBED,NORTH,UNCLASSIFIED,2019,PM PEAK,9633,-1,-1
57110,53029,PRESCRIBED,NORTH,UNCLASSIFIED,2019,PUBLIC HOLIDAYS,27732,-1,-1
57110,53029,COUNTER,SOUTH,UNCLASSIFIED,2019,PUBLIC HOLIDAYS,21489,-1,-1
57110,53029,PRESCRIBED,NORTH,UNCLASSIFIED,2019,AM PEAK,9960,-1,-1
57110,53029,PRESCRIBED,NORTH,UNCLASSIFIED,2019,ALL DAYS,33012,-1,-1
57110,53029,PRESCRIBED AND COUNTER,BOTH,UNCLASSIFIED,2019,AM PEAK,18078,-1,-1
57110,53029,PRESCRIBED AND COUNTER,BOTH,UNCLASSIFIED,2019,PUBLIC HOLIDAYS,49221,-1,-1
57113,53053,COUNTER,SOUTH,UNCLASSIFIED,2019,PM PEAK,1837,88,98
57113,53053,COUNTER,SOUTH,UNCLASSIFIED,2019,WEEKDAYS,8467,-1,-1
57113,53053,PRESCRIBED,NORTH,UNCLASSIFIED,2019,WEEKDAYS,9411,-1,-1
57113,53053,PRESCRIBED,NORTH,UNCLASSIFIED,2019,PM PEAK,3775,88,93
57113,53053,COUNTER,SOUTH,UNCLASSIFIED,2019,ALL DAYS,7958,88,96
57113,53053,PRESCRIBED AND COUNTER,BOTH,UNCLASSIFIED,2019,AM PEAK,5149,-1,-1
57113,53053,PRESCRIBED AND COUNTER,BOTH,UNCLASSIFIED,2019,PUBLIC HOLIDAYS,10224,-1,-1
57113,53053,PRESCRIBED,NORTH,UNCLASSIFIED,2019,OFF PEAK,4095,88,99
57113,53053,COUNTER,SOUTH,UNCLASSIFIED,2019,OFF PEAK,3022,88,99
57113,53053,COUNTER,SOUTH,UNCLASSIFIED,2019,AM PEAK,3608,88,87
57113,53053,PRESCRIBED AND COUNTER,BOTH,UNCLASSIFIED,2019,WEEKDAYS,17878,-1,-1
57113,53053,PRESCRIBED,NORTH,UNCLASSIFIED,2019,ALL DAYS,8965,88,96
57113,53053,PRESCRIBED,NORTH,UNCLASSIFIED,2019,AM PEAK,1541,88,87
57113,53053,PRESCRIBED AND COUNTER,BOTH,UNCLASSIFIED,2019,WEEKENDS,14397,-1,-1
57113,53053,COUNTER,SOUTH,UNCLASSIFIED,2019,PUBLIC HOLIDAYS,4613,61,100
57113,53053,PRESCRIBED,NORTH,UNCLASSIFIED,2019,PUBLIC HOLIDAYS,5611,61,100
57113,53053,PRESCRIBED AND COUNTER,BOTH,UNCLASSIFIED,2019,ALL DAYS,16923,-1,-1
57113,53053,COUNTER,SOUTH,UNCLASSIFIED,2019,WEEKENDS,6660,-1,-1
57113,53053,PRESCRIBED AND COUNTER,BOTH,UNCLASSIFIED,2019,PM PEAK,5612,-1,-1
57113,53053,PRESCRIBED AND COUNTER,BOTH,UNCLASSIFIED,2019,OFF PEAK,7117,-1,-1
57113,53053,PRESCRIBED,NORTH,UNCLASSIFIED,2019,WEEKENDS,7737,-1,-1
57118,53198,PRESCRIBED AND COUNTER,BOTH,UNCLASSIFIED,2019,PM PEAK,11926,-1,-1
57118,53198,COUNTER,SOUTH,UNCLASSIFIED,2019,PUBLIC HOLIDAYS,15039,61,100
57118,53198,PRESCRIBED AND COUNTER,BOTH,UNCLASSIFIED,2019,PUBLIC HOLIDAYS,33121,-1,-1
57118,53198,PRESCRIBED,NORTH,UNCLASSIFIED,2019,PUBLIC HOLIDAYS,18082,61,100
57118,53198,PRESCRIBED AND COUNTER,BOTH,UNCLASSIFIED,2019,AM PEAK,12322,-1,-1
57118,53198,PRESCRIBED,NORTH,UNCLASSIFIED,2019,OFF PEAK,12713,89,99
57118,53198,PRESCRIBED,NORTH,UNCLASSIFIED,2019,PM PEAK,7213,89,96
57118,53198,COUNTER,SOUTH,UNCLASSIFIED,2019,OFF PEAK,9545,89,98
57118,53198,COUNTER,SOUTH,UNCLASSIFIED,2019,PM PEAK,4713,89,99
57118,53198,COUNTER,SOUTH,UNCLASSIFIED,2019,ALL DAYS,21229,89,99
57118,53198,COUNTER,SOUTH,UNCLASSIFIED,2019,WEEKENDS,19184,-1,-1
57118,53198,COUNTER,SOUTH,UNCLASSIFIED,2019,WEEKDAYS,22059,-1,-1
57118,53198,PRESCRIBED AND COUNTER,BOTH,UNCLASSIFIED,2019,WEEKENDS,41173,-1,-1
57118,53198,PRESCRIBED,NORTH,UNCLASSIFIED,2019,WEEKENDS,21989,-1,-1
57118,53198,PRESCRIBED,NORTH,UNCLASSIFIED,2019,ALL DAYS,23712,89,99
57118,53198,PRESCRIBED AND COUNTER,BOTH,UNCLASSIFIED,2019,ALL DAYS,44941,-1,-1
57118,53198,PRESCRIBED AND COUNTER,BOTH,UNCLASSIFIED,2019,OFF PEAK,22258,-1,-1
57118,53198,PRESCRIBED AND COUNTER,BOTH,UNCLASSIFIED,2019,WEEKDAYS,46506,-1,-1
57118,53198,PRESCRIBED,NORTH,UNCLASSIFIED,2019,WEEKDAYS,24447,-1,-1
57118,53198,COUNTER,SOUTH,UNCLASSIFIED,2019,AM PEAK,7801,89,89
57118,53198,PRESCRIBED,NORTH,UNCLASSIFIED,2019,AM PEAK,4521,89,97
57128,53209,COUNTER,WEST,UNCLASSIFIED,2019,AM PEAK,4984,83,98
57128,53209,COUNTER,WEST,UNCLASSIFIED,2019,PUBLIC HOLIDAYS,23672,61,100
57128,53209,COUNTER,WEST,UNCLASSIFIED,2019,WEEKENDS,26677,-1,-1
57128,53209,COUNTER,WEST,UNCLASSIFIED,2019,OFF PEAK,14390,83,99
57128,53209,COUNTER,WEST,UNCLASSIFIED,2019,ALL DAYS,27547,83,99
57128,53209,COUNTER,WEST,UNCLASSIFIED,2019,WEEKDAYS,27959,-1,-1
57128,53209,COUNTER,WEST,UNCLASSIFIED,2019,PM PEAK,8585,83,96
57133,55027,PRESCRIBED,NORTH,UNCLASSIFIED,2019,PUBLIC HOLIDAYS,15471,23,100
57133,55027,PRESCRIBED,NORTH,UNCLASSIFIED,2019,WEEKENDS,20055,-1,-1
57133,55027,PRESCRIBED,NORTH,UNCLASSIFIED,2019,OFF PEAK,11486,9,94
57133,55027,PRESCRIBED,NORTH,UNCLASSIFIED,2019,WEEKDAYS,22916,-1,-1
57133,55027,PRESCRIBED,NORTH,UNCLASSIFIED,2019,PM PEAK,6302,9,88
57133,55027,PRESCRIBED,NORTH,UNCLASSIFIED,2019,AM PEAK,5128,9,48
57133,55027,PRESCRIBED,NORTH,UNCLASSIFIED,2019,ALL DAYS,22248,9,92
57134,55028,PRESCRIBED AND COUNTER,BOTH,UNCLASSIFIED,2019,PUBLIC HOLIDAYS,40340,-1,-1
57134,55028,PRESCRIBED,NORTH,UNCLASSIFIED,2019,PUBLIC HOLIDAYS,19676,69,100
57134,55028,COUNTER,SOUTH,UNCLASSIFIED,2019,OFF PEAK,13470,92,97
57134,55028,COUNTER,SOUTH,UNCLASSIFIED,2019,PM PEAK,8323,93,97
57134,55028,COUNTER,SOUTH,UNCLASSIFIED,2019,WEEKDAYS,29711,-1,-1
57134,55028,PRESCRIBED,NORTH,UNCLASSIFIED,2019,PM PEAK,9192,80,92
57134,55028,COUNTER,SOUTH,UNCLASSIFIED,2019,AM PEAK,7918,92,87
57134,55028,PRESCRIBED,NORTH,UNCLASSIFIED,2019,WEEKDAYS,30010,-1,-1
57134,55028,COUNTER,SOUTH,UNCLASSIFIED,2019,PUBLIC HOLIDAYS,20664,76,100
57134,55028,PRESCRIBED,NORTH,UNCLASSIFIED,2019,OFF PEAK,13602,79,98
57134,55028,COUNTER,SOUTH,UNCLASSIFIED,2019,ALL DAYS,28564,92,97
57134,55028,PRESCRIBED AND COUNTER,BOTH,UNCLASSIFIED,2019,WEEKDAYS,59721,-1,-1
57134,55028,COUNTER,SOUTH,UNCLASSIFIED,2019,WEEKENDS,25641,-1,-1
57134,55028,PRESCRIBED AND COUNTER,BOTH,UNCLASSIFIED,2019,PM PEAK,17515,-1,-1
57134,55028,PRESCRIBED,NORTH,UNCLASSIFIED,2019,ALL DAYS,28799,79,96
57134,55028,PRESCRIBED,NORTH,UNCLASSIFIED,2019,AM PEAK,7216,79,91
57134,55028,PRESCRIBED AND COUNTER,BOTH,UNCLASSIFIED,2019,WEEKENDS,50893,-1,-1
57134,55028,PRESCRIBED AND COUNTER,BOTH,UNCLASSIFIED,2019,ALL DAYS,57363,-1,-1
57134,55028,PRESCRIBED,NORTH,UNCLASSIFIED,2019,WEEKENDS,25252,-1,-1
57134,55028,PRESCRIBED AND COUNTER,BOTH,UNCLASSIFIED,2019,AM PEAK,15134,-1,-1
57134,55028,PRESCRIBED AND COUNTER,BOTH,UNCLASSIFIED,2019,OFF PEAK,27072,-1,-1
57135,55030,COUNTER,SOUTH,UNCLASSIFIED,2019,WEEKENDS,18746,-1,-1
57135,55030,COUNTER,SOUTH,UNCLASSIFIED,2019,OFF PEAK,9520,95,98
57135,55030,COUNTER,SOUTH,UNCLASSIFIED,2019,PUBLIC HOLIDAYS,14679,76,100
57135,55030,COUNTER,SOUTH,UNCLASSIFIED,2019,AM PEAK,5778,95,86
57135,55030,COUNTER,SOUTH,UNCLASSIFIED,2019,WEEKDAYS,20621,-1,-1
57135,55030,COUNTER,SOUTH,UNCLASSIFIED,2019,PM PEAK,5323,95,98
57135,55030,COUNTER,SOUTH,UNCLASSIFIED,2019,ALL DAYS,20080,95,97
57136,55036,COUNTER,EAST,UNCLASSIFIED,2019,AM PEAK,6864,100,90
57136,55036,PRESCRIBED AND COUNTER,BOTH,UNCLASSIFIED,2019,OFF PEAK,25618,-1,-1
57136,55036,COUNTER,EAST,UNCLASSIFIED,2019,WEEKDAYS,28635,-1,-1
57136,55036,PRESCRIBED,WEST,UNCLASSIFIED,2019,OFF PEAK,12857,90,97
57136,55036,PRESCRIBED AND COUNTER,BOTH,UNCLASSIFIED,2019,WEEKDAYS,57567,-1,-1
57136,55036,PRESCRIBED,WEST,UNCLASSIFIED,2019,ALL DAYS,27221,90,96
57136,55036,PRESCRIBED AND COUNTER,BOTH,UNCLASSIFIED,2019,PM PEAK,16853,-1,-1
57136,55036,PRESCRIBED,WEST,UNCLASSIFIED,2019,PM PEAK,7843,90,96
57136,55036,PRESCRIBED,WEST,UNCLASSIFIED,2019,PUBLIC HOLIDAYS,17552,69,100
57136,55036,COUNTER,EAST,UNCLASSIFIED,2019,WEEKENDS,23189,-1,-1
57136,55036,PRESCRIBED,WEST,UNCLASSIFIED,2019,WEEKDAYS,28932,-1,-1
57136,55036,COUNTER,EAST,UNCLASSIFIED,2019,PM PEAK,9010,100,93
57136,55036,PRESCRIBED AND COUNTER,BOTH,UNCLASSIFIED,2019,AM PEAK,15096,-1,-1
57136,55036,PRESCRIBED,WEST,UNCLASSIFIED,2019,WEEKENDS,22817,-1,-1
57136,55036,PRESCRIBED AND COUNTER,BOTH,UNCLASSIFIED,2019,ALL DAYS,54299,-1,-1
57136,55036,PRESCRIBED AND COUNTER,BOTH,UNCLASSIFIED,2019,WEEKENDS,46006,-1,-1
57136,55036,PRESCRIBED AND COUNTER,BOTH,UNCLASSIFIED,2019,PUBLIC HOLIDAYS,35909,-1,-1
57136,55036,COUNTER,EAST,UNCLASSIFIED,2019,OFF PEAK,12761,99,99
57136,55036,COUNTER,EAST,UNCLASSIFIED,2019,PUBLIC HOLIDAYS,18357,76,100
57136,55036,COUNTER,EAST,UNCLASSIFIED,2019,ALL DAYS,27078,99,97
57136,55036,PRESCRIBED,WEST,UNCLASSIFIED,2019,AM PEAK,8232,90,85
57140,55049,COUNTER,SOUTH,HEAVY VEHICLES,2019,WEEKDAYS,1609,-1,-1
57140,55049,PRESCRIBED,NORTH,ALL VEHICLES,2019,OFF PEAK,8946,-1,-1
57140,55049,COUNTER,SOUTH,ALL VEHICLES,2019,WEEKDAYS,20505,-1,-1
57140,55049,COUNTER,SOUTH,ALL VEHICLES,2019,PM PEAK,5309,-1,-1
57140,55049,COUNTER,SOUTH,HEAVY VEHICLES,2019,PUBLIC HOLIDAYS,602,16,97
57140,55049,COUNTER,SOUTH,HEAVY VEHICLES,2019,ALL DAYS,1389,17,81
57140,55049,PRESCRIBED,NORTH,ALL VEHICLES,2019,PM PEAK,6215,-1,-1
57140,55049,COUNTER,SOUTH,HEAVY VEHICLES,2019,PM PEAK,346,23,92
57140,55049,PRESCRIBED AND COUNTER,BOTH,ALL VEHICLES,2019,OFF PEAK,17951,-1,-1
57140,55049,PRESCRIBED,NORTH,HEAVY VEHICLES,2019,ALL DAYS,1697,19,73
57140,55049,PRESCRIBED AND COUNTER,BOTH,LIGHT VEHICLES,2019,WEEKDAYS,36316,-1,-1
57140,55049,PRESCRIBED,NORTH,ALL VEHICLES,2019,ALL DAYS,19498,-1,-1
57140,55049,PRESCRIBED AND COUNTER,BOTH,ALL VEHICLES,2019,WEEKDAYS,39779,-1,-1
57140,55049,PRESCRIBED AND COUNTER,BOTH,HEAVY VEHICLES,2019,ALL DAYS,3086,-1,-1
57140,55049,PRESCRIBED AND COUNTER,BOTH,HEAVY VEHICLES,2019,PUBLIC HOLIDAYS,1343,-1,-1
57140,55049,PRESCRIBED,NORTH,HEAVY VEHICLES,2019,AM PEAK,460,30,87
57140,55049,PRESCRIBED,NORTH,HEAVY VEHICLES,2019,WEEKDAYS,1854,-1,-1
57140,55049,PRESCRIBED AND COUNTER,BOTH,LIGHT VEHICLES,2019,WEEKENDS,32806,-1,-1
57140,55049,COUNTER,SOUTH,ALL VEHICLES,2019,ALL DAYS,20224,-1,-1
57140,55049,COUNTER,SOUTH,LIGHT VEHICLES,2019,ALL DAYS,18835,52,79
57140,55049,PRESCRIBED AND COUNTER,BOTH,ALL VEHICLES,2019,WEEKENDS,34489,-1,-1
57140,55049,PRESCRIBED,NORTH,HEAVY VEHICLES,2019,PUBLIC HOLIDAYS,741,15,75
57140,55049,PRESCRIBED AND COUNTER,BOTH,LIGHT VEHICLES,2019,PUBLIC HOLIDAYS,25232,-1,-1
57140,55049,PRESCRIBED AND COUNTER,BOTH,ALL VEHICLES,2019,AM PEAK,10304,-1,-1
57140,55049,COUNTER,SOUTH,HEAVY VEHICLES,2019,WEEKENDS,779,-1,-1
57140,55049,PRESCRIBED,NORTH,ALL VEHICLES,2019,WEEKENDS,16458,-1,-1
57140,55049,COUNTER,SOUTH,ALL VEHICLES,2019,OFF PEAK,9005,-1,-1
57140,55049,COUNTER,SOUTH,LIGHT VEHICLES,2019,AM PEAK,5665,70,88
57140,55049,PRESCRIBED,NORTH,LIGHT VEHICLES,2019,WEEKDAYS,17420,-1,-1
57140,55049,PRESCRIBED AND COUNTER,BOTH,LIGHT VEHICLES,2019,PM PEAK,10681,-1,-1
57140,55049,PRESCRIBED AND COUNTER,BOTH,HEAVY VEHICLES,2019,WEEKDAYS,3463,-1,-1
57140,55049,PRESCRIBED,NORTH,ALL VEHICLES,2019,WEEKDAYS,19274,-1,-1
57140,55049,PRESCRIBED,NORTH,ALL VEHICLES,2019,PUBLIC HOLIDAYS,13223,-1,-1
57140,55049,PRESCRIBED,NORTH,ALL VEHICLES,2019,AM PEAK,4113,-1,-1
57140,55049,COUNTER,SOUTH,LIGHT VEHICLES,2019,PM PEAK,4963,67,90
57140,55049,PRESCRIBED AND COUNTER,BOTH,ALL VEHICLES,2019,ALL DAYS,39722,-1,-1
57140,55049,PRESCRIBED AND COUNTER,BOTH,HEAVY VEHICLES,2019,OFF PEAK,1634,-1,-1
57140,55049,COUNTER,SOUTH,LIGHT VEHICLES,2019,PUBLIC HOLIDAYS,12750,37,90
57140,55049,COUNTER,SOUTH,ALL VEHICLES,2019,AM PEAK,6191,-1,-1
57140,55049,PRESCRIBED,NORTH,LIGHT VEHICLES,2019,PM PEAK,5718,95,82
57140,55049,PRESCRIBED AND COUNTER,BOTH,HEAVY VEHICLES,2019,WEEKENDS,1683,-1,-1
57140,55049,PRESCRIBED,NORTH,LIGHT VEHICLES,2019,WEEKENDS,15554,-1,-1
57140,55049,PRESCRIBED,NORTH,LIGHT VEHICLES,2019,PUBLIC HOLIDAYS,12482,41,67
57140,55049,COUNTER,SOUTH,HEAVY VEHICLES,2019,OFF PEAK,737,16,91
57140,55049,PRESCRIBED AND COUNTER,BOTH,ALL VEHICLES,2019,PM PEAK,11524,-1,-1
57140,55049,PRESCRIBED,NORTH,LIGHT VEHICLES,2019,ALL DAYS,17801,62,69
57140,55049,PRESCRIBED AND COUNTER,BOTH,LIGHT VEHICLES,2019,AM PEAK,9318,-1,-1
57140,55049,COUNTER,SOUTH,ALL VEHICLES,2019,WEEKENDS,18031,-1,-1
57140,55049,COUNTER,SOUTH,LIGHT VEHICLES,2019,WEEKDAYS,18896,-1,-1
57140,55049,PRESCRIBED AND COUNTER,BOTH,HEAVY VEHICLES,2019,PM PEAK,843,-1,-1
57140,55049,PRESCRIBED AND COUNTER,BOTH,LIGHT VEHICLES,2019,OFF PEAK,16317,-1,-1
57140,55049,PRESCRIBED,NORTH,LIGHT VEHICLES,2019,OFF PEAK,8049,55,84
57140,55049,PRESCRIBED,NORTH,HEAVY VEHICLES,2019,WEEKENDS,904,-1,-1
57140,55049,COUNTER,SOUTH,LIGHT VEHICLES,2019,WEEKENDS,17252,-1,-1
57140,55049,PRESCRIBED AND COUNTER,BOTH,ALL VEHICLES,2019,PUBLIC HOLIDAYS,26575,-1,-1
57140,55049,PRESCRIBED,NORTH,LIGHT VEHICLES,2019,AM PEAK,3653,80,85
57140,55049,PRESCRIBED,NORTH,HEAVY VEHICLES,2019,PM PEAK,497,35,82
57140,55049,PRESCRIBED AND COUNTER,BOTH,LIGHT VEHICLES,2019,ALL DAYS,36636,-1,-1
57140,55049,COUNTER,SOUTH,HEAVY VEHICLES,2019,AM PEAK,526,37,89
57140,55049,PRESCRIBED,NORTH,HEAVY VEHICLES,2019,OFF PEAK,897,19,86
57140,55049,PRESCRIBED AND COUNTER,BOTH,HEAVY VEHICLES,2019,AM PEAK,986,-1,-1
57140,55049,COUNTER,SOUTH,ALL VEHICLES,2019,PUBLIC HOLIDAYS,13352,-1,-1
57140,55049,COUNTER,SOUTH,LIGHT VEHICLES,2019,OFF PEAK,8268,46,89
57141,55050,PRESCRIBED,WEST,LIGHT VEHICLES,2019,OFF PEAK,13019,39,94
57141,55050,COUNTER,EAST,LIGHT VEHICLES,2019,OFF PEAK,12079,38,94
57141,55050,PRESCRIBED AND COUNTER,BOTH,ALL VEHICLES,2019,WEEKENDS,46916,-1,-1
57141,55050,PRESCRIBED,WEST,ALL VEHICLES,2019,AM PEAK,7858,-1,-1
57141,55050,PRESCRIBED AND COUNTER,BOTH,HEAVY VEHICLES,2019,WEEKENDS,1897,-1,-1
57141,55050,PRESCRIBED AND COUNTER,BOTH,ALL VEHICLES,2019,PM PEAK,15414,-1,-1
57141,55050,PRESCRIBED AND COUNTER,BOTH,HEAVY VEHICLES,2019,PUBLIC HOLIDAYS,1332,-1,-1
57141,55050,COUNTER,EAST,LIGHT VEHICLES,2019,PUBLIC HOLIDAYS,18600,22,100
57141,55050,COUNTER,EAST,LIGHT VEHICLES,2019,WEEKENDS,22524,-1,-1
57141,55050,PRESCRIBED AND COUNTER,BOTH,LIGHT VEHICLES,2019,WEEKENDS,45019,-1,-1
57141,55050,COUNTER,EAST,ALL VEHICLES,2019,OFF PEAK,13367,-1,-1
57141,55050,COUNTER,EAST,LIGHT VEHICLES,2019,PM PEAK,7849,49,94
57141,55050,PRESCRIBED AND COUNTER,BOTH,ALL VEHICLES,2019,OFF PEAK,27796,-1,-1
57141,55050,PRESCRIBED,WEST,HEAVY VEHICLES,2019,PM PEAK,409,19,94
57141,55050,PRESCRIBED,WEST,LIGHT VEHICLES,2019,PM PEAK,6701,47,94
57141,55050,PRESCRIBED,WEST,LIGHT VEHICLES,2019,WEEKDAYS,26892,-1,-1
57141,55050,PRESCRIBED AND COUNTER,BOTH,ALL VEHICLES,2019,WEEKDAYS,58367,-1,-1
57141,55050,PRESCRIBED,WEST,HEAVY VEHICLES,2019,AM PEAK,686,29,95
57141,55050,COUNTER,EAST,HEAVY VEHICLES,2019,OFF PEAK,1288,16,96
57141,55050,PRESCRIBED AND COUNTER,BOTH,HEAVY VEHICLES,2019,PM PEAK,864,-1,-1
57141,55050,COUNTER,EAST,LIGHT VEHICLES,2019,WEEKDAYS,26518,-1,-1
57141,55050,COUNTER,EAST,ALL VEHICLES,2019,WEEKENDS,23467,-1,-1
57141,55050,PRESCRIBED AND COUNTER,BOTH,LIGHT VEHICLES,2019,OFF PEAK,25098,-1,-1
57141,55050,PRESCRIBED,WEST,LIGHT VEHICLES,2019,PUBLIC HOLIDAYS,18980,22,100
57141,55050,COUNTER,EAST,ALL VEHICLES,2019,AM PEAK,7299,-1,-1
57141,55050,PRESCRIBED,WEST,HEAVY VEHICLES,2019,WEEKDAYS,2505,-1,-1
57141,55050,PRESCRIBED,WEST,ALL VEHICLES,2019,WEEKDAYS,29397,-1,-1
57141,55050,PRESCRIBED,WEST,HEAVY VEHICLES,2019,WEEKENDS,954,-1,-1
57141,55050,PRESCRIBED AND COUNTER,BOTH,LIGHT VEHICLES,2019,PUBLIC HOLIDAYS,37580,-1,-1
57141,55050,PRESCRIBED AND COUNTER,BOTH,HEAVY VEHICLES,2019,OFF PEAK,2698,-1,-1
57141,55050,PRESCRIBED AND COUNTER,BOTH,ALL VEHICLES,2019,PUBLIC HOLIDAYS,38912,-1,-1
57141,55050,COUNTER,EAST,ALL VEHICLES,2019,WEEKDAYS,28970,-1,-1
57141,55050,COUNTER,EAST,HEAVY VEHICLES,2019,WEEKDAYS,2452,-1,-1
57141,55050,PRESCRIBED,WEST,HEAVY VEHICLES,2019,PUBLIC HOLIDAYS,646,7,100
57141,55050,PRESCRIBED AND COUNTER,BOTH,HEAVY VEHICLES,2019,ALL DAYS,4103,-1,-1
57141,55050,COUNTER,EAST,ALL VEHICLES,2019,PUBLIC HOLIDAYS,19286,-1,-1
57141,55050,COUNTER,EAST,HEAVY VEHICLES,2019,AM PEAK,709,28,97
57141,55050,PRESCRIBED,WEST,HEAVY VEHICLES,2019,ALL DAYS,2074,16,95
57141,55050,PRESCRIBED AND COUNTER,BOTH,ALL VEHICLES,2019,AM PEAK,15157,-1,-1
57141,55050,PRESCRIBED,WEST,ALL VEHICLES,2019,PM PEAK,7110,-1,-1
57141,55050,PRESCRIBED AND COUNTER,BOTH,ALL VEHICLES,2019,ALL DAYS,55160,-1,-1
57141,55050,PRESCRIBED AND COUNTER,BOTH,HEAVY VEHICLES,2019,AM PEAK,1395,-1,-1
57141,55050,PRESCRIBED,WEST,LIGHT VEHICLES,2019,ALL DAYS,25658,42,94
57141,55050,PRESCRIBED,WEST,ALL VEHICLES,2019,ALL DAYS,27732,-1,-1
57141,55050,PRESCRIBED,WEST,HEAVY VEHICLES,2019,OFF PEAK,1410,16,95
57141,55050,PRESCRIBED,WEST,ALL VEHICLES,2019,OFF PEAK,14429,-1,-1
57141,55050,COUNTER,EAST,ALL VEHICLES,2019,ALL DAYS,27428,-1,-1
57141,55050,COUNTER,EAST,HEAVY VEHICLES,2019,PM PEAK,455,20,95
57141,55050,COUNTER,EAST,LIGHT VEHICLES,2019,ALL DAYS,25399,42,96
57141,55050,COUNTER,EAST,HEAVY VEHICLES,2019,PUBLIC HOLIDAYS,686,8,100
57141,55050,COUNTER,EAST,HEAVY VEHICLES,2019,WEEKENDS,943,-1,-1
57141,55050,PRESCRIBED,WEST,ALL VEHICLES,2019,WEEKENDS,23449,-1,-1
57141,55050,PRESCRIBED,WEST,LIGHT VEHICLES,2019,AM PEAK,7172,52,95
57141,55050,PRESCRIBED,WEST,ALL VEHICLES,2019,PUBLIC HOLIDAYS,19626,-1,-1
57141,55050,PRESCRIBED,WEST,LIGHT VEHICLES,2019,WEEKENDS,22495,-1,-1
57141,55050,COUNTER,EAST,LIGHT VEHICLES,2019,AM PEAK,6590,50,95
57141,55050,PRESCRIBED AND COUNTER,BOTH,LIGHT VEHICLES,2019,ALL DAYS,51057,-1,-1
57141,55050,PRESCRIBED AND COUNTER,BOTH,LIGHT VEHICLES,2019,PM PEAK,14550,-1,-1
57141,55050,PRESCRIBED AND COUNTER,BOTH,LIGHT VEHICLES,2019,WEEKDAYS,53410,-1,-1
57141,55050,COUNTER,EAST,ALL VEHICLES,2019,PM PEAK,8304,-1,-1
57141,55050,PRESCRIBED AND COUNTER,BOTH,HEAVY VEHICLES,2019,WEEKDAYS,4957,-1,-1
57141,55050,COUNTER,EAST,HEAVY VEHICLES,2019,ALL DAYS,2029,16,97
57141,55050,PRESCRIBED AND COUNTER,BOTH,LIGHT VEHICLES,2019,AM PEAK,13762,-1,-1
57155,57011,PRESCRIBED AND COUNTER,BOTH,UNCLASSIFIED,2019,AM PEAK,16086,-1,-1
57155,57011,PRESCRIBED AND COUNTER,BOTH,UNCLASSIFIED,2019,PM PEAK,16266,-1,-1
57155,57011,PRESCRIBED AND COUNTER,BOTH,UNCLASSIFIED,2019,WEEKENDS,44815,-1,-1
57155,57011,PRESCRIBED,NORTH,UNCLASSIFIED,2019,WEEKDAYS,27176,-1,-1
57155,57011,PRESCRIBED AND COUNTER,BOTH,UNCLASSIFIED,2019,PUBLIC HOLIDAYS,41046,-1,-1
57155,57011,PRESCRIBED,NORTH,UNCLASSIFIED,2019,PM PEAK,7932,84,96
57155,57011,COUNTER,SOUTH,UNCLASSIFIED,2019,WEEKDAYS,27609,-1,-1
57155,57011,PRESCRIBED AND COUNTER,BOTH,UNCLASSIFIED,2019,OFF PEAK,22433,-1,-1
57155,57011,PRESCRIBED,NORTH,UNCLASSIFIED,2019,OFF PEAK,10937,84,96
57155,57011,PRESCRIBED,NORTH,UNCLASSIFIED,2019,PUBLIC HOLIDAYS,20393,61,100
57155,57011,PRESCRIBED,NORTH,UNCLASSIFIED,2019,AM PEAK,8307,84,90
57155,57011,COUNTER,SOUTH,UNCLASSIFIED,2019,PM PEAK,8334,85,99
57155,57011,COUNTER,SOUTH,UNCLASSIFIED,2019,ALL DAYS,26123,85,98
57155,57011,PRESCRIBED,NORTH,UNCLASSIFIED,2019,ALL DAYS,25826,84,98
57155,57011,PRESCRIBED AND COUNTER,BOTH,UNCLASSIFIED,2019,ALL DAYS,51949,-1,-1
57155,57011,COUNTER,SOUTH,UNCLASSIFIED,2019,WEEKENDS,22334,-1,-1
57155,57011,COUNTER,SOUTH,UNCLASSIFIED,2019,AM PEAK,7779,85,89
57155,57011,COUNTER,SOUTH,UNCLASSIFIED,2019,OFF PEAK,11496,85,98
57155,57011,COUNTER,SOUTH,UNCLASSIFIED,2019,PUBLIC HOLIDAYS,20653,61,100
57155,57011,PRESCRIBED,NORTH,UNCLASSIFIED,2019,WEEKENDS,22481,-1,-1
57155,57011,PRESCRIBED AND COUNTER,BOTH,UNCLASSIFIED,2019,WEEKDAYS,54785,-1,-1
57159,57024,PRESCRIBED AND COUNTER,BOTH,HEAVY VEHICLES,2019,WEEKENDS,1179,-1,-1
57159,57024,PRESCRIBED AND COUNTER,BOTH,ALL VEHICLES,2019,PM PEAK,10340,-1,-1
57159,57024,COUNTER,WEST,ALL VEHICLES,2019,ALL DAYS,16923,-1,-1
57159,57024,PRESCRIBED AND COUNTER,BOTH,HEAVY VEHICLES,2019,ALL DAYS,2683,-1,-1
57159,57024,PRESCRIBED,EAST,ALL VEHICLES,2019,OFF PEAK,7208,-1,-1
57159,57024,COUNTER,WEST,HEAVY VEHICLES,2019,WEEKDAYS,1840,-1,-1
57159,57024,PRESCRIBED AND COUNTER,BOTH,LIGHT VEHICLES,2019,WEEKENDS,27500,-1,-1
57159,57024,PRESCRIBED,EAST,ALL VEHICLES,2019,AM PEAK,4301,-1,-1
57159,57024,PRESCRIBED AND COUNTER,BOTH,HEAVY VEHICLES,2019,OFF PEAK,1597,-1,-1
57159,57024,PRESCRIBED AND COUNTER,BOTH,HEAVY VEHICLES,2019,AM PEAK,985,-1,-1
57159,57024,COUNTER,WEST,LIGHT VEHICLES,2019,WEEKENDS,13751,-1,-1
57159,57024,COUNTER,WEST,ALL VEHICLES,2019,WEEKDAYS,17848,-1,-1
57159,57024,COUNTER,WEST,ALL VEHICLES,2019,PM PEAK,4449,-1,-1
57159,57024,PRESCRIBED AND COUNTER,BOTH,ALL VEHICLES,2019,AM PEAK,10143,-1,-1
57159,57024,PRESCRIBED AND COUNTER,BOTH,ALL VEHICLES,2019,WEEKENDS,28679,-1,-1
57159,57024,PRESCRIBED,EAST,ALL VEHICLES,2019,WEEKDAYS,17400,-1,-1
57159,57024,PRESCRIBED,EAST,HEAVY VEHICLES,2019,OFF PEAK,671,26,96
57159,57024,COUNTER,WEST,LIGHT VEHICLES,2019,WEEKDAYS,16008,-1,-1
57159,57024,PRESCRIBED AND COUNTER,BOTH,HEAVY VEHICLES,2019,WEEKDAYS,3258,-1,-1
57159,57024,PRESCRIBED AND COUNTER,BOTH,LIGHT VEHICLES,2019,ALL DAYS,30805,-1,-1
57159,57024,PRESCRIBED AND COUNTER,BOTH,LIGHT VEHICLES,2019,WEEKDAYS,31990,-1,-1
57159,57024,PRESCRIBED AND COUNTER,BOTH,LIGHT VEHICLES,2019,AM PEAK,9158,-1,-1
57159,57024,COUNTER,WEST,ALL VEHICLES,2019,WEEKENDS,14440,-1,-1
57159,57024,PRESCRIBED,EAST,LIGHT VEHICLES,2019,ALL DAYS,15408,74,95
57159,57024,PRESCRIBED AND COUNTER,BOTH,ALL VEHICLES,2019,PUBLIC HOLIDAYS,29929,-1,-1
57159,57024,COUNTER,WEST,HEAVY VEHICLES,2019,ALL DAYS,1526,37,96
57159,57024,PRESCRIBED AND COUNTER,BOTH,ALL VEHICLES,2019,WEEKDAYS,35248,-1,-1
57159,57024,PRESCRIBED,EAST,LIGHT VEHICLES,2019,PUBLIC HOLIDAYS,14462,26,100
57159,57024,PRESCRIBED AND COUNTER,BOTH,ALL VEHICLES,2019,ALL DAYS,33488,-1,-1
57159,57024,PRESCRIBED AND COUNTER,BOTH,HEAVY VEHICLES,2019,PUBLIC HOLIDAYS,959,-1,-1
57159,57024,COUNTER,WEST,HEAVY VEHICLES,2019,PUBLIC HOLIDAYS,582,11,100
57159,57024,PRESCRIBED,EAST,LIGHT VEHICLES,2019,WEEKDAYS,15982,-1,-1
57159,57024,COUNTER,WEST,ALL VEHICLES,2019,AM PEAK,5842,-1,-1
57159,57024,COUNTER,WEST,HEAVY VEHICLES,2019,WEEKENDS,689,-1,-1
57159,57024,PRESCRIBED,EAST,HEAVY VEHICLES,2019,PUBLIC HOLIDAYS,377,8,100
57159,57024,PRESCRIBED,EAST,ALL VEHICLES,2019,PUBLIC HOLIDAYS,14839,-1,-1
57159,57024,COUNTER,WEST,ALL VEHICLES,2019,PUBLIC HOLIDAYS,15090,-1,-1
57159,57024,PRESCRIBED AND COUNTER,BOTH,LIGHT VEHICLES,2019,PUBLIC HOLIDAYS,28970,-1,-1
57159,57024,PRESCRIBED,EAST,LIGHT VEHICLES,2019,PM PEAK,5612,88,95
57159,57024,COUNTER,WEST,HEAVY VEHICLES,2019,PM PEAK,397,59,96
57159,57024,COUNTER,WEST,LIGHT VEHICLES,2019,PUBLIC HOLIDAYS,14508,28,100
57159,57024,COUNTER,WEST,ALL VEHICLES,2019,OFF PEAK,7557,-1,-1
57159,57024,PRESCRIBED,EAST,ALL VEHICLES,2019,PM PEAK,5891,-1,-1
57159,57024,PRESCRIBED,EAST,HEAVY VEHICLES,2019,WEEKDAYS,1418,-1,-1
57159,57024,PRESCRIBED,EAST,HEAVY VEHICLES,2019,WEEKENDS,490,-1,-1
57159,57024,PRESCRIBED,EAST,ALL VEHICLES,2019,WEEKENDS,14239,-1,-1
57159,57024,COUNTER,WEST,LIGHT VEHICLES,2019,AM PEAK,5325,89,95
57159,57024,PRESCRIBED,EAST,LIGHT VEHICLES,2019,OFF PEAK,6537,68,96
57159,57024,PRESCRIBED,EAST,HEAVY VEHICLES,2019,AM PEAK,468,48,96
57159,57024,PRESCRIBED,EAST,LIGHT VEHICLES,2019,WEEKENDS,13749,-1,-1
57159,57024,COUNTER,WEST,LIGHT VEHICLES,2019,OFF PEAK,6631,73,95
57159,57024,PRESCRIBED AND COUNTER,BOTH,LIGHT VEHICLES,2019,PM PEAK,9664,-1,-1
57159,57024,PRESCRIBED,EAST,HEAVY VEHICLES,2019,ALL DAYS,1157,27,96
57159,57024,PRESCRIBED AND COUNTER,BOTH,ALL VEHICLES,2019,OFF PEAK,14765,-1,-1
57159,57024,PRESCRIBED,EAST,LIGHT VEHICLES,2019,AM PEAK,3833,87,95
57159,57024,COUNTER,WEST,HEAVY VEHICLES,2019,AM PEAK,517,66,96
57159,57024,PRESCRIBED,EAST,ALL VEHICLES,2019,ALL DAYS,16565,-1,-1
57159,57024,PRESCRIBED AND COUNTER,BOTH,LIGHT VEHICLES,2019,OFF PEAK,13168,-1,-1
57159,57024,COUNTER,WEST,LIGHT VEHICLES,2019,ALL DAYS,15397,70,96
57159,57024,COUNTER,WEST,HEAVY VEHICLES,2019,OFF PEAK,926,40,96
57159,57024,PRESCRIBED AND COUNTER,BOTH,HEAVY VEHICLES,2019,PM PEAK,676,-1,-1
57159,57024,PRESCRIBED,EAST,HEAVY VEHICLES,2019,PM PEAK,279,33,96
57159,57024,COUNTER,WEST,LIGHT VEHICLES,2019,PM PEAK,4052,88,95
57160,57025,PRESCRIBED AND COUNTER,BOTH,LIGHT VEHICLES,2019,PM PEAK,8936,-1,-1
57160,57025,PRESCRIBED AND COUNTER,BOTH,UNCLASSIFIED,2019,AM PEAK,9832,-1,-1
57160,57025,PRESCRIBED,NORTH,LIGHT VEHICLES,2019,PM PEAK,3605,77,96
57160,57025,PRESCRIBED,NORTH,HEAVY VEHICLES,2019,OFF PEAK,920,29,97
57160,57025,PRESCRIBED AND COUNTER,BOTH,UNCLASSIFIED,2019,WEEKDAYS,37251,-1,-1
57160,57025,PRESCRIBED AND COUNTER,BOTH,HEAVY VEHICLES,2019,AM PEAK,1032,-1,-1
57160,57025,PRESCRIBED,NORTH,HEAVY VEHICLES,2019,WEEKDAYS,1690,-1,-1
57160,57025,PRESCRIBED,NORTH,LIGHT VEHICLES,2019,WEEKENDS,12072,-1,-1
57160,57025,COUNTER,SOUTH,HEAVY VEHICLES,2019,AM PEAK,590,57,98
57160,57025,PRESCRIBED,NORTH,UNCLASSIFIED,2019,ALL DAYS,17278,-1,-1
57160,57025,PRESCRIBED,NORTH,LIGHT VEHICLES,2019,AM PEAK,3497,80,96
57160,57025,PRESCRIBED AND COUNTER,BOTH,LIGHT VEHICLES,2019,WEEKDAYS,30602,-1,-1
57160,57025,PRESCRIBED AND COUNTER,BOTH,HEAVY VEHICLES,2019,OFF PEAK,1901,-1,-1
57160,57025,PRESCRIBED,NORTH,HEAVY VEHICLES,2019,ALL DAYS,1411,28,98
57160,57025,PRESCRIBED,NORTH,UNCLASSIFIED,2019,PUBLIC HOLIDAYS,12039,-1,-1
57160,57025,COUNTER,SOUTH,UNCLASSIFIED,2019,ALL DAYS,18159,-1,-1
57160,57025,COUNTER,SOUTH,LIGHT VEHICLES,2019,PM PEAK,5331,85,97
57160,57025,PRESCRIBED AND COUNTER,BOTH,LIGHT VEHICLES,2019,WEEKENDS,26895,-1,-1
57160,57025,PRESCRIBED,NORTH,UNCLASSIFIED,2019,WEEKENDS,15204,-1,-1
57160,57025,PRESCRIBED AND COUNTER,BOTH,HEAVY VEHICLES,2019,PUBLIC HOLIDAYS,1010,-1,-1
57160,57025,PRESCRIBED AND COUNTER,BOTH,LIGHT VEHICLES,2019,OFF PEAK,13927,-1,-1
57160,57025,PRESCRIBED,NORTH,UNCLASSIFIED,2019,PM PEAK,4630,-1,-1
57160,57025,COUNTER,SOUTH,HEAVY VEHICLES,2019,ALL DAYS,1553,33,98
57160,57025,PRESCRIBED AND COUNTER,BOTH,LIGHT VEHICLES,2019,AM PEAK,7739,-1,-1
57160,57025,COUNTER,SOUTH,UNCLASSIFIED,2019,PUBLIC HOLIDAYS,12166,-1,-1
57160,57025,PRESCRIBED AND COUNTER,BOTH,UNCLASSIFIED,2019,PUBLIC HOLIDAYS,24205,-1,-1
57160,57025,PRESCRIBED,NORTH,HEAVY VEHICLES,2019,PUBLIC HOLIDAYS,501,16,100
57160,57025,PRESCRIBED AND COUNTER,BOTH,HEAVY VEHICLES,2019,PM PEAK,635,-1,-1
57160,57025,COUNTER,SOUTH,LIGHT VEHICLES,2019,PUBLIC HOLIDAYS,11588,52,100
57160,57025,PRESCRIBED AND COUNTER,BOTH,LIGHT VEHICLES,2019,ALL DAYS,29547,-1,-1
57160,57025,PRESCRIBED,NORTH,UNCLASSIFIED,2019,WEEKDAYS,18105,-1,-1
57160,57025,PRESCRIBED AND COUNTER,BOTH,LIGHT VEHICLES,2019,PUBLIC HOLIDAYS,22592,-1,-1
57160,57025,PRESCRIBED AND COUNTER,BOTH,HEAVY VEHICLES,2019,WEEKDAYS,3568,-1,-1
57160,57025,PRESCRIBED,NORTH,HEAVY VEHICLES,2019,WEEKENDS,702,-1,-1
57160,57025,COUNTER,SOUTH,LIGHT VEHICLES,2019,OFF PEAK,7599,66,97
57160,57025,PRESCRIBED AND COUNTER,BOTH,UNCLASSIFIED,2019,WEEKENDS,30803,-1,-1
57160,57025,PRESCRIBED AND COUNTER,BOTH,HEAVY VEHICLES,2019,WEEKENDS,1396,-1,-1
57160,57025,COUNTER,SOUTH,HEAVY VEHICLES,2019,WEEKENDS,694,-1,-1
57160,57025,COUNTER,SOUTH,HEAVY VEHICLES,2019,PUBLIC HOLIDAYS,509,14,100
57160,57025,PRESCRIBED,NORTH,LIGHT VEHICLES,2019,PUBLIC HOLIDAYS,11004,48,100
57160,57025,PRESCRIBED,NORTH,UNCLASSIFIED,2019,OFF PEAK,8502,-1,-1
57160,57025,COUNTER,SOUTH,LIGHT VEHICLES,2019,AM PEAK,4242,87,97
57160,57025,PRESCRIBED,NORTH,HEAVY VEHICLES,2019,PM PEAK,328,39,97
57160,57025,COUNTER,SOUTH,UNCLASSIFIED,2019,PM PEAK,5665,-1,-1
57160,57025,PRESCRIBED AND COUNTER,BOTH,UNCLASSIFIED,2019,ALL DAYS,35437,-1,-1
57160,57025,PRESCRIBED,NORTH,LIGHT VEHICLES,2019,OFF PEAK,6328,62,96
57160,57025,COUNTER,SOUTH,LIGHT VEHICLES,2019,WEEKDAYS,17172,-1,-1
57160,57025,COUNTER,SOUTH,UNCLASSIFIED,2019,WEEKENDS,15599,-1,-1
57160,57025,PRESCRIBED,NORTH,LIGHT VEHICLES,2019,ALL DAYS,13037,67,97
57160,57025,PRESCRIBED,NORTH,HEAVY VEHICLES,2019,AM PEAK,442,46,97
57160,57025,PRESCRIBED AND COUNTER,BOTH,UNCLASSIFIED,2019,PM PEAK,10295,-1,-1
57160,57025,COUNTER,SOUTH,HEAVY VEHICLES,2019,OFF PEAK,981,33,98
57160,57025,COUNTER,SOUTH,HEAVY VEHICLES,2019,WEEKDAYS,1878,-1,-1
57160,57025,PRESCRIBED,NORTH,LIGHT VEHICLES,2019,WEEKDAYS,13430,-1,-1
57160,57025,PRESCRIBED,NORTH,UNCLASSIFIED,2019,AM PEAK,4973,-1,-1
57160,57025,COUNTER,SOUTH,LIGHT VEHICLES,2019,ALL DAYS,16510,73,97
57160,57025,COUNTER,SOUTH,UNCLASSIFIED,2019,WEEKDAYS,19146,-1,-1
57160,57025,COUNTER,SOUTH,LIGHT VEHICLES,2019,WEEKENDS,14823,-1,-1
57160,57025,COUNTER,SOUTH,UNCLASSIFIED,2019,OFF PEAK,8622,-1,-1
57160,57025,COUNTER,SOUTH,UNCLASSIFIED,2019,AM PEAK,4859,-1,-1
57160,57025,COUNTER,SOUTH,HEAVY VEHICLES,2019,PM PEAK,307,38,98
57160,57025,PRESCRIBED AND COUNTER,BOTH,HEAVY VEHICLES,2019,ALL DAYS,2964,-1,-1
57160,57025,PRESCRIBED AND COUNTER,BOTH,UNCLASSIFIED,2019,OFF PEAK,17124,-1,-1
57168,59025,PRESCRIBED,EAST,UNCLASSIFIED,2019,PUBLIC HOLIDAYS,18643,69,100
57168,59025,PRESCRIBED,EAST,UNCLASSIFIED,2019,ALL DAYS,22597,94,98
57168,59025,COUNTER,WEST,UNCLASSIFIED,2019,PM PEAK,5619,95,100
57168,59025,PRESCRIBED AND COUNTER,BOTH,UNCLASSIFIED,2019,PUBLIC HOLIDAYS,37363,-1,-1
57168,59025,COUNTER,WEST,UNCLASSIFIED,2019,PUBLIC HOLIDAYS,18720,69,100
57168,59025,PRESCRIBED AND COUNTER,BOTH,UNCLASSIFIED,2019,ALL DAYS,44868,-1,-1
57168,59025,PRESCRIBED,EAST,UNCLASSIFIED,2019,WEEKENDS,20482,-1,-1
57168,59025,PRESCRIBED AND COUNTER,BOTH,UNCLASSIFIED,2019,WEEKDAYS,46638,-1,-1
57168,59025,PRESCRIBED AND COUNTER,BOTH,UNCLASSIFIED,2019,OFF PEAK,21153,-1,-1
57168,59025,COUNTER,WEST,UNCLASSIFIED,2019,AM PEAK,7284,94,89
57168,59025,PRESCRIBED,EAST,UNCLASSIFIED,2019,PM PEAK,7793,94,96
57168,59025,COUNTER,WEST,UNCLASSIFIED,2019,OFF PEAK,10228,94,99
57168,59025,COUNTER,WEST,UNCLASSIFIED,2019,WEEKENDS,20462,-1,-1
57168,59025,PRESCRIBED AND COUNTER,BOTH,UNCLASSIFIED,2019,WEEKENDS,40944,-1,-1
57168,59025,PRESCRIBED,EAST,UNCLASSIFIED,2019,OFF PEAK,10925,94,99
57168,59025,PRESCRIBED AND COUNTER,BOTH,UNCLASSIFIED,2019,PM PEAK,13412,-1,-1
57168,59025,PRESCRIBED,EAST,UNCLASSIFIED,2019,AM PEAK,4789,94,95
57168,59025,PRESCRIBED,EAST,UNCLASSIFIED,2019,WEEKDAYS,23507,-1,-1
57168,59025,PRESCRIBED AND COUNTER,BOTH,UNCLASSIFIED,2019,AM PEAK,12073,-1,-1
57168,59025,COUNTER,WEST,UNCLASSIFIED,2019,ALL DAYS,22271,94,99
57168,59025,COUNTER,WEST,UNCLASSIFIED,2019,WEEKDAYS,23131,-1,-1
57176,60005,PRESCRIBED,SOUTH,UNCLASSIFIED,2019,WEEKDAYS,39707,-1,-1
57176,60005,PRESCRIBED,SOUTH,UNCLASSIFIED,2019,PM PEAK,11931,89,96
57176,60005,COUNTER,NORTH,UNCLASSIFIED,2019,PUBLIC HOLIDAYS,26271,61,100
57176,60005,PRESCRIBED,SOUTH,UNCLASSIFIED,2019,PUBLIC HOLIDAYS,29930,61,100
57176,60005,COUNTER,NORTH,UNCLASSIFIED,2019,AM PEAK,10737,88,89
57176,60005,PRESCRIBED,SOUTH,UNCLASSIFIED,2019,ALL DAYS,38446,88,98
57176,60005,PRESCRIBED AND COUNTER,BOTH,UNCLASSIFIED,2019,ALL DAYS,73948,-1,-1
57176,60005,PRESCRIBED AND COUNTER,BOTH,UNCLASSIFIED,2019,PM PEAK,20598,-1,-1
57176,60005,COUNTER,NORTH,UNCLASSIFIED,2019,WEEKDAYS,37027,-1,-1
57176,60005,PRESCRIBED AND COUNTER,BOTH,UNCLASSIFIED,2019,WEEKDAYS,76734,-1,-1
57176,60005,PRESCRIBED,SOUTH,UNCLASSIFIED,2019,WEEKENDS,35499,-1,-1
57176,60005,PRESCRIBED,SOUTH,UNCLASSIFIED,2019,AM PEAK,7385,88,96
57176,60005,COUNTER,NORTH,UNCLASSIFIED,2019,PM PEAK,8667,89,99
57176,60005,PRESCRIBED,SOUTH,UNCLASSIFIED,2019,OFF PEAK,20391,88,99
57176,60005,COUNTER,NORTH,UNCLASSIFIED,2019,ALL DAYS,35502,88,98
57176,60005,COUNTER,NORTH,UNCLASSIFIED,2019,WEEKENDS,31597,-1,-1
57176,60005,PRESCRIBED AND COUNTER,BOTH,UNCLASSIFIED,2019,PUBLIC HOLIDAYS,56201,-1,-1
57176,60005,PRESCRIBED AND COUNTER,BOTH,UNCLASSIFIED,2019,OFF PEAK,38014,-1,-1
57176,60005,PRESCRIBED AND COUNTER,BOTH,UNCLASSIFIED,2019,AM PEAK,18122,-1,-1
57176,60005,COUNTER,NORTH,UNCLASSIFIED,2019,OFF PEAK,17623,89,99
57176,60005,PRESCRIBED AND COUNTER,BOTH,UNCLASSIFIED,2019,WEEKENDS,67096,-1,-1
57178,60032,PRESCRIBED AND COUNTER,BOTH,UNCLASSIFIED,2019,ALL DAYS,47345,-1,-1
57178,60032,PRESCRIBED,WEST,UNCLASSIFIED,2019,ALL DAYS,23256,31,96
57178,60032,PRESCRIBED,WEST,UNCLASSIFIED,2019,OFF PEAK,12305,30,98
57178,60032,PRESCRIBED,WEST,UNCLASSIFIED,2019,WEEKDAYS,24669,-1,-1
57178,60032,PRESCRIBED AND COUNTER,BOTH,UNCLASSIFIED,2019,OFF PEAK,24561,-1,-1
57178,60032,COUNTER,EAST,UNCLASSIFIED,2019,WEEKDAYS,25780,-1,-1
57178,60032,PRESCRIBED AND COUNTER,BOTH,UNCLASSIFIED,2019,AM PEAK,11476,-1,-1
57178,60032,COUNTER,EAST,UNCLASSIFIED,2019,PUBLIC HOLIDAYS,17239,53,100
57178,60032,COUNTER,EAST,UNCLASSIFIED,2019,PM PEAK,6137,35,92
57178,60032,COUNTER,EAST,UNCLASSIFIED,2019,WEEKENDS,20307,-1,-1
57178,60032,COUNTER,EAST,UNCLASSIFIED,2019,ALL DAYS,24089,34,95
57178,60032,PRESCRIBED AND COUNTER,BOTH,UNCLASSIFIED,2019,WEEKENDS,40079,-1,-1
57178,60032,PRESCRIBED AND COUNTER,BOTH,UNCLASSIFIED,2019,WEEKDAYS,50449,-1,-1
57178,60032,PRESCRIBED AND COUNTER,BOTH,UNCLASSIFIED,2019,PUBLIC HOLIDAYS,33924,-1,-1
57178,60032,PRESCRIBED,WEST,UNCLASSIFIED,2019,PM PEAK,8275,31,93
57178,60032,COUNTER,EAST,UNCLASSIFIED,2019,OFF PEAK,12256,34,96
57178,60032,PRESCRIBED,WEST,UNCLASSIFIED,2019,PUBLIC HOLIDAYS,16685,38,100
57178,60032,COUNTER,EAST,UNCLASSIFIED,2019,AM PEAK,7387,34,82
57178,60032,PRESCRIBED,WEST,UNCLASSIFIED,2019,WEEKENDS,19772,-1,-1
57178,60032,PRESCRIBED,WEST,UNCLASSIFIED,2019,AM PEAK,4089,30,87
57178,60032,PRESCRIBED AND COUNTER,BOTH,UNCLASSIFIED,2019,PM PEAK,14412,-1,-1
57186,62001,COUNTER,NORTH,HEAVY VEHICLES,2019,WEEKENDS,139,-1,-1
57186,62001,PRESCRIBED AND COUNTER,BOTH,HEAVY VEHICLES,2019,PM PEAK,129,-1,-1
57186,62001,PRESCRIBED,SOUTH,ALL VEHICLES,2019,AM PEAK,5414,-1,-1
57186,62001,COUNTER,NORTH,HEAVY VEHICLES,2019,WEEKDAYS,390,-1,-1
57186,62001,PRESCRIBED,SOUTH,ALL VEHICLES,2019,ALL DAYS,28758,-1,-1
57186,62001,PRESCRIBED AND COUNTER,BOTH,LIGHT VEHICLES,2019,ALL DAYS,53516,-1,-1
57186,62001,PRESCRIBED AND COUNTER,BOTH,HEAVY VEHICLES,2019,PUBLIC HOLIDAYS,204,-1,-1
57186,62001,PRESCRIBED,SOUTH,ALL VEHICLES,2019,WEEKDAYS,29738,-1,-1
57186,62001,PRESCRIBED,SOUTH,LIGHT VEHICLES,2019,AM PEAK,5304,98,97
57186,62001,PRESCRIBED,SOUTH,HEAVY VEHICLES,2019,OFF PEAK,306,54,98
57186,62001,PRESCRIBED AND COUNTER,BOTH,LIGHT VEHICLES,2019,PUBLIC HOLIDAYS,38662,-1,-1
57186,62001,PRESCRIBED AND COUNTER,BOTH,LIGHT VEHICLES,2019,PM PEAK,14990,-1,-1
57186,62001,PRESCRIBED AND COUNTER,BOTH,ALL VEHICLES,2019,PUBLIC HOLIDAYS,38866,-1,-1
57186,62001,COUNTER,NORTH,LIGHT VEHICLES,2019,WEEKDAYS,26161,-1,-1
57186,62001,PRESCRIBED,SOUTH,LIGHT VEHICLES,2019,OFF PEAK,15070,96,97
57186,62001,PRESCRIBED AND COUNTER,BOTH,HEAVY VEHICLES,2019,OFF PEAK,536,-1,-1
57186,62001,PRESCRIBED AND COUNTER,BOTH,LIGHT VEHICLES,2019,OFF PEAK,28022,-1,-1
57186,62001,PRESCRIBED AND COUNTER,BOTH,HEAVY VEHICLES,2019,WEEKDAYS,883,-1,-1
57186,62001,PRESCRIBED AND COUNTER,BOTH,ALL VEHICLES,2019,PM PEAK,15119,-1,-1
57186,62001,COUNTER,NORTH,ALL VEHICLES,2019,WEEKENDS,22756,-1,-1
57186,62001,PRESCRIBED,SOUTH,HEAVY VEHICLES,2019,WEEKENDS,150,-1,-1
57186,62001,COUNTER,NORTH,HEAVY VEHICLES,2019,OFF PEAK,230,49,98
57186,62001,COUNTER,NORTH,LIGHT VEHICLES,2019,ALL DAYS,25160,96,98
57186,62001,PRESCRIBED,SOUTH,LIGHT VEHICLES,2019,PM PEAK,8871,98,97
57186,62001,PRESCRIBED,SOUTH,LIGHT VEHICLES,2019,ALL DAYS,28356,97,98
57186,62001,PRESCRIBED AND COUNTER,BOTH,LIGHT VEHICLES,2019,AM PEAK,12394,-1,-1
57186,62001,PRESCRIBED AND COUNTER,BOTH,ALL VEHICLES,2019,ALL DAYS,54243,-1,-1
57186,62001,COUNTER,NORTH,LIGHT VEHICLES,2019,PM PEAK,6119,98,97
57186,62001,PRESCRIBED AND COUNTER,BOTH,HEAVY VEHICLES,2019,WEEKENDS,289,-1,-1
57186,62001,PRESCRIBED AND COUNTER,BOTH,HEAVY VEHICLES,2019,AM PEAK,218,-1,-1
57186,62001,COUNTER,NORTH,ALL VEHICLES,2019,PUBLIC HOLIDAYS,17836,-1,-1
57186,62001,PRESCRIBED AND COUNTER,BOTH,LIGHT VEHICLES,2019,WEEKENDS,48701,-1,-1
57186,62001,PRESCRIBED AND COUNTER,BOTH,ALL VEHICLES,2019,WEEKENDS,48990,-1,-1
57186,62001,PRESCRIBED,SOUTH,LIGHT VEHICLES,2019,WEEKDAYS,29245,-1,-1
57186,62001,PRESCRIBED AND COUNTER,BOTH,HEAVY VEHICLES,2019,ALL DAYS,727,-1,-1
57186,62001,COUNTER,NORTH,ALL VEHICLES,2019,WEEKDAYS,26551,-1,-1
57186,62001,COUNTER,NORTH,ALL VEHICLES,2019,ALL DAYS,25485,-1,-1
57186,62001,COUNTER,NORTH,LIGHT VEHICLES,2019,OFF PEAK,12952,96,97
57186,62001,COUNTER,NORTH,ALL VEHICLES,2019,OFF PEAK,13182,-1,-1
57186,62001,PRESCRIBED,SOUTH,HEAVY VEHICLES,2019,PM PEAK,77,61,98
57186,62001,PRESCRIBED AND COUNTER,BOTH,ALL VEHICLES,2019,AM PEAK,12612,-1,-1
57186,62001,COUNTER,NORTH,ALL VEHICLES,2019,PM PEAK,6171,-1,-1
57186,62001,COUNTER,NORTH,HEAVY VEHICLES,2019,AM PEAK,108,59,98
57186,62001,COUNTER,NORTH,HEAVY VEHICLES,2019,PUBLIC HOLIDAYS,97,28,100
57186,62001,PRESCRIBED,SOUTH,LIGHT VEHICLES,2019,WEEKENDS,26084,-1,-1
57186,62001,COUNTER,NORTH,HEAVY VEHICLES,2019,PM PEAK,52,64,98
57186,62001,PRESCRIBED,SOUTH,ALL VEHICLES,2019,PM PEAK,8948,-1,-1
57186,62001,PRESCRIBED AND COUNTER,BOTH,ALL VEHICLES,2019,WEEKDAYS,56289,-1,-1
57186,62001,PRESCRIBED AND COUNTER,BOTH,ALL VEHICLES,2019,OFF PEAK,28558,-1,-1
57186,62001,PRESCRIBED,SOUTH,HEAVY VEHICLES,2019,ALL DAYS,402,44,98
57186,62001,PRESCRIBED,SOUTH,HEAVY VEHICLES,2019,AM PEAK,110,69,98
57186,62001,PRESCRIBED AND COUNTER,BOTH,LIGHT VEHICLES,2019,WEEKDAYS,55406,-1,-1
57186,62001,PRESCRIBED,SOUTH,ALL VEHICLES,2019,OFF PEAK,15376,-1,-1
57186,62001,COUNTER,NORTH,ALL VEHICLES,2019,AM PEAK,7198,-1,-1
57186,62001,COUNTER,NORTH,HEAVY VEHICLES,2019,ALL DAYS,325,42,98
57186,62001,PRESCRIBED,SOUTH,HEAVY VEHICLES,2019,PUBLIC HOLIDAYS,107,29,100
57186,62001,PRESCRIBED,SOUTH,ALL VEHICLES,2019,WEEKENDS,26234,-1,-1
57186,62001,PRESCRIBED,SOUTH,HEAVY VEHICLES,2019,WEEKDAYS,493,-1,-1
57186,62001,COUNTER,NORTH,LIGHT VEHICLES,2019,AM PEAK,7090,98,97
57186,62001,PRESCRIBED,SOUTH,LIGHT VEHICLES,2019,PUBLIC HOLIDAYS,20923,73,100
57186,62001,PRESCRIBED,SOUTH,ALL VEHICLES,2019,PUBLIC HOLIDAYS,21030,-1,-1
57186,62001,COUNTER,NORTH,LIGHT VEHICLES,2019,WEEKENDS,22617,-1,-1
57186,62001,COUNTER,NORTH,LIGHT VEHICLES,2019,PUBLIC HOLIDAYS,17739,71,100
57203,64022,PRESCRIBED AND COUNTER,BOTH,UNCLASSIFIED,2019,PM PEAK,9094,-1,-1
57203,64022,PRESCRIBED,WEST,UNCLASSIFIED,2019,ALL DAYS,14349,16,93
57203,64022,PRESCRIBED,WEST,UNCLASSIFIED,2019,OFF PEAK,7212,16,97
57203,64022,PRESCRIBED AND COUNTER,BOTH,UNCLASSIFIED,2019,WEEKENDS,22145,-1,-1
57203,64022,PRESCRIBED,WEST,UNCLASSIFIED,2019,PM PEAK,4035,16,88
57203,64022,COUNTER,EAST,UNCLASSIFIED,2019,ALL DAYS,14843,16,95
57203,64022,COUNTER,EAST,UNCLASSIFIED,2019,WEEKDAYS,16060,-1,-1
57203,64022,PRESCRIBED AND COUNTER,BOTH,UNCLASSIFIED,2019,ALL DAYS,29192,-1,-1
57203,64022,COUNTER,EAST,UNCLASSIFIED,2019,WEEKENDS,11392,-1,-1
57203,64022,COUNTER,EAST,UNCLASSIFIED,2019,PUBLIC HOLIDAYS,9114,15,100
57203,64022,PRESCRIBED AND COUNTER,BOTH,UNCLASSIFIED,2019,PUBLIC HOLIDAYS,17990,-1,-1
57203,64022,PRESCRIBED,WEST,UNCLASSIFIED,2019,WEEKDAYS,15608,-1,-1
57203,64022,PRESCRIBED AND COUNTER,BOTH,UNCLASSIFIED,2019,AM PEAK,8139,-1,-1
57203,64022,PRESCRIBED AND COUNTER,BOTH,UNCLASSIFIED,2019,OFF PEAK,14435,-1,-1
57203,64022,COUNTER,EAST,UNCLASSIFIED,2019,PM PEAK,5059,16,88
57203,64022,PRESCRIBED,WEST,UNCLASSIFIED,2019,AM PEAK,4361,16,77
57203,64022,PRESCRIBED,WEST,UNCLASSIFIED,2019,PUBLIC HOLIDAYS,8876,15,100
57203,64022,COUNTER,EAST,UNCLASSIFIED,2019,AM PEAK,3778,16,75
57203,64022,PRESCRIBED,WEST,UNCLASSIFIED,2019,WEEKENDS,10753,-1,-1
57203,64022,COUNTER,EAST,UNCLASSIFIED,2019,OFF PEAK,7223,16,100
57203,64022,PRESCRIBED AND COUNTER,BOTH,UNCLASSIFIED,2019,WEEKDAYS,31668,-1,-1
57224,65143,PRESCRIBED AND COUNTER,BOTH,UNCLASSIFIED,2019,WEEKDAYS,40479,-1,-1
57224,65143,PRESCRIBED AND COUNTER,BOTH,UNCLASSIFIED,2019,AM PEAK,9550,-1,-1
57224,65143,PRESCRIBED,WEST,UNCLASSIFIED,2019,AM PEAK,4213,16,68
57224,65143,PRESCRIBED AND COUNTER,BOTH,UNCLASSIFIED,2019,PM PEAK,11395,-1,-1
57224,65143,COUNTER,EAST,UNCLASSIFIED,2019,ALL DAYS,18209,16,96
57224,65143,PRESCRIBED,WEST,UNCLASSIFIED,2019,PM PEAK,6678,16,65
57224,65143,PRESCRIBED,WEST,UNCLASSIFIED,2019,ALL DAYS,19836,16,81
57224,65143,PRESCRIBED AND COUNTER,BOTH,UNCLASSIFIED,2019,PUBLIC HOLIDAYS,24797,-1,-1
57224,65143,PRESCRIBED AND COUNTER,BOTH,UNCLASSIFIED,2019,WEEKENDS,32990,-1,-1
57224,65143,PRESCRIBED,WEST,UNCLASSIFIED,2019,WEEKENDS,17377,-1,-1
57224,65143,PRESCRIBED AND COUNTER,BOTH,UNCLASSIFIED,2019,OFF PEAK,19534,-1,-1
57224,65143,COUNTER,EAST,UNCLASSIFIED,2019,WEEKDAYS,19304,-1,-1
57224,65143,PRESCRIBED,WEST,UNCLASSIFIED,2019,WEEKDAYS,21175,-1,-1
57224,65143,PRESCRIBED,WEST,UNCLASSIFIED,2019,OFF PEAK,10284,16,86
57224,65143,COUNTER,EAST,UNCLASSIFIED,2019,PM PEAK,4717,16,88
57224,65143,PRESCRIBED,WEST,UNCLASSIFIED,2019,PUBLIC HOLIDAYS,14385,15,100
57224,65143,COUNTER,EAST,UNCLASSIFIED,2019,PUBLIC HOLIDAYS,10412,15,100
57224,65143,COUNTER,EAST,UNCLASSIFIED,2019,OFF PEAK,9250,16,97
57224,65143,COUNTER,EAST,UNCLASSIFIED,2019,AM PEAK,5337,16,77
57224,65143,PRESCRIBED AND COUNTER,BOTH,UNCLASSIFIED,2019,ALL DAYS,38045,-1,-1
57224,65143,COUNTER,EAST,UNCLASSIFIED,2019,WEEKENDS,15613,-1,-1
57250,66240,PRESCRIBED,NORTH,UNCLASSIFIED,2019,WEEKDAYS,20613,-1,-1
57250,66240,PRESCRIBED,NORTH,UNCLASSIFIED,2019,WEEKENDS,14887,-1,-1
57250,66240,PRESCRIBED,NORTH,UNCLASSIFIED,2019,OFF PEAK,10266,89,92
57250,66240,PRESCRIBED,NORTH,UNCLASSIFIED,2019,ALL DAYS,19009,89,92
57250,66240,PRESCRIBED,NORTH,UNCLASSIFIED,2019,PUBLIC HOLIDAYS,10023,61,100
57250,66240,PRESCRIBED,NORTH,UNCLASSIFIED,2019,AM PEAK,4614,88,86
57250,66240,PRESCRIBED,NORTH,UNCLASSIFIED,2019,PM PEAK,5733,89,86
57256,66248,PRESCRIBED,NORTH,UNCLASSIFIED,2019,OFF PEAK,15968,70,98
57256,66248,PRESCRIBED,NORTH,UNCLASSIFIED,2019,PM PEAK,6803,70,97
57256,66248,PRESCRIBED,NORTH,UNCLASSIFIED,2019,PUBLIC HOLIDAYS,18645,53,100
57256,66248,PRESCRIBED,NORTH,UNCLASSIFIED,2019,WEEKDAYS,32354,-1,-1
57256,66248,PRESCRIBED,NORTH,UNCLASSIFIED,2019,AM PEAK,9583,70,89
57256,66248,PRESCRIBED,NORTH,UNCLASSIFIED,2019,ALL DAYS,30163,70,98
57256,66248,PRESCRIBED,NORTH,UNCLASSIFIED,2019,WEEKENDS,24448,-1,-1
57257,66249,COUNTER,EAST,LIGHT VEHICLES,2019,AM PEAK,2692,83,96
57257,66249,COUNTER,EAST,LIGHT VEHICLES,2019,PUBLIC HOLIDAYS,6498,47,100
57257,66249,PRESCRIBED AND COUNTER,BOTH,LIGHT VEHICLES,2019,AM PEAK,4176,-1,-1
57257,66249,PRESCRIBED,WEST,HEAVY VEHICLES,2019,PUBLIC HOLIDAYS,170,12,100
57257,66249,PRESCRIBED AND COUNTER,BOTH,LIGHT VEHICLES,2019,PM PEAK,5666,-1,-1
57257,66249,PRESCRIBED AND COUNTER,BOTH,HEAVY VEHICLES,2019,PM PEAK,342,-1,-1
57257,66249,COUNTER,EAST,HEAVY VEHICLES,2019,PM PEAK,173,41,96
57257,66249,COUNTER,EAST,ALL VEHICLES,2019,ALL DAYS,10096,-1,-1
57257,66249,PRESCRIBED AND COUNTER,BOTH,ALL VEHICLES,2019,OFF PEAK,10526,-1,-1
57257,66249,PRESCRIBED,WEST,HEAVY VEHICLES,2019,WEEKENDS,302,-1,-1
57257,66249,PRESCRIBED,WEST,LIGHT VEHICLES,2019,AM PEAK,1484,66,94
57257,66249,PRESCRIBED,WEST,LIGHT VEHICLES,2019,PUBLIC HOLIDAYS,6761,48,100
57257,66249,COUNTER,EAST,ALL VEHICLES,2019,PM PEAK,2381,-1,-1
57257,66249,COUNTER,EAST,LIGHT VEHICLES,2019,ALL DAYS,9263,64,95
57257,66249,COUNTER,EAST,HEAVY VEHICLES,2019,ALL DAYS,833,30,96
57257,66249,COUNTER,EAST,HEAVY VEHICLES,2019,WEEKENDS,358,-1,-1
57257,66249,PRESCRIBED AND COUNTER,BOTH,ALL VEHICLES,2019,AM PEAK,4641,-1,-1
57257,66249,PRESCRIBED AND COUNTER,BOTH,HEAVY VEHICLES,2019,PUBLIC HOLIDAYS,420,-1,-1
57257,66249,COUNTER,EAST,HEAVY VEHICLES,2019,OFF PEAK,535,33,95
57257,66249,PRESCRIBED AND COUNTER,BOTH,HEAVY VEHICLES,2019,ALL DAYS,1396,-1,-1
57257,66249,PRESCRIBED AND COUNTER,BOTH,LIGHT VEHICLES,2019,WEEKDAYS,19495,-1,-1
57257,66249,PRESCRIBED,WEST,HEAVY VEHICLES,2019,WEEKDAYS,671,-1,-1
57257,66249,COUNTER,EAST,ALL VEHICLES,2019,WEEKENDS,8401,-1,-1
57257,66249,PRESCRIBED AND COUNTER,BOTH,ALL VEHICLES,2019,WEEKDAYS,21175,-1,-1
57257,66249,PRESCRIBED,WEST,HEAVY VEHICLES,2019,AM PEAK,164,36,94
57257,66249,PRESCRIBED,WEST,ALL VEHICLES,2019,PUBLIC HOLIDAYS,6931,-1,-1
57257,66249,COUNTER,EAST,ALL VEHICLES,2019,WEEKDAYS,10676,-1,-1
57257,66249,PRESCRIBED AND COUNTER,BOTH,ALL VEHICLES,2019,PM PEAK,6008,-1,-1
57257,66249,PRESCRIBED,WEST,LIGHT VEHICLES,2019,ALL DAYS,9418,62,96
57257,66249,COUNTER,EAST,LIGHT VEHICLES,2019,WEEKENDS,8043,-1,-1
57257,66249,PRESCRIBED,WEST,ALL VEHICLES,2019,WEEKDAYS,10499,-1,-1
57257,66249,PRESCRIBED AND COUNTER,BOTH,LIGHT VEHICLES,2019,PUBLIC HOLIDAYS,13259,-1,-1
57257,66249,PRESCRIBED AND COUNTER,BOTH,LIGHT VEHICLES,2019,OFF PEAK,9653,-1,-1
57257,66249,PRESCRIBED,WEST,ALL VEHICLES,2019,OFF PEAK,5224,-1,-1
57257,66249,PRESCRIBED,WEST,LIGHT VEHICLES,2019,WEEKENDS,8270,-1,-1
57257,66249,COUNTER,EAST,HEAVY VEHICLES,2019,PUBLIC HOLIDAYS,250,17,100
57257,66249,PRESCRIBED AND COUNTER,BOTH,HEAVY VEHICLES,2019,AM PEAK,465,-1,-1
57257,66249,PRESCRIBED,WEST,ALL VEHICLES,2019,AM PEAK,1648,-1,-1
57257,66249,PRESCRIBED AND COUNTER,BOTH,HEAVY VEHICLES,2019,OFF PEAK,873,-1,-1
57257,66249,COUNTER,EAST,HEAVY VEHICLES,2019,AM PEAK,301,52,96
57257,66249,COUNTER,EAST,ALL VEHICLES,2019,OFF PEAK,5302,-1,-1
57257,66249,PRESCRIBED,WEST,LIGHT VEHICLES,2019,PM PEAK,3458,82,94
57257,66249,PRESCRIBED AND COUNTER,BOTH,ALL VEHICLES,2019,PUBLIC HOLIDAYS,13679,-1,-1
57257,66249,PRESCRIBED,WEST,LIGHT VEHICLES,2019,OFF PEAK,4886,59,94
57257,66249,PRESCRIBED,WEST,HEAVY VEHICLES,2019,ALL DAYS,563,23,96
57257,66249,COUNTER,EAST,LIGHT VEHICLES,2019,WEEKDAYS,9667,-1,-1
57257,66249,COUNTER,EAST,LIGHT VEHICLES,2019,OFF PEAK,4767,60,95
57257,66249,COUNTER,EAST,ALL VEHICLES,2019,PUBLIC HOLIDAYS,6748,-1,-1
57257,66249,PRESCRIBED AND COUNTER,BOTH,LIGHT VEHICLES,2019,WEEKENDS,16313,-1,-1
57257,66249,PRESCRIBED,WEST,ALL VEHICLES,2019,PM PEAK,3627,-1,-1
57257,66249,PRESCRIBED AND COUNTER,BOTH,ALL VEHICLES,2019,ALL DAYS,20077,-1,-1
57257,66249,PRESCRIBED,WEST,HEAVY VEHICLES,2019,PM PEAK,169,30,95
57257,66249,COUNTER,EAST,ALL VEHICLES,2019,AM PEAK,2993,-1,-1
57257,66249,COUNTER,EAST,LIGHT VEHICLES,2019,PM PEAK,2208,75,95
57257,66249,PRESCRIBED,WEST,LIGHT VEHICLES,2019,WEEKDAYS,9828,-1,-1
57257,66249,PRESCRIBED AND COUNTER,BOTH,HEAVY VEHICLES,2019,WEEKDAYS,1680,-1,-1
57257,66249,PRESCRIBED,WEST,HEAVY VEHICLES,2019,OFF PEAK,338,24,95
57257,66249,PRESCRIBED,WEST,ALL VEHICLES,2019,WEEKENDS,8572,-1,-1
57257,66249,PRESCRIBED AND COUNTER,BOTH,ALL VEHICLES,2019,WEEKENDS,16973,-1,-1
57257,66249,PRESCRIBED AND COUNTER,BOTH,LIGHT VEHICLES,2019,ALL DAYS,18681,-1,-1
57257,66249,PRESCRIBED AND COUNTER,BOTH,HEAVY VEHICLES,2019,WEEKENDS,660,-1,-1
57257,66249,PRESCRIBED,WEST,ALL VEHICLES,2019,ALL DAYS,9981,-1,-1
57257,66249,COUNTER,EAST,HEAVY VEHICLES,2019,WEEKDAYS,1009,-1,-1
57268,68025,PRESCRIBED AND COUNTER,BOTH,LIGHT VEHICLES,2019,OFF PEAK,16926,-1,-1
57268,68025,PRESCRIBED,WEST,ALL VEHICLES,2019,WEEKENDS,17128,-1,-1
57268,68025,PRESCRIBED,WEST,LIGHT VEHICLES,2019,ALL DAYS,18245,62,85
57268,68025,PRESCRIBED AND COUNTER,BOTH,LIGHT VEHICLES,2019,ALL DAYS,33964,-1,-1
57268,68025,COUNTER,EAST,HEAVY VEHICLES,2019,AM PEAK,348,56,96
57268,68025,COUNTER,EAST,ALL VEHICLES,2019,PM PEAK,3960,-1,-1
57268,68025,PRESCRIBED AND COUNTER,BOTH,HEAVY VEHICLES,2019,WEEKENDS,837,-1,-1
57268,68025,PRESCRIBED,WEST,ALL VEHICLES,2019,ALL DAYS,19246,-1,-1
57268,68025,COUNTER,EAST,HEAVY VEHICLES,2019,OFF PEAK,481,31,96
57268,68025,PRESCRIBED AND COUNTER,BOTH,HEAVY VEHICLES,2019,WEEKDAYS,2107,-1,-1
57268,68025,PRESCRIBED AND COUNTER,BOTH,ALL VEHICLES,2019,PUBLIC HOLIDAYS,24062,-1,-1
57268,68025,PRESCRIBED,WEST,HEAVY VEHICLES,2019,PM PEAK,269,34,81
57268,68025,COUNTER,EAST,ALL VEHICLES,2019,OFF PEAK,8298,-1,-1
57268,68025,COUNTER,EAST,ALL VEHICLES,2019,PUBLIC HOLIDAYS,11138,-1,-1
57268,68025,PRESCRIBED,WEST,LIGHT VEHICLES,2019,AM PEAK,2815,72,76
57268,68025,COUNTER,EAST,LIGHT VEHICLES,2019,PUBLIC HOLIDAYS,10897,47,100
57268,68025,PRESCRIBED AND COUNTER,BOTH,LIGHT VEHICLES,2019,AM PEAK,7456,-1,-1
57268,68025,PRESCRIBED,WEST,LIGHT VEHICLES,2019,WEEKDAYS,17645,-1,-1
57268,68025,COUNTER,EAST,ALL VEHICLES,2019,AM PEAK,4989,-1,-1
57268,68025,COUNTER,EAST,HEAVY VEHICLES,2019,WEEKENDS,360,-1,-1
57268,68025,PRESCRIBED,WEST,ALL VEHICLES,2019,PM PEAK,5990,-1,-1
57268,68025,PRESCRIBED,WEST,HEAVY VEHICLES,2019,WEEKDAYS,1136,-1,-1
57268,68025,COUNTER,EAST,LIGHT VEHICLES,2019,WEEKDAYS,16276,-1,-1
57268,68025,PRESCRIBED,WEST,LIGHT VEHICLES,2019,PUBLIC HOLIDAYS,12617,46,100
57268,68025,PRESCRIBED,WEST,HEAVY VEHICLES,2019,ALL DAYS,1001,25,83
57268,68025,COUNTER,EAST,LIGHT VEHICLES,2019,OFF PEAK,7817,65,94
57268,68025,PRESCRIBED,WEST,HEAVY VEHICLES,2019,PUBLIC HOLIDAYS,307,12,100
57268,68025,COUNTER,EAST,ALL VEHICLES,2019,WEEKENDS,14511,-1,-1
57268,68025,COUNTER,EAST,LIGHT VEHICLES,2019,WEEKENDS,14151,-1,-1
57268,68025,PRESCRIBED AND COUNTER,BOTH,HEAVY VEHICLES,2019,ALL DAYS,1802,-1,-1
57268,68025,PRESCRIBED AND COUNTER,BOTH,ALL VEHICLES,2019,OFF PEAK,18010,-1,-1
57268,68025,PRESCRIBED,WEST,ALL VEHICLES,2019,WEEKDAYS,18781,-1,-1
57268,68025,PRESCRIBED,WEST,LIGHT VEHICLES,2019,WEEKENDS,16651,-1,-1
57268,68025,COUNTER,EAST,HEAVY VEHICLES,2019,ALL DAYS,801,29,96
57268,68025,PRESCRIBED,WEST,LIGHT VEHICLES,2019,OFF PEAK,9109,59,78
57268,68025,PRESCRIBED AND COUNTER,BOTH,HEAVY VEHICLES,2019,OFF PEAK,1084,-1,-1
57268,68025,PRESCRIBED,WEST,HEAVY VEHICLES,2019,OFF PEAK,603,27,78
57268,68025,COUNTER,EAST,LIGHT VEHICLES,2019,ALL DAYS,15719,70,95
57268,68025,PRESCRIBED AND COUNTER,BOTH,ALL VEHICLES,2019,ALL DAYS,35766,-1,-1
57268,68025,PRESCRIBED,WEST,HEAVY VEHICLES,2019,AM PEAK,264,42,76
57268,68025,COUNTER,EAST,ALL VEHICLES,2019,ALL DAYS,16520,-1,-1
57268,68025,PRESCRIBED,WEST,ALL VEHICLES,2019,OFF PEAK,9712,-1,-1
57268,68025,COUNTER,EAST,LIGHT VEHICLES,2019,PM PEAK,3818,83,94
57268,68025,PRESCRIBED AND COUNTER,BOTH,HEAVY VEHICLES,2019,PUBLIC HOLIDAYS,548,-1,-1
57268,68025,PRESCRIBED AND COUNTER,BOTH,HEAVY VEHICLES,2019,PM PEAK,411,-1,-1
57268,68025,PRESCRIBED AND COUNTER,BOTH,HEAVY VEHICLES,2019,AM PEAK,612,-1,-1
57268,68025,PRESCRIBED AND COUNTER,BOTH,LIGHT VEHICLES,2019,PM PEAK,9539,-1,-1
57268,68025,PRESCRIBED AND COUNTER,BOTH,ALL VEHICLES,2019,WEEKDAYS,36028,-1,-1
57268,68025,PRESCRIBED,WEST,LIGHT VEHICLES,2019,PM PEAK,5721,78,81
57268,68025,COUNTER,EAST,LIGHT VEHICLES,2019,AM PEAK,4641,88,95
57268,68025,COUNTER,EAST,HEAVY VEHICLES,2019,PUBLIC HOLIDAYS,241,13,100
57268,68025,PRESCRIBED AND COUNTER,BOTH,LIGHT VEHICLES,2019,WEEKENDS,30802,-1,-1
57268,68025,COUNTER,EAST,HEAVY VEHICLES,2019,PM PEAK,142,30,96
57268,68025,PRESCRIBED AND COUNTER,BOTH,ALL VEHICLES,2019,PM PEAK,9950,-1,-1
57268,68025,COUNTER,EAST,HEAVY VEHICLES,2019,WEEKDAYS,971,-1,-1
57268,68025,PRESCRIBED AND COUNTER,BOTH,LIGHT VEHICLES,2019,WEEKDAYS,33921,-1,-1
57268,68025,PRESCRIBED AND COUNTER,BOTH,LIGHT VEHICLES,2019,PUBLIC HOLIDAYS,23514,-1,-1
57268,68025,PRESCRIBED,WEST,ALL VEHICLES,2019,PUBLIC HOLIDAYS,12924,-1,-1
57268,68025,PRESCRIBED AND COUNTER,BOTH,ALL VEHICLES,2019,WEEKENDS,31639,-1,-1
57268,68025,PRESCRIBED,WEST,HEAVY VEHICLES,2019,WEEKENDS,477,-1,-1
57268,68025,PRESCRIBED,WEST,ALL VEHICLES,2019,AM PEAK,3079,-1,-1
57268,68025,PRESCRIBED AND COUNTER,BOTH,ALL VEHICLES,2019,AM PEAK,8068,-1,-1
57268,68025,COUNTER,EAST,ALL VEHICLES,2019,WEEKDAYS,17247,-1,-1
57271,68207,COUNTER,SOUTH,UNCLASSIFIED,2019,AM PEAK,4636,14,82
57271,68207,PRESCRIBED,NORTH,UNCLASSIFIED,2019,AM PEAK,6064,14,79
57271,68207,PRESCRIBED AND COUNTER,BOTH,UNCLASSIFIED,2019,PUBLIC HOLIDAYS,29069,-1,-1
57271,68207,COUNTER,SOUTH,UNCLASSIFIED,2019,WEEKDAYS,20828,-1,-1
57271,68207,PRESCRIBED AND COUNTER,BOTH,UNCLASSIFIED,2019,ALL DAYS,40566,-1,-1
57271,68207,PRESCRIBED AND COUNTER,BOTH,UNCLASSIFIED,2019,OFF PEAK,21553,-1,-1
57271,68207,COUNTER,SOUTH,UNCLASSIFIED,2019,OFF PEAK,10709,14,100
57271,68207,PRESCRIBED AND COUNTER,BOTH,UNCLASSIFIED,2019,PM PEAK,10831,-1,-1
57271,68207,PRESCRIBED,NORTH,UNCLASSIFIED,2019,PM PEAK,5348,14,92
57271,68207,PRESCRIBED,NORTH,UNCLASSIFIED,2019,OFF PEAK,10844,14,100
57271,68207,COUNTER,SOUTH,UNCLASSIFIED,2019,PM PEAK,5483,14,92
57271,68207,PRESCRIBED AND COUNTER,BOTH,UNCLASSIFIED,2019,WEEKENDS,34203,-1,-1
57271,68207,PRESCRIBED,NORTH,UNCLASSIFIED,2019,PUBLIC HOLIDAYS,14733,15,100
57271,68207,PRESCRIBED,NORTH,UNCLASSIFIED,2019,WEEKENDS,17399,-1,-1
57271,68207,PRESCRIBED,NORTH,UNCLASSIFIED,2019,WEEKDAYS,22256,-1,-1
57271,68207,COUNTER,SOUTH,UNCLASSIFIED,2019,ALL DAYS,19666,14,96
57271,68207,PRESCRIBED,NORTH,UNCLASSIFIED,2019,ALL DAYS,20900,14,96
57271,68207,COUNTER,SOUTH,UNCLASSIFIED,2019,WEEKENDS,16804,-1,-1
57271,68207,COUNTER,SOUTH,UNCLASSIFIED,2019,PUBLIC HOLIDAYS,14336,15,100
57271,68207,PRESCRIBED AND COUNTER,BOTH,UNCLASSIFIED,2019,WEEKDAYS,43084,-1,-1
57271,68207,PRESCRIBED AND COUNTER,BOTH,UNCLASSIFIED,2019,AM PEAK,10700,-1,-1
57289,69084,PRESCRIBED,NORTH,UNCLASSIFIED,2019,PM PEAK,9539,80,96
57289,69084,COUNTER,SOUTH,UNCLASSIFIED,2019,WEEKENDS,18497,-1,-1
57289,69084,PRESCRIBED,NORTH,UNCLASSIFIED,2019,WEEKDAYS,34812,-1,-1
57289,69084,PRESCRIBED AND COUNTER,BOTH,UNCLASSIFIED,2019,ALL DAYS,54001,-1,-1
57289,69084,PRESCRIBED,NORTH,UNCLASSIFIED,2019,PUBLIC HOLIDAYS,22911,61,100
57289,69084,COUNTER,SOUTH,UNCLASSIFIED,2019,OFF PEAK,10316,25,79
57289,69084,COUNTER,SOUTH,UNCLASSIFIED,2019,WEEKDAYS,21703,-1,-1
57289,69084,PRESCRIBED AND COUNTER,BOTH,UNCLASSIFIED,2019,WEEKENDS,48426,-1,-1
57289,69084,PRESCRIBED,NORTH,UNCLASSIFIED,2019,AM PEAK,7946,79,89
57289,69084,PRESCRIBED,NORTH,UNCLASSIFIED,2019,OFF PEAK,17327,79,99
57289,69084,COUNTER,SOUTH,UNCLASSIFIED,2019,PUBLIC HOLIDAYS,20343,15,100
57289,69084,PRESCRIBED AND COUNTER,BOTH,UNCLASSIFIED,2019,PM PEAK,14068,-1,-1
57289,69084,PRESCRIBED AND COUNTER,BOTH,UNCLASSIFIED,2019,PUBLIC HOLIDAYS,43254,-1,-1
57289,69084,PRESCRIBED AND COUNTER,BOTH,UNCLASSIFIED,2019,AM PEAK,14804,-1,-1
57289,69084,PRESCRIBED AND COUNTER,BOTH,UNCLASSIFIED,2019,WEEKDAYS,56515,-1,-1
57289,69084,COUNTER,SOUTH,UNCLASSIFIED,2019,PM PEAK,4529,25,70
57289,69084,PRESCRIBED,NORTH,UNCLASSIFIED,2019,ALL DAYS,33490,79,97
57289,69084,COUNTER,SOUTH,UNCLASSIFIED,2019,AM PEAK,6858,25,42
57289,69084,PRESCRIBED,NORTH,UNCLASSIFIED,2019,WEEKENDS,29929,-1,-1
57289,69084,PRESCRIBED AND COUNTER,BOTH,UNCLASSIFIED,2019,OFF PEAK,27643,-1,-1
57289,69084,COUNTER,SOUTH,UNCLASSIFIED,2019,ALL DAYS,20511,25,71
57290,69087,PRESCRIBED AND COUNTER,BOTH,UNCLASSIFIED,2019,PM PEAK,14823,-1,-1
57290,69087,PRESCRIBED,NORTH,UNCLASSIFIED,2019,OFF PEAK,10559,49,94
57290,69087,PRESCRIBED,NORTH,UNCLASSIFIED,2019,ALL DAYS,21767,49,93
57290,69087,COUNTER,SOUTH,UNCLASSIFIED,2019,WEEKENDS,16900,-1,-1
57290,69087,PRESCRIBED,NORTH,UNCLASSIFIED,2019,WEEKDAYS,23833,-1,-1
57290,69087,COUNTER,SOUTH,UNCLASSIFIED,2019,PM PEAK,7691,52,91
57290,69087,PRESCRIBED,NORTH,UNCLASSIFIED,2019,WEEKENDS,16509,-1,-1
57290,69087,COUNTER,SOUTH,UNCLASSIFIED,2019,PUBLIC HOLIDAYS,12097,53,100
57290,69087,PRESCRIBED AND COUNTER,BOTH,UNCLASSIFIED,2019,OFF PEAK,21593,-1,-1
57290,69087,PRESCRIBED AND COUNTER,BOTH,UNCLASSIFIED,2019,WEEKDAYS,48198,-1,-1
57290,69087,PRESCRIBED,NORTH,UNCLASSIFIED,2019,PUBLIC HOLIDAYS,11670,53,100
57290,69087,PRESCRIBED AND COUNTER,BOTH,UNCLASSIFIED,2019,ALL DAYS,44033,-1,-1
57290,69087,PRESCRIBED,NORTH,UNCLASSIFIED,2019,PM PEAK,7132,49,92
57290,69087,COUNTER,SOUTH,UNCLASSIFIED,2019,ALL DAYS,22266,51,95
57290,69087,PRESCRIBED AND COUNTER,BOTH,UNCLASSIFIED,2019,PUBLIC HOLIDAYS,23767,-1,-1
57290,69087,COUNTER,SOUTH,UNCLASSIFIED,2019,WEEKDAYS,24365,-1,-1
57290,69087,PRESCRIBED AND COUNTER,BOTH,UNCLASSIFIED,2019,AM PEAK,11782,-1,-1
57290,69087,PRESCRIBED AND COUNTER,BOTH,UNCLASSIFIED,2019,WEEKENDS,33409,-1,-1
57290,69087,PRESCRIBED,NORTH,UNCLASSIFIED,2019,AM PEAK,6142,49,82
57290,69087,COUNTER,SOUTH,UNCLASSIFIED,2019,OFF PEAK,11034,51,94
57290,69087,COUNTER,SOUTH,UNCLASSIFIED,2019,AM PEAK,5640,51,85
57293,69198,PRESCRIBED AND COUNTER,BOTH,UNCLASSIFIED,2019,WEEKDAYS,29972,-1,-1
57293,69198,PRESCRIBED,NORTH,UNCLASSIFIED,2019,OFF PEAK,5793,99,97
57293,69198,COUNTER,SOUTH,UNCLASSIFIED,2019,WEEKDAYS,18929,-1,-1
57293,69198,PRESCRIBED,NORTH,UNCLASSIFIED,2019,WEEKDAYS,11043,-1,-1
57293,69198,PRESCRIBED AND COUNTER,BOTH,UNCLASSIFIED,2019,PM PEAK,7766,-1,-1
57293,69198,PRESCRIBED,NORTH,UNCLASSIFIED,2019,WEEKENDS,9489,-1,-1
57293,69198,PRESCRIBED,NORTH,UNCLASSIFIED,2019,ALL DAYS,10612,99,95
57293,69198,PRESCRIBED AND COUNTER,BOTH,UNCLASSIFIED,2019,ALL DAYS,28917,-1,-1
57293,69198,COUNTER,SOUTH,UNCLASSIFIED,2019,AM PEAK,4844,85,89
57293,69198,PRESCRIBED AND COUNTER,BOTH,UNCLASSIFIED,2019,AM PEAK,6953,-1,-1
57293,69198,PRESCRIBED,NORTH,UNCLASSIFIED,2019,PM PEAK,3141,100,95
57293,69198,COUNTER,SOUTH,UNCLASSIFIED,2019,PM PEAK,4625,86,96
57293,69198,COUNTER,SOUTH,UNCLASSIFIED,2019,WEEKENDS,16645,-1,-1
57293,69198,COUNTER,SOUTH,UNCLASSIFIED,2019,OFF PEAK,9460,85,98
57293,69198,PRESCRIBED AND COUNTER,BOTH,UNCLASSIFIED,2019,OFF PEAK,15253,-1,-1
57293,69198,COUNTER,SOUTH,UNCLASSIFIED,2019,PUBLIC HOLIDAYS,11954,69,100
57293,69198,COUNTER,SOUTH,UNCLASSIFIED,2019,ALL DAYS,18305,85,96
57293,69198,PRESCRIBED,NORTH,UNCLASSIFIED,2019,PUBLIC HOLIDAYS,7744,76,100
57293,69198,PRESCRIBED AND COUNTER,BOTH,UNCLASSIFIED,2019,WEEKENDS,26134,-1,-1
57293,69198,PRESCRIBED AND COUNTER,BOTH,UNCLASSIFIED,2019,PUBLIC HOLIDAYS,19698,-1,-1
57293,69198,PRESCRIBED,NORTH,UNCLASSIFIED,2019,AM PEAK,2109,99,86
57294,69200,COUNTER,SOUTH,UNCLASSIFIED,2019,WEEKENDS,7644,-1,-1
57294,69200,PRESCRIBED AND COUNTER,BOTH,UNCLASSIFIED,2019,WEEKENDS,15596,-1,-1
57294,69200,PRESCRIBED,NORTH,UNCLASSIFIED,2019,PM PEAK,3684,100,93
57294,69200,PRESCRIBED,NORTH,UNCLASSIFIED,2019,AM PEAK,1734,99,85
57294,69200,PRESCRIBED,NORTH,UNCLASSIFIED,2019,WEEKENDS,7952,-1,-1
57294,69200,PRESCRIBED AND COUNTER,BOTH,UNCLASSIFIED,2019,WEEKDAYS,18749,-1,-1
57294,69200,COUNTER,SOUTH,UNCLASSIFIED,2019,PUBLIC HOLIDAYS,5811,76,100
57294,69200,PRESCRIBED AND COUNTER,BOTH,UNCLASSIFIED,2019,OFF PEAK,8332,-1,-1
57294,69200,COUNTER,SOUTH,UNCLASSIFIED,2019,AM PEAK,2613,99,85
57294,69200,PRESCRIBED AND COUNTER,BOTH,UNCLASSIFIED,2019,ALL DAYS,17920,-1,-1
57294,69200,PRESCRIBED AND COUNTER,BOTH,UNCLASSIFIED,2019,PUBLIC HOLIDAYS,11993,-1,-1
57294,69200,PRESCRIBED,NORTH,UNCLASSIFIED,2019,WEEKDAYS,9715,-1,-1
57294,69200,PRESCRIBED,NORTH,UNCLASSIFIED,2019,OFF PEAK,4297,99,99
57294,69200,PRESCRIBED,NORTH,UNCLASSIFIED,2019,PUBLIC HOLIDAYS,6182,76,100
57294,69200,COUNTER,SOUTH,UNCLASSIFIED,2019,PM PEAK,2386,100,95
57294,69200,PRESCRIBED AND COUNTER,BOTH,UNCLASSIFIED,2019,AM PEAK,4347,-1,-1
57294,69200,PRESCRIBED AND COUNTER,BOTH,UNCLASSIFIED,2019,PM PEAK,6070,-1,-1
57294,69200,COUNTER,SOUTH,UNCLASSIFIED,2019,ALL DAYS,8672,99,97
57294,69200,COUNTER,SOUTH,UNCLASSIFIED,2019,OFF PEAK,4035,99,99
57294,69200,COUNTER,SOUTH,UNCLASSIFIED,2019,WEEKDAYS,9034,-1,-1
57294,69200,PRESCRIBED,NORTH,UNCLASSIFIED,2019,ALL DAYS,9248,99,96
57300,70011,PRESCRIBED,WEST,UNCLASSIFIED,2019,WEEKDAYS,14920,-1,-1
57300,70011,PRESCRIBED,WEST,UNCLASSIFIED,2019,PUBLIC HOLIDAYS,10202,7,100
57300,70011,PRESCRIBED,WEST,UNCLASSIFIED,2019,OFF PEAK,8335,1,100
57300,70011,PRESCRIBED,WEST,UNCLASSIFIED,2019,ALL DAYS,14920,1,100
57300,70011,PRESCRIBED,WEST,UNCLASSIFIED,2019,PM PEAK,4294,1,100
57300,70011,PRESCRIBED,WEST,UNCLASSIFIED,2019,AM PEAK,2291,1,100
57316,70154,COUNTER,SOUTH,UNCLASSIFIED,2019,WEEKDAYS,18138,-1,-1
57316,70154,COUNTER,SOUTH,UNCLASSIFIED,2019,AM PEAK,5242,-1,-1
57316,70154,COUNTER,SOUTH,UNCLASSIFIED,2019,PM PEAK,4297,-1,-1
57316,70154,COUNTER,SOUTH,UNCLASSIFIED,2019,WEEKENDS,13119,-1,-1
57316,70154,COUNTER,SOUTH,UNCLASSIFIED,2019,ALL DAYS,16692,-1,-1
57316,70154,COUNTER,SOUTH,UNCLASSIFIED,2019,OFF PEAK,8599,-1,-1
57316,70154,COUNTER,SOUTH,UNCLASSIFIED,2019,PUBLIC HOLIDAYS,10290,-1,-1
57318,71014,COUNTER,EAST,UNCLASSIFIED,2019,WEEKENDS,14634,-1,-1
57318,71014,COUNTER,EAST,UNCLASSIFIED,2019,OFF PEAK,9063,67,98
57318,71014,COUNTER,EAST,UNCLASSIFIED,2019,PUBLIC HOLIDAYS,11047,53,100
57318,71014,COUNTER,EAST,UNCLASSIFIED,2019,ALL DAYS,17752,66,97
57318,71014,COUNTER,EAST,UNCLASSIFIED,2019,WEEKDAYS,18913,-1,-1
57318,71014,COUNTER,EAST,UNCLASSIFIED,2019,AM PEAK,5621,67,86
57318,71014,COUNTER,EAST,UNCLASSIFIED,2019,PM PEAK,4229,67,98
57322,71024,PRESCRIBED AND COUNTER,BOTH,ALL VEHICLES,2019,AM PEAK,12715,-1,-1
57322,71024,COUNTER,SOUTH,LIGHT VEHICLES,2019,PUBLIC HOLIDAYS,18905,43,97
57322,71024,COUNTER,SOUTH,LIGHT VEHICLES,2019,ALL DAYS,27843,70,81
57322,71024,PRESCRIBED AND COUNTER,BOTH,LIGHT VEHICLES,2019,WEEKDAYS,52415,-1,-1
57322,71024,COUNTER,SOUTH,ALL VEHICLES,2019,AM PEAK,7131,-1,-1
57322,71024,PRESCRIBED,NORTH,LIGHT VEHICLES,2019,ALL DAYS,26897,68,79
57322,71024,PRESCRIBED,NORTH,LIGHT VEHICLES,2019,WEEKDAYS,25697,-1,-1
57322,71024,PRESCRIBED AND COUNTER,BOTH,LIGHT VEHICLES,2019,WEEKENDS,48105,-1,-1
57322,71024,PRESCRIBED AND COUNTER,BOTH,HEAVY VEHICLES,2019,ALL DAYS,420,-1,-1
57322,71024,COUNTER,SOUTH,LIGHT VEHICLES,2019,OFF PEAK,13155,70,85
57322,71024,PRESCRIBED,NORTH,ALL VEHICLES,2019,PM PEAK,7630,-1,-1
57322,71024,PRESCRIBED,NORTH,LIGHT VEHICLES,2019,AM PEAK,5497,71,87
57322,71024,PRESCRIBED AND COUNTER,BOTH,HEAVY VEHICLES,2019,WEEKDAYS,480,-1,-1
57322,71024,PRESCRIBED,NORTH,LIGHT VEHICLES,2019,WEEKENDS,23835,-1,-1
57322,71024,PRESCRIBED,NORTH,HEAVY VEHICLES,2019,ALL DAYS,257,18,79
57322,71024,COUNTER,SOUTH,LIGHT VEHICLES,2019,PM PEAK,6479,76,85
57322,71024,PRESCRIBED AND COUNTER,BOTH,HEAVY VEHICLES,2019,OFF PEAK,282,-1,-1
57322,71024,PRESCRIBED AND COUNTER,BOTH,HEAVY VEHICLES,2019,PM PEAK,64,-1,-1
57322,71024,PRESCRIBED,NORTH,ALL VEHICLES,2019,AM PEAK,5584,-1,-1
57322,71024,COUNTER,SOUTH,HEAVY VEHICLES,2019,PM PEAK,24,33,85
57322,71024,PRESCRIBED AND COUNTER,BOTH,ALL VEHICLES,2019,PM PEAK,14133,-1,-1
57322,71024,COUNTER,SOUTH,LIGHT VEHICLES,2019,WEEKDAYS,26718,-1,-1
57322,71024,COUNTER,SOUTH,HEAVY VEHICLES,2019,ALL DAYS,163,24,81
57322,71024,PRESCRIBED,NORTH,ALL VEHICLES,2019,OFF PEAK,12783,-1,-1
57322,71024,COUNTER,SOUTH,HEAVY VEHICLES,2019,OFF PEAK,109,30,85
57322,71024,PRESCRIBED AND COUNTER,BOTH,LIGHT VEHICLES,2019,OFF PEAK,25765,-1,-1
57322,71024,COUNTER,SOUTH,ALL VEHICLES,2019,WEEKDAYS,26898,-1,-1
57322,71024,PRESCRIBED,NORTH,LIGHT VEHICLES,2019,PM PEAK,7590,74,86
57322,71024,PRESCRIBED AND COUNTER,BOTH,ALL VEHICLES,2019,ALL DAYS,55160,-1,-1
57322,71024,PRESCRIBED AND COUNTER,BOTH,ALL VEHICLES,2019,OFF PEAK,26047,-1,-1
57322,71024,PRESCRIBED,NORTH,HEAVY VEHICLES,2019,AM PEAK,87,27,88
57322,71024,PRESCRIBED,NORTH,HEAVY VEHICLES,2019,PM PEAK,40,32,88
57322,71024,PRESCRIBED AND COUNTER,BOTH,HEAVY VEHICLES,2019,PUBLIC HOLIDAYS,105,-1,-1
57322,71024,COUNTER,SOUTH,LIGHT VEHICLES,2019,WEEKENDS,24270,-1,-1
57322,71024,PRESCRIBED,NORTH,ALL VEHICLES,2019,ALL DAYS,27154,-1,-1
57322,71024,PRESCRIBED,NORTH,HEAVY VEHICLES,2019,WEEKENDS,88,-1,-1
57322,71024,PRESCRIBED AND COUNTER,BOTH,LIGHT VEHICLES,2019,PM PEAK,14069,-1,-1
57322,71024,PRESCRIBED AND COUNTER,BOTH,HEAVY VEHICLES,2019,AM PEAK,134,-1,-1
57322,71024,COUNTER,SOUTH,HEAVY VEHICLES,2019,PUBLIC HOLIDAYS,51,12,97
57322,71024,PRESCRIBED,NORTH,LIGHT VEHICLES,2019,PUBLIC HOLIDAYS,18383,40,96
57322,71024,PRESCRIBED AND COUNTER,BOTH,ALL VEHICLES,2019,WEEKENDS,48258,-1,-1
57322,71024,PRESCRIBED,NORTH,ALL VEHICLES,2019,WEEKDAYS,25997,-1,-1
57322,71024,PRESCRIBED AND COUNTER,BOTH,ALL VEHICLES,2019,WEEKDAYS,52895,-1,-1
57322,71024,PRESCRIBED AND COUNTER,BOTH,LIGHT VEHICLES,2019,ALL DAYS,54740,-1,-1
57322,71024,COUNTER,SOUTH,ALL VEHICLES,2019,PUBLIC HOLIDAYS,18956,-1,-1
57322,71024,COUNTER,SOUTH,ALL VEHICLES,2019,PM PEAK,6503,-1,-1
57322,71024,PRESCRIBED,NORTH,HEAVY VEHICLES,2019,PUBLIC HOLIDAYS,54,9,95
57322,71024,COUNTER,SOUTH,ALL VEHICLES,2019,OFF PEAK,13264,-1,-1
57322,71024,COUNTER,SOUTH,HEAVY VEHICLES,2019,WEEKDAYS,180,-1,-1
57322,71024,PRESCRIBED,NORTH,LIGHT VEHICLES,2019,OFF PEAK,12610,67,86
57322,71024,PRESCRIBED AND COUNTER,BOTH,LIGHT VEHICLES,2019,AM PEAK,12581,-1,-1
57322,71024,COUNTER,SOUTH,ALL VEHICLES,2019,WEEKENDS,24335,-1,-1
57322,71024,PRESCRIBED AND COUNTER,BOTH,LIGHT VEHICLES,2019,PUBLIC HOLIDAYS,37288,-1,-1
57322,71024,COUNTER,SOUTH,ALL VEHICLES,2019,ALL DAYS,28006,-1,-1
57322,71024,PRESCRIBED AND COUNTER,BOTH,HEAVY VEHICLES,2019,WEEKENDS,153,-1,-1
57322,71024,PRESCRIBED,NORTH,HEAVY VEHICLES,2019,OFF PEAK,173,20,87
57322,71024,PRESCRIBED,NORTH,ALL VEHICLES,2019,PUBLIC HOLIDAYS,18437,-1,-1
57322,71024,COUNTER,SOUTH,HEAVY VEHICLES,2019,WEEKENDS,65,-1,-1
57322,71024,PRESCRIBED,NORTH,HEAVY VEHICLES,2019,WEEKDAYS,300,-1,-1
57322,71024,PRESCRIBED,NORTH,ALL VEHICLES,2019,WEEKENDS,23923,-1,-1
57322,71024,COUNTER,SOUTH,HEAVY VEHICLES,2019,AM PEAK,47,40,88
57322,71024,COUNTER,SOUTH,LIGHT VEHICLES,2019,AM PEAK,7084,71,87
57322,71024,PRESCRIBED AND COUNTER,BOTH,ALL VEHICLES,2019,PUBLIC HOLIDAYS,37393,-1,-1
57328,71046,COUNTER,SOUTH,UNCLASSIFIED,2019,WEEKENDS,14734,-1,-1
57328,71046,COUNTER,SOUTH,UNCLASSIFIED,2019,AM PEAK,3472,96,86
57328,71046,PRESCRIBED,NORTH,UNCLASSIFIED,2019,PUBLIC HOLIDAYS,11615,76,100
57328,71046,PRESCRIBED AND COUNTER,BOTH,UNCLASSIFIED,2019,OFF PEAK,17086,-1,-1
57328,71046,PRESCRIBED AND COUNTER,BOTH,UNCLASSIFIED,2019,PUBLIC HOLIDAYS,22810,-1,-1
57328,71046,COUNTER,SOUTH,UNCLASSIFIED,2019,ALL DAYS,15875,97,97
57328,71046,PRESCRIBED AND COUNTER,BOTH,UNCLASSIFIED,2019,WEEKENDS,29426,-1,-1
57328,71046,PRESCRIBED AND COUNTER,BOTH,UNCLASSIFIED,2019,PM PEAK,9014,-1,-1
57328,71046,COUNTER,SOUTH,UNCLASSIFIED,2019,PM PEAK,4532,96,95
57328,71046,PRESCRIBED AND COUNTER,BOTH,UNCLASSIFIED,2019,AM PEAK,7541,-1,-1
57328,71046,PRESCRIBED,NORTH,UNCLASSIFIED,2019,ALL DAYS,16629,97,96
57328,71046,PRESCRIBED,NORTH,UNCLASSIFIED,2019,PM PEAK,4482,96,89
57328,71046,COUNTER,SOUTH,UNCLASSIFIED,2019,OFF PEAK,8247,96,98
57328,71046,COUNTER,SOUTH,UNCLASSIFIED,2019,PUBLIC HOLIDAYS,11195,76,100
57328,71046,COUNTER,SOUTH,UNCLASSIFIED,2019,WEEKDAYS,16251,-1,-1
57328,71046,PRESCRIBED,NORTH,UNCLASSIFIED,2019,OFF PEAK,8839,96,98
57328,71046,PRESCRIBED AND COUNTER,BOTH,UNCLASSIFIED,2019,ALL DAYS,32504,-1,-1
57328,71046,PRESCRIBED,NORTH,UNCLASSIFIED,2019,WEEKENDS,14692,-1,-1
57328,71046,PRESCRIBED,NORTH,UNCLASSIFIED,2019,WEEKDAYS,17390,-1,-1
57328,71046,PRESCRIBED AND COUNTER,BOTH,UNCLASSIFIED,2019,WEEKDAYS,33641,-1,-1
57328,71046,PRESCRIBED,NORTH,UNCLASSIFIED,2019,AM PEAK,4069,96,85
57368,72027,PRESCRIBED,NORTH,LIGHT VEHICLES,2019,ALL DAYS,20558,78,92
57368,72027,PRESCRIBED AND COUNTER,BOTH,LIGHT VEHICLES,2019,OFF PEAK,17940,-1,-1
57368,72027,COUNTER,SOUTH,ALL VEHICLES,2019,WEEKDAYS,22272,-1,-1
57368,72027,COUNTER,SOUTH,ALL VEHICLES,2019,OFF PEAK,9516,-1,-1
57368,72027,COUNTER,SOUTH,HEAVY VEHICLES,2019,OFF PEAK,663,30,92
57368,72027,PRESCRIBED,NORTH,HEAVY VEHICLES,2019,AM PEAK,400,46,91
57368,72027,COUNTER,SOUTH,LIGHT VEHICLES,2019,PM PEAK,6044,95,91
57368,72027,COUNTER,SOUTH,ALL VEHICLES,2019,PM PEAK,6341,-1,-1
57368,72027,PRESCRIBED,NORTH,ALL VEHICLES,2019,ALL DAYS,21829,-1,-1
57368,72027,PRESCRIBED AND COUNTER,BOTH,ALL VEHICLES,2019,OFF PEAK,19344,-1,-1
57368,72027,PRESCRIBED,NORTH,LIGHT VEHICLES,2019,PM PEAK,7301,96,89
57368,72027,COUNTER,SOUTH,LIGHT VEHICLES,2019,ALL DAYS,19573,78,92
57368,72027,COUNTER,SOUTH,LIGHT VEHICLES,2019,AM PEAK,5968,96,91
57368,72027,PRESCRIBED AND COUNTER,BOTH,ALL VEHICLES,2019,PUBLIC HOLIDAYS,21314,-1,-1
57368,72027,PRESCRIBED AND COUNTER,BOTH,ALL VEHICLES,2019,ALL DAYS,42555,-1,-1
57368,72027,COUNTER,SOUTH,ALL VEHICLES,2019,WEEKENDS,16570,-1,-1
57368,72027,PRESCRIBED AND COUNTER,BOTH,ALL VEHICLES,2019,PM PEAK,14036,-1,-1
57368,72027,PRESCRIBED,NORTH,LIGHT VEHICLES,2019,AM PEAK,5546,93,90
57368,72027,PRESCRIBED,NORTH,ALL VEHICLES,2019,PUBLIC HOLIDAYS,10942,-1,-1
57368,72027,PRESCRIBED,NORTH,HEAVY VEHICLES,2019,PUBLIC HOLIDAYS,363,15,100
57368,72027,COUNTER,SOUTH,ALL VEHICLES,2019,AM PEAK,6415,-1,-1
57368,72027,COUNTER,SOUTH,HEAVY VEHICLES,2019,PM PEAK,297,33,92
57368,72027,COUNTER,SOUTH,LIGHT VEHICLES,2019,OFF PEAK,8853,71,91
57368,72027,PRESCRIBED,NORTH,HEAVY VEHICLES,2019,PM PEAK,394,35,91
57368,72027,PRESCRIBED,NORTH,LIGHT VEHICLES,2019,PUBLIC HOLIDAYS,10579,55,100
57368,72027,PRESCRIBED AND COUNTER,BOTH,LIGHT VEHICLES,2019,WEEKDAYS,42799,-1,-1
57368,72027,COUNTER,SOUTH,HEAVY VEHICLES,2019,WEEKDAYS,1407,-1,-1
57368,72027,COUNTER,SOUTH,HEAVY VEHICLES,2019,WEEKENDS,504,-1,-1
57368,72027,PRESCRIBED,NORTH,HEAVY VEHICLES,2019,OFF PEAK,741,28,91
57368,72027,PRESCRIBED AND COUNTER,BOTH,LIGHT VEHICLES,2019,PM PEAK,13345,-1,-1
57368,72027,PRESCRIBED,NORTH,HEAVY VEHICLES,2019,ALL DAYS,1271,28,92
57368,72027,PRESCRIBED,NORTH,ALL VEHICLES,2019,AM PEAK,5946,-1,-1
57368,72027,PRESCRIBED AND COUNTER,BOTH,HEAVY VEHICLES,2019,WEEKDAYS,2942,-1,-1
57368,72027,PRESCRIBED,NORTH,ALL VEHICLES,2019,PM PEAK,7695,-1,-1
57368,72027,PRESCRIBED,NORTH,LIGHT VEHICLES,2019,WEEKDAYS,21934,-1,-1
57368,72027,COUNTER,SOUTH,LIGHT VEHICLES,2019,PUBLIC HOLIDAYS,10046,55,100
57368,72027,PRESCRIBED AND COUNTER,BOTH,HEAVY VEHICLES,2019,AM PEAK,847,-1,-1
57368,72027,PRESCRIBED AND COUNTER,BOTH,LIGHT VEHICLES,2019,AM PEAK,11514,-1,-1
57368,72027,COUNTER,SOUTH,HEAVY VEHICLES,2019,ALL DAYS,1153,30,93
57368,72027,PRESCRIBED AND COUNTER,BOTH,HEAVY VEHICLES,2019,PUBLIC HOLIDAYS,689,-1,-1
57368,72027,PRESCRIBED,NORTH,LIGHT VEHICLES,2019,WEEKENDS,16771,-1,-1
57368,72027,PRESCRIBED AND COUNTER,BOTH,LIGHT VEHICLES,2019,PUBLIC HOLIDAYS,20625,-1,-1
57368,72027,PRESCRIBED,NORTH,HEAVY VEHICLES,2019,WEEKENDS,566,-1,-1
57368,72027,COUNTER,SOUTH,LIGHT VEHICLES,2019,WEEKDAYS,20865,-1,-1
57368,72027,PRESCRIBED,NORTH,LIGHT VEHICLES,2019,OFF PEAK,9087,71,90
57368,72027,PRESCRIBED AND COUNTER,BOTH,HEAVY VEHICLES,2019,ALL DAYS,2424,-1,-1
57368,72027,COUNTER,SOUTH,HEAVY VEHICLES,2019,AM PEAK,447,54,92
57368,72027,COUNTER,SOUTH,LIGHT VEHICLES,2019,WEEKENDS,16066,-1,-1
57368,72027,PRESCRIBED AND COUNTER,BOTH,LIGHT VEHICLES,2019,ALL DAYS,40131,-1,-1
57368,72027,PRESCRIBED AND COUNTER,BOTH,HEAVY VEHICLES,2019,WEEKENDS,1070,-1,-1
57368,72027,COUNTER,SOUTH,HEAVY VEHICLES,2019,PUBLIC HOLIDAYS,326,16,100
57368,72027,PRESCRIBED,NORTH,HEAVY VEHICLES,2019,WEEKDAYS,1535,-1,-1
57368,72027,PRESCRIBED AND COUNTER,BOTH,HEAVY VEHICLES,2019,PM PEAK,691,-1,-1
57368,72027,PRESCRIBED AND COUNTER,BOTH,LIGHT VEHICLES,2019,WEEKENDS,32837,-1,-1
57368,72027,PRESCRIBED,NORTH,ALL VEHICLES,2019,WEEKDAYS,23469,-1,-1
57368,72027,PRESCRIBED,NORTH,ALL VEHICLES,2019,OFF PEAK,9828,-1,-1
57368,72027,PRESCRIBED AND COUNTER,BOTH,HEAVY VEHICLES,2019,OFF PEAK,1404,-1,-1
57368,72027,PRESCRIBED AND COUNTER,BOTH,ALL VEHICLES,2019,WEEKDAYS,45741,-1,-1
57368,72027,PRESCRIBED AND COUNTER,BOTH,ALL VEHICLES,2019,WEEKENDS,33907,-1,-1
57368,72027,COUNTER,SOUTH,ALL VEHICLES,2019,PUBLIC HOLIDAYS,10372,-1,-1
57368,72027,PRESCRIBED AND COUNTER,BOTH,ALL VEHICLES,2019,AM PEAK,12361,-1,-1
57368,72027,COUNTER,SOUTH,ALL VEHICLES,2019,ALL DAYS,20726,-1,-1
57368,72027,PRESCRIBED,NORTH,ALL VEHICLES,2019,WEEKENDS,17337,-1,-1
57408,74011,PRESCRIBED,SOUTH,UNCLASSIFIED,2019,WEEKDAYS,16257,-1,-1
57408,74011,PRESCRIBED,SOUTH,UNCLASSIFIED,2019,OFF PEAK,7877,84,97
57408,74011,COUNTER,NORTH,UNCLASSIFIED,2019,WEEKDAYS,17857,-1,-1
57408,74011,COUNTER,NORTH,UNCLASSIFIED,2019,AM PEAK,4535,99,89
57408,74011,COUNTER,NORTH,UNCLASSIFIED,2019,OFF PEAK,8645,99,98
57408,74011,PRESCRIBED AND COUNTER,BOTH,UNCLASSIFIED,2019,AM PEAK,8211,-1,-1
57408,74011,PRESCRIBED AND COUNTER,BOTH,UNCLASSIFIED,2019,WEEKDAYS,34114,-1,-1
57408,74011,PRESCRIBED,SOUTH,UNCLASSIFIED,2019,PM PEAK,4704,85,95
57408,74011,PRESCRIBED AND COUNTER,BOTH,UNCLASSIFIED,2019,PM PEAK,9381,-1,-1
57408,74011,COUNTER,NORTH,UNCLASSIFIED,2019,ALL DAYS,17225,99,96
57408,74011,PRESCRIBED,SOUTH,UNCLASSIFIED,2019,AM PEAK,3676,84,88
57408,74011,PRESCRIBED AND COUNTER,BOTH,UNCLASSIFIED,2019,ALL DAYS,32856,-1,-1
57408,74011,PRESCRIBED,SOUTH,UNCLASSIFIED,2019,ALL DAYS,15631,84,96
57408,74011,PRESCRIBED,SOUTH,UNCLASSIFIED,2019,PUBLIC HOLIDAYS,10394,76,100
57408,74011,PRESCRIBED AND COUNTER,BOTH,UNCLASSIFIED,2019,PUBLIC HOLIDAYS,20962,-1,-1
57408,74011,PRESCRIBED AND COUNTER,BOTH,UNCLASSIFIED,2019,WEEKENDS,29622,-1,-1
57408,74011,COUNTER,NORTH,UNCLASSIFIED,2019,PM PEAK,4677,100,96
57408,74011,COUNTER,NORTH,UNCLASSIFIED,2019,PUBLIC HOLIDAYS,10568,76,100
57408,74011,PRESCRIBED,SOUTH,UNCLASSIFIED,2019,WEEKENDS,14133,-1,-1
57408,74011,COUNTER,NORTH,UNCLASSIFIED,2019,WEEKENDS,15489,-1,-1
57408,74011,PRESCRIBED AND COUNTER,BOTH,UNCLASSIFIED,2019,OFF PEAK,16522,-1,-1
57425,74087,PRESCRIBED,NORTH,UNCLASSIFIED,2019,PM PEAK,6695,1,100
57425,74087,PRESCRIBED,NORTH,UNCLASSIFIED,2019,ALL DAYS,29305,0,100
57425,74087,PRESCRIBED,NORTH,UNCLASSIFIED,2019,WEEKDAYS,29304,-1,-1
57425,74087,PRESCRIBED,NORTH,UNCLASSIFIED,2019,OFF PEAK,16312,1,100
57425,74087,PRESCRIBED,NORTH,UNCLASSIFIED,2019,AM PEAK,6297,1,100
57425,74087,PRESCRIBED,NORTH,UNCLASSIFIED,2019,PUBLIC HOLIDAYS,25098,7,100
57426,74090,PRESCRIBED AND COUNTER,BOTH,UNCLASSIFIED,2019,WEEKDAYS,64164,-1,-1
57426,74090,PRESCRIBED,EAST,UNCLASSIFIED,2019,PM PEAK,7015,51,96
57426,74090,PRESCRIBED AND COUNTER,BOTH,UNCLASSIFIED,2019,WEEKENDS,59129,-1,-1
57426,74090,PRESCRIBED AND COUNTER,BOTH,UNCLASSIFIED,2019,OFF PEAK,33015,-1,-1
57426,74090,PRESCRIBED,EAST,UNCLASSIFIED,2019,WEEKENDS,27747,-1,-1
57426,74090,PRESCRIBED,EAST,UNCLASSIFIED,2019,OFF PEAK,15498,51,100
57426,74090,PRESCRIBED,EAST,UNCLASSIFIED,2019,AM PEAK,7791,51,94
57426,74090,COUNTER,WEST,UNCLASSIFIED,2019,PUBLIC HOLIDAYS,29089,53,100
57426,74090,PRESCRIBED,EAST,UNCLASSIFIED,2019,ALL DAYS,29543,51,98
57426,74090,PRESCRIBED AND COUNTER,BOTH,UNCLASSIFIED,2019,ALL DAYS,62565,-1,-1
57426,74090,COUNTER,WEST,UNCLASSIFIED,2019,WEEKDAYS,33860,-1,-1
57426,74090,PRESCRIBED,EAST,UNCLASSIFIED,2019,WEEKDAYS,30304,-1,-1
57426,74090,PRESCRIBED AND COUNTER,BOTH,UNCLASSIFIED,2019,PUBLIC HOLIDAYS,54968,-1,-1
57426,74090,PRESCRIBED AND COUNTER,BOTH,UNCLASSIFIED,2019,PM PEAK,15414,-1,-1
57426,74090,COUNTER,WEST,UNCLASSIFIED,2019,OFF PEAK,17517,51,100
57426,74090,COUNTER,WEST,UNCLASSIFIED,2019,PM PEAK,8399,51,98
57426,74090,COUNTER,WEST,UNCLASSIFIED,2019,AM PEAK,7944,51,90
57426,74090,PRESCRIBED,EAST,UNCLASSIFIED,2019,PUBLIC HOLIDAYS,25879,53,100
57426,74090,PRESCRIBED AND COUNTER,BOTH,UNCLASSIFIED,2019,AM PEAK,15735,-1,-1
57426,74090,COUNTER,WEST,UNCLASSIFIED,2019,ALL DAYS,33022,51,100
57426,74090,COUNTER,WEST,UNCLASSIFIED,2019,WEEKENDS,31382,-1,-1
57439,74228,PRESCRIBED,NORTH,LIGHT VEHICLES,2019,AM PEAK,2673,95,94
57439,74228,PRESCRIBED,NORTH,LIGHT VEHICLES,2019,OFF PEAK,6592,74,94
57439,74228,PRESCRIBED,NORTH,HEAVY VEHICLES,2019,ALL DAYS,1069,30,97
57439,74228,COUNTER,SOUTH,LIGHT VEHICLES,2019,WEEKDAYS,15056,-1,-1
57439,74228,COUNTER,SOUTH,HEAVY VEHICLES,2019,PM PEAK,239,32,96
57439,74228,COUNTER,SOUTH,HEAVY VEHICLES,2019,PUBLIC HOLIDAYS,344,16,100
57439,74228,PRESCRIBED AND COUNTER,BOTH,LIGHT VEHICLES,2019,AM PEAK,7493,-1,-1
57439,74228,COUNTER,SOUTH,HEAVY VEHICLES,2019,OFF PEAK,597,33,95
57439,74228,PRESCRIBED AND COUNTER,BOTH,LIGHT VEHICLES,2019,PUBLIC HOLIDAYS,21392,-1,-1
57439,74228,PRESCRIBED AND COUNTER,BOTH,HEAVY VEHICLES,2019,PUBLIC HOLIDAYS,762,-1,-1
57439,74228,PRESCRIBED,NORTH,LIGHT VEHICLES,2019,WEEKENDS,13127,-1,-1
57439,74228,PRESCRIBED AND COUNTER,BOTH,ALL VEHICLES,2019,OFF PEAK,14241,-1,-1
57439,74228,PRESCRIBED,NORTH,ALL VEHICLES,2019,ALL DAYS,14327,-1,-1
57439,74228,COUNTER,SOUTH,LIGHT VEHICLES,2019,OFF PEAK,6433,75,94
57439,74228,PRESCRIBED AND COUNTER,BOTH,LIGHT VEHICLES,2019,ALL DAYS,28123,-1,-1
57439,74228,PRESCRIBED AND COUNTER,BOTH,HEAVY VEHICLES,2019,ALL DAYS,2132,-1,-1
57439,74228,COUNTER,SOUTH,HEAVY VEHICLES,2019,ALL DAYS,1063,29,96
57439,74228,PRESCRIBED,NORTH,LIGHT VEHICLES,2019,ALL DAYS,13258,82,96
57439,74228,COUNTER,SOUTH,ALL VEHICLES,2019,OFF PEAK,7030,-1,-1
57439,74228,COUNTER,SOUTH,LIGHT VEHICLES,2019,PM PEAK,3803,93,94
57439,74228,PRESCRIBED,NORTH,ALL VEHICLES,2019,PM PEAK,4281,-1,-1
57439,74228,PRESCRIBED,NORTH,HEAVY VEHICLES,2019,AM PEAK,355,55,95
57439,74228,PRESCRIBED,NORTH,ALL VEHICLES,2019,OFF PEAK,7211,-1,-1
57439,74228,COUNTER,SOUTH,HEAVY VEHICLES,2019,WEEKENDS,470,-1,-1
57439,74228,PRESCRIBED AND COUNTER,BOTH,ALL VEHICLES,2019,WEEKDAYS,30850,-1,-1
57439,74228,PRESCRIBED,NORTH,LIGHT VEHICLES,2019,PM PEAK,4002,95,95
57439,74228,COUNTER,SOUTH,LIGHT VEHICLES,2019,PUBLIC HOLIDAYS,10957,66,100
57439,74228,PRESCRIBED AND COUNTER,BOTH,ALL VEHICLES,2019,WEEKENDS,28305,-1,-1
57439,74228,PRESCRIBED,NORTH,LIGHT VEHICLES,2019,WEEKDAYS,13267,-1,-1
57439,74228,PRESCRIBED AND COUNTER,BOTH,ALL VEHICLES,2019,PUBLIC HOLIDAYS,22154,-1,-1
57439,74228,PRESCRIBED AND COUNTER,BOTH,HEAVY VEHICLES,2019,OFF PEAK,1216,-1,-1
57439,74228,PRESCRIBED,NORTH,HEAVY VEHICLES,2019,WEEKENDS,557,-1,-1
57439,74228,COUNTER,SOUTH,ALL VEHICLES,2019,AM PEAK,5258,-1,-1
57439,74228,PRESCRIBED,NORTH,LIGHT VEHICLES,2019,PUBLIC HOLIDAYS,10435,64,100
57439,74228,COUNTER,SOUTH,ALL VEHICLES,2019,PM PEAK,4042,-1,-1
57439,74228,PRESCRIBED,NORTH,HEAVY VEHICLES,2019,WEEKDAYS,1253,-1,-1
57439,74228,COUNTER,SOUTH,LIGHT VEHICLES,2019,AM PEAK,4820,96,94
57439,74228,COUNTER,SOUTH,LIGHT VEHICLES,2019,ALL DAYS,14865,82,96
57439,74228,COUNTER,SOUTH,ALL VEHICLES,2019,WEEKENDS,14621,-1,-1
57439,74228,COUNTER,SOUTH,ALL VEHICLES,2019,ALL DAYS,15928,-1,-1
57439,74228,PRESCRIBED,NORTH,ALL VEHICLES,2019,WEEKENDS,13684,-1,-1
57439,74228,COUNTER,SOUTH,LIGHT VEHICLES,2019,WEEKENDS,14151,-1,-1
57439,74228,PRESCRIBED AND COUNTER,BOTH,LIGHT VEHICLES,2019,PM PEAK,7805,-1,-1
57439,74228,COUNTER,SOUTH,ALL VEHICLES,2019,PUBLIC HOLIDAYS,11301,-1,-1
57439,74228,PRESCRIBED AND COUNTER,BOTH,HEAVY VEHICLES,2019,WEEKDAYS,2527,-1,-1
57439,74228,COUNTER,SOUTH,HEAVY VEHICLES,2019,WEEKDAYS,1274,-1,-1
57439,74228,PRESCRIBED AND COUNTER,BOTH,LIGHT VEHICLES,2019,WEEKENDS,27278,-1,-1
57439,74228,PRESCRIBED,NORTH,ALL VEHICLES,2019,PUBLIC HOLIDAYS,10853,-1,-1
57439,74228,PRESCRIBED,NORTH,ALL VEHICLES,2019,AM PEAK,3028,-1,-1
57439,74228,PRESCRIBED AND COUNTER,BOTH,LIGHT VEHICLES,2019,OFF PEAK,13025,-1,-1
57439,74228,PRESCRIBED,NORTH,HEAVY VEHICLES,2019,PUBLIC HOLIDAYS,418,16,100
57439,74228,PRESCRIBED,NORTH,HEAVY VEHICLES,2019,PM PEAK,279,39,96
57439,74228,PRESCRIBED AND COUNTER,BOTH,ALL VEHICLES,2019,PM PEAK,8323,-1,-1
57439,74228,PRESCRIBED AND COUNTER,BOTH,HEAVY VEHICLES,2019,PM PEAK,518,-1,-1
57439,74228,PRESCRIBED AND COUNTER,BOTH,HEAVY VEHICLES,2019,WEEKENDS,1027,-1,-1
57439,74228,COUNTER,SOUTH,ALL VEHICLES,2019,WEEKDAYS,16330,-1,-1
57439,74228,COUNTER,SOUTH,HEAVY VEHICLES,2019,AM PEAK,438,54,95
57439,74228,PRESCRIBED AND COUNTER,BOTH,HEAVY VEHICLES,2019,AM PEAK,793,-1,-1
57439,74228,PRESCRIBED,NORTH,HEAVY VEHICLES,2019,OFF PEAK,619,31,95
57439,74228,PRESCRIBED AND COUNTER,BOTH,LIGHT VEHICLES,2019,WEEKDAYS,28323,-1,-1
57439,74228,PRESCRIBED,NORTH,ALL VEHICLES,2019,WEEKDAYS,14520,-1,-1
57439,74228,PRESCRIBED AND COUNTER,BOTH,ALL VEHICLES,2019,ALL DAYS,30255,-1,-1
57439,74228,PRESCRIBED AND COUNTER,BOTH,ALL VEHICLES,2019,AM PEAK,8286,-1,-1
57440,74229,PRESCRIBED,NORTH,ALL VEHICLES,2019,PUBLIC HOLIDAYS,11304,-1,-1
57440,74229,PRESCRIBED AND COUNTER,BOTH,LIGHT VEHICLES,2019,WEEKDAYS,30980,-1,-1
57440,74229,PRESCRIBED AND COUNTER,BOTH,HEAVY VEHICLES,2019,PUBLIC HOLIDAYS,479,-1,-1
57440,74229,COUNTER,SOUTH,LIGHT VEHICLES,2019,WEEKDAYS,15360,-1,-1
57440,74229,PRESCRIBED,NORTH,ALL VEHICLES,2019,ALL DAYS,15831,-1,-1
57440,74229,COUNTER,SOUTH,ALL VEHICLES,2019,ALL DAYS,15554,-1,-1
57440,74229,PRESCRIBED AND COUNTER,BOTH,LIGHT VEHICLES,2019,WEEKENDS,27089,-1,-1
57440,74229,COUNTER,SOUTH,ALL VEHICLES,2019,OFF PEAK,6976,-1,-1
57440,74229,COUNTER,SOUTH,HEAVY VEHICLES,2019,OFF PEAK,460,31,97
57440,74229,PRESCRIBED AND COUNTER,BOTH,HEAVY VEHICLES,2019,WEEKENDS,757,-1,-1
57440,74229,COUNTER,SOUTH,LIGHT VEHICLES,2019,PUBLIC HOLIDAYS,10244,55,100
57440,74229,PRESCRIBED AND COUNTER,BOTH,ALL VEHICLES,2019,WEEKENDS,27846,-1,-1
57440,74229,PRESCRIBED,NORTH,HEAVY VEHICLES,2019,ALL DAYS,713,28,98
57440,74229,PRESCRIBED AND COUNTER,BOTH,HEAVY VEHICLES,2019,PM PEAK,349,-1,-1
57440,74229,PRESCRIBED AND COUNTER,BOTH,LIGHT VEHICLES,2019,ALL DAYS,29896,-1,-1
57440,74229,COUNTER,SOUTH,HEAVY VEHICLES,2019,WEEKDAYS,930,-1,-1
57440,74229,PRESCRIBED,NORTH,HEAVY VEHICLES,2019,WEEKDAYS,844,-1,-1
57440,74229,PRESCRIBED,NORTH,HEAVY VEHICLES,2019,WEEKENDS,367,-1,-1
57440,74229,COUNTER,SOUTH,LIGHT VEHICLES,2019,WEEKENDS,13284,-1,-1
57440,74229,COUNTER,SOUTH,ALL VEHICLES,2019,PUBLIC HOLIDAYS,10487,-1,-1
57440,74229,PRESCRIBED AND COUNTER,BOTH,LIGHT VEHICLES,2019,PM PEAK,8543,-1,-1
57440,74229,PRESCRIBED,NORTH,LIGHT VEHICLES,2019,PUBLIC HOLIDAYS,11068,55,100
57440,74229,PRESCRIBED AND COUNTER,BOTH,HEAVY VEHICLES,2019,AM PEAK,530,-1,-1
57440,74229,PRESCRIBED,NORTH,LIGHT VEHICLES,2019,AM PEAK,2750,89,96
57440,74229,COUNTER,SOUTH,ALL VEHICLES,2019,AM PEAK,6051,-1,-1
57440,74229,PRESCRIBED AND COUNTER,BOTH,ALL VEHICLES,2019,ALL DAYS,31385,-1,-1
57440,74229,PRESCRIBED AND COUNTER,BOTH,ALL VEHICLES,2019,AM PEAK,9017,-1,-1
57440,74229,PRESCRIBED AND COUNTER,BOTH,LIGHT VEHICLES,2019,PUBLIC HOLIDAYS,21312,-1,-1
57440,74229,PRESCRIBED,NORTH,LIGHT VEHICLES,2019,WEEKENDS,13805,-1,-1
57440,74229,COUNTER,SOUTH,HEAVY VEHICLES,2019,AM PEAK,314,50,97
57440,74229,COUNTER,SOUTH,ALL VEHICLES,2019,WEEKENDS,13674,-1,-1
57440,74229,PRESCRIBED,NORTH,ALL VEHICLES,2019,OFF PEAK,7869,-1,-1
57440,74229,COUNTER,SOUTH,LIGHT VEHICLES,2019,ALL DAYS,14778,75,97
57440,74229,PRESCRIBED,NORTH,ALL VEHICLES,2019,AM PEAK,2966,-1,-1
57440,74229,COUNTER,SOUTH,HEAVY VEHICLES,2019,PUBLIC HOLIDAYS,243,13,100
57440,74229,PRESCRIBED AND COUNTER,BOTH,ALL VEHICLES,2019,WEEKDAYS,32754,-1,-1
57440,74229,PRESCRIBED,NORTH,LIGHT VEHICLES,2019,OFF PEAK,7434,69,96
57440,74229,COUNTER,SOUTH,LIGHT VEHICLES,2019,OFF PEAK,6516,69,96
57440,74229,PRESCRIBED AND COUNTER,BOTH,LIGHT VEHICLES,2019,OFF PEAK,13950,-1,-1
57440,74229,COUNTER,SOUTH,LIGHT VEHICLES,2019,AM PEAK,5737,93,97
57440,74229,PRESCRIBED AND COUNTER,BOTH,HEAVY VEHICLES,2019,WEEKDAYS,1774,-1,-1
57440,74229,COUNTER,SOUTH,HEAVY VEHICLES,2019,ALL DAYS,776,25,97
57440,74229,PRESCRIBED,NORTH,HEAVY VEHICLES,2019,OFF PEAK,435,28,97
57440,74229,COUNTER,SOUTH,ALL VEHICLES,2019,PM PEAK,3263,-1,-1
57440,74229,COUNTER,SOUTH,HEAVY VEHICLES,2019,WEEKENDS,390,-1,-1
57440,74229,PRESCRIBED,NORTH,ALL VEHICLES,2019,WEEKENDS,14172,-1,-1
57440,74229,PRESCRIBED,NORTH,LIGHT VEHICLES,2019,WEEKDAYS,15620,-1,-1
57440,74229,PRESCRIBED AND COUNTER,BOTH,ALL VEHICLES,2019,PUBLIC HOLIDAYS,21791,-1,-1
57440,74229,PRESCRIBED AND COUNTER,BOTH,LIGHT VEHICLES,2019,AM PEAK,8487,-1,-1
57440,74229,PRESCRIBED AND COUNTER,BOTH,HEAVY VEHICLES,2019,OFF PEAK,895,-1,-1
57440,74229,PRESCRIBED,NORTH,LIGHT VEHICLES,2019,ALL DAYS,15118,75,97
57440,74229,COUNTER,SOUTH,ALL VEHICLES,2019,WEEKDAYS,16290,-1,-1
57440,74229,PRESCRIBED AND COUNTER,BOTH,ALL VEHICLES,2019,PM PEAK,8892,-1,-1
57440,74229,PRESCRIBED,NORTH,HEAVY VEHICLES,2019,AM PEAK,216,49,98
57440,74229,COUNTER,SOUTH,LIGHT VEHICLES,2019,PM PEAK,3107,80,96
57440,74229,PRESCRIBED,NORTH,HEAVY VEHICLES,2019,PUBLIC HOLIDAYS,236,13,100
57440,74229,PRESCRIBED,NORTH,HEAVY VEHICLES,2019,PM PEAK,193,35,97
57440,74229,PRESCRIBED,NORTH,LIGHT VEHICLES,2019,PM PEAK,5436,97,96
57440,74229,PRESCRIBED AND COUNTER,BOTH,HEAVY VEHICLES,2019,ALL DAYS,1489,-1,-1
57440,74229,PRESCRIBED,NORTH,ALL VEHICLES,2019,PM PEAK,5629,-1,-1
57440,74229,PRESCRIBED AND COUNTER,BOTH,ALL VEHICLES,2019,OFF PEAK,14845,-1,-1
57440,74229,COUNTER,SOUTH,HEAVY VEHICLES,2019,PM PEAK,156,25,96
57440,74229,PRESCRIBED,NORTH,ALL VEHICLES,2019,WEEKDAYS,16464,-1,-1
57453,74453,PRESCRIBED,EAST,UNCLASSIFIED,2019,PM PEAK,5955,81,99
57453,74453,PRESCRIBED,EAST,UNCLASSIFIED,2019,AM PEAK,10252,81,89
57453,74453,PRESCRIBED,EAST,UNCLASSIFIED,2019,OFF PEAK,12972,81,99
57453,74453,PRESCRIBED,EAST,UNCLASSIFIED,2019,WEEKDAYS,29179,-1,-1
57453,74453,PRESCRIBED,EAST,UNCLASSIFIED,2019,WEEKENDS,25576,-1,-1
57453,74453,PRESCRIBED,EAST,UNCLASSIFIED,2019,ALL DAYS,28140,81,98
57453,74453,PRESCRIBED,EAST,UNCLASSIFIED,2019,PUBLIC HOLIDAYS,19353,61,100
57456,76001,PRESCRIBED AND COUNTER,BOTH,UNCLASSIFIED,2019,PM PEAK,706,-1,-1
57456,76001,PRESCRIBED,NORTH,UNCLASSIFIED,2019,PUBLIC HOLIDAYS,2023,46,100
57456,76001,PRESCRIBED AND COUNTER,BOTH,UNCLASSIFIED,2019,WEEKDAYS,2727,-1,-1
57456,76001,COUNTER,SOUTH,UNCLASSIFIED,2019,WEEKENDS,2013,-1,-1
57456,76001,PRESCRIBED,NORTH,UNCLASSIFIED,2019,OFF PEAK,673,75,83
57456,76001,COUNTER,SOUTH,UNCLASSIFIED,2019,AM PEAK,365,75,79
57456,76001,COUNTER,SOUTH,UNCLASSIFIED,2019,PUBLIC HOLIDAYS,2389,46,100
57456,76001,PRESCRIBED AND COUNTER,BOTH,UNCLASSIFIED,2019,WEEKENDS,3931,-1,-1
57456,76001,PRESCRIBED AND COUNTER,BOTH,UNCLASSIFIED,2019,OFF PEAK,1355,-1,-1
57456,76001,PRESCRIBED AND COUNTER,BOTH,UNCLASSIFIED,2019,ALL DAYS,3124,-1,-1
57456,76001,PRESCRIBED AND COUNTER,BOTH,UNCLASSIFIED,2019,PUBLIC HOLIDAYS,4412,-1,-1
57456,76001,COUNTER,SOUTH,UNCLASSIFIED,2019,WEEKDAYS,1390,-1,-1
57456,76001,COUNTER,SOUTH,UNCLASSIFIED,2019,OFF PEAK,682,75,78
57456,76001,COUNTER,SOUTH,UNCLASSIFIED,2019,ALL DAYS,1596,74,81
57456,76001,PRESCRIBED,NORTH,UNCLASSIFIED,2019,ALL DAYS,1528,74,86
57456,76001,PRESCRIBED,NORTH,UNCLASSIFIED,2019,PM PEAK,363,75,81
57456,76001,COUNTER,SOUTH,UNCLASSIFIED,2019,PM PEAK,343,75,90
57456,76001,PRESCRIBED,NORTH,UNCLASSIFIED,2019,WEEKDAYS,1337,-1,-1
57456,76001,PRESCRIBED,NORTH,UNCLASSIFIED,2019,AM PEAK,301,75,93
57456,76001,PRESCRIBED,NORTH,UNCLASSIFIED,2019,WEEKENDS,1918,-1,-1
57456,76001,PRESCRIBED AND COUNTER,BOTH,UNCLASSIFIED,2019,AM PEAK,666,-1,-1
57462,83011,PRESCRIBED,NORTH,HEAVY VEHICLES,2019,OFF PEAK,1278,31,97
57462,83011,PRESCRIBED AND COUNTER,BOTH,HEAVY VEHICLES,2019,WEEKDAYS,4498,-1,-1
57462,83011,PRESCRIBED AND COUNTER,BOTH,LIGHT VEHICLES,2019,PUBLIC HOLIDAYS,25222,-1,-1
57462,83011,COUNTER,SOUTH,ALL VEHICLES,2019,PM PEAK,7224,-1,-1
57462,83011,PRESCRIBED,NORTH,HEAVY VEHICLES,2019,PM PEAK,340,36,97
57462,83011,COUNTER,SOUTH,LIGHT VEHICLES,2019,PUBLIC HOLIDAYS,12615,50,100
57462,83011,PRESCRIBED,NORTH,LIGHT VEHICLES,2019,PM PEAK,5346,72,95
57462,83011,PRESCRIBED AND COUNTER,BOTH,HEAVY VEHICLES,2019,PUBLIC HOLIDAYS,1327,-1,-1
57462,83011,PRESCRIBED,NORTH,ALL VEHICLES,2019,AM PEAK,5940,-1,-1
57462,83011,PRESCRIBED AND COUNTER,BOTH,ALL VEHICLES,2019,WEEKENDS,34486,-1,-1
57462,83011,COUNTER,SOUTH,LIGHT VEHICLES,2019,OFF PEAK,9581,74,96
57462,83011,COUNTER,SOUTH,LIGHT VEHICLES,2019,PM PEAK,6681,90,95
57462,83011,PRESCRIBED AND COUNTER,BOTH,ALL VEHICLES,2019,ALL DAYS,43469,-1,-1
57462,83011,PRESCRIBED AND COUNTER,BOTH,HEAVY VEHICLES,2019,OFF PEAK,2443,-1,-1
57462,83011,PRESCRIBED AND COUNTER,BOTH,ALL VEHICLES,2019,OFF PEAK,22927,-1,-1
57462,83011,COUNTER,SOUTH,ALL VEHICLES,2019,WEEKENDS,16936,-1,-1
57462,83011,COUNTER,SOUTH,ALL VEHICLES,2019,AM PEAK,5212,-1,-1
57462,83011,PRESCRIBED,NORTH,ALL VEHICLES,2019,OFF PEAK,12181,-1,-1
57462,83011,COUNTER,SOUTH,HEAVY VEHICLES,2019,OFF PEAK,1165,40,96
57462,83011,PRESCRIBED AND COUNTER,BOTH,HEAVY VEHICLES,2019,PM PEAK,883,-1,-1
57462,83011,PRESCRIBED AND COUNTER,BOTH,ALL VEHICLES,2019,AM PEAK,11152,-1,-1
57462,83011,PRESCRIBED AND COUNTER,BOTH,HEAVY VEHICLES,2019,AM PEAK,1172,-1,-1
57462,83011,COUNTER,SOUTH,HEAVY VEHICLES,2019,ALL DAYS,1858,39,97
57462,83011,PRESCRIBED,NORTH,ALL VEHICLES,2019,WEEKDAYS,23807,-1,-1
57462,83011,COUNTER,SOUTH,ALL VEHICLES,2019,PUBLIC HOLIDAYS,13358,-1,-1
57462,83011,PRESCRIBED AND COUNTER,BOTH,HEAVY VEHICLES,2019,ALL DAYS,3743,-1,-1
57462,83011,COUNTER,SOUTH,LIGHT VEHICLES,2019,WEEKENDS,16039,-1,-1
57462,83011,PRESCRIBED,NORTH,HEAVY VEHICLES,2019,WEEKDAYS,2264,-1,-1
57462,83011,PRESCRIBED,NORTH,HEAVY VEHICLES,2019,WEEKENDS,885,-1,-1
57462,83011,PRESCRIBED AND COUNTER,BOTH,ALL VEHICLES,2019,WEEKDAYS,46989,-1,-1
57462,83011,COUNTER,SOUTH,LIGHT VEHICLES,2019,AM PEAK,4686,88,95
57462,83011,PRESCRIBED AND COUNTER,BOTH,LIGHT VEHICLES,2019,WEEKDAYS,42491,-1,-1
57462,83011,PRESCRIBED AND COUNTER,BOTH,ALL VEHICLES,2019,PUBLIC HOLIDAYS,26549,-1,-1
57462,83011,PRESCRIBED,NORTH,LIGHT VEHICLES,2019,WEEKDAYS,21543,-1,-1
57462,83011,PRESCRIBED AND COUNTER,BOTH,LIGHT VEHICLES,2019,AM PEAK,9980,-1,-1
57462,83011,COUNTER,SOUTH,ALL VEHICLES,2019,ALL DAYS,21418,-1,-1
57462,83011,COUNTER,SOUTH,HEAVY VEHICLES,2019,WEEKDAYS,2234,-1,-1
57462,83011,PRESCRIBED,NORTH,ALL VEHICLES,2019,PM PEAK,5686,-1,-1
57462,83011,PRESCRIBED,NORTH,ALL VEHICLES,2019,WEEKENDS,17550,-1,-1
57462,83011,PRESCRIBED,NORTH,LIGHT VEHICLES,2019,AM PEAK,5294,75,96
57462,83011,PRESCRIBED AND COUNTER,BOTH,HEAVY VEHICLES,2019,WEEKENDS,1782,-1,-1
57462,83011,PRESCRIBED AND COUNTER,BOTH,LIGHT VEHICLES,2019,ALL DAYS,39726,-1,-1
57462,83011,COUNTER,SOUTH,HEAVY VEHICLES,2019,PUBLIC HOLIDAYS,743,18,100
57462,83011,PRESCRIBED,NORTH,LIGHT VEHICLES,2019,ALL DAYS,20166,62,91
57462,83011,PRESCRIBED AND COUNTER,BOTH,ALL VEHICLES,2019,PM PEAK,12910,-1,-1
57462,83011,PRESCRIBED,NORTH,HEAVY VEHICLES,2019,PUBLIC HOLIDAYS,584,17,98
57462,83011,PRESCRIBED,NORTH,HEAVY VEHICLES,2019,ALL DAYS,1885,29,95
57462,83011,PRESCRIBED,NORTH,HEAVY VEHICLES,2019,AM PEAK,646,45,97
57462,83011,PRESCRIBED,NORTH,ALL VEHICLES,2019,PUBLIC HOLIDAYS,13191,-1,-1
57462,83011,PRESCRIBED,NORTH,LIGHT VEHICLES,2019,PUBLIC HOLIDAYS,12607,41,96
57462,83011,COUNTER,SOUTH,HEAVY VEHICLES,2019,PM PEAK,543,49,97
57462,83011,PRESCRIBED,NORTH,LIGHT VEHICLES,2019,OFF PEAK,10903,57,96
57462,83011,PRESCRIBED AND COUNTER,BOTH,LIGHT VEHICLES,2019,WEEKENDS,32704,-1,-1
57462,83011,COUNTER,SOUTH,ALL VEHICLES,2019,WEEKDAYS,23182,-1,-1
57462,83011,COUNTER,SOUTH,HEAVY VEHICLES,2019,WEEKENDS,897,-1,-1
57462,83011,PRESCRIBED AND COUNTER,BOTH,LIGHT VEHICLES,2019,OFF PEAK,20484,-1,-1
57462,83011,PRESCRIBED,NORTH,LIGHT VEHICLES,2019,WEEKENDS,16665,-1,-1
57462,83011,PRESCRIBED,NORTH,ALL VEHICLES,2019,ALL DAYS,22051,-1,-1
57462,83011,COUNTER,SOUTH,LIGHT VEHICLES,2019,WEEKDAYS,20948,-1,-1
57462,83011,COUNTER,SOUTH,ALL VEHICLES,2019,OFF PEAK,10746,-1,-1
57462,83011,COUNTER,SOUTH,LIGHT VEHICLES,2019,ALL DAYS,19560,78,96
57462,83011,COUNTER,SOUTH,HEAVY VEHICLES,2019,AM PEAK,526,66,97
57462,83011,PRESCRIBED AND COUNTER,BOTH,LIGHT VEHICLES,2019,PM PEAK,12027,-1,-1
57502,85016,COUNTER,SOUTH,UNCLASSIFIED,2019,OFF PEAK,3926,14,97
57502,85016,PRESCRIBED,NORTH,UNCLASSIFIED,2019,WEEKDAYS,8160,-1,-1
57502,85016,PRESCRIBED AND COUNTER,BOTH,UNCLASSIFIED,2019,ALL DAYS,15489,-1,-1
57502,85016,PRESCRIBED AND COUNTER,BOTH,UNCLASSIFIED,2019,OFF PEAK,7985,-1,-1
57502,85016,PRESCRIBED AND COUNTER,BOTH,UNCLASSIFIED,2019,WEEKENDS,13359,-1,-1
57502,85016,PRESCRIBED AND COUNTER,BOTH,UNCLASSIFIED,2019,PUBLIC HOLIDAYS,8675,-1,-1
57502,85016,COUNTER,SOUTH,UNCLASSIFIED,2019,WEEKDAYS,8206,-1,-1
57502,85016,PRESCRIBED,NORTH,UNCLASSIFIED,2019,PM PEAK,2068,14,84
57502,85016,PRESCRIBED AND COUNTER,BOTH,UNCLASSIFIED,2019,WEEKDAYS,16366,-1,-1
57502,85016,PRESCRIBED,NORTH,UNCLASSIFIED,2019,PUBLIC HOLIDAYS,4225,15,100
57502,85016,COUNTER,SOUTH,UNCLASSIFIED,2019,PUBLIC HOLIDAYS,4450,15,100
57502,85016,PRESCRIBED,NORTH,UNCLASSIFIED,2019,OFF PEAK,4059,14,97
57502,85016,PRESCRIBED,NORTH,UNCLASSIFIED,2019,AM PEAK,2033,14,71
57502,85016,PRESCRIBED,NORTH,UNCLASSIFIED,2019,WEEKENDS,6721,-1,-1
57502,85016,COUNTER,SOUTH,UNCLASSIFIED,2019,AM PEAK,1672,14,76
57502,85016,PRESCRIBED AND COUNTER,BOTH,UNCLASSIFIED,2019,PM PEAK,4676,-1,-1
57502,85016,COUNTER,SOUTH,UNCLASSIFIED,2019,PM PEAK,2608,14,84
57502,85016,COUNTER,SOUTH,UNCLASSIFIED,2019,ALL DAYS,7742,14,93
57502,85016,PRESCRIBED AND COUNTER,BOTH,UNCLASSIFIED,2019,AM PEAK,3705,-1,-1
57502,85016,PRESCRIBED,NORTH,UNCLASSIFIED,2019,ALL DAYS,7747,14,89
57502,85016,COUNTER,SOUTH,UNCLASSIFIED,2019,WEEKENDS,6638,-1,-1
57518,86008,PRESCRIBED AND COUNTER,BOTH,UNCLASSIFIED,2019,OFF PEAK,16765,-1,-1
57518,86008,PRESCRIBED,WEST,UNCLASSIFIED,2019,PM PEAK,5276,24,93
57518,86008,PRESCRIBED AND COUNTER,BOTH,UNCLASSIFIED,2019,PM PEAK,10298,-1,-1
57518,86008,COUNTER,EAST,UNCLASSIFIED,2019,WEEKDAYS,18422,-1,-1
57518,86008,COUNTER,EAST,UNCLASSIFIED,2019,PM PEAK,5022,89,97
57518,86008,PRESCRIBED,WEST,UNCLASSIFIED,2019,WEEKDAYS,16742,-1,-1
57518,86008,PRESCRIBED,WEST,UNCLASSIFIED,2019,OFF PEAK,7747,24,98
57518,86008,COUNTER,EAST,UNCLASSIFIED,2019,AM PEAK,4382,89,88
57518,86008,PRESCRIBED,WEST,UNCLASSIFIED,2019,WEEKENDS,12619,-1,-1
57518,86008,PRESCRIBED AND COUNTER,BOTH,UNCLASSIFIED,2019,ALL DAYS,32989,-1,-1
57518,86008,PRESCRIBED,WEST,UNCLASSIFIED,2019,AM PEAK,3719,24,82
57518,86008,PRESCRIBED AND COUNTER,BOTH,UNCLASSIFIED,2019,AM PEAK,8101,-1,-1
57518,86008,COUNTER,EAST,UNCLASSIFIED,2019,ALL DAYS,17294,89,97
57518,86008,PRESCRIBED,WEST,UNCLASSIFIED,2019,PUBLIC HOLIDAYS,9402,15,100
57518,86008,COUNTER,EAST,UNCLASSIFIED,2019,OFF PEAK,9018,89,98
57518,86008,COUNTER,EAST,UNCLASSIFIED,2019,PUBLIC HOLIDAYS,10896,61,100
57518,86008,COUNTER,EAST,UNCLASSIFIED,2019,WEEKENDS,14314,-1,-1
57518,86008,PRESCRIBED AND COUNTER,BOTH,UNCLASSIFIED,2019,WEEKDAYS,35164,-1,-1
57518,86008,PRESCRIBED AND COUNTER,BOTH,UNCLASSIFIED,2019,PUBLIC HOLIDAYS,20298,-1,-1
57518,86008,PRESCRIBED AND COUNTER,BOTH,UNCLASSIFIED,2019,WEEKENDS,26933,-1,-1
57518,86008,PRESCRIBED,WEST,UNCLASSIFIED,2019,ALL DAYS,15695,23,97
57522,86036,PRESCRIBED,NORTH,UNCLASSIFIED,2019,OFF PEAK,9469,5,100
57522,86036,COUNTER,SOUTH,UNCLASSIFIED,2019,PUBLIC HOLIDAYS,11996,7,100
57522,86036,COUNTER,SOUTH,UNCLASSIFIED,2019,OFF PEAK,10705,14,100
57522,86036,PRESCRIBED AND COUNTER,BOTH,UNCLASSIFIED,2019,PM PEAK,12000,-1,-1
57522,86036,PRESCRIBED AND COUNTER,BOTH,UNCLASSIFIED,2019,OFF PEAK,20174,-1,-1
57522,86036,COUNTER,SOUTH,UNCLASSIFIED,2019,ALL DAYS,21612,14,94
57522,86036,PRESCRIBED,NORTH,UNCLASSIFIED,2019,AM PEAK,3769,4,84
57522,86036,PRESCRIBED,NORTH,UNCLASSIFIED,2019,ALL DAYS,19216,5,87
57522,86036,COUNTER,SOUTH,UNCLASSIFIED,2019,WEEKENDS,18705,-1,-1
57522,86036,COUNTER,SOUTH,UNCLASSIFIED,2019,WEEKDAYS,22439,-1,-1
57522,86036,PRESCRIBED AND COUNTER,BOTH,UNCLASSIFIED,2019,WEEKDAYS,41857,-1,-1
57522,86036,PRESCRIBED AND COUNTER,BOTH,UNCLASSIFIED,2019,AM PEAK,9683,-1,-1
57522,86036,PRESCRIBED AND COUNTER,BOTH,UNCLASSIFIED,2019,ALL DAYS,40828,-1,-1
57522,86036,PRESCRIBED,NORTH,UNCLASSIFIED,2019,WEEKDAYS,19418,-1,-1
57522,86036,PRESCRIBED AND COUNTER,BOTH,UNCLASSIFIED,2019,PUBLIC HOLIDAYS,23437,-1,-1
57522,86036,COUNTER,SOUTH,UNCLASSIFIED,2019,PM PEAK,5820,14,94
57522,86036,PRESCRIBED,NORTH,UNCLASSIFIED,2019,WEEKENDS,17344,-1,-1
57522,86036,PRESCRIBED,NORTH,UNCLASSIFIED,2019,PM PEAK,6180,5,85
57522,86036,COUNTER,SOUTH,UNCLASSIFIED,2019,AM PEAK,5914,14,94
57522,86036,PRESCRIBED,NORTH,UNCLASSIFIED,2019,PUBLIC HOLIDAYS,11441,7,100
57522,86036,PRESCRIBED AND COUNTER,BOTH,UNCLASSIFIED,2019,WEEKENDS,36049,-1,-1
57535,87001,COUNTER,EAST,ALL VEHICLES,2019,PM PEAK,986,-1,-1
57535,87001,COUNTER,EAST,ALL VEHICLES,2019,WEEKDAYS,6725,-1,-1
57535,87001,COUNTER,EAST,LIGHT VEHICLES,2019,WEEKDAYS,6637,-1,-1
57535,87001,COUNTER,EAST,HEAVY VEHICLES,2019,WEEKDAYS,88,-1,-1
57535,87001,COUNTER,EAST,HEAVY VEHICLES,2019,OFF PEAK,42,17,39
57535,87001,COUNTER,EAST,ALL VEHICLES,2019,ALL DAYS,6691,-1,-1
57535,87001,COUNTER,EAST,HEAVY VEHICLES,2019,PM PEAK,14,23,35
57535,87001,COUNTER,EAST,ALL VEHICLES,2019,OFF PEAK,2988,-1,-1
57535,87001,COUNTER,EAST,LIGHT VEHICLES,2019,ALL DAYS,6600,37,29
57535,87001,COUNTER,EAST,LIGHT VEHICLES,2019,PM PEAK,972,34,36
57535,87001,COUNTER,EAST,HEAVY VEHICLES,2019,ALL DAYS,91,19,28
57535,87001,COUNTER,EAST,ALL VEHICLES,2019,AM PEAK,2751,-1,-1
57535,87001,COUNTER,EAST,HEAVY VEHICLES,2019,PUBLIC HOLIDAYS,63,16,84
57535,87001,COUNTER,EAST,LIGHT VEHICLES,2019,PUBLIC HOLIDAYS,2913,33,82
57535,87001,COUNTER,EAST,ALL VEHICLES,2019,WEEKENDS,5750,-1,-1
57535,87001,COUNTER,EAST,LIGHT VEHICLES,2019,WEEKENDS,5686,-1,-1
57535,87001,COUNTER,EAST,HEAVY VEHICLES,2019,WEEKENDS,64,-1,-1
57535,87001,COUNTER,EAST,LIGHT VEHICLES,2019,AM PEAK,2719,39,40
57535,87001,COUNTER,EAST,HEAVY VEHICLES,2019,AM PEAK,32,24,37
57535,87001,COUNTER,EAST,LIGHT VEHICLES,2019,OFF PEAK,2946,37,40
57535,87001,COUNTER,EAST,ALL VEHICLES,2019,PUBLIC HOLIDAYS,2976,-1,-1
58870,F3FWY001,COUNTER,SOUTH,HEAVY VEHICLES,2019,WEEKENDS,2739,-1,-1
58870,F3FWY001,PRESCRIBED AND COUNTER,BOTH,HEAVY VEHICLES,2019,WEEKENDS,5886,-1,-1
58870,F3FWY001,PRESCRIBED AND COUNTER,BOTH,ALL VEHICLES,2019,WEEKENDS,87616,-1,-1
58870,F3FWY001,PRESCRIBED AND COUNTER,BOTH,HEAVY VEHICLES,2019,WEEKDAYS,14967,-1,-1
58870,F3FWY001,COUNTER,SOUTH,ALL VEHICLES,2019,WEEKDAYS,44281,-1,-1
58870,F3FWY001,PRESCRIBED AND COUNTER,BOTH,LIGHT VEHICLES,2019,AM PEAK,18306,-1,-1
58870,F3FWY001,PRESCRIBED,NORTH,HEAVY VEHICLES,2019,PM PEAK,1664,67,95
58870,F3FWY001,PRESCRIBED,NORTH,LIGHT VEHICLES,2019,PM PEAK,12943,95,94
58870,F3FWY001,PRESCRIBED AND COUNTER,BOTH,HEAVY VEHICLES,2019,ALL DAYS,12499,-1,-1
58870,F3FWY001,COUNTER,SOUTH,LIGHT VEHICLES,2019,PUBLIC HOLIDAYS,42639,73,100
58870,F3FWY001,PRESCRIBED,NORTH,HEAVY VEHICLES,2019,PUBLIC HOLIDAYS,2533,40,100
58870,F3FWY001,COUNTER,SOUTH,HEAVY VEHICLES,2019,PUBLIC HOLIDAYS,2293,40,100
58870,F3FWY001,PRESCRIBED,NORTH,HEAVY VEHICLES,2019,WEEKDAYS,7963,-1,-1
58870,F3FWY001,PRESCRIBED AND COUNTER,BOTH,HEAVY VEHICLES,2019,AM PEAK,3529,-1,-1
58870,F3FWY001,PRESCRIBED AND COUNTER,BOTH,LIGHT VEHICLES,2019,WEEKDAYS,74630,-1,-1
58870,F3FWY001,PRESCRIBED,NORTH,ALL VEHICLES,2019,PUBLIC HOLIDAYS,46797,-1,-1
58870,F3FWY001,COUNTER,SOUTH,ALL VEHICLES,2019,AM PEAK,13427,-1,-1
58870,F3FWY001,PRESCRIBED,NORTH,HEAVY VEHICLES,2019,OFF PEAK,4541,56,94
58870,F3FWY001,PRESCRIBED AND COUNTER,BOTH,ALL VEHICLES,2019,PM PEAK,24068,-1,-1
58870,F3FWY001,PRESCRIBED AND COUNTER,BOTH,LIGHT VEHICLES,2019,PUBLIC HOLIDAYS,86903,-1,-1
58870,F3FWY001,COUNTER,SOUTH,LIGHT VEHICLES,2019,OFF PEAK,17226,86,93
58870,F3FWY001,PRESCRIBED,NORTH,LIGHT VEHICLES,2019,PUBLIC HOLIDAYS,44264,74,100
58870,F3FWY001,PRESCRIBED,NORTH,HEAVY VEHICLES,2019,ALL DAYS,6665,56,97
58870,F3FWY001,COUNTER,SOUTH,ALL VEHICLES,2019,PUBLIC HOLIDAYS,44932,-1,-1
58870,F3FWY001,PRESCRIBED,NORTH,LIGHT VEHICLES,2019,AM PEAK,6650,96,94
58870,F3FWY001,COUNTER,SOUTH,HEAVY VEHICLES,2019,WEEKDAYS,7004,-1,-1
58870,F3FWY001,COUNTER,SOUTH,LIGHT VEHICLES,2019,WEEKENDS,42273,-1,-1
58870,F3FWY001,COUNTER,SOUTH,HEAVY VEHICLES,2019,AM PEAK,1771,69,93
58870,F3FWY001,COUNTER,SOUTH,ALL VEHICLES,2019,PM PEAK,9461,-1,-1
58870,F3FWY001,PRESCRIBED,NORTH,LIGHT VEHICLES,2019,ALL DAYS,37996,91,97
58870,F3FWY001,PRESCRIBED AND COUNTER,BOTH,HEAVY VEHICLES,2019,OFF PEAK,8708,-1,-1
58870,F3FWY001,PRESCRIBED,NORTH,ALL VEHICLES,2019,AM PEAK,8408,-1,-1
58870,F3FWY001,PRESCRIBED AND COUNTER,BOTH,HEAVY VEHICLES,2019,PUBLIC HOLIDAYS,4826,-1,-1
58870,F3FWY001,PRESCRIBED AND COUNTER,BOTH,LIGHT VEHICLES,2019,ALL DAYS,76778,-1,-1
58870,F3FWY001,PRESCRIBED,NORTH,ALL VEHICLES,2019,ALL DAYS,44661,-1,-1
58870,F3FWY001,PRESCRIBED AND COUNTER,BOTH,ALL VEHICLES,2019,ALL DAYS,89277,-1,-1
58870,F3FWY001,PRESCRIBED AND COUNTER,BOTH,ALL VEHICLES,2019,PUBLIC HOLIDAYS,91729,-1,-1
58870,F3FWY001,PRESCRIBED AND COUNTER,BOTH,ALL VEHICLES,2019,WEEKDAYS,89597,-1,-1
58870,F3FWY001,PRESCRIBED AND COUNTER,BOTH,ALL VEHICLES,2019,AM PEAK,21835,-1,-1
58870,F3FWY001,PRESCRIBED,NORTH,ALL VEHICLES,2019,OFF PEAK,22301,-1,-1
58870,F3FWY001,COUNTER,SOUTH,LIGHT VEHICLES,2019,ALL DAYS,38782,89,95
58870,F3FWY001,COUNTER,SOUTH,LIGHT VEHICLES,2019,AM PEAK,11656,94,92
58870,F3FWY001,COUNTER,SOUTH,LIGHT VEHICLES,2019,WEEKDAYS,37277,-1,-1
58870,F3FWY001,PRESCRIBED AND COUNTER,BOTH,LIGHT VEHICLES,2019,WEEKENDS,81730,-1,-1
58870,F3FWY001,PRESCRIBED,NORTH,ALL VEHICLES,2019,PM PEAK,14607,-1,-1
58870,F3FWY001,PRESCRIBED AND COUNTER,BOTH,LIGHT VEHICLES,2019,OFF PEAK,34986,-1,-1
58870,F3FWY001,PRESCRIBED,NORTH,LIGHT VEHICLES,2019,WEEKENDS,39457,-1,-1
58870,F3FWY001,COUNTER,SOUTH,ALL VEHICLES,2019,ALL DAYS,44616,-1,-1
58870,F3FWY001,COUNTER,SOUTH,HEAVY VEHICLES,2019,PM PEAK,1066,64,93
58870,F3FWY001,PRESCRIBED,NORTH,ALL VEHICLES,2019,WEEKDAYS,45316,-1,-1
58870,F3FWY001,COUNTER,SOUTH,HEAVY VEHICLES,2019,OFF PEAK,4167,59,93
58870,F3FWY001,COUNTER,SOUTH,LIGHT VEHICLES,2019,PM PEAK,8395,93,93
58870,F3FWY001,COUNTER,SOUTH,HEAVY VEHICLES,2019,ALL DAYS,5834,58,96
58870,F3FWY001,PRESCRIBED,NORTH,LIGHT VEHICLES,2019,OFF PEAK,17760,87,94
58870,F3FWY001,PRESCRIBED,NORTH,HEAVY VEHICLES,2019,WEEKENDS,3147,-1,-1
58870,F3FWY001,PRESCRIBED,NORTH,LIGHT VEHICLES,2019,WEEKDAYS,37353,-1,-1
58870,F3FWY001,COUNTER,SOUTH,ALL VEHICLES,2019,OFF PEAK,21393,-1,-1
58870,F3FWY001,PRESCRIBED AND COUNTER,BOTH,HEAVY VEHICLES,2019,PM PEAK,2730,-1,-1
58870,F3FWY001,PRESCRIBED AND COUNTER,BOTH,ALL VEHICLES,2019,OFF PEAK,43694,-1,-1
58870,F3FWY001,PRESCRIBED,NORTH,ALL VEHICLES,2019,WEEKENDS,42604,-1,-1
58870,F3FWY001,COUNTER,SOUTH,ALL VEHICLES,2019,WEEKENDS,45012,-1,-1
58870,F3FWY001,PRESCRIBED,NORTH,HEAVY VEHICLES,2019,AM PEAK,1758,70,94
58870,F3FWY001,PRESCRIBED AND COUNTER,BOTH,LIGHT VEHICLES,2019,PM PEAK,21338,-1,-1
58874,F3FWY005,COUNTER,SOUTH,HEAVY VEHICLES,2019,PM PEAK,849,46,85
58874,F3FWY005,PRESCRIBED AND COUNTER,BOTH,HEAVY VEHICLES,2019,PM PEAK,2568,-1,-1
58874,F3FWY005,PRESCRIBED AND COUNTER,BOTH,LIGHT VEHICLES,2019,OFF PEAK,30033,-1,-1
58874,F3FWY005,COUNTER,SOUTH,LIGHT VEHICLES,2019,PUBLIC HOLIDAYS,40450,65,100
58874,F3FWY005,PRESCRIBED,NORTH,HEAVY VEHICLES,2019,ALL DAYS,5892,50,92
58874,F3FWY005,PRESCRIBED,NORTH,ALL VEHICLES,2019,PUBLIC HOLIDAYS,44270,-1,-1
58874,F3FWY005,PRESCRIBED,NORTH,LIGHT VEHICLES,2019,OFF PEAK,15214,84,90
58874,F3FWY005,PRESCRIBED AND COUNTER,BOTH,ALL VEHICLES,2019,PUBLIC HOLIDAYS,86746,-1,-1
58874,F3FWY005,PRESCRIBED,NORTH,HEAVY VEHICLES,2019,PM PEAK,1719,61,90
58874,F3FWY005,PRESCRIBED,NORTH,LIGHT VEHICLES,2019,WEEKENDS,34585,-1,-1
58874,F3FWY005,PRESCRIBED,NORTH,HEAVY VEHICLES,2019,OFF PEAK,3772,51,91
58874,F3FWY005,COUNTER,SOUTH,LIGHT VEHICLES,2019,WEEKDAYS,30283,-1,-1
58874,F3FWY005,COUNTER,SOUTH,HEAVY VEHICLES,2019,ALL DAYS,5101,40,87
58874,F3FWY005,COUNTER,SOUTH,LIGHT VEHICLES,2019,OFF PEAK,14819,74,83
58874,F3FWY005,PRESCRIBED,NORTH,HEAVY VEHICLES,2019,WEEKDAYS,6892,-1,-1
58874,F3FWY005,COUNTER,SOUTH,ALL VEHICLES,2019,AM PEAK,10732,-1,-1
58874,F3FWY005,COUNTER,SOUTH,LIGHT VEHICLES,2019,PM PEAK,6208,82,85
58874,F3FWY005,PRESCRIBED,NORTH,ALL VEHICLES,2019,PM PEAK,13821,-1,-1
58874,F3FWY005,PRESCRIBED AND COUNTER,BOTH,LIGHT VEHICLES,2019,WEEKENDS,70099,-1,-1
58874,F3FWY005,COUNTER,SOUTH,HEAVY VEHICLES,2019,AM PEAK,1476,55,84
58874,F3FWY005,PRESCRIBED AND COUNTER,BOTH,HEAVY VEHICLES,2019,ALL DAYS,10993,-1,-1
58874,F3FWY005,PRESCRIBED,NORTH,ALL VEHICLES,2019,ALL DAYS,39291,-1,-1
58874,F3FWY005,PRESCRIBED AND COUNTER,BOTH,LIGHT VEHICLES,2019,PM PEAK,18310,-1,-1
58874,F3FWY005,PRESCRIBED,NORTH,LIGHT VEHICLES,2019,PM PEAK,12102,96,89
58874,F3FWY005,PRESCRIBED,NORTH,HEAVY VEHICLES,2019,AM PEAK,1401,61,91
58874,F3FWY005,PRESCRIBED AND COUNTER,BOTH,ALL VEHICLES,2019,AM PEAK,17389,-1,-1
58874,F3FWY005,COUNTER,SOUTH,HEAVY VEHICLES,2019,WEEKDAYS,5877,-1,-1
58874,F3FWY005,COUNTER,SOUTH,LIGHT VEHICLES,2019,ALL DAYS,32389,77,86
58874,F3FWY005,COUNTER,SOUTH,ALL VEHICLES,2019,OFF PEAK,18371,-1,-1
58874,F3FWY005,PRESCRIBED AND COUNTER,BOTH,HEAVY VEHICLES,2019,AM PEAK,2877,-1,-1
58874,F3FWY005,PRESCRIBED,NORTH,HEAVY VEHICLES,2019,WEEKENDS,3027,-1,-1
58874,F3FWY005,PRESCRIBED,NORTH,ALL VEHICLES,2019,AM PEAK,6657,-1,-1
58874,F3FWY005,PRESCRIBED AND COUNTER,BOTH,HEAVY VEHICLES,2019,WEEKDAYS,12769,-1,-1
58874,F3FWY005,PRESCRIBED,NORTH,LIGHT VEHICLES,2019,ALL DAYS,33399,88,91
58874,F3FWY005,COUNTER,SOUTH,ALL VEHICLES,2019,WEEKENDS,38288,-1,-1
58874,F3FWY005,PRESCRIBED AND COUNTER,BOTH,HEAVY VEHICLES,2019,WEEKENDS,5801,-1,-1
58874,F3FWY005,PRESCRIBED AND COUNTER,BOTH,ALL VEHICLES,2019,PM PEAK,20878,-1,-1
58874,F3FWY005,PRESCRIBED,NORTH,LIGHT VEHICLES,2019,AM PEAK,5256,92,89
58874,F3FWY005,PRESCRIBED AND COUNTER,BOTH,HEAVY VEHICLES,2019,OFF PEAK,7324,-1,-1
58874,F3FWY005,PRESCRIBED,NORTH,ALL VEHICLES,2019,WEEKDAYS,39464,-1,-1
58874,F3FWY005,PRESCRIBED,NORTH,HEAVY VEHICLES,2019,PUBLIC HOLIDAYS,2367,36,100
58874,F3FWY005,PRESCRIBED AND COUNTER,BOTH,ALL VEHICLES,2019,ALL DAYS,76781,-1,-1
58874,F3FWY005,PRESCRIBED AND COUNTER,BOTH,ALL VEHICLES,2019,OFF PEAK,37357,-1,-1
58874,F3FWY005,PRESCRIBED AND COUNTER,BOTH,ALL VEHICLES,2019,WEEKDAYS,75624,-1,-1
58874,F3FWY005,COUNTER,SOUTH,HEAVY VEHICLES,2019,WEEKENDS,2774,-1,-1
58874,F3FWY005,PRESCRIBED AND COUNTER,BOTH,HEAVY VEHICLES,2019,PUBLIC HOLIDAYS,4393,-1,-1
58874,F3FWY005,COUNTER,SOUTH,HEAVY VEHICLES,2019,OFF PEAK,3552,41,85
58874,F3FWY005,COUNTER,SOUTH,LIGHT VEHICLES,2019,WEEKENDS,35514,-1,-1
58874,F3FWY005,PRESCRIBED AND COUNTER,BOTH,LIGHT VEHICLES,2019,ALL DAYS,65788,-1,-1
58874,F3FWY005,PRESCRIBED,NORTH,LIGHT VEHICLES,2019,PUBLIC HOLIDAYS,41903,72,100
58874,F3FWY005,COUNTER,SOUTH,HEAVY VEHICLES,2019,PUBLIC HOLIDAYS,2026,31,100
58874,F3FWY005,PRESCRIBED,NORTH,ALL VEHICLES,2019,OFF PEAK,18986,-1,-1
58874,F3FWY005,COUNTER,SOUTH,ALL VEHICLES,2019,PUBLIC HOLIDAYS,42476,-1,-1
58874,F3FWY005,COUNTER,SOUTH,ALL VEHICLES,2019,WEEKDAYS,36160,-1,-1
58874,F3FWY005,PRESCRIBED,NORTH,LIGHT VEHICLES,2019,WEEKDAYS,32572,-1,-1
58874,F3FWY005,COUNTER,SOUTH,ALL VEHICLES,2019,PM PEAK,7057,-1,-1
58874,F3FWY005,COUNTER,SOUTH,ALL VEHICLES,2019,ALL DAYS,37490,-1,-1
58874,F3FWY005,PRESCRIBED AND COUNTER,BOTH,ALL VEHICLES,2019,WEEKENDS,75900,-1,-1
58874,F3FWY005,PRESCRIBED AND COUNTER,BOTH,LIGHT VEHICLES,2019,WEEKDAYS,62855,-1,-1
58874,F3FWY005,PRESCRIBED,NORTH,ALL VEHICLES,2019,WEEKENDS,37612,-1,-1
58874,F3FWY005,COUNTER,SOUTH,LIGHT VEHICLES,2019,AM PEAK,9256,83,83
58874,F3FWY005,PRESCRIBED AND COUNTER,BOTH,LIGHT VEHICLES,2019,AM PEAK,14512,-1,-1
58874,F3FWY005,PRESCRIBED AND COUNTER,BOTH,LIGHT VEHICLES,2019,PUBLIC HOLIDAYS,82353,-1,-1
15154104,7270,PRESCRIBED,NORTH,LIGHT VEHICLES,2019,PUBLIC HOLIDAYS,19753,57,100
15154104,7270,PRESCRIBED,NORTH,HEAVY VEHICLES,2019,PM PEAK,361,36,96
15154104,7270,PRESCRIBED,NORTH,HEAVY VEHICLES,2019,WEEKDAYS,2801,-1,-1
15154104,7270,PRESCRIBED,NORTH,LIGHT VEHICLES,2019,WEEKDAYS,22731,-1,-1
15154104,7270,PRESCRIBED,NORTH,LIGHT VEHICLES,2019,WEEKENDS,23314,-1,-1
15154104,7270,PRESCRIBED,NORTH,LIGHT VEHICLES,2019,AM PEAK,5996,91,95
15154104,7270,PRESCRIBED,NORTH,LIGHT VEHICLES,2019,PM PEAK,4598,90,95
15154104,7270,PRESCRIBED,NORTH,ALL VEHICLES,2019,AM PEAK,6824,-1,-1
15154104,7270,PRESCRIBED,NORTH,ALL VEHICLES,2019,ALL DAYS,25342,-1,-1
15154104,7270,PRESCRIBED,NORTH,ALL VEHICLES,2019,PM PEAK,4959,-1,-1
15154104,7270,PRESCRIBED,NORTH,ALL VEHICLES,2019,PUBLIC HOLIDAYS,20729,-1,-1
15154104,7270,PRESCRIBED,NORTH,LIGHT VEHICLES,2019,OFF PEAK,12137,70,95
15154104,7270,PRESCRIBED,NORTH,HEAVY VEHICLES,2019,PUBLIC HOLIDAYS,976,20,100
15154104,7270,PRESCRIBED,NORTH,HEAVY VEHICLES,2019,AM PEAK,828,51,96
15154104,7270,PRESCRIBED,NORTH,ALL VEHICLES,2019,OFF PEAK,13749,-1,-1
15154104,7270,PRESCRIBED,NORTH,HEAVY VEHICLES,2019,OFF PEAK,1612,37,97
15154104,7270,PRESCRIBED,NORTH,ALL VEHICLES,2019,WEEKENDS,24550,-1,-1
15154104,7270,PRESCRIBED,NORTH,HEAVY VEHICLES,2019,ALL DAYS,2369,34,97
15154104,7270,PRESCRIBED,NORTH,ALL VEHICLES,2019,WEEKDAYS,25532,-1,-1
15154104,7270,PRESCRIBED,NORTH,LIGHT VEHICLES,2019,ALL DAYS,22973,75,96
15154104,7270,PRESCRIBED,NORTH,HEAVY VEHICLES,2019,WEEKENDS,1236,-1,-1
15252028,7112,PRESCRIBED,NORTH,ALL VEHICLES,2019,PUBLIC HOLIDAYS,15338,-1,-1
15252028,7112,PRESCRIBED,NORTH,ALL VEHICLES,2019,AM PEAK,6487,-1,-1
15252028,7112,PRESCRIBED,NORTH,HEAVY VEHICLES,2019,PM PEAK,328,33,95
15252028,7112,PRESCRIBED,NORTH,LIGHT VEHICLES,2019,PUBLIC HOLIDAYS,14839,50,100
15252028,7112,PRESCRIBED,NORTH,LIGHT VEHICLES,2019,WEEKDAYS,21329,-1,-1
15252028,7112,PRESCRIBED,NORTH,HEAVY VEHICLES,2019,PUBLIC HOLIDAYS,499,16,100
15252028,7112,PRESCRIBED,NORTH,LIGHT VEHICLES,2019,OFF PEAK,10131,63,94
15252028,7112,PRESCRIBED,NORTH,LIGHT VEHICLES,2019,AM PEAK,5724,80,94
15252028,7112,PRESCRIBED,NORTH,HEAVY VEHICLES,2019,ALL DAYS,1883,30,95
15252028,7112,PRESCRIBED,NORTH,HEAVY VEHICLES,2019,AM PEAK,763,47,95
15252028,7112,PRESCRIBED,NORTH,LIGHT VEHICLES,2019,ALL DAYS,20674,67,95
15252028,7112,PRESCRIBED,NORTH,ALL VEHICLES,2019,WEEKDAYS,23634,-1,-1
15252028,7112,PRESCRIBED,NORTH,HEAVY VEHICLES,2019,OFF PEAK,1214,32,95
15252028,7112,PRESCRIBED,NORTH,ALL VEHICLES,2019,PM PEAK,5802,-1,-1
15252028,7112,PRESCRIBED,NORTH,HEAVY VEHICLES,2019,WEEKDAYS,2305,-1,-1
15252028,7112,PRESCRIBED,NORTH,ALL VEHICLES,2019,OFF PEAK,11345,-1,-1
15252028,7112,PRESCRIBED,NORTH,LIGHT VEHICLES,2019,WEEKENDS,18684,-1,-1
15252028,7112,PRESCRIBED,NORTH,ALL VEHICLES,2019,ALL DAYS,22557,-1,-1
15252028,7112,PRESCRIBED,NORTH,HEAVY VEHICLES,2019,WEEKENDS,747,-1,-1
15252028,7112,PRESCRIBED,NORTH,ALL VEHICLES,2019,WEEKENDS,19431,-1,-1
15252028,7112,PRESCRIBED,NORTH,LIGHT VEHICLES,2019,PM PEAK,5474,74,94
15252030,7115,PRESCRIBED,WEST,ALL VEHICLES,2019,PM PEAK,3751,-1,-1
15252030,7115,PRESCRIBED AND COUNTER,BOTH,LIGHT VEHICLES,2019,AM PEAK,5706,-1,-1
15252030,7115,COUNTER,EAST,LIGHT VEHICLES,2019,WEEKENDS,13549,-1,-1
15252030,7115,COUNTER,EAST,ALL VEHICLES,2019,AM PEAK,3578,-1,-1
15252030,7115,PRESCRIBED,WEST,HEAVY VEHICLES,2019,WEEKENDS,527,-1,-1
15252030,7115,PRESCRIBED,WEST,ALL VEHICLES,2019,WEEKDAYS,15223,-1,-1
15252030,7115,COUNTER,EAST,ALL VEHICLES,2019,ALL DAYS,14567,-1,-1
15252030,7115,COUNTER,EAST,LIGHT VEHICLES,2019,PUBLIC HOLIDAYS,11319,42,100
15252030,7115,PRESCRIBED,WEST,LIGHT VEHICLES,2019,AM PEAK,2464,72,94
15252030,7115,PRESCRIBED AND COUNTER,BOTH,HEAVY VEHICLES,2019,PUBLIC HOLIDAYS,630,-1,-1
15252030,7115,PRESCRIBED AND COUNTER,BOTH,ALL VEHICLES,2019,PUBLIC HOLIDAYS,24048,-1,-1
15252030,7115,PRESCRIBED,WEST,HEAVY VEHICLES,2019,OFF PEAK,618,18,94
15252030,7115,PRESCRIBED AND COUNTER,BOTH,HEAVY VEHICLES,2019,WEEKENDS,918,-1,-1
15252030,7115,COUNTER,EAST,HEAVY VEHICLES,2019,WEEKENDS,391,-1,-1
15252030,7115,PRESCRIBED AND COUNTER,BOTH,HEAVY VEHICLES,2019,AM PEAK,574,-1,-1
15252030,7115,PRESCRIBED AND COUNTER,BOTH,LIGHT VEHICLES,2019,PM PEAK,6852,-1,-1
15252030,7115,PRESCRIBED AND COUNTER,BOTH,HEAVY VEHICLES,2019,PM PEAK,345,-1,-1
15252030,7115,PRESCRIBED,WEST,HEAVY VEHICLES,2019,ALL DAYS,910,17,97
15252030,7115,COUNTER,EAST,LIGHT VEHICLES,2019,AM PEAK,3242,51,93
15252030,7115,PRESCRIBED,WEST,HEAVY VEHICLES,2019,AM PEAK,238,30,93
15252030,7115,COUNTER,EAST,HEAVY VEHICLES,2019,PM PEAK,128,18,94
15252030,7115,PRESCRIBED AND COUNTER,BOTH,LIGHT VEHICLES,2019,ALL DAYS,27951,-1,-1
15252030,7115,PRESCRIBED,WEST,LIGHT VEHICLES,2019,WEEKENDS,14161,-1,-1
15252030,7115,PRESCRIBED AND COUNTER,BOTH,ALL VEHICLES,2019,OFF PEAK,16662,-1,-1
15252030,7115,PRESCRIBED AND COUNTER,BOTH,LIGHT VEHICLES,2019,WEEKDAYS,28116,-1,-1
15252030,7115,PRESCRIBED,WEST,LIGHT VEHICLES,2019,PUBLIC HOLIDAYS,12099,46,99
15252030,7115,PRESCRIBED,WEST,ALL VEHICLES,2019,WEEKENDS,14688,-1,-1
15252030,7115,COUNTER,EAST,ALL VEHICLES,2019,OFF PEAK,7892,-1,-1
15252030,7115,PRESCRIBED,WEST,ALL VEHICLES,2019,PUBLIC HOLIDAYS,12473,-1,-1
15252030,7115,PRESCRIBED,WEST,ALL VEHICLES,2019,AM PEAK,2702,-1,-1
15252030,7115,PRESCRIBED,WEST,HEAVY VEHICLES,2019,PM PEAK,217,24,94
15252030,7115,PRESCRIBED,WEST,ALL VEHICLES,2019,ALL DAYS,15072,-1,-1
15252030,7115,PRESCRIBED AND COUNTER,BOTH,ALL VEHICLES,2019,ALL DAYS,29639,-1,-1
15252030,7115,PRESCRIBED,WEST,HEAVY VEHICLES,2019,WEEKDAYS,1073,-1,-1
15252030,7115,COUNTER,EAST,LIGHT VEHICLES,2019,ALL DAYS,13789,38,97
15252030,7115,PRESCRIBED AND COUNTER,BOTH,HEAVY VEHICLES,2019,ALL DAYS,1688,-1,-1
15252030,7115,PRESCRIBED AND COUNTER,BOTH,ALL VEHICLES,2019,WEEKDAYS,30139,-1,-1
15252030,7115,PRESCRIBED AND COUNTER,BOTH,ALL VEHICLES,2019,AM PEAK,6280,-1,-1
15252030,7115,COUNTER,EAST,HEAVY VEHICLES,2019,ALL DAYS,778,14,97
15252030,7115,COUNTER,EAST,ALL VEHICLES,2019,PM PEAK,3446,-1,-1
15252030,7115,COUNTER,EAST,ALL VEHICLES,2019,WEEKENDS,13940,-1,-1
15252030,7115,PRESCRIBED AND COUNTER,BOTH,HEAVY VEHICLES,2019,WEEKDAYS,2023,-1,-1
15252030,7115,PRESCRIBED,WEST,HEAVY VEHICLES,2019,PUBLIC HOLIDAYS,374,14,98
15252030,7115,COUNTER,EAST,LIGHT VEHICLES,2019,OFF PEAK,7406,39,93
15252030,7115,PRESCRIBED,WEST,LIGHT VEHICLES,2019,OFF PEAK,8152,41,94
15252030,7115,COUNTER,EAST,HEAVY VEHICLES,2019,OFF PEAK,486,15,93
15252030,7115,PRESCRIBED,WEST,LIGHT VEHICLES,2019,ALL DAYS,14162,42,98
15252030,7115,COUNTER,EAST,LIGHT VEHICLES,2019,PM PEAK,3318,48,94
15252030,7115,COUNTER,EAST,ALL VEHICLES,2019,PUBLIC HOLIDAYS,11575,-1,-1
15252030,7115,PRESCRIBED,WEST,LIGHT VEHICLES,2019,PM PEAK,3534,54,95
15252030,7115,PRESCRIBED AND COUNTER,BOTH,HEAVY VEHICLES,2019,OFF PEAK,1104,-1,-1
15252030,7115,PRESCRIBED,WEST,LIGHT VEHICLES,2019,WEEKDAYS,14150,-1,-1
15252030,7115,PRESCRIBED AND COUNTER,BOTH,ALL VEHICLES,2019,PM PEAK,7197,-1,-1
15252030,7115,COUNTER,EAST,ALL VEHICLES,2019,WEEKDAYS,14916,-1,-1
15252030,7115,COUNTER,EAST,HEAVY VEHICLES,2019,PUBLIC HOLIDAYS,256,13,99
15252030,7115,COUNTER,EAST,LIGHT VEHICLES,2019,WEEKDAYS,13966,-1,-1
15252030,7115,COUNTER,EAST,HEAVY VEHICLES,2019,WEEKDAYS,950,-1,-1
15252030,7115,PRESCRIBED AND COUNTER,BOTH,LIGHT VEHICLES,2019,PUBLIC HOLIDAYS,23418,-1,-1
15252030,7115,COUNTER,EAST,HEAVY VEHICLES,2019,AM PEAK,336,34,93
15252030,7115,PRESCRIBED,WEST,ALL VEHICLES,2019,OFF PEAK,8770,-1,-1
15252030,7115,PRESCRIBED AND COUNTER,BOTH,ALL VEHICLES,2019,WEEKENDS,28628,-1,-1
15252030,7115,PRESCRIBED AND COUNTER,BOTH,LIGHT VEHICLES,2019,WEEKENDS,27710,-1,-1
15252030,7115,PRESCRIBED AND COUNTER,BOTH,LIGHT VEHICLES,2019,OFF PEAK,15558,-1,-1
15252035,7274,COUNTER,EAST,HEAVY VEHICLES,2019,WEEKDAYS,1503,-1,-1
15252035,7274,COUNTER,EAST,HEAVY VEHICLES,2019,PUBLIC HOLIDAYS,521,14,100
15252035,7274,COUNTER,EAST,ALL VEHICLES,2019,ALL DAYS,16301,-1,-1
15252035,7274,COUNTER,EAST,LIGHT VEHICLES,2019,ALL DAYS,14998,70,95
15252035,7274,COUNTER,EAST,LIGHT VEHICLES,2019,PM PEAK,3547,79,94
15252035,7274,COUNTER,EAST,ALL VEHICLES,2019,WEEKDAYS,17250,-1,-1
15252035,7274,COUNTER,EAST,LIGHT VEHICLES,2019,WEEKDAYS,15747,-1,-1
15252035,7274,COUNTER,EAST,ALL VEHICLES,2019,PM PEAK,3805,-1,-1
15252035,7274,COUNTER,EAST,ALL VEHICLES,2019,AM PEAK,5021,-1,-1
15252035,7274,COUNTER,EAST,LIGHT VEHICLES,2019,PUBLIC HOLIDAYS,9823,49,100
15252035,7274,COUNTER,EAST,HEAVY VEHICLES,2019,AM PEAK,464,44,95
15252035,7274,COUNTER,EAST,LIGHT VEHICLES,2019,WEEKENDS,12805,-1,-1
15252035,7274,COUNTER,EAST,LIGHT VEHICLES,2019,OFF PEAK,7643,66,94
15252035,7274,COUNTER,EAST,ALL VEHICLES,2019,PUBLIC HOLIDAYS,10344,-1,-1
15252035,7274,COUNTER,EAST,HEAVY VEHICLES,2019,PM PEAK,258,35,95
15252035,7274,COUNTER,EAST,HEAVY VEHICLES,2019,ALL DAYS,1303,27,95
15252035,7274,COUNTER,EAST,HEAVY VEHICLES,2019,WEEKENDS,753,-1,-1
15252035,7274,COUNTER,EAST,ALL VEHICLES,2019,OFF PEAK,8424,-1,-1
15252035,7274,COUNTER,EAST,ALL VEHICLES,2019,WEEKENDS,13558,-1,-1
15252035,7274,COUNTER,EAST,HEAVY VEHICLES,2019,OFF PEAK,781,28,95
15252035,7274,COUNTER,EAST,LIGHT VEHICLES,2019,AM PEAK,4557,85,95
15286001,7121,COUNTER,SOUTH,HEAVY VEHICLES,2019,OFF PEAK,368,16,89
15286001,7121,COUNTER,SOUTH,HEAVY VEHICLES,2019,WEEKDAYS,665,-1,-1
15286001,7121,COUNTER,SOUTH,HEAVY VEHICLES,2019,PUBLIC HOLIDAYS,312,14,100
15286001,7121,COUNTER,SOUTH,LIGHT VEHICLES,2019,WEEKENDS,8108,-1,-1
15286001,7121,COUNTER,SOUTH,LIGHT VEHICLES,2019,ALL DAYS,8258,80,89
15286001,7121,COUNTER,SOUTH,HEAVY VEHICLES,2019,PM PEAK,146,19,89
15286001,7121,COUNTER,SOUTH,HEAVY VEHICLES,2019,AM PEAK,151,23,90
15286001,7121,COUNTER,SOUTH,ALL VEHICLES,2019,PUBLIC HOLIDAYS,6921,-1,-1
15286001,7121,COUNTER,SOUTH,HEAVY VEHICLES,2019,ALL DAYS,558,15,90
15286001,7121,COUNTER,SOUTH,HEAVY VEHICLES,2019,WEEKENDS,373,-1,-1
15286001,7121,COUNTER,SOUTH,ALL VEHICLES,2019,AM PEAK,1699,-1,-1
15286001,7121,COUNTER,SOUTH,ALL VEHICLES,2019,OFF PEAK,4883,-1,-1
15286001,7121,COUNTER,SOUTH,ALL VEHICLES,2019,PM PEAK,2390,-1,-1
15286001,7121,COUNTER,SOUTH,ALL VEHICLES,2019,WEEKDAYS,8972,-1,-1
15286001,7121,COUNTER,SOUTH,LIGHT VEHICLES,2019,PUBLIC HOLIDAYS,6609,58,100
15286001,7121,COUNTER,SOUTH,ALL VEHICLES,2019,WEEKENDS,8481,-1,-1
15286001,7121,COUNTER,SOUTH,LIGHT VEHICLES,2019,OFF PEAK,4515,74,88
15286001,7121,COUNTER,SOUTH,ALL VEHICLES,2019,ALL DAYS,8816,-1,-1
15286001,7121,COUNTER,SOUTH,LIGHT VEHICLES,2019,PM PEAK,2244,92,89
15286001,7121,COUNTER,SOUTH,LIGHT VEHICLES,2019,WEEKDAYS,8307,-1,-1
15286001,7121,COUNTER,SOUTH,LIGHT VEHICLES,2019,AM PEAK,1548,88,89
15286002,7126,COUNTER,EAST,ALL VEHICLES,2019,AM PEAK,2177,-1,-1
15286002,7126,COUNTER,EAST,ALL VEHICLES,2019,WEEKDAYS,10320,-1,-1
15286002,7126,COUNTER,EAST,LIGHT VEHICLES,2019,PM PEAK,2826,67,95
15286002,7126,COUNTER,EAST,ALL VEHICLES,2019,WEEKENDS,9459,-1,-1
15286002,7126,COUNTER,EAST,HEAVY VEHICLES,2019,PUBLIC HOLIDAYS,394,14,100
15286002,7126,COUNTER,EAST,HEAVY VEHICLES,2019,ALL DAYS,738,17,96
15286002,7126,COUNTER,EAST,LIGHT VEHICLES,2019,PUBLIC HOLIDAYS,6457,45,100
15286002,7126,COUNTER,EAST,HEAVY VEHICLES,2019,AM PEAK,231,30,94
15286002,7126,COUNTER,EAST,ALL VEHICLES,2019,PM PEAK,3019,-1,-1
15286002,7126,COUNTER,EAST,LIGHT VEHICLES,2019,ALL DAYS,9381,60,96
15286002,7126,COUNTER,EAST,LIGHT VEHICLES,2019,WEEKDAYS,9483,-1,-1
15286002,7126,COUNTER,EAST,ALL VEHICLES,2019,PUBLIC HOLIDAYS,6851,-1,-1
15286002,7126,COUNTER,EAST,LIGHT VEHICLES,2019,AM PEAK,1946,68,93
15286002,7126,COUNTER,EAST,LIGHT VEHICLES,2019,WEEKENDS,8918,-1,-1
15286002,7126,COUNTER,EAST,HEAVY VEHICLES,2019,WEEKDAYS,837,-1,-1
15286002,7126,COUNTER,EAST,HEAVY VEHICLES,2019,WEEKENDS,541,-1,-1
15286002,7126,COUNTER,EAST,HEAVY VEHICLES,2019,OFF PEAK,413,16,94
15286002,7126,COUNTER,EAST,HEAVY VEHICLES,2019,PM PEAK,193,19,94
15286002,7126,COUNTER,EAST,LIGHT VEHICLES,2019,OFF PEAK,4711,56,93
15286002,7126,COUNTER,EAST,ALL VEHICLES,2019,OFF PEAK,5124,-1,-1
15286002,7126,COUNTER,EAST,ALL VEHICLES,2019,ALL DAYS,10119,-1,-1
15286003,7132,COUNTER,NORTH,LIGHT VEHICLES,2019,ALL DAYS,18177,84,93
15286003,7132,COUNTER,NORTH,LIGHT VEHICLES,2019,WEEKENDS,16428,-1,-1
15286003,7132,COUNTER,NORTH,HEAVY VEHICLES,2019,WEEKDAYS,1169,-1,-1
15286003,7132,COUNTER,NORTH,HEAVY VEHICLES,2019,AM PEAK,427,48,95
15286003,7132,COUNTER,NORTH,HEAVY VEHICLES,2019,OFF PEAK,607,29,96
15286003,7132,COUNTER,NORTH,LIGHT VEHICLES,2019,OFF PEAK,8287,78,92
15286003,7132,COUNTER,NORTH,ALL VEHICLES,2019,ALL DAYS,19146,-1,-1
15286003,7132,COUNTER,NORTH,LIGHT VEHICLES,2019,PM PEAK,3540,96,93
15286003,7132,COUNTER,NORTH,LIGHT VEHICLES,2019,AM PEAK,6988,97,92
15286003,7132,COUNTER,NORTH,ALL VEHICLES,2019,AM PEAK,7415,-1,-1
15286003,7132,COUNTER,NORTH,ALL VEHICLES,2019,PM PEAK,3675,-1,-1
15286003,7132,COUNTER,NORTH,LIGHT VEHICLES,2019,WEEKDAYS,18815,-1,-1
15286003,7132,COUNTER,NORTH,HEAVY VEHICLES,2019,PUBLIC HOLIDAYS,368,17,100
15286003,7132,COUNTER,NORTH,ALL VEHICLES,2019,WEEKDAYS,19984,-1,-1
15286003,7132,COUNTER,NORTH,ALL VEHICLES,2019,OFF PEAK,8894,-1,-1
15286003,7132,COUNTER,NORTH,ALL VEHICLES,2019,PUBLIC HOLIDAYS,13837,-1,-1
15286003,7132,COUNTER,NORTH,ALL VEHICLES,2019,WEEKENDS,16893,-1,-1
15286003,7132,COUNTER,NORTH,HEAVY VEHICLES,2019,PM PEAK,135,30,95
15286003,7132,COUNTER,NORTH,LIGHT VEHICLES,2019,PUBLIC HOLIDAYS,13469,63,100
15286003,7132,COUNTER,NORTH,HEAVY VEHICLES,2019,WEEKENDS,465,-1,-1
15286003,7132,COUNTER,NORTH,HEAVY VEHICLES,2019,ALL DAYS,969,28,95
15286006,7149,COUNTER,EAST,LIGHT VEHICLES,2019,ALL DAYS,19602,53,93
15286006,7149,PRESCRIBED AND COUNTER,BOTH,HEAVY VEHICLES,2019,WEEKENDS,1854,-1,-1
15286006,7149,COUNTER,EAST,HEAVY VEHICLES,2019,WEEKENDS,977,-1,-1
15286006,7149,PRESCRIBED,WEST,HEAVY VEHICLES,2019,PUBLIC HOLIDAYS,547,19,99
15286006,7149,COUNTER,EAST,LIGHT VEHICLES,2019,WEEKDAYS,20535,-1,-1
15286006,7149,PRESCRIBED AND COUNTER,BOTH,LIGHT VEHICLES,2019,PM PEAK,11736,-1,-1
15286006,7149,PRESCRIBED AND COUNTER,BOTH,LIGHT VEHICLES,2019,AM PEAK,9670,-1,-1
15286006,7149,PRESCRIBED AND COUNTER,BOTH,LIGHT VEHICLES,2019,OFF PEAK,20800,-1,-1
15286006,7149,PRESCRIBED,WEST,HEAVY VEHICLES,2019,OFF PEAK,1512,35,92
15286006,7149,COUNTER,EAST,HEAVY VEHICLES,2019,PUBLIC HOLIDAYS,629,17,99
15286006,7149,PRESCRIBED,WEST,ALL VEHICLES,2019,AM PEAK,4543,-1,-1
15286006,7149,PRESCRIBED,WEST,HEAVY VEHICLES,2019,WEEKDAYS,2770,-1,-1
15286006,7149,PRESCRIBED,WEST,LIGHT VEHICLES,2019,AM PEAK,3856,61,91
15286006,7149,PRESCRIBED AND COUNTER,BOTH,ALL VEHICLES,2019,OFF PEAK,23974,-1,-1
15286006,7149,PRESCRIBED,WEST,ALL VEHICLES,2019,PM PEAK,7537,-1,-1
15286006,7149,PRESCRIBED,WEST,LIGHT VEHICLES,2019,OFF PEAK,10849,44,91
15286006,7149,PRESCRIBED,WEST,ALL VEHICLES,2019,WEEKDAYS,24441,-1,-1
15286006,7149,COUNTER,EAST,LIGHT VEHICLES,2019,PUBLIC HOLIDAYS,13340,52,99
15286006,7149,PRESCRIBED,WEST,LIGHT VEHICLES,2019,ALL DAYS,20793,47,95
15286006,7149,COUNTER,EAST,LIGHT VEHICLES,2019,AM PEAK,5814,68,91
15286006,7149,COUNTER,EAST,HEAVY VEHICLES,2019,WEEKDAYS,3047,-1,-1
15286006,7149,PRESCRIBED AND COUNTER,BOTH,HEAVY VEHICLES,2019,PM PEAK,1020,-1,-1
15286006,7149,PRESCRIBED AND COUNTER,BOTH,HEAVY VEHICLES,2019,PUBLIC HOLIDAYS,1176,-1,-1
15286006,7149,COUNTER,EAST,LIGHT VEHICLES,2019,PM PEAK,4770,65,91
15286006,7149,COUNTER,EAST,ALL VEHICLES,2019,AM PEAK,6750,-1,-1
15286006,7149,PRESCRIBED AND COUNTER,BOTH,HEAVY VEHICLES,2019,ALL DAYS,4817,-1,-1
15286006,7149,COUNTER,EAST,ALL VEHICLES,2019,PUBLIC HOLIDAYS,13969,-1,-1
15286006,7149,PRESCRIBED,WEST,LIGHT VEHICLES,2019,PUBLIC HOLIDAYS,15039,52,100
15286006,7149,PRESCRIBED,WEST,ALL VEHICLES,2019,ALL DAYS,23067,-1,-1
15286006,7149,PRESCRIBED AND COUNTER,BOTH,LIGHT VEHICLES,2019,PUBLIC HOLIDAYS,28379,-1,-1
15286006,7149,COUNTER,EAST,HEAVY VEHICLES,2019,PM PEAK,449,39,92
15286006,7149,COUNTER,EAST,LIGHT VEHICLES,2019,OFF PEAK,9951,48,90
15286006,7149,PRESCRIBED,WEST,ALL VEHICLES,2019,WEEKENDS,19107,-1,-1
15286006,7149,PRESCRIBED AND COUNTER,BOTH,LIGHT VEHICLES,2019,WEEKENDS,34666,-1,-1
15286006,7149,COUNTER,EAST,ALL VEHICLES,2019,PM PEAK,5219,-1,-1
15286006,7149,COUNTER,EAST,HEAVY VEHICLES,2019,AM PEAK,936,48,92
15286006,7149,PRESCRIBED AND COUNTER,BOTH,HEAVY VEHICLES,2019,OFF PEAK,3174,-1,-1
15286006,7149,PRESCRIBED,WEST,HEAVY VEHICLES,2019,PM PEAK,571,46,93
15286006,7149,PRESCRIBED AND COUNTER,BOTH,LIGHT VEHICLES,2019,ALL DAYS,40395,-1,-1
15286006,7149,PRESCRIBED AND COUNTER,BOTH,ALL VEHICLES,2019,ALL DAYS,45212,-1,-1
15286006,7149,PRESCRIBED,WEST,ALL VEHICLES,2019,PUBLIC HOLIDAYS,15586,-1,-1
15286006,7149,PRESCRIBED,WEST,ALL VEHICLES,2019,OFF PEAK,12361,-1,-1
15286006,7149,COUNTER,EAST,HEAVY VEHICLES,2019,ALL DAYS,2543,30,95
15286006,7149,PRESCRIBED,WEST,LIGHT VEHICLES,2019,PM PEAK,6966,56,91
15286006,7149,COUNTER,EAST,ALL VEHICLES,2019,WEEKDAYS,23582,-1,-1
15286006,7149,PRESCRIBED AND COUNTER,BOTH,ALL VEHICLES,2019,PUBLIC HOLIDAYS,29555,-1,-1
15286006,7149,PRESCRIBED AND COUNTER,BOTH,HEAVY VEHICLES,2019,AM PEAK,1623,-1,-1
15286006,7149,COUNTER,EAST,ALL VEHICLES,2019,OFF PEAK,11613,-1,-1
15286006,7149,PRESCRIBED,WEST,LIGHT VEHICLES,2019,WEEKENDS,18230,-1,-1
15286006,7149,PRESCRIBED AND COUNTER,BOTH,LIGHT VEHICLES,2019,WEEKDAYS,42206,-1,-1
15286006,7149,COUNTER,EAST,ALL VEHICLES,2019,WEEKENDS,17413,-1,-1
15286006,7149,COUNTER,EAST,HEAVY VEHICLES,2019,OFF PEAK,1662,32,92
15286006,7149,COUNTER,EAST,LIGHT VEHICLES,2019,WEEKENDS,16436,-1,-1
15286006,7149,PRESCRIBED AND COUNTER,BOTH,HEAVY VEHICLES,2019,WEEKDAYS,5817,-1,-1
15286006,7149,PRESCRIBED AND COUNTER,BOTH,ALL VEHICLES,2019,WEEKENDS,36520,-1,-1
15286006,7149,PRESCRIBED AND COUNTER,BOTH,ALL VEHICLES,2019,PM PEAK,12756,-1,-1
15286006,7149,PRESCRIBED,WEST,HEAVY VEHICLES,2019,WEEKENDS,877,-1,-1
15286006,7149,PRESCRIBED AND COUNTER,BOTH,ALL VEHICLES,2019,AM PEAK,11293,-1,-1
15286006,7149,PRESCRIBED,WEST,HEAVY VEHICLES,2019,AM PEAK,687,52,92
15286006,7149,COUNTER,EAST,ALL VEHICLES,2019,ALL DAYS,22145,-1,-1
15286006,7149,PRESCRIBED AND COUNTER,BOTH,ALL VEHICLES,2019,WEEKDAYS,48023,-1,-1
15286006,7149,PRESCRIBED,WEST,HEAVY VEHICLES,2019,ALL DAYS,2274,32,96
15286006,7149,PRESCRIBED,WEST,LIGHT VEHICLES,2019,WEEKDAYS,21671,-1,-1
15286007,7150,PRESCRIBED,WEST,LIGHT VEHICLES,2019,WEEKDAYS,16173,-1,-1
15286007,7150,PRESCRIBED,WEST,LIGHT VEHICLES,2019,ALL DAYS,17236,47,83
15286007,7150,PRESCRIBED,WEST,ALL VEHICLES,2019,PM PEAK,5347,-1,-1
15286007,7150,PRESCRIBED,WEST,LIGHT VEHICLES,2019,AM PEAK,3457,51,87
15286007,7150,PRESCRIBED,WEST,ALL VEHICLES,2019,AM PEAK,3676,-1,-1
15286007,7150,PRESCRIBED,WEST,HEAVY VEHICLES,2019,PUBLIC HOLIDAYS,268,13,95
15286007,7150,PRESCRIBED,WEST,HEAVY VEHICLES,2019,WEEKDAYS,844,-1,-1
15286007,7150,PRESCRIBED,WEST,HEAVY VEHICLES,2019,OFF PEAK,411,16,83
15286007,7150,PRESCRIBED,WEST,LIGHT VEHICLES,2019,PM PEAK,5133,71,81
15286007,7150,PRESCRIBED,WEST,HEAVY VEHICLES,2019,AM PEAK,219,22,88
15286007,7150,PRESCRIBED,WEST,ALL VEHICLES,2019,WEEKENDS,15319,-1,-1
15286007,7150,PRESCRIBED,WEST,LIGHT VEHICLES,2019,WEEKENDS,14972,-1,-1
15286007,7150,PRESCRIBED,WEST,ALL VEHICLES,2019,PUBLIC HOLIDAYS,11926,-1,-1
15286007,7150,PRESCRIBED,WEST,ALL VEHICLES,2019,OFF PEAK,7994,-1,-1
15286007,7150,PRESCRIBED,WEST,ALL VEHICLES,2019,ALL DAYS,17996,-1,-1
15286007,7150,PRESCRIBED,WEST,HEAVY VEHICLES,2019,WEEKENDS,347,-1,-1
15286007,7150,PRESCRIBED,WEST,ALL VEHICLES,2019,WEEKDAYS,17017,-1,-1
15286007,7150,PRESCRIBED,WEST,LIGHT VEHICLES,2019,OFF PEAK,7583,43,84
15286007,7150,PRESCRIBED,WEST,HEAVY VEHICLES,2019,PM PEAK,214,28,82
15286007,7150,PRESCRIBED,WEST,HEAVY VEHICLES,2019,ALL DAYS,760,17,83
15286007,7150,PRESCRIBED,WEST,LIGHT VEHICLES,2019,PUBLIC HOLIDAYS,11658,45,95
15286008,7153,PRESCRIBED,NORTH,HEAVY VEHICLES,2019,OFF PEAK,1612,41,93
15286008,7153,PRESCRIBED,NORTH,ALL VEHICLES,2019,WEEKENDS,17366,-1,-1
15286008,7153,PRESCRIBED,NORTH,LIGHT VEHICLES,2019,AM PEAK,6938,91,92
15286008,7153,PRESCRIBED,NORTH,HEAVY VEHICLES,2019,ALL DAYS,2521,37,95
15286008,7153,PRESCRIBED,NORTH,HEAVY VEHICLES,2019,PUBLIC HOLIDAYS,793,23,100
15286008,7153,PRESCRIBED,NORTH,ALL VEHICLES,2019,WEEKDAYS,23862,-1,-1
15286008,7153,PRESCRIBED,NORTH,HEAVY VEHICLES,2019,AM PEAK,989,55,93
15286008,7153,PRESCRIBED,NORTH,HEAVY VEHICLES,2019,WEEKENDS,1042,-1,-1
15286008,7153,PRESCRIBED,NORTH,ALL VEHICLES,2019,ALL DAYS,22148,-1,-1
15286008,7153,PRESCRIBED,NORTH,LIGHT VEHICLES,2019,OFF PEAK,9098,70,92
15286008,7153,PRESCRIBED,NORTH,LIGHT VEHICLES,2019,WEEKDAYS,20801,-1,-1
15286008,7153,PRESCRIBED,NORTH,ALL VEHICLES,2019,AM PEAK,7927,-1,-1
15286008,7153,PRESCRIBED,NORTH,ALL VEHICLES,2019,OFF PEAK,10710,-1,-1
15286008,7153,PRESCRIBED,NORTH,HEAVY VEHICLES,2019,WEEKDAYS,3061,-1,-1
15286008,7153,PRESCRIBED,NORTH,LIGHT VEHICLES,2019,ALL DAYS,19627,75,94
15286008,7153,PRESCRIBED,NORTH,LIGHT VEHICLES,2019,WEEKENDS,16324,-1,-1
15286008,7153,PRESCRIBED,NORTH,HEAVY VEHICLES,2019,PM PEAK,460,43,94
15286008,7153,PRESCRIBED,NORTH,LIGHT VEHICLES,2019,PM PEAK,4765,84,92
15286008,7153,PRESCRIBED,NORTH,LIGHT VEHICLES,2019,PUBLIC HOLIDAYS,13303,58,100
15286008,7153,PRESCRIBED,NORTH,ALL VEHICLES,2019,PM PEAK,5225,-1,-1
15286008,7153,PRESCRIBED,NORTH,ALL VEHICLES,2019,PUBLIC HOLIDAYS,14096,-1,-1
15286009,7159,COUNTER,SOUTH,HEAVY VEHICLES,2019,AM PEAK,517,46,97
15286009,7159,COUNTER,SOUTH,HEAVY VEHICLES,2019,OFF PEAK,1054,31,97
15286009,7159,COUNTER,SOUTH,LIGHT VEHICLES,2019,ALL DAYS,15999,69,97
15286009,7159,COUNTER,SOUTH,LIGHT VEHICLES,2019,PUBLIC HOLIDAYS,13291,52,100
15286009,7159,COUNTER,SOUTH,HEAVY VEHICLES,2019,PM PEAK,347,38,97
15286009,7159,COUNTER,SOUTH,HEAVY VEHICLES,2019,PUBLIC HOLIDAYS,561,18,100
15286009,7159,COUNTER,SOUTH,LIGHT VEHICLES,2019,WEEKENDS,15121,-1,-1
15286009,7159,COUNTER,SOUTH,HEAVY VEHICLES,2019,WEEKENDS,707,-1,-1
15286009,7159,COUNTER,SOUTH,ALL VEHICLES,2019,OFF PEAK,9446,-1,-1
15286009,7159,COUNTER,SOUTH,ALL VEHICLES,2019,AM PEAK,3859,-1,-1
15286009,7159,COUNTER,SOUTH,HEAVY VEHICLES,2019,WEEKDAYS,1918,-1,-1
15286009,7159,COUNTER,SOUTH,ALL VEHICLES,2019,PUBLIC HOLIDAYS,13852,-1,-1
15286009,7159,COUNTER,SOUTH,LIGHT VEHICLES,2019,WEEKDAYS,16268,-1,-1
15286009,7159,COUNTER,SOUTH,LIGHT VEHICLES,2019,AM PEAK,3342,76,96
15286009,7159,COUNTER,SOUTH,ALL VEHICLES,2019,PM PEAK,4881,-1,-1
15286009,7159,COUNTER,SOUTH,ALL VEHICLES,2019,ALL DAYS,17580,-1,-1
15286009,7159,COUNTER,SOUTH,LIGHT VEHICLES,2019,OFF PEAK,8392,65,96
15286009,7159,COUNTER,SOUTH,ALL VEHICLES,2019,WEEKDAYS,18186,-1,-1
15286009,7159,COUNTER,SOUTH,ALL VEHICLES,2019,WEEKENDS,15828,-1,-1
15286009,7159,COUNTER,SOUTH,LIGHT VEHICLES,2019,PM PEAK,4534,80,96
15286009,7159,COUNTER,SOUTH,HEAVY VEHICLES,2019,ALL DAYS,1581,31,97
15286010,7161,COUNTER,WEST,LIGHT VEHICLES,2019,AM PEAK,6150,98,96
15286010,7161,COUNTER,WEST,HEAVY VEHICLES,2019,ALL DAYS,5237,66,97
15286010,7161,COUNTER,WEST,LIGHT VEHICLES,2019,WEEKDAYS,24332,-1,-1
15286010,7161,COUNTER,WEST,ALL VEHICLES,2019,WEEKENDS,28264,-1,-1
15286010,7161,COUNTER,WEST,HEAVY VEHICLES,2019,WEEKENDS,2398,-1,-1
15286010,7161,COUNTER,WEST,HEAVY VEHICLES,2019,WEEKDAYS,6282,-1,-1
15286010,7161,COUNTER,WEST,ALL VEHICLES,2019,PM PEAK,7730,-1,-1
15286010,7161,COUNTER,WEST,LIGHT VEHICLES,2019,OFF PEAK,11619,88,96
15286010,7161,COUNTER,WEST,HEAVY VEHICLES,2019,OFF PEAK,3726,68,97
15286010,7161,COUNTER,WEST,HEAVY VEHICLES,2019,PUBLIC HOLIDAYS,1854,38,100
15286010,7161,COUNTER,WEST,HEAVY VEHICLES,2019,AM PEAK,1389,78,96
15286010,7161,COUNTER,WEST,HEAVY VEHICLES,2019,PM PEAK,1167,74,97
15286010,7161,COUNTER,WEST,LIGHT VEHICLES,2019,PM PEAK,6563,98,96
15286010,7161,COUNTER,WEST,ALL VEHICLES,2019,WEEKDAYS,30614,-1,-1
15286010,7161,COUNTER,WEST,ALL VEHICLES,2019,OFF PEAK,15345,-1,-1
15286010,7161,COUNTER,WEST,LIGHT VEHICLES,2019,ALL DAYS,24837,92,97
15286010,7161,COUNTER,WEST,ALL VEHICLES,2019,AM PEAK,7539,-1,-1
15286010,7161,COUNTER,WEST,LIGHT VEHICLES,2019,PUBLIC HOLIDAYS,24542,71,100
15286010,7161,COUNTER,WEST,LIGHT VEHICLES,2019,WEEKENDS,25866,-1,-1
15286010,7161,COUNTER,WEST,ALL VEHICLES,2019,PUBLIC HOLIDAYS,26396,-1,-1
15286010,7161,COUNTER,WEST,ALL VEHICLES,2019,ALL DAYS,30074,-1,-1
15286011,7162,PRESCRIBED,WEST,ALL VEHICLES,2019,WEEKENDS,17036,-1,-1
15286011,7162,PRESCRIBED,WEST,LIGHT VEHICLES,2019,PM PEAK,4029,76,89
15286011,7162,PRESCRIBED,WEST,HEAVY VEHICLES,2019,PUBLIC HOLIDAYS,626,13,100
15286011,7162,PRESCRIBED,WEST,LIGHT VEHICLES,2019,OFF PEAK,7869,60,90
15286011,7162,PRESCRIBED,WEST,HEAVY VEHICLES,2019,WEEKDAYS,1069,-1,-1
15286011,7162,PRESCRIBED,WEST,HEAVY VEHICLES,2019,OFF PEAK,552,16,89
15286011,7162,PRESCRIBED,WEST,LIGHT VEHICLES,2019,WEEKENDS,16286,-1,-1
15286011,7162,PRESCRIBED,WEST,LIGHT VEHICLES,2019,WEEKDAYS,16187,-1,-1
15286011,7162,PRESCRIBED,WEST,ALL VEHICLES,2019,OFF PEAK,8421,-1,-1
15286011,7162,PRESCRIBED,WEST,LIGHT VEHICLES,2019,PUBLIC HOLIDAYS,14702,49,100
15286011,7162,PRESCRIBED,WEST,LIGHT VEHICLES,2019,AM PEAK,4289,80,89
15286011,7162,PRESCRIBED,WEST,ALL VEHICLES,2019,AM PEAK,4573,-1,-1
15286011,7162,PRESCRIBED,WEST,HEAVY VEHICLES,2019,AM PEAK,284,25,89
15286011,7162,PRESCRIBED,WEST,ALL VEHICLES,2019,PUBLIC HOLIDAYS,15328,-1,-1
15286011,7162,PRESCRIBED,WEST,HEAVY VEHICLES,2019,WEEKENDS,750,-1,-1
15286011,7162,PRESCRIBED,WEST,ALL VEHICLES,2019,ALL DAYS,17303,-1,-1
15286011,7162,PRESCRIBED,WEST,LIGHT VEHICLES,2019,ALL DAYS,16346,65,91
15286011,7162,PRESCRIBED,WEST,ALL VEHICLES,2019,WEEKDAYS,17256,-1,-1
15286011,7162,PRESCRIBED,WEST,HEAVY VEHICLES,2019,ALL DAYS,957,15,91
15286011,7162,PRESCRIBED,WEST,ALL VEHICLES,2019,PM PEAK,4262,-1,-1
15286011,7162,PRESCRIBED,WEST,HEAVY VEHICLES,2019,PM PEAK,233,20,89
15286012,7163,COUNTER,EAST,LIGHT VEHICLES,2019,WEEKDAYS,32092,-1,-1
15286012,7163,COUNTER,EAST,LIGHT VEHICLES,2019,ALL DAYS,31546,84,93
15286012,7163,COUNTER,EAST,LIGHT VEHICLES,2019,PUBLIC HOLIDAYS,23058,64,100
15286012,7163,COUNTER,EAST,HEAVY VEHICLES,2019,AM PEAK,808,37,94
15286012,7163,COUNTER,EAST,HEAVY VEHICLES,2019,ALL DAYS,2079,22,95
15286012,7163,COUNTER,EAST,HEAVY VEHICLES,2019,PM PEAK,468,25,94
15286012,7163,COUNTER,EAST,ALL VEHICLES,2019,ALL DAYS,33625,-1,-1
15286012,7163,COUNTER,EAST,ALL VEHICLES,2019,PM PEAK,7760,-1,-1
15286012,7163,COUNTER,EAST,ALL VEHICLES,2019,WEEKENDS,31059,-1,-1
15286012,7163,COUNTER,EAST,LIGHT VEHICLES,2019,PM PEAK,7292,98,93
15286012,7163,COUNTER,EAST,LIGHT VEHICLES,2019,OFF PEAK,15206,77,92
15286012,7163,COUNTER,EAST,HEAVY VEHICLES,2019,WEEKENDS,1212,-1,-1
15286012,7163,COUNTER,EAST,ALL VEHICLES,2019,WEEKDAYS,34529,-1,-1
15286012,7163,COUNTER,EAST,LIGHT VEHICLES,2019,WEEKENDS,29847,-1,-1
15286012,7163,COUNTER,EAST,ALL VEHICLES,2019,AM PEAK,10402,-1,-1
15286012,7163,COUNTER,EAST,HEAVY VEHICLES,2019,PUBLIC HOLIDAYS,944,16,100
15286012,7163,COUNTER,EAST,HEAVY VEHICLES,2019,WEEKDAYS,2437,-1,-1
15286012,7163,COUNTER,EAST,HEAVY VEHICLES,2019,OFF PEAK,1161,23,94
15286012,7163,COUNTER,EAST,ALL VEHICLES,2019,PUBLIC HOLIDAYS,24002,-1,-1
15286012,7163,COUNTER,EAST,ALL VEHICLES,2019,OFF PEAK,16367,-1,-1
15286012,7163,COUNTER,EAST,LIGHT VEHICLES,2019,AM PEAK,9594,97,93
15286013,7164,COUNTER,EAST,HEAVY VEHICLES,2019,WEEKENDS,559,-1,-1
15286013,7164,COUNTER,EAST,LIGHT VEHICLES,2019,WEEKDAYS,12786,-1,-1
15286013,7164,COUNTER,EAST,LIGHT VEHICLES,2019,WEEKENDS,10460,-1,-1
15286013,7164,COUNTER,EAST,LIGHT VEHICLES,2019,AM PEAK,3859,86,94
15286013,7164,COUNTER,EAST,ALL VEHICLES,2019,OFF PEAK,6473,-1,-1
15286013,7164,COUNTER,EAST,LIGHT VEHICLES,2019,ALL DAYS,12203,65,94
15286013,7164,COUNTER,EAST,ALL VEHICLES,2019,WEEKENDS,11019,-1,-1
15286013,7164,COUNTER,EAST,HEAVY VEHICLES,2019,WEEKDAYS,1028,-1,-1
15286013,7164,COUNTER,EAST,LIGHT VEHICLES,2019,OFF PEAK,5947,61,93
15286013,7164,COUNTER,EAST,HEAVY VEHICLES,2019,OFF PEAK,526,22,94
15286013,7164,COUNTER,EAST,ALL VEHICLES,2019,ALL DAYS,13092,-1,-1
15286013,7164,COUNTER,EAST,ALL VEHICLES,2019,AM PEAK,4188,-1,-1
15286013,7164,COUNTER,EAST,HEAVY VEHICLES,2019,PM PEAK,173,25,94
15286013,7164,COUNTER,EAST,ALL VEHICLES,2019,WEEKDAYS,13814,-1,-1
15286013,7164,COUNTER,EAST,LIGHT VEHICLES,2019,PM PEAK,2980,76,93
15286013,7164,COUNTER,EAST,ALL VEHICLES,2019,PM PEAK,3153,-1,-1
15286013,7164,COUNTER,EAST,HEAVY VEHICLES,2019,AM PEAK,329,36,95
15286013,7164,COUNTER,EAST,HEAVY VEHICLES,2019,ALL DAYS,889,22,95
15286013,7164,COUNTER,EAST,ALL VEHICLES,2019,PUBLIC HOLIDAYS,8475,-1,-1
15286013,7164,COUNTER,EAST,LIGHT VEHICLES,2019,PUBLIC HOLIDAYS,8048,46,100
15286013,7164,COUNTER,EAST,HEAVY VEHICLES,2019,PUBLIC HOLIDAYS,427,13,100
15286014,7168,PRESCRIBED,WEST,ALL VEHICLES,2019,AM PEAK,2977,-1,-1
15286014,7168,PRESCRIBED,WEST,HEAVY VEHICLES,2019,ALL DAYS,1078,17,93
15286014,7168,PRESCRIBED,WEST,LIGHT VEHICLES,2019,PM PEAK,4313,47,90
15286014,7168,PRESCRIBED,WEST,ALL VEHICLES,2019,ALL DAYS,13729,-1,-1
15286014,7168,PRESCRIBED,WEST,LIGHT VEHICLES,2019,WEEKENDS,10202,-1,-1
15286014,7168,PRESCRIBED,WEST,HEAVY VEHICLES,2019,PM PEAK,316,26,92
15286014,7168,PRESCRIBED,WEST,LIGHT VEHICLES,2019,PUBLIC HOLIDAYS,7399,39,99
15286014,7168,PRESCRIBED,WEST,LIGHT VEHICLES,2019,OFF PEAK,6463,36,90
15286014,7168,PRESCRIBED,WEST,HEAVY VEHICLES,2019,WEEKENDS,519,-1,-1
15286014,7168,PRESCRIBED,WEST,ALL VEHICLES,2019,WEEKDAYS,14747,-1,-1
15286014,7168,PRESCRIBED,WEST,HEAVY VEHICLES,2019,PUBLIC HOLIDAYS,368,11,99
15286014,7168,PRESCRIBED,WEST,HEAVY VEHICLES,2019,AM PEAK,311,27,92
15286014,7168,PRESCRIBED,WEST,HEAVY VEHICLES,2019,OFF PEAK,678,18,92
15286014,7168,PRESCRIBED,WEST,ALL VEHICLES,2019,OFF PEAK,7141,-1,-1
15286014,7168,PRESCRIBED,WEST,LIGHT VEHICLES,2019,ALL DAYS,12651,39,91
15286014,7168,PRESCRIBED,WEST,ALL VEHICLES,2019,PUBLIC HOLIDAYS,7767,-1,-1
15286014,7168,PRESCRIBED,WEST,LIGHT VEHICLES,2019,WEEKDAYS,13442,-1,-1
15286014,7168,PRESCRIBED,WEST,ALL VEHICLES,2019,WEEKENDS,10721,-1,-1
15286014,7168,PRESCRIBED,WEST,HEAVY VEHICLES,2019,WEEKDAYS,1305,-1,-1
15286014,7168,PRESCRIBED,WEST,ALL VEHICLES,2019,PM PEAK,4629,-1,-1
15286014,7168,PRESCRIBED,WEST,LIGHT VEHICLES,2019,AM PEAK,2666,46,90
15334001,7248,PRESCRIBED,NORTH,ALL VEHICLES,2019,PUBLIC HOLIDAYS,18110,-1,-1
15334001,7248,PRESCRIBED,NORTH,LIGHT VEHICLES,2019,ALL DAYS,20118,80,97
15334001,7248,PRESCRIBED,NORTH,LIGHT VEHICLES,2019,AM PEAK,5871,92,95
15334001,7248,PRESCRIBED,NORTH,HEAVY VEHICLES,2019,ALL DAYS,2624,43,98
15334001,7248,PRESCRIBED,NORTH,ALL VEHICLES,2019,WEEKDAYS,23413,-1,-1
15334001,7248,PRESCRIBED,NORTH,LIGHT VEHICLES,2019,WEEKENDS,19231,-1,-1
15334001,7248,PRESCRIBED,NORTH,LIGHT VEHICLES,2019,OFF PEAK,10284,75,94
15334001,7248,PRESCRIBED,NORTH,ALL VEHICLES,2019,OFF PEAK,12117,-1,-1
15334001,7248,PRESCRIBED,NORTH,HEAVY VEHICLES,2019,PUBLIC HOLIDAYS,1067,25,100
15334001,7248,PRESCRIBED,NORTH,HEAVY VEHICLES,2019,WEEKDAYS,3071,-1,-1
15334001,7248,PRESCRIBED,NORTH,ALL VEHICLES,2019,PM PEAK,4607,-1,-1
15334001,7248,PRESCRIBED,NORTH,LIGHT VEHICLES,2019,PM PEAK,4187,89,94
15334001,7248,PRESCRIBED,NORTH,ALL VEHICLES,2019,ALL DAYS,22742,-1,-1
15334001,7248,PRESCRIBED,NORTH,HEAVY VEHICLES,2019,OFF PEAK,1833,48,95
15334001,7248,PRESCRIBED,NORTH,HEAVY VEHICLES,2019,AM PEAK,818,60,95
15334001,7248,PRESCRIBED,NORTH,HEAVY VEHICLES,2019,PM PEAK,420,46,95
15334001,7248,PRESCRIBED,NORTH,LIGHT VEHICLES,2019,WEEKDAYS,20342,-1,-1
15334001,7248,PRESCRIBED,NORTH,HEAVY VEHICLES,2019,WEEKENDS,1376,-1,-1
15334001,7248,PRESCRIBED,NORTH,LIGHT VEHICLES,2019,PUBLIC HOLIDAYS,17043,62,100
15334001,7248,PRESCRIBED,NORTH,ALL VEHICLES,2019,AM PEAK,6689,-1,-1
15334001,7248,PRESCRIBED,NORTH,ALL VEHICLES,2019,WEEKENDS,20607,-1,-1
15334002,7251,COUNTER,WEST,LIGHT VEHICLES,2019,PUBLIC HOLIDAYS,20846,51,99
15334002,7251,COUNTER,WEST,ALL VEHICLES,2019,ALL DAYS,27702,-1,-1
15334002,7251,COUNTER,WEST,HEAVY VEHICLES,2019,PM PEAK,665,42,95
15334002,7251,COUNTER,WEST,LIGHT VEHICLES,2019,PM PEAK,6775,75,93
15334002,7251,COUNTER,WEST,LIGHT VEHICLES,2019,AM PEAK,4235,72,92
15334002,7251,COUNTER,WEST,LIGHT VEHICLES,2019,ALL DAYS,25086,67,93
15334002,7251,COUNTER,WEST,ALL VEHICLES,2019,PUBLIC HOLIDAYS,21799,-1,-1
15334002,7251,COUNTER,WEST,HEAVY VEHICLES,2019,PUBLIC HOLIDAYS,953,19,99
15334002,7251,COUNTER,WEST,HEAVY VEHICLES,2019,WEEKDAYS,3066,-1,-1
15334002,7251,COUNTER,WEST,HEAVY VEHICLES,2019,ALL DAYS,2616,32,95
15334002,7251,COUNTER,WEST,LIGHT VEHICLES,2019,WEEKDAYS,24590,-1,-1
15334002,7251,COUNTER,WEST,HEAVY VEHICLES,2019,AM PEAK,679,45,93
15334002,7251,COUNTER,WEST,ALL VEHICLES,2019,WEEKDAYS,27656,-1,-1
15334002,7251,COUNTER,WEST,LIGHT VEHICLES,2019,OFF PEAK,13580,63,92
15334002,7251,COUNTER,WEST,ALL VEHICLES,2019,AM PEAK,4914,-1,-1
15334002,7251,COUNTER,WEST,ALL VEHICLES,2019,PM PEAK,7440,-1,-1
15334002,7251,COUNTER,WEST,HEAVY VEHICLES,2019,OFF PEAK,1722,32,94
15334002,7251,COUNTER,WEST,HEAVY VEHICLES,2019,WEEKENDS,1434,-1,-1
15334002,7251,COUNTER,WEST,LIGHT VEHICLES,2019,WEEKENDS,26123,-1,-1
15334002,7251,COUNTER,WEST,ALL VEHICLES,2019,OFF PEAK,15302,-1,-1
15334002,7251,COUNTER,WEST,ALL VEHICLES,2019,WEEKENDS,27557,-1,-1
15334003,7272,COUNTER,SOUTH,ALL VEHICLES,2019,PUBLIC HOLIDAYS,6814,-1,-1
15334003,7272,COUNTER,SOUTH,LIGHT VEHICLES,2019,PUBLIC HOLIDAYS,6487,54,100
15334003,7272,COUNTER,SOUTH,ALL VEHICLES,2019,OFF PEAK,4798,-1,-1
15334003,7272,COUNTER,SOUTH,HEAVY VEHICLES,2019,PUBLIC HOLIDAYS,327,16,100
15334003,7272,COUNTER,SOUTH,ALL VEHICLES,2019,WEEKDAYS,9047,-1,-1
15334003,7272,COUNTER,SOUTH,HEAVY VEHICLES,2019,OFF PEAK,459,27,96
15334003,7272,COUNTER,SOUTH,LIGHT VEHICLES,2019,ALL DAYS,8102,72,97
15334003,7272,COUNTER,SOUTH,HEAVY VEHICLES,2019,AM PEAK,218,43,96
15334003,7272,COUNTER,SOUTH,HEAVY VEHICLES,2019,WEEKENDS,410,-1,-1
15334003,7272,COUNTER,SOUTH,ALL VEHICLES,2019,WEEKENDS,8165,-1,-1
15334003,7272,COUNTER,SOUTH,LIGHT VEHICLES,2019,WEEKENDS,7755,-1,-1
15334003,7272,COUNTER,SOUTH,LIGHT VEHICLES,2019,PM PEAK,2074,84,96
15334003,7272,COUNTER,SOUTH,HEAVY VEHICLES,2019,ALL DAYS,720,27,97
15334003,7272,COUNTER,SOUTH,HEAVY VEHICLES,2019,PM PEAK,164,38,96
15334003,7272,COUNTER,SOUTH,ALL VEHICLES,2019,ALL DAYS,8822,-1,-1
15334003,7272,COUNTER,SOUTH,ALL VEHICLES,2019,PM PEAK,2238,-1,-1
15334003,7272,COUNTER,SOUTH,LIGHT VEHICLES,2019,OFF PEAK,4339,67,95
15334003,7272,COUNTER,SOUTH,HEAVY VEHICLES,2019,WEEKDAYS,841,-1,-1
15334003,7272,COUNTER,SOUTH,LIGHT VEHICLES,2019,AM PEAK,1793,83,95
15334003,7272,COUNTER,SOUTH,LIGHT VEHICLES,2019,WEEKDAYS,8206,-1,-1
15334003,7272,COUNTER,SOUTH,ALL VEHICLES,2019,AM PEAK,2011,-1,-1
15334004,7275,PRESCRIBED,SOUTH,LIGHT VEHICLES,2019,PM PEAK,4419,62,89
15334004,7275,PRESCRIBED,SOUTH,LIGHT VEHICLES,2019,WEEKDAYS,12499,-1,-1
15334004,7275,COUNTER,NORTH,ALL VEHICLES,2019,AM PEAK,4633,-1,-1
15334004,7275,PRESCRIBED AND COUNTER,BOTH,HEAVY VEHICLES,2019,ALL DAYS,1848,-1,-1
15334004,7275,PRESCRIBED AND COUNTER,BOTH,LIGHT VEHICLES,2019,WEEKENDS,22947,-1,-1
15334004,7275,PRESCRIBED AND COUNTER,BOTH,ALL VEHICLES,2019,AM PEAK,6572,-1,-1
15334004,7275,COUNTER,NORTH,HEAVY VEHICLES,2019,WEEKDAYS,1131,-1,-1
15334004,7275,PRESCRIBED,SOUTH,ALL VEHICLES,2019,ALL DAYS,13160,-1,-1
15334004,7275,PRESCRIBED,SOUTH,HEAVY VEHICLES,2019,PUBLIC HOLIDAYS,379,13,97
15334004,7275,COUNTER,NORTH,HEAVY VEHICLES,2019,AM PEAK,460,41,94
15334004,7275,PRESCRIBED AND COUNTER,BOTH,ALL VEHICLES,2019,OFF PEAK,13066,-1,-1
15334004,7275,COUNTER,NORTH,LIGHT VEHICLES,2019,WEEKDAYS,12507,-1,-1
15334004,7275,COUNTER,NORTH,HEAVY VEHICLES,2019,PUBLIC HOLIDAYS,397,12,99
15334004,7275,PRESCRIBED,SOUTH,ALL VEHICLES,2019,OFF PEAK,6860,-1,-1
15334004,7275,PRESCRIBED AND COUNTER,BOTH,HEAVY VEHICLES,2019,PUBLIC HOLIDAYS,776,-1,-1
15334004,7275,COUNTER,NORTH,LIGHT VEHICLES,2019,WEEKENDS,11429,-1,-1
15334004,7275,PRESCRIBED,SOUTH,LIGHT VEHICLES,2019,OFF PEAK,6333,38,89
15334004,7275,COUNTER,NORTH,LIGHT VEHICLES,2019,AM PEAK,4173,57,93
15334004,7275,PRESCRIBED AND COUNTER,BOTH,LIGHT VEHICLES,2019,PM PEAK,7055,-1,-1
15334004,7275,PRESCRIBED AND COUNTER,BOTH,ALL VEHICLES,2019,WEEKDAYS,27183,-1,-1
15334004,7275,PRESCRIBED AND COUNTER,BOTH,HEAVY VEHICLES,2019,OFF PEAK,1035,-1,-1
15334004,7275,PRESCRIBED AND COUNTER,BOTH,HEAVY VEHICLES,2019,WEEKDAYS,2177,-1,-1
15334004,7275,PRESCRIBED AND COUNTER,BOTH,LIGHT VEHICLES,2019,ALL DAYS,24549,-1,-1
15334004,7275,COUNTER,NORTH,HEAVY VEHICLES,2019,WEEKENDS,547,-1,-1
15334004,7275,PRESCRIBED AND COUNTER,BOTH,ALL VEHICLES,2019,PUBLIC HOLIDAYS,19575,-1,-1
15334004,7275,PRESCRIBED,SOUTH,LIGHT VEHICLES,2019,AM PEAK,1747,76,89
15334004,7275,PRESCRIBED AND COUNTER,BOTH,HEAVY VEHICLES,2019,WEEKENDS,1058,-1,-1
15334004,7275,PRESCRIBED,SOUTH,HEAVY VEHICLES,2019,PM PEAK,327,27,90
15334004,7275,COUNTER,NORTH,ALL VEHICLES,2019,OFF PEAK,6206,-1,-1
15334004,7275,PRESCRIBED,SOUTH,LIGHT VEHICLES,2019,ALL DAYS,12275,41,88
15334004,7275,PRESCRIBED AND COUNTER,BOTH,HEAVY VEHICLES,2019,PM PEAK,490,-1,-1
15334004,7275,COUNTER,NORTH,HEAVY VEHICLES,2019,PM PEAK,163,20,93
15334004,7275,PRESCRIBED,SOUTH,HEAVY VEHICLES,2019,OFF PEAK,527,17,92
15334004,7275,PRESCRIBED,SOUTH,ALL VEHICLES,2019,PUBLIC HOLIDAYS,9906,-1,-1
15334004,7275,PRESCRIBED,SOUTH,HEAVY VEHICLES,2019,WEEKENDS,511,-1,-1
15334004,7275,PRESCRIBED AND COUNTER,BOTH,ALL VEHICLES,2019,ALL DAYS,26397,-1,-1
15334004,7275,PRESCRIBED AND COUNTER,BOTH,ALL VEHICLES,2019,PM PEAK,7545,-1,-1
15334004,7275,PRESCRIBED AND COUNTER,BOTH,ALL VEHICLES,2019,WEEKENDS,24005,-1,-1
15334004,7275,PRESCRIBED,SOUTH,LIGHT VEHICLES,2019,PUBLIC HOLIDAYS,9527,55,93
15334004,7275,COUNTER,NORTH,LIGHT VEHICLES,2019,PM PEAK,2636,62,92
15334004,7275,COUNTER,NORTH,LIGHT VEHICLES,2019,OFF PEAK,5698,41,93
15334004,7275,COUNTER,NORTH,ALL VEHICLES,2019,PM PEAK,2799,-1,-1
15334004,7275,PRESCRIBED AND COUNTER,BOTH,LIGHT VEHICLES,2019,AM PEAK,5920,-1,-1
15334004,7275,COUNTER,NORTH,HEAVY VEHICLES,2019,ALL DAYS,963,20,97
15334004,7275,COUNTER,NORTH,ALL VEHICLES,2019,PUBLIC HOLIDAYS,9669,-1,-1
15334004,7275,PRESCRIBED AND COUNTER,BOTH,LIGHT VEHICLES,2019,PUBLIC HOLIDAYS,18799,-1,-1
15334004,7275,PRESCRIBED AND COUNTER,BOTH,LIGHT VEHICLES,2019,WEEKDAYS,25006,-1,-1
15334004,7275,COUNTER,NORTH,HEAVY VEHICLES,2019,OFF PEAK,508,20,93
15334004,7275,COUNTER,NORTH,ALL VEHICLES,2019,WEEKENDS,11976,-1,-1
15334004,7275,PRESCRIBED,SOUTH,ALL VEHICLES,2019,PM PEAK,4746,-1,-1
15334004,7275,COUNTER,NORTH,ALL VEHICLES,2019,WEEKDAYS,13638,-1,-1
15334004,7275,PRESCRIBED,SOUTH,LIGHT VEHICLES,2019,WEEKENDS,11518,-1,-1
15334004,7275,PRESCRIBED,SOUTH,HEAVY VEHICLES,2019,ALL DAYS,885,16,93
15334004,7275,PRESCRIBED AND COUNTER,BOTH,HEAVY VEHICLES,2019,AM PEAK,652,-1,-1
15334004,7275,PRESCRIBED,SOUTH,HEAVY VEHICLES,2019,WEEKDAYS,1046,-1,-1
15334004,7275,PRESCRIBED AND COUNTER,BOTH,LIGHT VEHICLES,2019,OFF PEAK,12031,-1,-1
15334004,7275,PRESCRIBED,SOUTH,ALL VEHICLES,2019,AM PEAK,1939,-1,-1
15334004,7275,PRESCRIBED,SOUTH,HEAVY VEHICLES,2019,AM PEAK,192,29,92
15334004,7275,COUNTER,NORTH,LIGHT VEHICLES,2019,PUBLIC HOLIDAYS,9272,62,100
15334004,7275,PRESCRIBED,SOUTH,ALL VEHICLES,2019,WEEKENDS,12029,-1,-1
15334004,7275,COUNTER,NORTH,ALL VEHICLES,2019,ALL DAYS,13237,-1,-1
15334004,7275,PRESCRIBED,SOUTH,ALL VEHICLES,2019,WEEKDAYS,13545,-1,-1
15334004,7275,COUNTER,NORTH,LIGHT VEHICLES,2019,ALL DAYS,12274,44,96
15334006,9827,COUNTER,SOUTH,ALL VEHICLES,2019,ALL DAYS,18501,-1,-1
15334006,9827,COUNTER,SOUTH,LIGHT VEHICLES,2019,AM PEAK,4345,87,94
15334006,9827,COUNTER,SOUTH,HEAVY VEHICLES,2019,WEEKENDS,881,-1,-1
15334006,9827,COUNTER,SOUTH,LIGHT VEHICLES,2019,PM PEAK,5060,95,94
15334006,9827,COUNTER,SOUTH,HEAVY VEHICLES,2019,PM PEAK,389,32,94
15334006,9827,COUNTER,SOUTH,ALL VEHICLES,2019,AM PEAK,4883,-1,-1
15334006,9827,COUNTER,SOUTH,ALL VEHICLES,2019,PM PEAK,5449,-1,-1
15334006,9827,COUNTER,SOUTH,HEAVY VEHICLES,2019,OFF PEAK,795,23,95
15334006,9827,COUNTER,SOUTH,HEAVY VEHICLES,2019,AM PEAK,538,43,94
15334006,9827,COUNTER,SOUTH,LIGHT VEHICLES,2019,WEEKENDS,15901,-1,-1
15334006,9827,COUNTER,SOUTH,HEAVY VEHICLES,2019,ALL DAYS,1494,25,96
15334006,9827,COUNTER,SOUTH,HEAVY VEHICLES,2019,WEEKDAYS,1722,-1,-1
15334006,9827,COUNTER,SOUTH,LIGHT VEHICLES,2019,WEEKDAYS,17333,-1,-1
15334006,9827,COUNTER,SOUTH,LIGHT VEHICLES,2019,OFF PEAK,7928,69,94
15334006,9827,COUNTER,SOUTH,LIGHT VEHICLES,2019,ALL DAYS,17007,76,96
15334006,9827,COUNTER,SOUTH,ALL VEHICLES,2019,PUBLIC HOLIDAYS,13067,-1,-1
15334006,9827,COUNTER,SOUTH,ALL VEHICLES,2019,WEEKDAYS,19055,-1,-1
15334006,9827,COUNTER,SOUTH,HEAVY VEHICLES,2019,PUBLIC HOLIDAYS,693,24,100
15334006,9827,COUNTER,SOUTH,ALL VEHICLES,2019,WEEKENDS,16782,-1,-1
15334006,9827,COUNTER,SOUTH,LIGHT VEHICLES,2019,PUBLIC HOLIDAYS,12374,58,100
15334006,9827,COUNTER,SOUTH,ALL VEHICLES,2019,OFF PEAK,8723,-1,-1
15334014,T0085,COUNTER,EAST,HEAVY VEHICLES,2019,PM PEAK,47,22,90
15334014,T0085,PRESCRIBED AND COUNTER,BOTH,HEAVY VEHICLES,2019,WEEKDAYS,345,-1,-1
15334014,T0085,PRESCRIBED AND COUNTER,BOTH,LIGHT VEHICLES,2019,OFF PEAK,1997,-1,-1
15334014,T0085,COUNTER,EAST,HEAVY VEHICLES,2019,ALL DAYS,165,12,93
15334014,T0085,COUNTER,EAST,HEAVY VEHICLES,2019,AM PEAK,79,20,91
15334014,T0085,PRESCRIBED AND COUNTER,BOTH,HEAVY VEHICLES,2019,PM PEAK,99,-1,-1
15334014,T0085,PRESCRIBED AND COUNTER,BOTH,HEAVY VEHICLES,2019,OFF PEAK,132,-1,-1
15334014,T0085,PRESCRIBED,WEST,ALL VEHICLES,2019,AM PEAK,700,-1,-1
15334014,T0085,PRESCRIBED,WEST,ALL VEHICLES,2019,PM PEAK,1284,-1,-1
15334014,T0085,PRESCRIBED AND COUNTER,BOTH,HEAVY VEHICLES,2019,WEEKENDS,161,-1,-1
15334014,T0085,PRESCRIBED,WEST,LIGHT VEHICLES,2019,WEEKDAYS,2990,-1,-1
15334014,T0085,PRESCRIBED,WEST,ALL VEHICLES,2019,WEEKENDS,2417,-1,-1
15334014,T0085,PRESCRIBED,WEST,HEAVY VEHICLES,2019,AM PEAK,35,18,89
15334014,T0085,PRESCRIBED,WEST,HEAVY VEHICLES,2019,PM PEAK,52,19,91
15334014,T0085,PRESCRIBED,WEST,ALL VEHICLES,2019,PUBLIC HOLIDAYS,2056,-1,-1
15334014,T0085,PRESCRIBED AND COUNTER,BOTH,ALL VEHICLES,2019,AM PEAK,1887,-1,-1
15334014,T0085,COUNTER,EAST,LIGHT VEHICLES,2019,ALL DAYS,2610,65,93
15334014,T0085,COUNTER,EAST,ALL VEHICLES,2019,PUBLIC HOLIDAYS,2128,-1,-1
15334014,T0085,PRESCRIBED AND COUNTER,BOTH,HEAVY VEHICLES,2019,PUBLIC HOLIDAYS,129,-1,-1
15334014,T0085,PRESCRIBED,WEST,HEAVY VEHICLES,2019,ALL DAYS,120,11,93
15334014,T0085,PRESCRIBED,WEST,ALL VEHICLES,2019,WEEKDAYS,3137,-1,-1
15334014,T0085,PRESCRIBED,WEST,LIGHT VEHICLES,2019,WEEKENDS,2352,-1,-1
15334014,T0085,COUNTER,EAST,LIGHT VEHICLES,2019,AM PEAK,1108,83,91
15334014,T0085,PRESCRIBED AND COUNTER,BOTH,LIGHT VEHICLES,2019,PM PEAK,1954,-1,-1
15334014,T0085,COUNTER,EAST,ALL VEHICLES,2019,WEEKENDS,2263,-1,-1
15334014,T0085,PRESCRIBED,WEST,HEAVY VEHICLES,2019,PUBLIC HOLIDAYS,47,11,100
15334014,T0085,COUNTER,EAST,LIGHT VEHICLES,2019,WEEKDAYS,2734,-1,-1
15334014,T0085,COUNTER,EAST,LIGHT VEHICLES,2019,WEEKENDS,2167,-1,-1
15334014,T0085,PRESCRIBED AND COUNTER,BOTH,LIGHT VEHICLES,2019,ALL DAYS,5461,-1,-1
15334014,T0085,PRESCRIBED,WEST,LIGHT VEHICLES,2019,OFF PEAK,1093,59,89
15334014,T0085,PRESCRIBED,WEST,LIGHT VEHICLES,2019,PUBLIC HOLIDAYS,2009,55,100
15334014,T0085,PRESCRIBED AND COUNTER,BOTH,LIGHT VEHICLES,2019,WEEKENDS,4519,-1,-1
15334014,T0085,COUNTER,EAST,HEAVY VEHICLES,2019,WEEKDAYS,198,-1,-1
15334014,T0085,PRESCRIBED,WEST,HEAVY VEHICLES,2019,OFF PEAK,60,9,90
15334014,T0085,COUNTER,EAST,ALL VEHICLES,2019,OFF PEAK,976,-1,-1
15334014,T0085,COUNTER,EAST,ALL VEHICLES,2019,WEEKDAYS,2932,-1,-1
15334014,T0085,PRESCRIBED,WEST,ALL VEHICLES,2019,OFF PEAK,1153,-1,-1
15334014,T0085,COUNTER,EAST,HEAVY VEHICLES,2019,PUBLIC HOLIDAYS,82,15,100
15334014,T0085,PRESCRIBED,WEST,LIGHT VEHICLES,2019,PM PEAK,1232,84,90
15334014,T0085,PRESCRIBED AND COUNTER,BOTH,ALL VEHICLES,2019,WEEKENDS,4680,-1,-1
15334014,T0085,COUNTER,EAST,LIGHT VEHICLES,2019,PM PEAK,722,76,90
15334014,T0085,COUNTER,EAST,ALL VEHICLES,2019,AM PEAK,1187,-1,-1
15334014,T0085,PRESCRIBED AND COUNTER,BOTH,ALL VEHICLES,2019,PM PEAK,2053,-1,-1
15334014,T0085,PRESCRIBED,WEST,HEAVY VEHICLES,2019,WEEKENDS,65,-1,-1
15334014,T0085,COUNTER,EAST,HEAVY VEHICLES,2019,OFF PEAK,72,11,91
15334014,T0085,PRESCRIBED AND COUNTER,BOTH,HEAVY VEHICLES,2019,AM PEAK,114,-1,-1
15334014,T0085,PRESCRIBED AND COUNTER,BOTH,ALL VEHICLES,2019,OFF PEAK,2129,-1,-1
15334014,T0085,PRESCRIBED AND COUNTER,BOTH,LIGHT VEHICLES,2019,WEEKDAYS,5724,-1,-1
15334014,T0085,COUNTER,EAST,HEAVY VEHICLES,2019,WEEKENDS,96,-1,-1
15334014,T0085,PRESCRIBED AND COUNTER,BOTH,ALL VEHICLES,2019,WEEKDAYS,6069,-1,-1
15334014,T0085,PRESCRIBED AND COUNTER,BOTH,HEAVY VEHICLES,2019,ALL DAYS,285,-1,-1
15334014,T0085,COUNTER,EAST,LIGHT VEHICLES,2019,PUBLIC HOLIDAYS,2046,56,100
15334014,T0085,COUNTER,EAST,LIGHT VEHICLES,2019,OFF PEAK,904,57,90
15334014,T0085,COUNTER,EAST,ALL VEHICLES,2019,ALL DAYS,2775,-1,-1
15334014,T0085,PRESCRIBED AND COUNTER,BOTH,LIGHT VEHICLES,2019,AM PEAK,1773,-1,-1
15334014,T0085,PRESCRIBED,WEST,HEAVY VEHICLES,2019,WEEKDAYS,147,-1,-1
15334014,T0085,PRESCRIBED,WEST,ALL VEHICLES,2019,ALL DAYS,2971,-1,-1
15334014,T0085,PRESCRIBED AND COUNTER,BOTH,LIGHT VEHICLES,2019,PUBLIC HOLIDAYS,4055,-1,-1
15334014,T0085,PRESCRIBED,WEST,LIGHT VEHICLES,2019,ALL DAYS,2851,67,92
15334014,T0085,PRESCRIBED AND COUNTER,BOTH,ALL VEHICLES,2019,ALL DAYS,5746,-1,-1
15334014,T0085,PRESCRIBED AND COUNTER,BOTH,ALL VEHICLES,2019,PUBLIC HOLIDAYS,4184,-1,-1
15334014,T0085,PRESCRIBED,WEST,LIGHT VEHICLES,2019,AM PEAK,665,77,89
15334014,T0085,COUNTER,EAST,ALL VEHICLES,2019,PM PEAK,769,-1,-1
15334016,T0231,COUNTER,EAST,HEAVY VEHICLES,2019,WEEKDAYS,1587,-1,-1
15334016,T0231,COUNTER,EAST,ALL VEHICLES,2019,AM PEAK,7078,-1,-1
15334016,T0231,COUNTER,EAST,ALL VEHICLES,2019,ALL DAYS,23216,-1,-1
15334016,T0231,COUNTER,EAST,LIGHT VEHICLES,2019,AM PEAK,6502,91,92
15334016,T0231,COUNTER,EAST,HEAVY VEHICLES,2019,AM PEAK,576,33,93
15334016,T0231,COUNTER,EAST,ALL VEHICLES,2019,PUBLIC HOLIDAYS,16242,-1,-1
15334016,T0231,COUNTER,EAST,LIGHT VEHICLES,2019,WEEKDAYS,22470,-1,-1
15334016,T0231,COUNTER,EAST,ALL VEHICLES,2019,PM PEAK,6190,-1,-1
15334016,T0231,COUNTER,EAST,ALL VEHICLES,2019,WEEKENDS,20755,-1,-1
15334016,T0231,COUNTER,EAST,HEAVY VEHICLES,2019,WEEKENDS,745,-1,-1
15334016,T0231,COUNTER,EAST,HEAVY VEHICLES,2019,PUBLIC HOLIDAYS,552,17,100
15334016,T0231,COUNTER,EAST,LIGHT VEHICLES,2019,PUBLIC HOLIDAYS,15690,57,100
15334016,T0231,COUNTER,EAST,HEAVY VEHICLES,2019,ALL DAYS,1343,21,94
15334016,T0231,COUNTER,EAST,HEAVY VEHICLES,2019,PM PEAK,285,23,92
15334016,T0231,COUNTER,EAST,ALL VEHICLES,2019,WEEKDAYS,24057,-1,-1
15334016,T0231,COUNTER,EAST,LIGHT VEHICLES,2019,ALL DAYS,21873,73,93
15334016,T0231,COUNTER,EAST,LIGHT VEHICLES,2019,WEEKENDS,20010,-1,-1
15334016,T0231,COUNTER,EAST,LIGHT VEHICLES,2019,PM PEAK,5905,91,92
15334016,T0231,COUNTER,EAST,ALL VEHICLES,2019,OFF PEAK,10789,-1,-1
15334016,T0231,COUNTER,EAST,HEAVY VEHICLES,2019,OFF PEAK,726,20,93
15334016,T0231,COUNTER,EAST,LIGHT VEHICLES,2019,OFF PEAK,10063,65,91
15334029,T0337,PRESCRIBED AND COUNTER,BOTH,LIGHT VEHICLES,2019,ALL DAYS,5714,-1,-1
15334029,T0337,COUNTER,EAST,HEAVY VEHICLES,2019,WEEKDAYS,217,-1,-1
15334029,T0337,PRESCRIBED,WEST,LIGHT VEHICLES,2019,OFF PEAK,1137,59,89
15334029,T0337,PRESCRIBED AND COUNTER,BOTH,LIGHT VEHICLES,2019,WEEKDAYS,5969,-1,-1
15334029,T0337,PRESCRIBED,WEST,HEAVY VEHICLES,2019,OFF PEAK,91,11,89
15334029,T0337,COUNTER,EAST,HEAVY VEHICLES,2019,PM PEAK,52,16,89
15334029,T0337,PRESCRIBED,WEST,LIGHT VEHICLES,2019,WEEKENDS,2438,-1,-1
15334029,T0337,PRESCRIBED AND COUNTER,BOTH,ALL VEHICLES,2019,ALL DAYS,6085,-1,-1
15334029,T0337,COUNTER,EAST,ALL VEHICLES,2019,AM PEAK,1225,-1,-1
15334029,T0337,PRESCRIBED AND COUNTER,BOTH,ALL VEHICLES,2019,PM PEAK,2147,-1,-1
15334029,T0337,PRESCRIBED AND COUNTER,BOTH,ALL VEHICLES,2019,OFF PEAK,2310,-1,-1
15334029,T0337,PRESCRIBED,WEST,ALL VEHICLES,2019,ALL DAYS,3136,-1,-1
15334029,T0337,COUNTER,EAST,LIGHT VEHICLES,2019,WEEKENDS,2303,-1,-1
15334029,T0337,COUNTER,EAST,HEAVY VEHICLES,2019,PUBLIC HOLIDAYS,79,16,100
15334029,T0337,COUNTER,EAST,ALL VEHICLES,2019,WEEKENDS,2404,-1,-1
15334029,T0337,PRESCRIBED,WEST,LIGHT VEHICLES,2019,PM PEAK,1247,83,90
15334029,T0337,PRESCRIBED AND COUNTER,BOTH,LIGHT VEHICLES,2019,WEEKENDS,4741,-1,-1
15334029,T0337,COUNTER,EAST,LIGHT VEHICLES,2019,PUBLIC HOLIDAYS,2150,56,100
15334029,T0337,COUNTER,EAST,LIGHT VEHICLES,2019,PM PEAK,762,79,89
15334029,T0337,PRESCRIBED,WEST,HEAVY VEHICLES,2019,WEEKENDS,110,-1,-1
15334029,T0337,COUNTER,EAST,HEAVY VEHICLES,2019,WEEKENDS,101,-1,-1
15334029,T0337,PRESCRIBED AND COUNTER,BOTH,ALL VEHICLES,2019,PUBLIC HOLIDAYS,4377,-1,-1
15334029,T0337,PRESCRIBED AND COUNTER,BOTH,HEAVY VEHICLES,2019,WEEKDAYS,449,-1,-1
15334029,T0337,COUNTER,EAST,HEAVY VEHICLES,2019,OFF PEAK,83,10,89
15334029,T0337,PRESCRIBED AND COUNTER,BOTH,HEAVY VEHICLES,2019,ALL DAYS,371,-1,-1
15334029,T0337,PRESCRIBED,WEST,ALL VEHICLES,2019,AM PEAK,736,-1,-1
15334029,T0337,COUNTER,EAST,HEAVY VEHICLES,2019,ALL DAYS,179,12,93
15334029,T0337,COUNTER,EAST,LIGHT VEHICLES,2019,OFF PEAK,999,57,89
15334029,T0337,PRESCRIBED,WEST,HEAVY VEHICLES,2019,ALL DAYS,192,12,93
15334029,T0337,PRESCRIBED AND COUNTER,BOTH,HEAVY VEHICLES,2019,PUBLIC HOLIDAYS,150,-1,-1
15334029,T0337,PRESCRIBED,WEST,ALL VEHICLES,2019,WEEKENDS,2548,-1,-1
15334029,T0337,PRESCRIBED,WEST,LIGHT VEHICLES,2019,PUBLIC HOLIDAYS,2077,55,100
15334029,T0337,PRESCRIBED AND COUNTER,BOTH,HEAVY VEHICLES,2019,AM PEAK,137,-1,-1
15334029,T0337,PRESCRIBED,WEST,ALL VEHICLES,2019,OFF PEAK,1228,-1,-1
15334029,T0337,COUNTER,EAST,LIGHT VEHICLES,2019,AM PEAK,1143,85,90
15334029,T0337,PRESCRIBED AND COUNTER,BOTH,HEAVY VEHICLES,2019,WEEKENDS,211,-1,-1
15334029,T0337,PRESCRIBED AND COUNTER,BOTH,LIGHT VEHICLES,2019,AM PEAK,1824,-1,-1
15334029,T0337,PRESCRIBED AND COUNTER,BOTH,ALL VEHICLES,2019,AM PEAK,1961,-1,-1
15334029,T0337,PRESCRIBED AND COUNTER,BOTH,HEAVY VEHICLES,2019,PM PEAK,138,-1,-1
15334029,T0337,PRESCRIBED,WEST,HEAVY VEHICLES,2019,PM PEAK,86,16,90
15334029,T0337,COUNTER,EAST,ALL VEHICLES,2019,OFF PEAK,1082,-1,-1
15334029,T0337,PRESCRIBED AND COUNTER,BOTH,HEAVY VEHICLES,2019,OFF PEAK,174,-1,-1
15334029,T0337,PRESCRIBED AND COUNTER,BOTH,ALL VEHICLES,2019,WEEKENDS,4952,-1,-1
15334029,T0337,COUNTER,EAST,LIGHT VEHICLES,2019,WEEKDAYS,2904,-1,-1
15334029,T0337,PRESCRIBED AND COUNTER,BOTH,LIGHT VEHICLES,2019,PM PEAK,2009,-1,-1
15334029,T0337,PRESCRIBED,WEST,ALL VEHICLES,2019,WEEKDAYS,3297,-1,-1
15334029,T0337,COUNTER,EAST,HEAVY VEHICLES,2019,AM PEAK,82,19,91
15334029,T0337,PRESCRIBED,WEST,ALL VEHICLES,2019,PM PEAK,1333,-1,-1
15334029,T0337,PRESCRIBED,WEST,LIGHT VEHICLES,2019,ALL DAYS,2944,67,93
15334029,T0337,PRESCRIBED,WEST,ALL VEHICLES,2019,PUBLIC HOLIDAYS,2148,-1,-1
15334029,T0337,PRESCRIBED,WEST,LIGHT VEHICLES,2019,AM PEAK,681,78,89
15334029,T0337,PRESCRIBED,WEST,HEAVY VEHICLES,2019,WEEKDAYS,232,-1,-1
15334029,T0337,PRESCRIBED AND COUNTER,BOTH,LIGHT VEHICLES,2019,PUBLIC HOLIDAYS,4227,-1,-1
15334029,T0337,PRESCRIBED,WEST,LIGHT VEHICLES,2019,WEEKDAYS,3065,-1,-1
15334029,T0337,COUNTER,EAST,LIGHT VEHICLES,2019,ALL DAYS,2770,66,93
15334029,T0337,COUNTER,EAST,ALL VEHICLES,2019,ALL DAYS,2949,-1,-1
15334029,T0337,PRESCRIBED AND COUNTER,BOTH,ALL VEHICLES,2019,WEEKDAYS,6418,-1,-1
15334029,T0337,COUNTER,EAST,ALL VEHICLES,2019,PUBLIC HOLIDAYS,2229,-1,-1
15334029,T0337,PRESCRIBED,WEST,HEAVY VEHICLES,2019,PUBLIC HOLIDAYS,71,13,100
15334029,T0337,COUNTER,EAST,ALL VEHICLES,2019,PM PEAK,814,-1,-1
15334029,T0337,PRESCRIBED AND COUNTER,BOTH,LIGHT VEHICLES,2019,OFF PEAK,2136,-1,-1
15334029,T0337,COUNTER,EAST,ALL VEHICLES,2019,WEEKDAYS,3121,-1,-1
15334029,T0337,PRESCRIBED,WEST,HEAVY VEHICLES,2019,AM PEAK,55,18,89
15334030,T0342,PRESCRIBED AND COUNTER,BOTH,LIGHT VEHICLES,2019,WEEKDAYS,5655,-1,-1
15334030,T0342,PRESCRIBED,WEST,HEAVY VEHICLES,2019,WEEKENDS,94,-1,-1
15334030,T0342,PRESCRIBED,WEST,HEAVY VEHICLES,2019,PUBLIC HOLIDAYS,64,15,100
15334030,T0342,COUNTER,EAST,ALL VEHICLES,2019,AM PEAK,1180,-1,-1
15334030,T0342,COUNTER,EAST,ALL VEHICLES,2019,WEEKDAYS,2931,-1,-1
15334030,T0342,PRESCRIBED,WEST,HEAVY VEHICLES,2019,OFF PEAK,79,10,89
15334030,T0342,COUNTER,EAST,HEAVY VEHICLES,2019,OFF PEAK,77,14,91
15334030,T0342,PRESCRIBED,WEST,ALL VEHICLES,2019,OFF PEAK,1151,-1,-1
15334030,T0342,COUNTER,EAST,ALL VEHICLES,2019,OFF PEAK,995,-1,-1
15334030,T0342,PRESCRIBED AND COUNTER,BOTH,HEAVY VEHICLES,2019,WEEKENDS,194,-1,-1
15334030,T0342,PRESCRIBED,WEST,HEAVY VEHICLES,2019,ALL DAYS,168,12,93
15334030,T0342,PRESCRIBED AND COUNTER,BOTH,HEAVY VEHICLES,2019,ALL DAYS,341,-1,-1
15334030,T0342,COUNTER,EAST,LIGHT VEHICLES,2019,ALL DAYS,2592,65,94
15334030,T0342,COUNTER,EAST,LIGHT VEHICLES,2019,WEEKENDS,2173,-1,-1
15334030,T0342,COUNTER,EAST,HEAVY VEHICLES,2019,WEEKDAYS,206,-1,-1
15334030,T0342,PRESCRIBED,WEST,LIGHT VEHICLES,2019,PUBLIC HOLIDAYS,1955,55,100
15334030,T0342,PRESCRIBED AND COUNTER,BOTH,ALL VEHICLES,2019,WEEKDAYS,6062,-1,-1
15334030,T0342,PRESCRIBED,WEST,HEAVY VEHICLES,2019,AM PEAK,46,19,89
15334030,T0342,COUNTER,EAST,ALL VEHICLES,2019,ALL DAYS,2765,-1,-1
15334030,T0342,PRESCRIBED AND COUNTER,BOTH,HEAVY VEHICLES,2019,PUBLIC HOLIDAYS,148,-1,-1
15334030,T0342,COUNTER,EAST,HEAVY VEHICLES,2019,PUBLIC HOLIDAYS,84,21,100
15334030,T0342,PRESCRIBED,WEST,ALL VEHICLES,2019,PUBLIC HOLIDAYS,2019,-1,-1
15334030,T0342,PRESCRIBED,WEST,LIGHT VEHICLES,2019,PM PEAK,1216,85,90
15334030,T0342,PRESCRIBED,WEST,LIGHT VEHICLES,2019,WEEKDAYS,2930,-1,-1
15334030,T0342,PRESCRIBED AND COUNTER,BOTH,LIGHT VEHICLES,2019,ALL DAYS,5379,-1,-1
15334030,T0342,PRESCRIBED,WEST,LIGHT VEHICLES,2019,ALL DAYS,2787,67,93
15334030,T0342,COUNTER,EAST,HEAVY VEHICLES,2019,ALL DAYS,173,12,95
15334030,T0342,COUNTER,EAST,LIGHT VEHICLES,2019,WEEKDAYS,2725,-1,-1
15334030,T0342,COUNTER,EAST,ALL VEHICLES,2019,PM PEAK,756,-1,-1
15334030,T0342,PRESCRIBED,WEST,ALL VEHICLES,2019,WEEKENDS,2388,-1,-1
15334030,T0342,PRESCRIBED AND COUNTER,BOTH,LIGHT VEHICLES,2019,OFF PEAK,1990,-1,-1
15334030,T0342,COUNTER,EAST,ALL VEHICLES,2019,WEEKENDS,2273,-1,-1
15334030,T0342,PRESCRIBED AND COUNTER,BOTH,LIGHT VEHICLES,2019,PM PEAK,1924,-1,-1
15334030,T0342,PRESCRIBED AND COUNTER,BOTH,ALL VEHICLES,2019,WEEKENDS,4661,-1,-1
15334030,T0342,PRESCRIBED,WEST,ALL VEHICLES,2019,WEEKDAYS,3131,-1,-1
15334030,T0342,PRESCRIBED AND COUNTER,BOTH,ALL VEHICLES,2019,OFF PEAK,2146,-1,-1
15334030,T0342,COUNTER,EAST,HEAVY VEHICLES,2019,WEEKENDS,100,-1,-1
15334030,T0342,PRESCRIBED,WEST,ALL VEHICLES,2019,AM PEAK,688,-1,-1
15334030,T0342,PRESCRIBED,WEST,LIGHT VEHICLES,2019,AM PEAK,642,76,89
15334030,T0342,PRESCRIBED,WEST,ALL VEHICLES,2019,ALL DAYS,2955,-1,-1
15334030,T0342,PRESCRIBED AND COUNTER,BOTH,ALL VEHICLES,2019,AM PEAK,1868,-1,-1
15334030,T0342,COUNTER,EAST,LIGHT VEHICLES,2019,AM PEAK,1099,84,91
15334030,T0342,COUNTER,EAST,HEAVY VEHICLES,2019,AM PEAK,81,17,92
15334030,T0342,PRESCRIBED,WEST,HEAVY VEHICLES,2019,PM PEAK,76,24,90
15334030,T0342,PRESCRIBED AND COUNTER,BOTH,ALL VEHICLES,2019,PUBLIC HOLIDAYS,4148,-1,-1
15334030,T0342,PRESCRIBED AND COUNTER,BOTH,LIGHT VEHICLES,2019,PUBLIC HOLIDAYS,4000,-1,-1
15334030,T0342,PRESCRIBED,WEST,HEAVY VEHICLES,2019,WEEKDAYS,201,-1,-1
15334030,T0342,PRESCRIBED AND COUNTER,BOTH,HEAVY VEHICLES,2019,PM PEAK,124,-1,-1
15334030,T0342,PRESCRIBED AND COUNTER,BOTH,HEAVY VEHICLES,2019,OFF PEAK,156,-1,-1
15334030,T0342,PRESCRIBED,WEST,ALL VEHICLES,2019,PM PEAK,1292,-1,-1
15334030,T0342,PRESCRIBED AND COUNTER,BOTH,HEAVY VEHICLES,2019,AM PEAK,127,-1,-1
15334030,T0342,PRESCRIBED AND COUNTER,BOTH,ALL VEHICLES,2019,PM PEAK,2048,-1,-1
15334030,T0342,PRESCRIBED,WEST,LIGHT VEHICLES,2019,WEEKENDS,2294,-1,-1
15334030,T0342,COUNTER,EAST,LIGHT VEHICLES,2019,OFF PEAK,918,56,91
15334030,T0342,COUNTER,EAST,LIGHT VEHICLES,2019,PM PEAK,708,79,90
15334030,T0342,PRESCRIBED AND COUNTER,BOTH,LIGHT VEHICLES,2019,WEEKENDS,4467,-1,-1
15334030,T0342,PRESCRIBED,WEST,LIGHT VEHICLES,2019,OFF PEAK,1072,59,89
15334030,T0342,COUNTER,EAST,LIGHT VEHICLES,2019,PUBLIC HOLIDAYS,2045,55,100
15334030,T0342,PRESCRIBED AND COUNTER,BOTH,ALL VEHICLES,2019,ALL DAYS,5720,-1,-1
15334030,T0342,PRESCRIBED AND COUNTER,BOTH,HEAVY VEHICLES,2019,WEEKDAYS,407,-1,-1
15334030,T0342,PRESCRIBED AND COUNTER,BOTH,LIGHT VEHICLES,2019,AM PEAK,1741,-1,-1
15334030,T0342,COUNTER,EAST,ALL VEHICLES,2019,PUBLIC HOLIDAYS,2129,-1,-1
15334030,T0342,COUNTER,EAST,HEAVY VEHICLES,2019,PM PEAK,48,27,90
15334031,T0345,COUNTER,EAST,HEAVY VEHICLES,2019,AM PEAK,156,33,94
15334031,T0345,COUNTER,EAST,ALL VEHICLES,2019,WEEKENDS,7322,-1,-1
15334031,T0345,COUNTER,EAST,ALL VEHICLES,2019,AM PEAK,3450,-1,-1
15334031,T0345,PRESCRIBED,WEST,HEAVY VEHICLES,2019,WEEKDAYS,483,-1,-1
15334031,T0345,COUNTER,EAST,HEAVY VEHICLES,2019,WEEKENDS,211,-1,-1
15334031,T0345,PRESCRIBED AND COUNTER,BOTH,LIGHT VEHICLES,2019,AM PEAK,4722,-1,-1
15334031,T0345,PRESCRIBED AND COUNTER,BOTH,HEAVY VEHICLES,2019,PM PEAK,255,-1,-1
15334031,T0345,PRESCRIBED AND COUNTER,BOTH,ALL VEHICLES,2019,WEEKENDS,14958,-1,-1
15334031,T0345,PRESCRIBED,WEST,LIGHT VEHICLES,2019,WEEKENDS,7402,-1,-1
15334031,T0345,PRESCRIBED AND COUNTER,BOTH,LIGHT VEHICLES,2019,PM PEAK,5570,-1,-1
15334031,T0345,PRESCRIBED AND COUNTER,BOTH,ALL VEHICLES,2019,WEEKDAYS,17928,-1,-1
15334031,T0345,COUNTER,EAST,HEAVY VEHICLES,2019,WEEKDAYS,433,-1,-1
15334031,T0345,COUNTER,EAST,HEAVY VEHICLES,2019,ALL DAYS,372,20,95
15334031,T0345,COUNTER,EAST,HEAVY VEHICLES,2019,OFF PEAK,188,19,93
15334031,T0345,COUNTER,EAST,ALL VEHICLES,2019,OFF PEAK,3229,-1,-1
15334031,T0345,PRESCRIBED,WEST,ALL VEHICLES,2019,ALL DAYS,8858,-1,-1
15334031,T0345,PRESCRIBED AND COUNTER,BOTH,ALL VEHICLES,2019,ALL DAYS,17265,-1,-1
15334031,T0345,PRESCRIBED AND COUNTER,BOTH,ALL VEHICLES,2019,PUBLIC HOLIDAYS,11450,-1,-1
15334031,T0345,PRESCRIBED AND COUNTER,BOTH,HEAVY VEHICLES,2019,PUBLIC HOLIDAYS,317,-1,-1
15334031,T0345,COUNTER,EAST,HEAVY VEHICLES,2019,PUBLIC HOLIDAYS,158,13,100
15334031,T0345,PRESCRIBED AND COUNTER,BOTH,HEAVY VEHICLES,2019,WEEKENDS,445,-1,-1
15334031,T0345,PRESCRIBED AND COUNTER,BOTH,LIGHT VEHICLES,2019,WEEKDAYS,17012,-1,-1
15334031,T0345,PRESCRIBED AND COUNTER,BOTH,HEAVY VEHICLES,2019,AM PEAK,272,-1,-1
15334031,T0345,COUNTER,EAST,HEAVY VEHICLES,2019,PM PEAK,89,21,93
15334031,T0345,PRESCRIBED,WEST,HEAVY VEHICLES,2019,AM PEAK,116,32,91
15334031,T0345,PRESCRIBED AND COUNTER,BOTH,LIGHT VEHICLES,2019,OFF PEAK,6720,-1,-1
15334031,T0345,COUNTER,EAST,LIGHT VEHICLES,2019,ALL DAYS,8035,74,95
15334031,T0345,COUNTER,EAST,ALL VEHICLES,2019,WEEKDAYS,8717,-1,-1
15334031,T0345,PRESCRIBED,WEST,LIGHT VEHICLES,2019,WEEKDAYS,8728,-1,-1
15334031,T0345,PRESCRIBED,WEST,ALL VEHICLES,2019,WEEKDAYS,9211,-1,-1
15334031,T0345,PRESCRIBED,WEST,LIGHT VEHICLES,2019,OFF PEAK,3679,66,90
15334031,T0345,COUNTER,EAST,LIGHT VEHICLES,2019,WEEKENDS,7111,-1,-1
15334031,T0345,PRESCRIBED AND COUNTER,BOTH,HEAVY VEHICLES,2019,OFF PEAK,389,-1,-1
15334031,T0345,PRESCRIBED AND COUNTER,BOTH,LIGHT VEHICLES,2019,PUBLIC HOLIDAYS,11133,-1,-1
15334031,T0345,PRESCRIBED AND COUNTER,BOTH,HEAVY VEHICLES,2019,ALL DAYS,786,-1,-1
15334031,T0345,COUNTER,EAST,LIGHT VEHICLES,2019,PM PEAK,1949,89,92
15334031,T0345,PRESCRIBED,WEST,ALL VEHICLES,2019,OFF PEAK,3880,-1,-1
15334031,T0345,PRESCRIBED,WEST,HEAVY VEHICLES,2019,WEEKENDS,234,-1,-1
15334031,T0345,PRESCRIBED AND COUNTER,BOTH,LIGHT VEHICLES,2019,ALL DAYS,16479,-1,-1
15334031,T0345,PRESCRIBED,WEST,ALL VEHICLES,2019,AM PEAK,1544,-1,-1
15334031,T0345,COUNTER,EAST,ALL VEHICLES,2019,PUBLIC HOLIDAYS,5717,-1,-1
15334031,T0345,PRESCRIBED,WEST,HEAVY VEHICLES,2019,PUBLIC HOLIDAYS,159,13,100
15334031,T0345,COUNTER,EAST,LIGHT VEHICLES,2019,WEEKDAYS,8284,-1,-1
15334031,T0345,COUNTER,EAST,LIGHT VEHICLES,2019,AM PEAK,3294,93,92
15334031,T0345,PRESCRIBED AND COUNTER,BOTH,ALL VEHICLES,2019,OFF PEAK,7109,-1,-1
15334031,T0345,PRESCRIBED AND COUNTER,BOTH,LIGHT VEHICLES,2019,WEEKENDS,14513,-1,-1
15334031,T0345,PRESCRIBED,WEST,HEAVY VEHICLES,2019,OFF PEAK,201,19,91
15334031,T0345,PRESCRIBED,WEST,ALL VEHICLES,2019,PM PEAK,3787,-1,-1
15334031,T0345,COUNTER,EAST,LIGHT VEHICLES,2019,PUBLIC HOLIDAYS,5559,61,100
15334031,T0345,PRESCRIBED,WEST,LIGHT VEHICLES,2019,ALL DAYS,8444,74,93
15334031,T0345,PRESCRIBED AND COUNTER,BOTH,ALL VEHICLES,2019,AM PEAK,4994,-1,-1
15334031,T0345,PRESCRIBED,WEST,LIGHT VEHICLES,2019,PUBLIC HOLIDAYS,5574,61,100
15334031,T0345,COUNTER,EAST,LIGHT VEHICLES,2019,OFF PEAK,3041,66,92
15334031,T0345,COUNTER,EAST,ALL VEHICLES,2019,PM PEAK,2038,-1,-1
15334031,T0345,PRESCRIBED,WEST,LIGHT VEHICLES,2019,PM PEAK,3621,92,90
15334031,T0345,PRESCRIBED AND COUNTER,BOTH,HEAVY VEHICLES,2019,WEEKDAYS,916,-1,-1
15334031,T0345,PRESCRIBED,WEST,ALL VEHICLES,2019,WEEKENDS,7636,-1,-1
15334031,T0345,PRESCRIBED,WEST,LIGHT VEHICLES,2019,AM PEAK,1428,89,89
15334031,T0345,PRESCRIBED AND COUNTER,BOTH,ALL VEHICLES,2019,PM PEAK,5825,-1,-1
15334031,T0345,COUNTER,EAST,ALL VEHICLES,2019,ALL DAYS,8407,-1,-1
15334031,T0345,PRESCRIBED,WEST,HEAVY VEHICLES,2019,ALL DAYS,414,20,94
15334031,T0345,PRESCRIBED,WEST,ALL VEHICLES,2019,PUBLIC HOLIDAYS,5733,-1,-1
15334031,T0345,PRESCRIBED,WEST,HEAVY VEHICLES,2019,PM PEAK,166,27,92
15370001,7139,COUNTER,WEST,HEAVY VEHICLES,2019,PUBLIC HOLIDAYS,1030,18,100
15370001,7139,COUNTER,WEST,ALL VEHICLES,2019,OFF PEAK,19354,-1,-1
15370001,7139,COUNTER,WEST,ALL VEHICLES,2019,PUBLIC HOLIDAYS,30687,-1,-1
15370001,7139,COUNTER,WEST,HEAVY VEHICLES,2019,WEEKDAYS,2690,-1,-1
15370001,7139,COUNTER,WEST,LIGHT VEHICLES,2019,PUBLIC HOLIDAYS,29657,68,100
15370001,7139,COUNTER,WEST,ALL VEHICLES,2019,ALL DAYS,39694,-1,-1
15370001,7139,COUNTER,WEST,LIGHT VEHICLES,2019,AM PEAK,10400,99,94
15370001,7139,COUNTER,WEST,ALL VEHICLES,2019,PM PEAK,10119,-1,-1
15370001,7139,COUNTER,WEST,ALL VEHICLES,2019,AM PEAK,11071,-1,-1
15370001,7139,COUNTER,WEST,ALL VEHICLES,2019,WEEKDAYS,40544,-1,-1
15370001,7139,COUNTER,WEST,HEAVY VEHICLES,2019,WEEKENDS,1256,-1,-1
15370001,7139,COUNTER,WEST,HEAVY VEHICLES,2019,AM PEAK,671,36,95
15370001,7139,COUNTER,WEST,LIGHT VEHICLES,2019,PM PEAK,9502,98,95
15370001,7139,COUNTER,WEST,ALL VEHICLES,2019,WEEKENDS,36719,-1,-1
15370001,7139,COUNTER,WEST,HEAVY VEHICLES,2019,PM PEAK,617,33,95
15370001,7139,COUNTER,WEST,LIGHT VEHICLES,2019,WEEKENDS,35463,-1,-1
15370001,7139,COUNTER,WEST,LIGHT VEHICLES,2019,ALL DAYS,37393,89,96
15370001,7139,COUNTER,WEST,HEAVY VEHICLES,2019,OFF PEAK,1402,23,95
15370001,7139,COUNTER,WEST,LIGHT VEHICLES,2019,WEEKDAYS,37854,-1,-1
15370001,7139,COUNTER,WEST,HEAVY VEHICLES,2019,ALL DAYS,2301,24,96
15370001,7139,COUNTER,WEST,LIGHT VEHICLES,2019,OFF PEAK,17952,82,94
15648001,7179,COUNTER,SOUTH,ALL VEHICLES,2019,PUBLIC HOLIDAYS,21327,-1,-1
15648001,7179,COUNTER,SOUTH,ALL VEHICLES,2019,AM PEAK,6630,-1,-1
15648001,7179,COUNTER,SOUTH,ALL VEHICLES,2019,WEEKDAYS,30828,-1,-1
15648001,7179,COUNTER,SOUTH,HEAVY VEHICLES,2019,OFF PEAK,2470,45,96
15648001,7179,COUNTER,SOUTH,ALL VEHICLES,2019,ALL DAYS,29514,-1,-1
15648001,7179,COUNTER,SOUTH,LIGHT VEHICLES,2019,PUBLIC HOLIDAYS,20434,59,100
15648001,7179,COUNTER,SOUTH,LIGHT VEHICLES,2019,WEEKENDS,24382,-1,-1
15648001,7179,COUNTER,SOUTH,LIGHT VEHICLES,2019,WEEKDAYS,26496,-1,-1
15648001,7179,COUNTER,SOUTH,ALL VEHICLES,2019,PM PEAK,7952,-1,-1
15648001,7179,COUNTER,SOUTH,HEAVY VEHICLES,2019,PM PEAK,832,56,96
15648001,7179,COUNTER,SOUTH,ALL VEHICLES,2019,WEEKENDS,25700,-1,-1
15648001,7179,COUNTER,SOUTH,LIGHT VEHICLES,2019,ALL DAYS,25993,80,96
15648001,7179,COUNTER,SOUTH,LIGHT VEHICLES,2019,PM PEAK,7120,91,95
15648001,7179,COUNTER,SOUTH,LIGHT VEHICLES,2019,AM PEAK,5600,89,95
15648001,7179,COUNTER,SOUTH,HEAVY VEHICLES,2019,WEEKENDS,1318,-1,-1
15648001,7179,COUNTER,SOUTH,HEAVY VEHICLES,2019,WEEKDAYS,4332,-1,-1
15648001,7179,COUNTER,SOUTH,HEAVY VEHICLES,2019,PUBLIC HOLIDAYS,893,23,100
15648001,7179,COUNTER,SOUTH,LIGHT VEHICLES,2019,OFF PEAK,13776,75,95
15648001,7179,COUNTER,SOUTH,HEAVY VEHICLES,2019,ALL DAYS,3521,43,96
15648001,7179,COUNTER,SOUTH,ALL VEHICLES,2019,OFF PEAK,16246,-1,-1
15648001,7179,COUNTER,SOUTH,HEAVY VEHICLES,2019,AM PEAK,1030,60,95
15648002,9849,PRESCRIBED AND COUNTER,BOTH,HEAVY VEHICLES,2019,PUBLIC HOLIDAYS,490,-1,-1
15648002,9849,PRESCRIBED,NORTH,HEAVY VEHICLES,2019,WEEKDAYS,723,-1,-1
15648002,9849,COUNTER,SOUTH,HEAVY VEHICLES,2019,PM PEAK,213,21,92
15648002,9849,COUNTER,SOUTH,ALL VEHICLES,2019,OFF PEAK,4905,-1,-1
15648002,9849,COUNTER,SOUTH,HEAVY VEHICLES,2019,WEEKENDS,303,-1,-1
15648002,9849,PRESCRIBED,NORTH,ALL VEHICLES,2019,OFF PEAK,4507,-1,-1
15648002,9849,PRESCRIBED AND COUNTER,BOTH,ALL VEHICLES,2019,WEEKDAYS,21284,-1,-1
15648002,9849,PRESCRIBED AND COUNTER,BOTH,ALL VEHICLES,2019,AM PEAK,5529,-1,-1
15648002,9849,COUNTER,SOUTH,ALL VEHICLES,2019,WEEKDAYS,10734,-1,-1
15648002,9849,PRESCRIBED,NORTH,ALL VEHICLES,2019,WEEKENDS,8292,-1,-1
15648002,9849,PRESCRIBED AND COUNTER,BOTH,LIGHT VEHICLES,2019,PM PEAK,5969,-1,-1
15648002,9849,PRESCRIBED AND COUNTER,BOTH,HEAVY VEHICLES,2019,WEEKDAYS,1419,-1,-1
15648002,9849,PRESCRIBED,NORTH,HEAVY VEHICLES,2019,PUBLIC HOLIDAYS,244,12,100
15648002,9849,PRESCRIBED,NORTH,HEAVY VEHICLES,2019,ALL DAYS,599,14,90
15648002,9849,PRESCRIBED AND COUNTER,BOTH,HEAVY VEHICLES,2019,ALL DAYS,1178,-1,-1
15648002,9849,COUNTER,SOUTH,LIGHT VEHICLES,2019,AM PEAK,1908,43,91
15648002,9849,PRESCRIBED,NORTH,HEAVY VEHICLES,2019,AM PEAK,252,31,92
15648002,9849,COUNTER,SOUTH,LIGHT VEHICLES,2019,OFF PEAK,4594,37,90
15648002,9849,PRESCRIBED AND COUNTER,BOTH,ALL VEHICLES,2019,OFF PEAK,9412,-1,-1
15648002,9849,PRESCRIBED,NORTH,ALL VEHICLES,2019,WEEKDAYS,10550,-1,-1
15648002,9849,COUNTER,SOUTH,LIGHT VEHICLES,2019,PM PEAK,3536,57,90
15648002,9849,PRESCRIBED AND COUNTER,BOTH,LIGHT VEHICLES,2019,PUBLIC HOLIDAYS,13621,-1,-1
15648002,9849,PRESCRIBED AND COUNTER,BOTH,ALL VEHICLES,2019,PUBLIC HOLIDAYS,14111,-1,-1
15648002,9849,PRESCRIBED AND COUNTER,BOTH,ALL VEHICLES,2019,PM PEAK,6343,-1,-1
15648002,9849,PRESCRIBED,NORTH,LIGHT VEHICLES,2019,ALL DAYS,9411,39,87
15648002,9849,COUNTER,SOUTH,HEAVY VEHICLES,2019,ALL DAYS,579,15,91
15648002,9849,PRESCRIBED AND COUNTER,BOTH,HEAVY VEHICLES,2019,PM PEAK,374,-1,-1
15648002,9849,COUNTER,SOUTH,ALL VEHICLES,2019,WEEKENDS,8406,-1,-1
15648002,9849,PRESCRIBED,NORTH,HEAVY VEHICLES,2019,WEEKENDS,310,-1,-1
15648002,9849,COUNTER,SOUTH,ALL VEHICLES,2019,ALL DAYS,10193,-1,-1
15648002,9849,PRESCRIBED,NORTH,ALL VEHICLES,2019,AM PEAK,3449,-1,-1
15648002,9849,PRESCRIBED AND COUNTER,BOTH,LIGHT VEHICLES,2019,WEEKDAYS,19865,-1,-1
15648002,9849,PRESCRIBED,NORTH,LIGHT VEHICLES,2019,OFF PEAK,4197,37,90
15648002,9849,PRESCRIBED,NORTH,LIGHT VEHICLES,2019,WEEKENDS,7982,-1,-1
15648002,9849,COUNTER,SOUTH,ALL VEHICLES,2019,PM PEAK,3749,-1,-1
15648002,9849,PRESCRIBED,NORTH,ALL VEHICLES,2019,ALL DAYS,10010,-1,-1
15648002,9849,PRESCRIBED AND COUNTER,BOTH,LIGHT VEHICLES,2019,ALL DAYS,19025,-1,-1
15648002,9849,COUNTER,SOUTH,HEAVY VEHICLES,2019,OFF PEAK,311,16,92
15648002,9849,COUNTER,SOUTH,LIGHT VEHICLES,2019,PUBLIC HOLIDAYS,6942,51,100
15648002,9849,PRESCRIBED,NORTH,LIGHT VEHICLES,2019,PUBLIC HOLIDAYS,6679,52,100
15648002,9849,PRESCRIBED,NORTH,ALL VEHICLES,2019,PUBLIC HOLIDAYS,6923,-1,-1
15648002,9849,COUNTER,SOUTH,ALL VEHICLES,2019,PUBLIC HOLIDAYS,7188,-1,-1
15648002,9849,PRESCRIBED,NORTH,LIGHT VEHICLES,2019,AM PEAK,3197,56,91
15648002,9849,PRESCRIBED,NORTH,ALL VEHICLES,2019,PM PEAK,2594,-1,-1
15648002,9849,PRESCRIBED,NORTH,LIGHT VEHICLES,2019,PM PEAK,2433,45,90
15648002,9849,COUNTER,SOUTH,LIGHT VEHICLES,2019,ALL DAYS,9614,39,88
15648002,9849,PRESCRIBED AND COUNTER,BOTH,HEAVY VEHICLES,2019,WEEKENDS,613,-1,-1
15648002,9849,PRESCRIBED,NORTH,HEAVY VEHICLES,2019,PM PEAK,161,18,91
15648002,9849,PRESCRIBED AND COUNTER,BOTH,LIGHT VEHICLES,2019,AM PEAK,5105,-1,-1
15648002,9849,PRESCRIBED AND COUNTER,BOTH,ALL VEHICLES,2019,WEEKENDS,16698,-1,-1
15648002,9849,PRESCRIBED AND COUNTER,BOTH,LIGHT VEHICLES,2019,OFF PEAK,8791,-1,-1
15648002,9849,COUNTER,SOUTH,HEAVY VEHICLES,2019,AM PEAK,172,27,92
15648002,9849,COUNTER,SOUTH,LIGHT VEHICLES,2019,WEEKDAYS,10038,-1,-1
15648002,9849,COUNTER,SOUTH,LIGHT VEHICLES,2019,WEEKENDS,8103,-1,-1
15648002,9849,PRESCRIBED AND COUNTER,BOTH,HEAVY VEHICLES,2019,AM PEAK,424,-1,-1
15648002,9849,PRESCRIBED AND COUNTER,BOTH,HEAVY VEHICLES,2019,OFF PEAK,621,-1,-1
15648002,9849,COUNTER,SOUTH,HEAVY VEHICLES,2019,WEEKDAYS,696,-1,-1
15648002,9849,PRESCRIBED,NORTH,LIGHT VEHICLES,2019,WEEKDAYS,9827,-1,-1
15648002,9849,COUNTER,SOUTH,ALL VEHICLES,2019,AM PEAK,2080,-1,-1
15648002,9849,PRESCRIBED AND COUNTER,BOTH,LIGHT VEHICLES,2019,WEEKENDS,16085,-1,-1
15648002,9849,PRESCRIBED AND COUNTER,BOTH,ALL VEHICLES,2019,ALL DAYS,20203,-1,-1
15648002,9849,PRESCRIBED,NORTH,HEAVY VEHICLES,2019,OFF PEAK,310,14,92
15648002,9849,COUNTER,SOUTH,HEAVY VEHICLES,2019,PUBLIC HOLIDAYS,246,11,100
15828001,7184,COUNTER,SOUTH,HEAVY VEHICLES,2019,PM PEAK,810,46,97
15828001,7184,COUNTER,SOUTH,ALL VEHICLES,2019,WEEKDAYS,40223,-1,-1
15828001,7184,COUNTER,SOUTH,ALL VEHICLES,2019,WEEKENDS,37297,-1,-1
15828001,7184,COUNTER,SOUTH,ALL VEHICLES,2019,ALL DAYS,39511,-1,-1
15828001,7184,COUNTER,SOUTH,HEAVY VEHICLES,2019,OFF PEAK,2035,38,97
15828001,7184,COUNTER,SOUTH,ALL VEHICLES,2019,AM PEAK,11249,-1,-1
15828001,7184,COUNTER,SOUTH,ALL VEHICLES,2019,PUBLIC HOLIDAYS,31981,-1,-1
15828001,7184,COUNTER,SOUTH,HEAVY VEHICLES,2019,PUBLIC HOLIDAYS,1027,23,100
15828001,7184,COUNTER,SOUTH,ALL VEHICLES,2019,OFF PEAK,18770,-1,-1
15828001,7184,COUNTER,SOUTH,LIGHT VEHICLES,2019,WEEKDAYS,36529,-1,-1
15828001,7184,COUNTER,SOUTH,LIGHT VEHICLES,2019,OFF PEAK,16735,75,96
15828001,7184,COUNTER,SOUTH,HEAVY VEHICLES,2019,WEEKENDS,1393,-1,-1
15828001,7184,COUNTER,SOUTH,HEAVY VEHICLES,2019,AM PEAK,849,51,96
15828001,7184,COUNTER,SOUTH,LIGHT VEHICLES,2019,PUBLIC HOLIDAYS,30954,62,100
15828001,7184,COUNTER,SOUTH,ALL VEHICLES,2019,PM PEAK,10204,-1,-1
15828001,7184,COUNTER,SOUTH,HEAVY VEHICLES,2019,WEEKDAYS,3694,-1,-1
15828001,7184,COUNTER,SOUTH,LIGHT VEHICLES,2019,WEEKENDS,35904,-1,-1
15828001,7184,COUNTER,SOUTH,LIGHT VEHICLES,2019,PM PEAK,9394,95,96
15828001,7184,COUNTER,SOUTH,HEAVY VEHICLES,2019,ALL DAYS,3064,37,97
15828001,7184,COUNTER,SOUTH,LIGHT VEHICLES,2019,ALL DAYS,36447,80,97
15828001,7184,COUNTER,SOUTH,LIGHT VEHICLES,2019,AM PEAK,10400,96,96
15828005,9658,COUNTER,WEST,HEAVY VEHICLES,2019,ALL DAYS,1913,40,95
15828005,9658,COUNTER,WEST,LIGHT VEHICLES,2019,OFF PEAK,7682,63,93
15828005,9658,COUNTER,WEST,LIGHT VEHICLES,2019,PM PEAK,3981,76,91
15828005,9658,COUNTER,WEST,ALL VEHICLES,2019,PM PEAK,4433,-1,-1
15828005,9658,COUNTER,WEST,LIGHT VEHICLES,2019,AM PEAK,4194,75,92
15828005,9658,COUNTER,WEST,HEAVY VEHICLES,2019,PM PEAK,452,52,93
15828005,9658,COUNTER,WEST,LIGHT VEHICLES,2019,ALL DAYS,15692,67,94
15828005,9658,COUNTER,WEST,LIGHT VEHICLES,2019,PUBLIC HOLIDAYS,12217,63,99
15828005,9658,COUNTER,WEST,ALL VEHICLES,2019,PUBLIC HOLIDAYS,12770,-1,-1
15828005,9658,COUNTER,WEST,ALL VEHICLES,2019,WEEKDAYS,18166,-1,-1
15828005,9658,COUNTER,WEST,LIGHT VEHICLES,2019,WEEKDAYS,15857,-1,-1
15828005,9658,COUNTER,WEST,ALL VEHICLES,2019,WEEKENDS,15819,-1,-1
15828005,9658,COUNTER,WEST,ALL VEHICLES,2019,ALL DAYS,17605,-1,-1
15828005,9658,COUNTER,WEST,HEAVY VEHICLES,2019,WEEKENDS,830,-1,-1
15828005,9658,COUNTER,WEST,HEAVY VEHICLES,2019,OFF PEAK,1395,42,94
15828005,9658,COUNTER,WEST,LIGHT VEHICLES,2019,WEEKENDS,14989,-1,-1
15828005,9658,COUNTER,WEST,HEAVY VEHICLES,2019,PUBLIC HOLIDAYS,553,26,99
15828005,9658,COUNTER,WEST,HEAVY VEHICLES,2019,AM PEAK,462,51,93
15828005,9658,COUNTER,WEST,ALL VEHICLES,2019,AM PEAK,4656,-1,-1
15828005,9658,COUNTER,WEST,HEAVY VEHICLES,2019,WEEKDAYS,2309,-1,-1
15828005,9658,COUNTER,WEST,ALL VEHICLES,2019,OFF PEAK,9077,-1,-1
15934002,T0289,PRESCRIBED,NORTH,HEAVY VEHICLES,2019,OFF PEAK,2730,80,80
15934002,T0289,PRESCRIBED,NORTH,HEAVY VEHICLES,2019,PM PEAK,685,86,80
15934002,T0289,PRESCRIBED,NORTH,LIGHT VEHICLES,2019,ALL DAYS,18,18,79
15934002,T0289,PRESCRIBED,NORTH,ALL VEHICLES,2019,PM PEAK,688,-1,-1
15934002,T0289,PRESCRIBED,NORTH,LIGHT VEHICLES,2019,WEEKENDS,14,-1,-1
15934002,T0289,PRESCRIBED,NORTH,LIGHT VEHICLES,2019,OFF PEAK,15,19,79
15934002,T0289,PRESCRIBED,NORTH,HEAVY VEHICLES,2019,AM PEAK,972,89,80
15934002,T0289,PRESCRIBED,NORTH,LIGHT VEHICLES,2019,PUBLIC HOLIDAYS,13,12,100
15934002,T0289,PRESCRIBED,NORTH,HEAVY VEHICLES,2019,ALL DAYS,3541,78,80
15934002,T0289,PRESCRIBED,NORTH,ALL VEHICLES,2019,OFF PEAK,2745,-1,-1
15934002,T0289,PRESCRIBED,NORTH,HEAVY VEHICLES,2019,WEEKDAYS,4387,-1,-1
15934002,T0289,PRESCRIBED,NORTH,LIGHT VEHICLES,2019,AM PEAK,5,21,80
15934002,T0289,PRESCRIBED,NORTH,ALL VEHICLES,2019,WEEKENDS,1181,-1,-1
15934002,T0289,PRESCRIBED,NORTH,HEAVY VEHICLES,2019,WEEKENDS,1167,-1,-1
15934002,T0289,PRESCRIBED,NORTH,HEAVY VEHICLES,2019,PUBLIC HOLIDAYS,770,47,100
15934002,T0289,PRESCRIBED,NORTH,LIGHT VEHICLES,2019,PM PEAK,3,21,86
15934002,T0289,PRESCRIBED,NORTH,ALL VEHICLES,2019,AM PEAK,977,-1,-1
15934002,T0289,PRESCRIBED,NORTH,ALL VEHICLES,2019,WEEKDAYS,4410,-1,-1
15934002,T0289,PRESCRIBED,NORTH,ALL VEHICLES,2019,PUBLIC HOLIDAYS,783,-1,-1
15934002,T0289,PRESCRIBED,NORTH,LIGHT VEHICLES,2019,WEEKDAYS,23,-1,-1
15934002,T0289,PRESCRIBED,NORTH,ALL VEHICLES,2019,ALL DAYS,3559,-1,-1
16294002,T0288,PRESCRIBED,NORTH,LIGHT VEHICLES,2019,AM PEAK,4,20,85
16294002,T0288,PRESCRIBED,NORTH,LIGHT VEHICLES,2019,WEEKENDS,13,-1,-1
16294002,T0288,PRESCRIBED,NORTH,HEAVY VEHICLES,2019,PM PEAK,698,85,82
16294002,T0288,PRESCRIBED,NORTH,ALL VEHICLES,2019,WEEKDAYS,4459,-1,-1
16294002,T0288,PRESCRIBED,NORTH,LIGHT VEHICLES,2019,PUBLIC HOLIDAYS,13,12,100
16294002,T0288,PRESCRIBED,NORTH,LIGHT VEHICLES,2019,PM PEAK,4,21,89
16294002,T0288,PRESCRIBED,NORTH,ALL VEHICLES,2019,WEEKENDS,1182,-1,-1
16294002,T0288,PRESCRIBED,NORTH,HEAVY VEHICLES,2019,AM PEAK,981,88,82
16294002,T0288,PRESCRIBED,NORTH,LIGHT VEHICLES,2019,ALL DAYS,18,18,83
16294002,T0288,PRESCRIBED,NORTH,ALL VEHICLES,2019,PM PEAK,702,-1,-1
16294002,T0288,PRESCRIBED,NORTH,HEAVY VEHICLES,2019,OFF PEAK,2757,79,82
16294002,T0288,PRESCRIBED,NORTH,LIGHT VEHICLES,2019,WEEKDAYS,23,-1,-1
16294002,T0288,PRESCRIBED,NORTH,HEAVY VEHICLES,2019,PUBLIC HOLIDAYS,769,48,100
16294002,T0288,PRESCRIBED,NORTH,HEAVY VEHICLES,2019,WEEKDAYS,4436,-1,-1
16294002,T0288,PRESCRIBED,NORTH,ALL VEHICLES,2019,ALL DAYS,3580,-1,-1
16294002,T0288,PRESCRIBED,NORTH,ALL VEHICLES,2019,PUBLIC HOLIDAYS,782,-1,-1
16294002,T0288,PRESCRIBED,NORTH,ALL VEHICLES,2019,OFF PEAK,2772,-1,-1
16294002,T0288,PRESCRIBED,NORTH,LIGHT VEHICLES,2019,OFF PEAK,15,18,84
16294002,T0288,PRESCRIBED,NORTH,ALL VEHICLES,2019,AM PEAK,985,-1,-1
16294002,T0288,PRESCRIBED,NORTH,HEAVY VEHICLES,2019,ALL DAYS,3562,77,82
16294002,T0288,PRESCRIBED,NORTH,HEAVY VEHICLES,2019,WEEKENDS,1169,-1,-1
16294003,T0290,PRESCRIBED,NORTH,HEAVY VEHICLES,2019,AM PEAK,980,88,82
16294003,T0290,PRESCRIBED,NORTH,LIGHT VEHICLES,2019,ALL DAYS,17,18,84
16294003,T0290,PRESCRIBED,NORTH,ALL VEHICLES,2019,OFF PEAK,2770,-1,-1
16294003,T0290,PRESCRIBED,NORTH,HEAVY VEHICLES,2019,WEEKDAYS,4435,-1,-1
16294003,T0290,PRESCRIBED,NORTH,LIGHT VEHICLES,2019,PUBLIC HOLIDAYS,13,12,100
16294003,T0290,PRESCRIBED,NORTH,HEAVY VEHICLES,2019,PM PEAK,699,85,82
16294003,T0290,PRESCRIBED,NORTH,ALL VEHICLES,2019,PM PEAK,702,-1,-1
16294003,T0290,PRESCRIBED,NORTH,ALL VEHICLES,2019,AM PEAK,983,-1,-1
16294003,T0290,PRESCRIBED,NORTH,HEAVY VEHICLES,2019,PUBLIC HOLIDAYS,766,47,100
16294003,T0290,PRESCRIBED,NORTH,ALL VEHICLES,2019,PUBLIC HOLIDAYS,779,-1,-1
16294003,T0290,PRESCRIBED,NORTH,HEAVY VEHICLES,2019,ALL DAYS,3561,77,82
16294003,T0290,PRESCRIBED,NORTH,ALL VEHICLES,2019,ALL DAYS,3578,-1,-1
16294003,T0290,PRESCRIBED,NORTH,HEAVY VEHICLES,2019,OFF PEAK,2756,79,82
16294003,T0290,PRESCRIBED,NORTH,LIGHT VEHICLES,2019,WEEKDAYS,20,-1,-1
16294003,T0290,PRESCRIBED,NORTH,LIGHT VEHICLES,2019,AM PEAK,3,21,85
16294003,T0290,PRESCRIBED,NORTH,ALL VEHICLES,2019,WEEKDAYS,4455,-1,-1
16294003,T0290,PRESCRIBED,NORTH,LIGHT VEHICLES,2019,OFF PEAK,14,19,85
16294003,T0290,PRESCRIBED,NORTH,HEAVY VEHICLES,2019,WEEKENDS,1167,-1,-1
16294003,T0290,PRESCRIBED,NORTH,LIGHT VEHICLES,2019,PM PEAK,3,21,84
16294003,T0290,PRESCRIBED,NORTH,LIGHT VEHICLES,2019,WEEKENDS,12,-1,-1
16294003,T0290,PRESCRIBED,NORTH,ALL VEHICLES,2019,WEEKENDS,1179,-1,-1
17126149,7120,PRESCRIBED,NORTH,ALL VEHICLES,2019,PM PEAK,3009,-1,-1
17126149,7120,PRESCRIBED,NORTH,LIGHT VEHICLES,2019,WEEKENDS,14386,-1,-1
17126149,7120,PRESCRIBED,NORTH,LIGHT VEHICLES,2019,PM PEAK,2869,98,98
17126149,7120,PRESCRIBED,NORTH,LIGHT VEHICLES,2019,PUBLIC HOLIDAYS,12620,69,100
17126149,7120,PRESCRIBED,NORTH,HEAVY VEHICLES,2019,PUBLIC HOLIDAYS,480,19,100
17126149,7120,PRESCRIBED,NORTH,HEAVY VEHICLES,2019,ALL DAYS,862,22,98
17126149,7120,PRESCRIBED,NORTH,ALL VEHICLES,2019,AM PEAK,3174,-1,-1
17126149,7120,PRESCRIBED,NORTH,LIGHT VEHICLES,2019,OFF PEAK,7657,85,97
17126149,7120,PRESCRIBED,NORTH,LIGHT VEHICLES,2019,ALL DAYS,13730,90,98
17126149,7120,PRESCRIBED,NORTH,ALL VEHICLES,2019,OFF PEAK,8228,-1,-1
17126149,7120,PRESCRIBED,NORTH,ALL VEHICLES,2019,WEEKDAYS,14411,-1,-1
17126149,7120,PRESCRIBED,NORTH,LIGHT VEHICLES,2019,WEEKDAYS,13426,-1,-1
17126149,7120,PRESCRIBED,NORTH,HEAVY VEHICLES,2019,AM PEAK,274,33,97
17126149,7120,PRESCRIBED,NORTH,ALL VEHICLES,2019,WEEKENDS,14968,-1,-1
17126149,7120,PRESCRIBED,NORTH,HEAVY VEHICLES,2019,WEEKDAYS,985,-1,-1
17126149,7120,PRESCRIBED,NORTH,HEAVY VEHICLES,2019,PM PEAK,140,23,98
17126149,7120,PRESCRIBED,NORTH,LIGHT VEHICLES,2019,AM PEAK,2900,99,97
17126149,7120,PRESCRIBED,NORTH,HEAVY VEHICLES,2019,WEEKENDS,582,-1,-1
17126149,7120,PRESCRIBED,NORTH,ALL VEHICLES,2019,ALL DAYS,14592,-1,-1
17126149,7120,PRESCRIBED,NORTH,ALL VEHICLES,2019,PUBLIC HOLIDAYS,13100,-1,-1
17126149,7120,PRESCRIBED,NORTH,HEAVY VEHICLES,2019,OFF PEAK,571,23,97
99990003,7119-PR,COUNTER,EAST,HEAVY VEHICLES,2019,WEEKENDS,480,-1,-1
99990003,7119-PR,COUNTER,EAST,ALL VEHICLES,2019,ALL DAYS,16344,-1,-1
99990003,7119-PR,PRESCRIBED AND COUNTER,BOTH,HEAVY VEHICLES,2019,PM PEAK,358,-1,-1
99990003,7119-PR,COUNTER,EAST,LIGHT VEHICLES,2019,PUBLIC HOLIDAYS,10951,46,100
99990003,7119-PR,PRESCRIBED,WEST,LIGHT VEHICLES,2019,WEEKENDS,13691,-1,-1
99990003,7119-PR,PRESCRIBED,WEST,LIGHT VEHICLES,2019,OFF PEAK,7676,54,94
99990003,7119-PR,COUNTER,EAST,HEAVY VEHICLES,2019,AM PEAK,341,37,96
99990003,7119-PR,PRESCRIBED,WEST,LIGHT VEHICLES,2019,AM PEAK,2139,62,93
99990003,7119-PR,PRESCRIBED,WEST,HEAVY VEHICLES,2019,WEEKDAYS,746,-1,-1
99990003,7119-PR,PRESCRIBED,WEST,ALL VEHICLES,2019,WEEKENDS,13988,-1,-1
99990003,7119-PR,COUNTER,EAST,ALL VEHICLES,2019,PM PEAK,4034,-1,-1
99990003,7119-PR,PRESCRIBED,WEST,HEAVY VEHICLES,2019,ALL DAYS,605,18,95
99990003,7119-PR,PRESCRIBED AND COUNTER,BOTH,HEAVY VEHICLES,2019,PUBLIC HOLIDAYS,522,-1,-1
99990003,7119-PR,PRESCRIBED,WEST,HEAVY VEHICLES,2019,OFF PEAK,378,19,94
99990003,7119-PR,COUNTER,EAST,HEAVY VEHICLES,2019,ALL DAYS,836,20,97
99990003,7119-PR,PRESCRIBED,WEST,LIGHT VEHICLES,2019,PM PEAK,4133,78,93
99990003,7119-PR,COUNTER,EAST,HEAVY VEHICLES,2019,OFF PEAK,472,20,96
99990003,7119-PR,COUNTER,EAST,LIGHT VEHICLES,2019,WEEKDAYS,16027,-1,-1
99990003,7119-PR,COUNTER,EAST,HEAVY VEHICLES,2019,WEEKDAYS,998,-1,-1
99990003,7119-PR,PRESCRIBED AND COUNTER,BOTH,ALL VEHICLES,2019,PM PEAK,8340,-1,-1
99990003,7119-PR,PRESCRIBED,WEST,ALL VEHICLES,2019,PUBLIC HOLIDAYS,10794,-1,-1
99990003,7119-PR,COUNTER,EAST,LIGHT VEHICLES,2019,PM PEAK,3849,74,95
99990003,7119-PR,PRESCRIBED AND COUNTER,BOTH,LIGHT VEHICLES,2019,AM PEAK,6626,-1,-1
99990003,7119-PR,PRESCRIBED AND COUNTER,BOTH,HEAVY VEHICLES,2019,ALL DAYS,1441,-1,-1
99990003,7119-PR,PRESCRIBED AND COUNTER,BOTH,ALL VEHICLES,2019,ALL DAYS,30851,-1,-1
99990003,7119-PR,PRESCRIBED AND COUNTER,BOTH,ALL VEHICLES,2019,AM PEAK,7162,-1,-1
99990003,7119-PR,PRESCRIBED AND COUNTER,BOTH,ALL VEHICLES,2019,OFF PEAK,16217,-1,-1
99990003,7119-PR,PRESCRIBED AND COUNTER,BOTH,ALL VEHICLES,2019,WEEKDAYS,31719,-1,-1
99990003,7119-PR,COUNTER,EAST,LIGHT VEHICLES,2019,OFF PEAK,7691,62,95
99990003,7119-PR,COUNTER,EAST,HEAVY VEHICLES,2019,PM PEAK,185,24,96
99990003,7119-PR,PRESCRIBED AND COUNTER,BOTH,LIGHT VEHICLES,2019,WEEKENDS,27651,-1,-1
99990003,7119-PR,PRESCRIBED,WEST,ALL VEHICLES,2019,PM PEAK,4306,-1,-1
99990003,7119-PR,PRESCRIBED,WEST,LIGHT VEHICLES,2019,PUBLIC HOLIDAYS,10598,47,100
99990003,7119-PR,COUNTER,EAST,ALL VEHICLES,2019,WEEKDAYS,17025,-1,-1
99990003,7119-PR,COUNTER,EAST,ALL VEHICLES,2019,AM PEAK,4828,-1,-1
99990003,7119-PR,COUNTER,EAST,LIGHT VEHICLES,2019,ALL DAYS,15508,66,96
99990003,7119-PR,PRESCRIBED AND COUNTER,BOTH,LIGHT VEHICLES,2019,PM PEAK,7982,-1,-1
99990003,7119-PR,PRESCRIBED,WEST,ALL VEHICLES,2019,OFF PEAK,8054,-1,-1
99990003,7119-PR,PRESCRIBED,WEST,ALL VEHICLES,2019,ALL DAYS,14507,-1,-1
99990003,7119-PR,PRESCRIBED,WEST,ALL VEHICLES,2019,AM PEAK,2334,-1,-1
99990003,7119-PR,PRESCRIBED,WEST,HEAVY VEHICLES,2019,PM PEAK,173,24,94
99990003,7119-PR,PRESCRIBED AND COUNTER,BOTH,LIGHT VEHICLES,2019,PUBLIC HOLIDAYS,21549,-1,-1
99990003,7119-PR,PRESCRIBED,WEST,HEAVY VEHICLES,2019,PUBLIC HOLIDAYS,196,12,100
99990003,7119-PR,PRESCRIBED AND COUNTER,BOTH,ALL VEHICLES,2019,PUBLIC HOLIDAYS,22071,-1,-1
99990003,7119-PR,COUNTER,EAST,ALL VEHICLES,2019,OFF PEAK,8163,-1,-1
99990003,7119-PR,COUNTER,EAST,LIGHT VEHICLES,2019,AM PEAK,4487,81,96
99990003,7119-PR,COUNTER,EAST,HEAVY VEHICLES,2019,PUBLIC HOLIDAYS,326,12,100
99990003,7119-PR,COUNTER,EAST,LIGHT VEHICLES,2019,WEEKENDS,13960,-1,-1
99990003,7119-PR,PRESCRIBED,WEST,LIGHT VEHICLES,2019,ALL DAYS,13902,57,94
99990003,7119-PR,PRESCRIBED,WEST,LIGHT VEHICLES,2019,WEEKDAYS,13948,-1,-1
99990003,7119-PR,PRESCRIBED,WEST,HEAVY VEHICLES,2019,AM PEAK,195,31,93
99990003,7119-PR,COUNTER,EAST,ALL VEHICLES,2019,PUBLIC HOLIDAYS,11277,-1,-1
99990003,7119-PR,PRESCRIBED AND COUNTER,BOTH,LIGHT VEHICLES,2019,WEEKDAYS,29975,-1,-1
99990003,7119-PR,PRESCRIBED,WEST,ALL VEHICLES,2019,WEEKDAYS,14694,-1,-1
99990003,7119-PR,PRESCRIBED,WEST,HEAVY VEHICLES,2019,WEEKENDS,297,-1,-1
99990003,7119-PR,PRESCRIBED AND COUNTER,BOTH,LIGHT VEHICLES,2019,OFF PEAK,15367,-1,-1
99990003,7119-PR,PRESCRIBED AND COUNTER,BOTH,HEAVY VEHICLES,2019,WEEKDAYS,1744,-1,-1
99990003,7119-PR,PRESCRIBED AND COUNTER,BOTH,HEAVY VEHICLES,2019,OFF PEAK,850,-1,-1
99990003,7119-PR,PRESCRIBED AND COUNTER,BOTH,LIGHT VEHICLES,2019,ALL DAYS,29410,-1,-1
99990003,7119-PR,PRESCRIBED AND COUNTER,BOTH,HEAVY VEHICLES,2019,AM PEAK,536,-1,-1
99990003,7119-PR,PRESCRIBED AND COUNTER,BOTH,ALL VEHICLES,2019,WEEKENDS,28428,-1,-1
99990003,7119-PR,COUNTER,EAST,ALL VEHICLES,2019,WEEKENDS,14440,-1,-1
99990003,7119-PR,PRESCRIBED AND COUNTER,BOTH,HEAVY VEHICLES,2019,WEEKENDS,777,-1,-1
99990004,7123-PR,PRESCRIBED,WEST,LIGHT VEHICLES,2019,WEEKENDS,8618,-1,-1
99990004,7123-PR,COUNTER,EAST,ALL VEHICLES,2019,WEEKENDS,8962,-1,-1
99990004,7123-PR,COUNTER,EAST,HEAVY VEHICLES,2019,AM PEAK,291,35,94
99990004,7123-PR,PRESCRIBED,WEST,HEAVY VEHICLES,2019,AM PEAK,246,36,93
99990004,7123-PR,PRESCRIBED AND COUNTER,BOTH,HEAVY VEHICLES,2019,OFF PEAK,1128,-1,-1
99990004,7123-PR,PRESCRIBED AND COUNTER,BOTH,LIGHT VEHICLES,2019,PUBLIC HOLIDAYS,12476,-1,-1
99990004,7123-PR,PRESCRIBED,WEST,ALL VEHICLES,2019,WEEKENDS,9197,-1,-1
99990004,7123-PR,PRESCRIBED,WEST,ALL VEHICLES,2019,OFF PEAK,5728,-1,-1
99990004,7123-PR,PRESCRIBED AND COUNTER,BOTH,HEAVY VEHICLES,2019,ALL DAYS,1829,-1,-1
99990004,7123-PR,PRESCRIBED AND COUNTER,BOTH,LIGHT VEHICLES,2019,OFF PEAK,10447,-1,-1
99990004,7123-PR,COUNTER,EAST,HEAVY VEHICLES,2019,ALL DAYS,920,23,95
99990004,7123-PR,PRESCRIBED,WEST,HEAVY VEHICLES,2019,OFF PEAK,558,25,93
99990004,7123-PR,COUNTER,EAST,LIGHT VEHICLES,2019,PUBLIC HOLIDAYS,6231,47,100
99990004,7123-PR,COUNTER,EAST,LIGHT VEHICLES,2019,WEEKDAYS,10732,-1,-1
99990004,7123-PR,PRESCRIBED,WEST,LIGHT VEHICLES,2019,PUBLIC HOLIDAYS,6245,48,100
99990004,7123-PR,PRESCRIBED,WEST,LIGHT VEHICLES,2019,AM PEAK,2267,78,92
99990004,7123-PR,PRESCRIBED AND COUNTER,BOTH,LIGHT VEHICLES,2019,ALL DAYS,20354,-1,-1
99990004,7123-PR,COUNTER,EAST,LIGHT VEHICLES,2019,AM PEAK,2673,82,93
99990004,7123-PR,COUNTER,EAST,HEAVY VEHICLES,2019,WEEKENDS,614,-1,-1
99990004,7123-PR,PRESCRIBED,WEST,HEAVY VEHICLES,2019,WEEKDAYS,1038,-1,-1
99990004,7123-PR,PRESCRIBED,WEST,HEAVY VEHICLES,2019,PUBLIC HOLIDAYS,427,13,100
99990004,7123-PR,COUNTER,EAST,ALL VEHICLES,2019,AM PEAK,2964,-1,-1
99990004,7123-PR,PRESCRIBED AND COUNTER,BOTH,ALL VEHICLES,2019,WEEKDAYS,23687,-1,-1
99990004,7123-PR,PRESCRIBED,WEST,LIGHT VEHICLES,2019,PM PEAK,3422,81,92
99990004,7123-PR,PRESCRIBED AND COUNTER,BOTH,HEAVY VEHICLES,2019,WEEKDAYS,2096,-1,-1
99990004,7123-PR,COUNTER,EAST,HEAVY VEHICLES,2019,PUBLIC HOLIDAYS,497,15,100
99990004,7123-PR,PRESCRIBED,WEST,LIGHT VEHICLES,2019,OFF PEAK,5170,64,92
99990004,7123-PR,PRESCRIBED,WEST,ALL VEHICLES,2019,AM PEAK,2513,-1,-1
99990004,7123-PR,PRESCRIBED AND COUNTER,BOTH,LIGHT VEHICLES,2019,WEEKENDS,16966,-1,-1
99990004,7123-PR,PRESCRIBED AND COUNTER,BOTH,LIGHT VEHICLES,2019,AM PEAK,4940,-1,-1
99990004,7123-PR,COUNTER,EAST,HEAVY VEHICLES,2019,OFF PEAK,570,23,94
99990004,7123-PR,PRESCRIBED,WEST,LIGHT VEHICLES,2019,WEEKDAYS,10859,-1,-1
99990004,7123-PR,PRESCRIBED AND COUNTER,BOTH,HEAVY VEHICLES,2019,PUBLIC HOLIDAYS,924,-1,-1
99990004,7123-PR,COUNTER,EAST,ALL VEHICLES,2019,OFF PEAK,5847,-1,-1
99990004,7123-PR,PRESCRIBED AND COUNTER,BOTH,ALL VEHICLES,2019,ALL DAYS,22183,-1,-1
99990004,7123-PR,COUNTER,EAST,LIGHT VEHICLES,2019,WEEKENDS,8348,-1,-1
99990004,7123-PR,COUNTER,EAST,ALL VEHICLES,2019,PM PEAK,2979,-1,-1
99990004,7123-PR,COUNTER,EAST,LIGHT VEHICLES,2019,PM PEAK,2782,76,93
99990004,7123-PR,PRESCRIBED,WEST,ALL VEHICLES,2019,ALL DAYS,11167,-1,-1
99990004,7123-PR,COUNTER,EAST,ALL VEHICLES,2019,WEEKDAYS,11790,-1,-1
99990004,7123-PR,PRESCRIBED AND COUNTER,BOTH,HEAVY VEHICLES,2019,AM PEAK,537,-1,-1
99990004,7123-PR,PRESCRIBED AND COUNTER,BOTH,LIGHT VEHICLES,2019,PM PEAK,6204,-1,-1
99990004,7123-PR,PRESCRIBED AND COUNTER,BOTH,ALL VEHICLES,2019,PUBLIC HOLIDAYS,13400,-1,-1
99990004,7123-PR,PRESCRIBED,WEST,ALL VEHICLES,2019,PUBLIC HOLIDAYS,6672,-1,-1
99990004,7123-PR,COUNTER,EAST,LIGHT VEHICLES,2019,OFF PEAK,5277,63,93
99990004,7123-PR,PRESCRIBED,WEST,HEAVY VEHICLES,2019,PM PEAK,234,31,94
99990004,7123-PR,COUNTER,EAST,LIGHT VEHICLES,2019,ALL DAYS,10096,68,95
99990004,7123-PR,COUNTER,EAST,ALL VEHICLES,2019,ALL DAYS,11016,-1,-1
99990004,7123-PR,PRESCRIBED AND COUNTER,BOTH,ALL VEHICLES,2019,AM PEAK,5477,-1,-1
99990004,7123-PR,PRESCRIBED AND COUNTER,BOTH,ALL VEHICLES,2019,WEEKENDS,18159,-1,-1
99990004,7123-PR,COUNTER,EAST,HEAVY VEHICLES,2019,WEEKDAYS,1058,-1,-1
99990004,7123-PR,PRESCRIBED AND COUNTER,BOTH,HEAVY VEHICLES,2019,PM PEAK,431,-1,-1
99990004,7123-PR,PRESCRIBED,WEST,ALL VEHICLES,2019,WEEKDAYS,11897,-1,-1
99990004,7123-PR,PRESCRIBED AND COUNTER,BOTH,HEAVY VEHICLES,2019,WEEKENDS,1193,-1,-1
99990004,7123-PR,PRESCRIBED,WEST,ALL VEHICLES,2019,PM PEAK,3656,-1,-1
99990004,7123-PR,PRESCRIBED,WEST,HEAVY VEHICLES,2019,ALL DAYS,909,24,95
99990004,7123-PR,COUNTER,EAST,HEAVY VEHICLES,2019,PM PEAK,197,26,94
99990004,7123-PR,COUNTER,EAST,ALL VEHICLES,2019,PUBLIC HOLIDAYS,6728,-1,-1
99990004,7123-PR,PRESCRIBED AND COUNTER,BOTH,ALL VEHICLES,2019,PM PEAK,6635,-1,-1
99990004,7123-PR,PRESCRIBED,WEST,HEAVY VEHICLES,2019,WEEKENDS,579,-1,-1
99990004,7123-PR,PRESCRIBED AND COUNTER,BOTH,ALL VEHICLES,2019,OFF PEAK,11575,-1,-1
99990004,7123-PR,PRESCRIBED,WEST,LIGHT VEHICLES,2019,ALL DAYS,10258,69,94
99990004,7123-PR,PRESCRIBED AND COUNTER,BOTH,LIGHT VEHICLES,2019,WEEKDAYS,21591,-1,-1
99990010,9836-PR,COUNTER,EAST,ALL VEHICLES,2019,ALL DAYS,28007,-1,-1
99990010,9836-PR,COUNTER,EAST,LIGHT VEHICLES,2019,PUBLIC HOLIDAYS,18501,57,100
99990010,9836-PR,COUNTER,EAST,LIGHT VEHICLES,2019,ALL DAYS,26288,76,93
99990010,9836-PR,PRESCRIBED AND COUNTER,BOTH,ALL VEHICLES,2019,ALL DAYS,52396,-1,-1
99990010,9836-PR,PRESCRIBED,WEST,LIGHT VEHICLES,2019,WEEKENDS,22403,-1,-1
99990010,9836-PR,PRESCRIBED AND COUNTER,BOTH,HEAVY VEHICLES,2019,OFF PEAK,2034,-1,-1
99990010,9836-PR,PRESCRIBED,WEST,HEAVY VEHICLES,2019,WEEKDAYS,1963,-1,-1
99990010,9836-PR,COUNTER,EAST,HEAVY VEHICLES,2019,OFF PEAK,983,24,93
99990010,9836-PR,PRESCRIBED,WEST,LIGHT VEHICLES,2019,ALL DAYS,22733,65,91
99990010,9836-PR,COUNTER,EAST,ALL VEHICLES,2019,WEEKENDS,25013,-1,-1
99990010,9836-PR,PRESCRIBED AND COUNTER,BOTH,LIGHT VEHICLES,2019,PUBLIC HOLIDAYS,36060,-1,-1
99990010,9836-PR,PRESCRIBED,WEST,HEAVY VEHICLES,2019,PUBLIC HOLIDAYS,590,17,98
99990010,9836-PR,PRESCRIBED,WEST,HEAVY VEHICLES,2019,OFF PEAK,1051,23,93
99990010,9836-PR,COUNTER,EAST,LIGHT VEHICLES,2019,OFF PEAK,12366,68,91
99990010,9836-PR,COUNTER,EAST,LIGHT VEHICLES,2019,AM PEAK,7547,89,91
99990010,9836-PR,COUNTER,EAST,HEAVY VEHICLES,2019,ALL DAYS,1719,25,94
99990010,9836-PR,COUNTER,EAST,HEAVY VEHICLES,2019,WEEKENDS,835,-1,-1
99990010,9836-PR,PRESCRIBED,WEST,ALL VEHICLES,2019,PUBLIC HOLIDAYS,18149,-1,-1
99990010,9836-PR,PRESCRIBED,WEST,LIGHT VEHICLES,2019,OFF PEAK,11958,59,92
99990010,9836-PR,PRESCRIBED,WEST,ALL VEHICLES,2019,WEEKDAYS,24704,-1,-1
99990010,9836-PR,COUNTER,EAST,LIGHT VEHICLES,2019,WEEKDAYS,26936,-1,-1
99990010,9836-PR,PRESCRIBED,WEST,LIGHT VEHICLES,2019,PUBLIC HOLIDAYS,17559,50,98
99990010,9836-PR,PRESCRIBED,WEST,ALL VEHICLES,2019,AM PEAK,5006,-1,-1
99990010,9836-PR,COUNTER,EAST,HEAVY VEHICLES,2019,PUBLIC HOLIDAYS,593,21,100
99990010,9836-PR,PRESCRIBED,WEST,ALL VEHICLES,2019,PM PEAK,6689,-1,-1
99990010,9836-PR,PRESCRIBED,WEST,HEAVY VEHICLES,2019,ALL DAYS,1656,23,93
99990010,9836-PR,PRESCRIBED,WEST,HEAVY VEHICLES,2019,WEEKENDS,863,-1,-1
99990010,9836-PR,PRESCRIBED AND COUNTER,BOTH,LIGHT VEHICLES,2019,ALL DAYS,49021,-1,-1
99990010,9836-PR,PRESCRIBED AND COUNTER,BOTH,LIGHT VEHICLES,2019,AM PEAK,12139,-1,-1
99990010,9836-PR,COUNTER,EAST,LIGHT VEHICLES,2019,PM PEAK,7023,94,91
99990010,9836-PR,PRESCRIBED AND COUNTER,BOTH,HEAVY VEHICLES,2019,ALL DAYS,3375,-1,-1
99990010,9836-PR,PRESCRIBED,WEST,LIGHT VEHICLES,2019,PM PEAK,6191,91,89
99990010,9836-PR,PRESCRIBED AND COUNTER,BOTH,ALL VEHICLES,2019,PUBLIC HOLIDAYS,37243,-1,-1
99990010,9836-PR,COUNTER,EAST,ALL VEHICLES,2019,PM PEAK,7338,-1,-1
99990010,9836-PR,PRESCRIBED AND COUNTER,BOTH,ALL VEHICLES,2019,AM PEAK,13321,-1,-1
99990010,9836-PR,PRESCRIBED AND COUNTER,BOTH,HEAVY VEHICLES,2019,AM PEAK,1182,-1,-1
99990010,9836-PR,PRESCRIBED,WEST,ALL VEHICLES,2019,WEEKENDS,23266,-1,-1
99990010,9836-PR,PRESCRIBED AND COUNTER,BOTH,LIGHT VEHICLES,2019,PM PEAK,13214,-1,-1
99990010,9836-PR,COUNTER,EAST,LIGHT VEHICLES,2019,WEEKENDS,24178,-1,-1
99990010,9836-PR,COUNTER,EAST,ALL VEHICLES,2019,OFF PEAK,13349,-1,-1
99990010,9836-PR,COUNTER,EAST,HEAVY VEHICLES,2019,AM PEAK,768,42,93
99990010,9836-PR,PRESCRIBED AND COUNTER,BOTH,HEAVY VEHICLES,2019,WEEKENDS,1698,-1,-1
99990010,9836-PR,PRESCRIBED AND COUNTER,BOTH,HEAVY VEHICLES,2019,PUBLIC HOLIDAYS,1183,-1,-1
99990010,9836-PR,PRESCRIBED,WEST,HEAVY VEHICLES,2019,AM PEAK,414,35,92
99990010,9836-PR,COUNTER,EAST,HEAVY VEHICLES,2019,PM PEAK,315,28,92
99990010,9836-PR,COUNTER,EAST,HEAVY VEHICLES,2019,WEEKDAYS,2066,-1,-1
99990010,9836-PR,PRESCRIBED,WEST,HEAVY VEHICLES,2019,PM PEAK,498,32,93
99990010,9836-PR,PRESCRIBED AND COUNTER,BOTH,LIGHT VEHICLES,2019,WEEKDAYS,49677,-1,-1
99990010,9836-PR,PRESCRIBED AND COUNTER,BOTH,ALL VEHICLES,2019,WEEKDAYS,53706,-1,-1
99990010,9836-PR,COUNTER,EAST,ALL VEHICLES,2019,PUBLIC HOLIDAYS,19094,-1,-1
99990010,9836-PR,PRESCRIBED,WEST,ALL VEHICLES,2019,ALL DAYS,24389,-1,-1
99990010,9836-PR,COUNTER,EAST,ALL VEHICLES,2019,WEEKDAYS,29002,-1,-1
99990010,9836-PR,PRESCRIBED AND COUNTER,BOTH,ALL VEHICLES,2019,PM PEAK,14027,-1,-1
99990010,9836-PR,PRESCRIBED AND COUNTER,BOTH,HEAVY VEHICLES,2019,WEEKDAYS,4029,-1,-1
99990010,9836-PR,PRESCRIBED AND COUNTER,BOTH,ALL VEHICLES,2019,OFF PEAK,26358,-1,-1
99990010,9836-PR,PRESCRIBED AND COUNTER,BOTH,ALL VEHICLES,2019,WEEKENDS,48279,-1,-1
99990010,9836-PR,PRESCRIBED,WEST,LIGHT VEHICLES,2019,AM PEAK,4592,75,90
99990010,9836-PR,PRESCRIBED AND COUNTER,BOTH,HEAVY VEHICLES,2019,PM PEAK,813,-1,-1
99990010,9836-PR,PRESCRIBED,WEST,ALL VEHICLES,2019,OFF PEAK,13009,-1,-1
99990010,9836-PR,PRESCRIBED,WEST,LIGHT VEHICLES,2019,WEEKDAYS,22741,-1,-1
99990010,9836-PR,PRESCRIBED AND COUNTER,BOTH,LIGHT VEHICLES,2019,WEEKENDS,46581,-1,-1
99990010,9836-PR,COUNTER,EAST,ALL VEHICLES,2019,AM PEAK,8315,-1,-1
99990010,9836-PR,PRESCRIBED AND COUNTER,BOTH,LIGHT VEHICLES,2019,OFF PEAK,24324,-1,-1
99990011,7104-PR,COUNTER,WEST,HEAVY VEHICLES,2019,WEEKDAYS,968,-1,-1
99990011,7104-PR,PRESCRIBED,EAST,HEAVY VEHICLES,2019,PUBLIC HOLIDAYS,203,10,100
99990011,7104-PR,PRESCRIBED,EAST,HEAVY VEHICLES,2019,AM PEAK,160,28,95
99990011,7104-PR,PRESCRIBED AND COUNTER,BOTH,ALL VEHICLES,2019,WEEKENDS,21406,-1,-1
99990011,7104-PR,COUNTER,WEST,HEAVY VEHICLES,2019,WEEKENDS,512,-1,-1
99990011,7104-PR,COUNTER,WEST,LIGHT VEHICLES,2019,OFF PEAK,6023,61,91
99990011,7104-PR,COUNTER,WEST,ALL VEHICLES,2019,AM PEAK,2851,-1,-1
99990011,7104-PR,PRESCRIBED AND COUNTER,BOTH,HEAVY VEHICLES,2019,AM PEAK,371,-1,-1
99990011,7104-PR,COUNTER,WEST,ALL VEHICLES,2019,WEEKDAYS,14524,-1,-1
99990011,7104-PR,PRESCRIBED AND COUNTER,BOTH,HEAVY VEHICLES,2019,WEEKENDS,819,-1,-1
99990011,7104-PR,PRESCRIBED AND COUNTER,BOTH,ALL VEHICLES,2019,OFF PEAK,12978,-1,-1
99990011,7104-PR,PRESCRIBED AND COUNTER,BOTH,LIGHT VEHICLES,2019,OFF PEAK,12229,-1,-1
99990011,7104-PR,PRESCRIBED AND COUNTER,BOTH,LIGHT VEHICLES,2019,WEEKENDS,20587,-1,-1
99990011,7104-PR,PRESCRIBED,EAST,LIGHT VEHICLES,2019,OFF PEAK,6206,64,93
99990011,7104-PR,PRESCRIBED,EAST,ALL VEHICLES,2019,OFF PEAK,6507,-1,-1
99990011,7104-PR,COUNTER,WEST,ALL VEHICLES,2019,ALL DAYS,13544,-1,-1
99990011,7104-PR,COUNTER,WEST,ALL VEHICLES,2019,OFF PEAK,6471,-1,-1
99990011,7104-PR,PRESCRIBED AND COUNTER,BOTH,HEAVY VEHICLES,2019,OFF PEAK,749,-1,-1
99990011,7104-PR,PRESCRIBED AND COUNTER,BOTH,HEAVY VEHICLES,2019,PM PEAK,427,-1,-1
99990011,7104-PR,PRESCRIBED,EAST,HEAVY VEHICLES,2019,ALL DAYS,488,17,96
99990011,7104-PR,PRESCRIBED AND COUNTER,BOTH,LIGHT VEHICLES,2019,PM PEAK,8196,-1,-1
99990011,7104-PR,COUNTER,WEST,LIGHT VEHICLES,2019,ALL DAYS,12721,66,95
99990011,7104-PR,PRESCRIBED,EAST,ALL VEHICLES,2019,WEEKENDS,10363,-1,-1
99990011,7104-PR,PRESCRIBED AND COUNTER,BOTH,HEAVY VEHICLES,2019,ALL DAYS,1311,-1,-1
99990011,7104-PR,PRESCRIBED AND COUNTER,BOTH,LIGHT VEHICLES,2019,ALL DAYS,24659,-1,-1
99990011,7104-PR,PRESCRIBED,EAST,LIGHT VEHICLES,2019,PM PEAK,3303,77,94
99990011,7104-PR,PRESCRIBED,EAST,LIGHT VEHICLES,2019,WEEKDAYS,12595,-1,-1
99990011,7104-PR,COUNTER,WEST,HEAVY VEHICLES,2019,AM PEAK,211,31,92
99990011,7104-PR,PRESCRIBED,EAST,LIGHT VEHICLES,2019,AM PEAK,3086,83,94
99990011,7104-PR,PRESCRIBED,EAST,ALL VEHICLES,2019,WEEKDAYS,13174,-1,-1
99990011,7104-PR,PRESCRIBED AND COUNTER,BOTH,HEAVY VEHICLES,2019,WEEKDAYS,1547,-1,-1
99990011,7104-PR,PRESCRIBED,EAST,HEAVY VEHICLES,2019,OFF PEAK,301,17,95
99990011,7104-PR,PRESCRIBED,EAST,LIGHT VEHICLES,2019,ALL DAYS,11938,69,95
99990011,7104-PR,PRESCRIBED,EAST,HEAVY VEHICLES,2019,WEEKDAYS,579,-1,-1
99990011,7104-PR,PRESCRIBED,EAST,LIGHT VEHICLES,2019,WEEKENDS,10056,-1,-1
99990011,7104-PR,PRESCRIBED,EAST,ALL VEHICLES,2019,AM PEAK,3246,-1,-1
99990011,7104-PR,PRESCRIBED,EAST,ALL VEHICLES,2019,PUBLIC HOLIDAYS,9018,-1,-1
99990011,7104-PR,COUNTER,WEST,HEAVY VEHICLES,2019,PUBLIC HOLIDAYS,366,11,100
99990011,7104-PR,COUNTER,WEST,LIGHT VEHICLES,2019,AM PEAK,2640,75,90
99990011,7104-PR,PRESCRIBED AND COUNTER,BOTH,ALL VEHICLES,2019,PM PEAK,8623,-1,-1
99990011,7104-PR,COUNTER,WEST,ALL VEHICLES,2019,PUBLIC HOLIDAYS,9458,-1,-1
99990011,7104-PR,COUNTER,WEST,HEAVY VEHICLES,2019,PM PEAK,309,25,92
99990011,7104-PR,COUNTER,WEST,LIGHT VEHICLES,2019,WEEKDAYS,13556,-1,-1
99990011,7104-PR,COUNTER,WEST,LIGHT VEHICLES,2019,WEEKENDS,10531,-1,-1
99990011,7104-PR,PRESCRIBED AND COUNTER,BOTH,HEAVY VEHICLES,2019,PUBLIC HOLIDAYS,569,-1,-1
99990011,7104-PR,PRESCRIBED,EAST,HEAVY VEHICLES,2019,WEEKENDS,307,-1,-1
99990011,7104-PR,COUNTER,WEST,ALL VEHICLES,2019,PM PEAK,5202,-1,-1
99990011,7104-PR,COUNTER,WEST,LIGHT VEHICLES,2019,PUBLIC HOLIDAYS,9092,48,100
99990011,7104-PR,PRESCRIBED AND COUNTER,BOTH,ALL VEHICLES,2019,AM PEAK,6097,-1,-1
99990011,7104-PR,PRESCRIBED,EAST,LIGHT VEHICLES,2019,PUBLIC HOLIDAYS,8815,51,100
99990011,7104-PR,PRESCRIBED,EAST,HEAVY VEHICLES,2019,PM PEAK,118,26,95
99990011,7104-PR,PRESCRIBED AND COUNTER,BOTH,LIGHT VEHICLES,2019,AM PEAK,5726,-1,-1
99990011,7104-PR,PRESCRIBED AND COUNTER,BOTH,ALL VEHICLES,2019,ALL DAYS,25970,-1,-1
99990011,7104-PR,COUNTER,WEST,LIGHT VEHICLES,2019,PM PEAK,4893,79,92
99990011,7104-PR,PRESCRIBED AND COUNTER,BOTH,ALL VEHICLES,2019,WEEKDAYS,27698,-1,-1
99990011,7104-PR,PRESCRIBED,EAST,ALL VEHICLES,2019,ALL DAYS,12426,-1,-1
99990011,7104-PR,COUNTER,WEST,ALL VEHICLES,2019,WEEKENDS,11043,-1,-1
99990011,7104-PR,PRESCRIBED AND COUNTER,BOTH,LIGHT VEHICLES,2019,WEEKDAYS,26151,-1,-1
99990011,7104-PR,COUNTER,WEST,HEAVY VEHICLES,2019,OFF PEAK,448,18,92
99990011,7104-PR,COUNTER,WEST,HEAVY VEHICLES,2019,ALL DAYS,823,18,95
99990011,7104-PR,PRESCRIBED AND COUNTER,BOTH,ALL VEHICLES,2019,PUBLIC HOLIDAYS,18476,-1,-1
99990011,7104-PR,PRESCRIBED AND COUNTER,BOTH,LIGHT VEHICLES,2019,PUBLIC HOLIDAYS,17907,-1,-1
99990011,7104-PR,PRESCRIBED,EAST,ALL VEHICLES,2019,PM PEAK,3421,-1,-1
99990013,9834-PR,PRESCRIBED AND COUNTER,BOTH,ALL VEHICLES,2019,WEEKENDS,22527,-1,-1
99990013,9834-PR,PRESCRIBED AND COUNTER,BOTH,ALL VEHICLES,2019,PM PEAK,7653,-1,-1
99990013,9834-PR,COUNTER,EAST,HEAVY VEHICLES,2019,WEEKENDS,520,-1,-1
99990013,9834-PR,COUNTER,EAST,HEAVY VEHICLES,2019,WEEKDAYS,938,-1,-1
99990013,9834-PR,PRESCRIBED,WEST,HEAVY VEHICLES,2019,PUBLIC HOLIDAYS,333,12,100
99990013,9834-PR,PRESCRIBED AND COUNTER,BOTH,ALL VEHICLES,2019,OFF PEAK,12001,-1,-1
99990013,9834-PR,COUNTER,EAST,HEAVY VEHICLES,2019,PUBLIC HOLIDAYS,352,8,98
99990013,9834-PR,PRESCRIBED AND COUNTER,BOTH,HEAVY VEHICLES,2019,PM PEAK,506,-1,-1
99990013,9834-PR,PRESCRIBED AND COUNTER,BOTH,ALL VEHICLES,2019,ALL DAYS,24345,-1,-1
99990013,9834-PR,PRESCRIBED,WEST,ALL VEHICLES,2019,PUBLIC HOLIDAYS,7768,-1,-1
99990013,9834-PR,PRESCRIBED,WEST,ALL VEHICLES,2019,ALL DAYS,12477,-1,-1
99990013,9834-PR,PRESCRIBED,WEST,HEAVY VEHICLES,2019,PM PEAK,302,23,90
99990013,9834-PR,COUNTER,EAST,LIGHT VEHICLES,2019,OFF PEAK,5228,39,81
99990013,9834-PR,PRESCRIBED AND COUNTER,BOTH,ALL VEHICLES,2019,PUBLIC HOLIDAYS,15998,-1,-1
99990013,9834-PR,PRESCRIBED AND COUNTER,BOTH,ALL VEHICLES,2019,WEEKDAYS,24686,-1,-1
99990013,9834-PR,PRESCRIBED,WEST,HEAVY VEHICLES,2019,WEEKDAYS,989,-1,-1
99990013,9834-PR,COUNTER,EAST,ALL VEHICLES,2019,WEEKDAYS,11952,-1,-1
99990013,9834-PR,COUNTER,EAST,ALL VEHICLES,2019,ALL DAYS,11868,-1,-1
99990013,9834-PR,PRESCRIBED,WEST,ALL VEHICLES,2019,PM PEAK,4616,-1,-1
99990013,9834-PR,PRESCRIBED AND COUNTER,BOTH,HEAVY VEHICLES,2019,OFF PEAK,905,-1,-1
99990013,9834-PR,PRESCRIBED AND COUNTER,BOTH,HEAVY VEHICLES,2019,WEEKENDS,1032,-1,-1
99990013,9834-PR,PRESCRIBED AND COUNTER,BOTH,HEAVY VEHICLES,2019,WEEKDAYS,1927,-1,-1
99990013,9834-PR,COUNTER,EAST,HEAVY VEHICLES,2019,ALL DAYS,819,13,88
99990013,9834-PR,PRESCRIBED AND COUNTER,BOTH,LIGHT VEHICLES,2019,WEEKDAYS,22759,-1,-1
99990013,9834-PR,PRESCRIBED AND COUNTER,BOTH,ALL VEHICLES,2019,AM PEAK,5032,-1,-1
99990013,9834-PR,PRESCRIBED,WEST,LIGHT VEHICLES,2019,ALL DAYS,11633,55,90
99990013,9834-PR,COUNTER,EAST,LIGHT VEHICLES,2019,WEEKENDS,10414,-1,-1
99990013,9834-PR,PRESCRIBED AND COUNTER,BOTH,LIGHT VEHICLES,2019,OFF PEAK,11096,-1,-1
99990013,9834-PR,PRESCRIBED,WEST,LIGHT VEHICLES,2019,WEEKDAYS,11745,-1,-1
99990013,9834-PR,PRESCRIBED,WEST,LIGHT VEHICLES,2019,OFF PEAK,5868,50,86
99990013,9834-PR,COUNTER,EAST,LIGHT VEHICLES,2019,PM PEAK,2833,50,83
99990013,9834-PR,COUNTER,EAST,ALL VEHICLES,2019,PM PEAK,3037,-1,-1
99990013,9834-PR,PRESCRIBED,WEST,HEAVY VEHICLES,2019,ALL DAYS,844,17,94
99990013,9834-PR,COUNTER,EAST,HEAVY VEHICLES,2019,PM PEAK,204,17,83
99990013,9834-PR,PRESCRIBED,WEST,LIGHT VEHICLES,2019,PUBLIC HOLIDAYS,7435,45,98
99990013,9834-PR,COUNTER,EAST,LIGHT VEHICLES,2019,PUBLIC HOLIDAYS,7878,30,91
99990013,9834-PR,COUNTER,EAST,LIGHT VEHICLES,2019,ALL DAYS,11049,44,79
99990013,9834-PR,PRESCRIBED AND COUNTER,BOTH,LIGHT VEHICLES,2019,WEEKENDS,21495,-1,-1
99990013,9834-PR,PRESCRIBED AND COUNTER,BOTH,HEAVY VEHICLES,2019,ALL DAYS,1663,-1,-1
99990013,9834-PR,PRESCRIBED,WEST,ALL VEHICLES,2019,WEEKDAYS,12734,-1,-1
99990013,9834-PR,COUNTER,EAST,ALL VEHICLES,2019,PUBLIC HOLIDAYS,8230,-1,-1
99990013,9834-PR,PRESCRIBED AND COUNTER,BOTH,HEAVY VEHICLES,2019,PUBLIC HOLIDAYS,685,-1,-1
99990013,9834-PR,COUNTER,EAST,LIGHT VEHICLES,2019,WEEKDAYS,11014,-1,-1
99990013,9834-PR,PRESCRIBED,WEST,HEAVY VEHICLES,2019,WEEKENDS,512,-1,-1
99990013,9834-PR,PRESCRIBED,WEST,HEAVY VEHICLES,2019,OFF PEAK,469,16,90
99990013,9834-PR,PRESCRIBED AND COUNTER,BOTH,HEAVY VEHICLES,2019,AM PEAK,516,-1,-1
99990013,9834-PR,PRESCRIBED,WEST,ALL VEHICLES,2019,WEEKENDS,11593,-1,-1
99990013,9834-PR,PRESCRIBED,WEST,LIGHT VEHICLES,2019,AM PEAK,1563,65,85
99990013,9834-PR,PRESCRIBED AND COUNTER,BOTH,LIGHT VEHICLES,2019,PUBLIC HOLIDAYS,15313,-1,-1
99990013,9834-PR,COUNTER,EAST,ALL VEHICLES,2019,AM PEAK,3251,-1,-1
99990013,9834-PR,PRESCRIBED,WEST,ALL VEHICLES,2019,OFF PEAK,6337,-1,-1
99990013,9834-PR,PRESCRIBED AND COUNTER,BOTH,LIGHT VEHICLES,2019,PM PEAK,7147,-1,-1
99990013,9834-PR,COUNTER,EAST,HEAVY VEHICLES,2019,OFF PEAK,436,12,87
99990013,9834-PR,COUNTER,EAST,LIGHT VEHICLES,2019,AM PEAK,2953,60,80
99990013,9834-PR,COUNTER,EAST,ALL VEHICLES,2019,OFF PEAK,5664,-1,-1
99990013,9834-PR,PRESCRIBED,WEST,LIGHT VEHICLES,2019,PM PEAK,4314,73,86
99990013,9834-PR,PRESCRIBED,WEST,LIGHT VEHICLES,2019,WEEKENDS,11081,-1,-1
99990013,9834-PR,PRESCRIBED AND COUNTER,BOTH,LIGHT VEHICLES,2019,AM PEAK,4516,-1,-1
99990013,9834-PR,PRESCRIBED AND COUNTER,BOTH,LIGHT VEHICLES,2019,ALL DAYS,22682,-1,-1
99990013,9834-PR,PRESCRIBED,WEST,ALL VEHICLES,2019,AM PEAK,1781,-1,-1
99990013,9834-PR,COUNTER,EAST,ALL VEHICLES,2019,WEEKENDS,10934,-1,-1
99990013,9834-PR,COUNTER,EAST,HEAVY VEHICLES,2019,AM PEAK,298,28,87
99990013,9834-PR,PRESCRIBED,WEST,HEAVY VEHICLES,2019,AM PEAK,218,26,88
99990014,T0479-PR,PRESCRIBED AND COUNTER,BOTH,HEAVY VEHICLES,2019,WEEKDAYS,6156,-1,-1
99990014,T0479-PR,COUNTER,SOUTH,HEAVY VEHICLES,2019,PUBLIC HOLIDAYS,1449,11,100
99990014,T0479-PR,PRESCRIBED AND COUNTER,BOTH,LIGHT VEHICLES,2019,WEEKDAYS,68563,-1,-1
99990014,T0479-PR,PRESCRIBED AND COUNTER,BOTH,ALL VEHICLES,2019,AM PEAK,17570,-1,-1
99990014,T0479-PR,PRESCRIBED,NORTH,ALL VEHICLES,2019,OFF PEAK,17351,-1,-1
99990014,T0479-PR,PRESCRIBED AND COUNTER,BOTH,LIGHT VEHICLES,2019,PUBLIC HOLIDAYS,86563,-1,-1
99990014,T0479-PR,PRESCRIBED,NORTH,HEAVY VEHICLES,2019,ALL DAYS,2826,18,91
99990014,T0479-PR,PRESCRIBED AND COUNTER,BOTH,LIGHT VEHICLES,2019,ALL DAYS,70579,-1,-1
99990014,T0479-PR,COUNTER,SOUTH,LIGHT VEHICLES,2019,AM PEAK,10350,50,92
99990014,T0479-PR,PRESCRIBED,NORTH,HEAVY VEHICLES,2019,AM PEAK,659,23,88
99990014,T0479-PR,COUNTER,SOUTH,HEAVY VEHICLES,2019,AM PEAK,871,17,92
99990014,T0479-PR,PRESCRIBED,NORTH,LIGHT VEHICLES,2019,ALL DAYS,34767,69,93
99990014,T0479-PR,PRESCRIBED AND COUNTER,BOTH,HEAVY VEHICLES,2019,ALL DAYS,5417,-1,-1
99990014,T0479-PR,PRESCRIBED AND COUNTER,BOTH,ALL VEHICLES,2019,ALL DAYS,75996,-1,-1
99990014,T0479-PR,PRESCRIBED,NORTH,HEAVY VEHICLES,2019,PUBLIC HOLIDAYS,1905,28,99
99990014,T0479-PR,COUNTER,SOUTH,LIGHT VEHICLES,2019,WEEKDAYS,34435,-1,-1
99990014,T0479-PR,COUNTER,SOUTH,HEAVY VEHICLES,2019,PM PEAK,507,16,90
99990014,T0479-PR,PRESCRIBED,NORTH,HEAVY VEHICLES,2019,PM PEAK,1122,26,89
99990014,T0479-PR,PRESCRIBED,NORTH,ALL VEHICLES,2019,PM PEAK,13693,-1,-1
99990014,T0479-PR,PRESCRIBED,NORTH,HEAVY VEHICLES,2019,OFF PEAK,1484,16,87
99990014,T0479-PR,PRESCRIBED,NORTH,LIGHT VEHICLES,2019,PM PEAK,12571,73,90
99990014,T0479-PR,COUNTER,SOUTH,ALL VEHICLES,2019,OFF PEAK,18160,-1,-1
99990014,T0479-PR,PRESCRIBED,NORTH,ALL VEHICLES,2019,ALL DAYS,37593,-1,-1
99990014,T0479-PR,PRESCRIBED,NORTH,ALL VEHICLES,2019,AM PEAK,6349,-1,-1
99990014,T0479-PR,COUNTER,SOUTH,LIGHT VEHICLES,2019,PM PEAK,7438,50,91
99990014,T0479-PR,PRESCRIBED AND COUNTER,BOTH,HEAVY VEHICLES,2019,PM PEAK,1629,-1,-1
99990014,T0479-PR,PRESCRIBED,NORTH,HEAVY VEHICLES,2019,WEEKDAYS,3265,-1,-1
99990014,T0479-PR,PRESCRIBED,NORTH,LIGHT VEHICLES,2019,PUBLIC HOLIDAYS,43100,56,100
99990014,T0479-PR,PRESCRIBED AND COUNTER,BOTH,HEAVY VEHICLES,2019,WEEKENDS,3846,-1,-1
99990014,T0479-PR,PRESCRIBED AND COUNTER,BOTH,ALL VEHICLES,2019,OFF PEAK,35511,-1,-1
99990014,T0479-PR,PRESCRIBED,NORTH,ALL VEHICLES,2019,WEEKENDS,38166,-1,-1
99990014,T0479-PR,COUNTER,SOUTH,ALL VEHICLES,2019,PM PEAK,7945,-1,-1
99990014,T0479-PR,PRESCRIBED AND COUNTER,BOTH,HEAVY VEHICLES,2019,AM PEAK,1530,-1,-1
99990014,T0479-PR,PRESCRIBED AND COUNTER,BOTH,LIGHT VEHICLES,2019,PM PEAK,20009,-1,-1
99990014,T0479-PR,PRESCRIBED AND COUNTER,BOTH,ALL VEHICLES,2019,PM PEAK,21638,-1,-1
99990014,T0479-PR,COUNTER,SOUTH,LIGHT VEHICLES,2019,OFF PEAK,16647,45,91
99990014,T0479-PR,COUNTER,SOUTH,HEAVY VEHICLES,2019,ALL DAYS,2591,13,94
99990014,T0479-PR,PRESCRIBED,NORTH,HEAVY VEHICLES,2019,WEEKENDS,1993,-1,-1
99990014,T0479-PR,PRESCRIBED AND COUNTER,BOTH,LIGHT VEHICLES,2019,OFF PEAK,32514,-1,-1
99990014,T0479-PR,PRESCRIBED,NORTH,ALL VEHICLES,2019,WEEKDAYS,37393,-1,-1
99990014,T0479-PR,COUNTER,SOUTH,ALL VEHICLES,2019,PUBLIC HOLIDAYS,44912,-1,-1
99990014,T0479-PR,COUNTER,SOUTH,HEAVY VEHICLES,2019,WEEKDAYS,2891,-1,-1
99990014,T0479-PR,PRESCRIBED,NORTH,ALL VEHICLES,2019,PUBLIC HOLIDAYS,45005,-1,-1
99990014,T0479-PR,PRESCRIBED AND COUNTER,BOTH,HEAVY VEHICLES,2019,OFF PEAK,2997,-1,-1
99990014,T0479-PR,PRESCRIBED AND COUNTER,BOTH,LIGHT VEHICLES,2019,AM PEAK,16040,-1,-1
99990014,T0479-PR,PRESCRIBED AND COUNTER,BOTH,ALL VEHICLES,2019,WEEKENDS,79263,-1,-1
99990014,T0479-PR,PRESCRIBED AND COUNTER,BOTH,ALL VEHICLES,2019,WEEKDAYS,74719,-1,-1
99990014,T0479-PR,PRESCRIBED AND COUNTER,BOTH,LIGHT VEHICLES,2019,WEEKENDS,75417,-1,-1
99990014,T0479-PR,COUNTER,SOUTH,LIGHT VEHICLES,2019,WEEKENDS,39244,-1,-1
99990014,T0479-PR,PRESCRIBED AND COUNTER,BOTH,HEAVY VEHICLES,2019,PUBLIC HOLIDAYS,3354,-1,-1
99990014,T0479-PR,PRESCRIBED,NORTH,LIGHT VEHICLES,2019,AM PEAK,5690,73,88
99990014,T0479-PR,PRESCRIBED AND COUNTER,BOTH,ALL VEHICLES,2019,PUBLIC HOLIDAYS,89917,-1,-1
99990014,T0479-PR,COUNTER,SOUTH,HEAVY VEHICLES,2019,WEEKENDS,1853,-1,-1
99990014,T0479-PR,PRESCRIBED,NORTH,LIGHT VEHICLES,2019,WEEKENDS,36173,-1,-1
99990014,T0479-PR,PRESCRIBED,NORTH,LIGHT VEHICLES,2019,OFF PEAK,15867,66,89
99990014,T0479-PR,PRESCRIBED,NORTH,LIGHT VEHICLES,2019,WEEKDAYS,34128,-1,-1
99990014,T0479-PR,COUNTER,SOUTH,HEAVY VEHICLES,2019,OFF PEAK,1513,12,91
99990014,T0479-PR,COUNTER,SOUTH,ALL VEHICLES,2019,WEEKDAYS,37326,-1,-1
99990014,T0479-PR,COUNTER,SOUTH,LIGHT VEHICLES,2019,ALL DAYS,35812,47,95
99990014,T0479-PR,COUNTER,SOUTH,LIGHT VEHICLES,2019,PUBLIC HOLIDAYS,43463,36,100
99990014,T0479-PR,COUNTER,SOUTH,ALL VEHICLES,2019,WEEKENDS,41097,-1,-1
99990014,T0479-PR,COUNTER,SOUTH,ALL VEHICLES,2019,ALL DAYS,38403,-1,-1
99990014,T0479-PR,COUNTER,SOUTH,ALL VEHICLES,2019,AM PEAK,11221,-1,-1
