station_key,station_id,traffic_direction_name,cardinal_direction_name,classification_type,year,period,traffic_count,data_availability,data_reliability
55306,1004,PRESCRIBED,NORTH,UNCLASSIFIED,2022,PM PEAK,10960,98,93
55306,1004,PRESCRIBED,NORTH,UNCLASSIFIED,2022,AM PEAK,9639,98,87
55306,1004,PRESCRIBED,NORTH,UNCLASSIFIED,2022,OFF PEAK,17280,98,99
55306,1004,PRESCRIBED,NORTH,UNCLASSIFIED,2022,WEEKENDS,33246,-1,-1
55306,1004,PRESCRIBED,NORTH,UNCLASSIFIED,2022,WEEKDAYS,37879,-1,-1
55306,1004,PRESCRIBED,NORTH,UNCLASSIFIED,2022,ALL DAYS,36594,99,95
55307,1011,COUNTER,SOUTH,UNCLASSIFIED,2022,WEEKENDS,18972,-1,-1
55307,1011,PRESCRIBED AND COUNTER,BOTH,UNCLASSIFIED,2022,PM PEAK,11200,-1,-1
55307,1011,COUNTER,SOUTH,UNCLASSIFIED,2022,AM PEAK,5065,30,67
55307,1011,PRESCRIBED AND COUNTER,BOTH,UNCLASSIFIED,2022,AM PEAK,8347,-1,-1
55307,1011,PRESCRIBED,NORTH,UNCLASSIFIED,2022,PM PEAK,4634,30,85
55307,1011,COUNTER,SOUTH,UNCLASSIFIED,2022,WEEKDAYS,21569,-1,-1
55307,1011,COUNTER,SOUTH,UNCLASSIFIED,2022,PM PEAK,6566,30,31
55307,1011,PRESCRIBED,NORTH,UNCLASSIFIED,2022,WEEKDAYS,15439,-1,-1
55307,1011,PRESCRIBED,NORTH,UNCLASSIFIED,2022,WEEKENDS,12377,-1,-1
55307,1011,PRESCRIBED,NORTH,UNCLASSIFIED,2022,OFF PEAK,7523,30,83
55307,1011,PRESCRIBED,NORTH,UNCLASSIFIED,2022,ALL DAYS,14515,31,80
55307,1011,PRESCRIBED AND COUNTER,BOTH,UNCLASSIFIED,2022,ALL DAYS,36418,-1,-1
55307,1011,PRESCRIBED AND COUNTER,BOTH,UNCLASSIFIED,2022,WEEKDAYS,37008,-1,-1
55307,1011,PRESCRIBED AND COUNTER,BOTH,UNCLASSIFIED,2022,OFF PEAK,17461,-1,-1
55307,1011,PRESCRIBED AND COUNTER,BOTH,UNCLASSIFIED,2022,WEEKENDS,31349,-1,-1
55307,1011,PRESCRIBED,NORTH,UNCLASSIFIED,2022,AM PEAK,3282,30,77
55307,1011,COUNTER,SOUTH,UNCLASSIFIED,2022,ALL DAYS,21903,31,38
55307,1011,COUNTER,SOUTH,UNCLASSIFIED,2022,OFF PEAK,9938,30,34
55329,2062,PRESCRIBED,SOUTH,UNCLASSIFIED,2022,WEEKDAYS,11654,-1,-1
55329,2062,PRESCRIBED AND COUNTER,BOTH,UNCLASSIFIED,2022,WEEKDAYS,24419,-1,-1
55329,2062,PRESCRIBED AND COUNTER,BOTH,UNCLASSIFIED,2022,WEEKENDS,22579,-1,-1
55329,2062,PRESCRIBED AND COUNTER,BOTH,UNCLASSIFIED,2022,PM PEAK,6423,-1,-1
55329,2062,COUNTER,NORTH,UNCLASSIFIED,2022,PM PEAK,2978,59,98
55329,2062,COUNTER,NORTH,UNCLASSIFIED,2022,ALL DAYS,12390,59,98
55329,2062,PRESCRIBED AND COUNTER,BOTH,UNCLASSIFIED,2022,AM PEAK,5412,-1,-1
55329,2062,PRESCRIBED,SOUTH,UNCLASSIFIED,2022,AM PEAK,1811,59,92
55329,2062,PRESCRIBED,SOUTH,UNCLASSIFIED,2022,OFF PEAK,6398,59,100
55329,2062,COUNTER,NORTH,UNCLASSIFIED,2022,OFF PEAK,6186,59,100
55329,2062,PRESCRIBED,SOUTH,UNCLASSIFIED,2022,PM PEAK,3445,59,97
55329,2062,COUNTER,NORTH,UNCLASSIFIED,2022,AM PEAK,3601,59,91
55329,2062,PRESCRIBED,SOUTH,UNCLASSIFIED,2022,WEEKENDS,11063,-1,-1
55329,2062,PRESCRIBED,SOUTH,UNCLASSIFIED,2022,ALL DAYS,11477,59,98
55329,2062,COUNTER,NORTH,UNCLASSIFIED,2022,WEEKENDS,11516,-1,-1
55329,2062,PRESCRIBED AND COUNTER,BOTH,UNCLASSIFIED,2022,OFF PEAK,12584,-1,-1
55329,2062,PRESCRIBED AND COUNTER,BOTH,UNCLASSIFIED,2022,ALL DAYS,23867,-1,-1
55329,2062,COUNTER,NORTH,UNCLASSIFIED,2022,WEEKDAYS,12765,-1,-1
55363,2309,PRESCRIBED AND COUNTER,BOTH,UNCLASSIFIED,2022,WEEKDAYS,19068,-1,-1
55363,2309,PRESCRIBED,NORTH,UNCLASSIFIED,2022,ALL DAYS,8599,14,98
55363,2309,COUNTER,SOUTH,UNCLASSIFIED,2022,ALL DAYS,9622,14,94
55363,2309,COUNTER,SOUTH,UNCLASSIFIED,2022,WEEKDAYS,10097,-1,-1
55363,2309,PRESCRIBED AND COUNTER,BOTH,UNCLASSIFIED,2022,OFF PEAK,9322,-1,-1
55363,2309,PRESCRIBED,NORTH,UNCLASSIFIED,2022,WEEKENDS,7766,-1,-1
55363,2309,COUNTER,SOUTH,UNCLASSIFIED,2022,WEEKENDS,8202,-1,-1
55363,2309,COUNTER,SOUTH,UNCLASSIFIED,2022,PM PEAK,2864,13,86
55363,2309,PRESCRIBED AND COUNTER,BOTH,UNCLASSIFIED,2022,PM PEAK,5263,-1,-1
55363,2309,PRESCRIBED,NORTH,UNCLASSIFIED,2022,OFF PEAK,4406,13,100
55363,2309,PRESCRIBED,NORTH,UNCLASSIFIED,2022,AM PEAK,2166,13,88
55363,2309,COUNTER,SOUTH,UNCLASSIFIED,2022,OFF PEAK,4916,13,100
55363,2309,PRESCRIBED AND COUNTER,BOTH,UNCLASSIFIED,2022,ALL DAYS,18221,-1,-1
55363,2309,PRESCRIBED AND COUNTER,BOTH,UNCLASSIFIED,2022,WEEKENDS,15968,-1,-1
55363,2309,PRESCRIBED AND COUNTER,BOTH,UNCLASSIFIED,2022,AM PEAK,4483,-1,-1
55363,2309,COUNTER,SOUTH,UNCLASSIFIED,2022,AM PEAK,2317,13,86
55363,2309,PRESCRIBED,NORTH,UNCLASSIFIED,2022,WEEKDAYS,8971,-1,-1
55363,2309,PRESCRIBED,NORTH,UNCLASSIFIED,2022,PM PEAK,2399,13,94
55385,2379,PRESCRIBED,EAST,UNCLASSIFIED,2022,AM PEAK,15885,99,89
55385,2379,PRESCRIBED,EAST,UNCLASSIFIED,2022,WEEKDAYS,50917,-1,-1
55385,2379,PRESCRIBED,EAST,UNCLASSIFIED,2022,OFF PEAK,23077,99,100
55385,2379,PRESCRIBED,EAST,UNCLASSIFIED,2022,ALL DAYS,49577,99,96
55385,2379,PRESCRIBED,EAST,UNCLASSIFIED,2022,PM PEAK,11955,99,97
55385,2379,PRESCRIBED,EAST,UNCLASSIFIED,2022,WEEKENDS,46448,-1,-1
55393,2384,COUNTER,EAST,UNCLASSIFIED,2022,ALL DAYS,17988,99,97
55393,2384,COUNTER,EAST,UNCLASSIFIED,2022,WEEKDAYS,18322,-1,-1
55393,2384,COUNTER,EAST,UNCLASSIFIED,2022,PM PEAK,4289,99,98
55393,2384,COUNTER,EAST,UNCLASSIFIED,2022,WEEKENDS,17215,-1,-1
55393,2384,COUNTER,EAST,UNCLASSIFIED,2022,OFF PEAK,9167,99,100
55393,2384,COUNTER,EAST,UNCLASSIFIED,2022,AM PEAK,4866,99,91
55423,2413,PRESCRIBED,NORTH,UNCLASSIFIED,2022,AM PEAK,2606,99,90
55423,2413,PRESCRIBED,NORTH,UNCLASSIFIED,2022,PM PEAK,2323,99,96
55423,2413,PRESCRIBED,NORTH,UNCLASSIFIED,2022,WEEKENDS,8052,-1,-1
55423,2413,PRESCRIBED,NORTH,UNCLASSIFIED,2022,ALL DAYS,8705,99,96
55423,2413,PRESCRIBED,NORTH,UNCLASSIFIED,2022,WEEKDAYS,8977,-1,-1
55423,2413,PRESCRIBED,NORTH,UNCLASSIFIED,2022,OFF PEAK,4048,99,100
55430,3018,PRESCRIBED,NORTH,UNCLASSIFIED,2022,OFF PEAK,7691,99,94
55430,3018,COUNTER,SOUTH,UNCLASSIFIED,2022,AM PEAK,3779,99,87
55430,3018,PRESCRIBED,NORTH,UNCLASSIFIED,2022,WEEKDAYS,17749,-1,-1
55430,3018,PRESCRIBED,NORTH,UNCLASSIFIED,2022,WEEKENDS,16205,-1,-1
55430,3018,PRESCRIBED AND COUNTER,BOTH,UNCLASSIFIED,2022,ALL DAYS,33997,-1,-1
55430,3018,PRESCRIBED AND COUNTER,BOTH,UNCLASSIFIED,2022,WEEKENDS,31339,-1,-1
55430,3018,COUNTER,SOUTH,UNCLASSIFIED,2022,OFF PEAK,7885,99,97
55430,3018,COUNTER,SOUTH,UNCLASSIFIED,2022,WEEKDAYS,17369,-1,-1
55430,3018,PRESCRIBED AND COUNTER,BOTH,UNCLASSIFIED,2022,WEEKDAYS,35118,-1,-1
55430,3018,COUNTER,SOUTH,UNCLASSIFIED,2022,PM PEAK,5705,99,91
55430,3018,COUNTER,SOUTH,UNCLASSIFIED,2022,ALL DAYS,16724,99,94
55430,3018,PRESCRIBED AND COUNTER,BOTH,UNCLASSIFIED,2022,AM PEAK,9383,-1,-1
55430,3018,PRESCRIBED,NORTH,UNCLASSIFIED,2022,AM PEAK,5604,99,81
55430,3018,PRESCRIBED AND COUNTER,BOTH,UNCLASSIFIED,2022,OFF PEAK,15576,-1,-1
55430,3018,PRESCRIBED,NORTH,UNCLASSIFIED,2022,PM PEAK,4454,99,89
55430,3018,PRESCRIBED,NORTH,UNCLASSIFIED,2022,ALL DAYS,17273,99,92
55430,3018,COUNTER,SOUTH,UNCLASSIFIED,2022,WEEKENDS,15134,-1,-1
55430,3018,PRESCRIBED AND COUNTER,BOTH,UNCLASSIFIED,2022,PM PEAK,10159,-1,-1
55432,3022,COUNTER,EAST,UNCLASSIFIED,2022,ALL DAYS,10779,90,99
55432,3022,COUNTER,EAST,UNCLASSIFIED,2022,PM PEAK,2696,90,99
55432,3022,COUNTER,EAST,UNCLASSIFIED,2022,WEEKENDS,10726,-1,-1
55432,3022,COUNTER,EAST,UNCLASSIFIED,2022,OFF PEAK,5443,90,100
55432,3022,COUNTER,EAST,UNCLASSIFIED,2022,WEEKDAYS,10850,-1,-1
55432,3022,COUNTER,EAST,UNCLASSIFIED,2022,AM PEAK,2711,90,93
56602,100001,PRESCRIBED AND COUNTER,BOTH,HEAVY VEHICLES,2022,ALL DAYS,3801,-1,-1
56602,100001,PRESCRIBED,SOUTH,LIGHT VEHICLES,2022,PM PEAK,5620,73,85
56602,100001,COUNTER,NORTH,LIGHT VEHICLES,2022,WEEKENDS,15553,-1,-1
56602,100001,PRESCRIBED AND COUNTER,BOTH,ALL VEHICLES,2022,AM PEAK,9254,-1,-1
56602,100001,COUNTER,NORTH,HEAVY VEHICLES,2022,AM PEAK,674,49,86
56602,100001,PRESCRIBED,SOUTH,LIGHT VEHICLES,2022,AM PEAK,3552,72,86
56602,100001,PRESCRIBED AND COUNTER,BOTH,HEAVY VEHICLES,2022,PM PEAK,815,-1,-1
56602,100001,PRESCRIBED,SOUTH,ALL VEHICLES,2022,OFF PEAK,10508,-1,-1
56602,100001,PRESCRIBED AND COUNTER,BOTH,ALL VEHICLES,2022,WEEKDAYS,40048,-1,-1
56602,100001,COUNTER,NORTH,ALL VEHICLES,2022,ALL DAYS,18717,-1,-1
56602,100001,PRESCRIBED AND COUNTER,BOTH,HEAVY VEHICLES,2022,WEEKDAYS,4446,-1,-1
56602,100001,PRESCRIBED,SOUTH,LIGHT VEHICLES,2022,ALL DAYS,18471,62,91
56602,100001,PRESCRIBED AND COUNTER,BOTH,LIGHT VEHICLES,2022,OFF PEAK,17898,-1,-1
56602,100001,PRESCRIBED,SOUTH,LIGHT VEHICLES,2022,WEEKENDS,17313,-1,-1
56602,100001,PRESCRIBED,SOUTH,LIGHT VEHICLES,2022,WEEKDAYS,18453,-1,-1
56602,100001,COUNTER,NORTH,LIGHT VEHICLES,2022,ALL DAYS,16880,52,92
56602,100001,PRESCRIBED,SOUTH,HEAVY VEHICLES,2022,WEEKENDS,858,-1,-1
56602,100001,PRESCRIBED,SOUTH,HEAVY VEHICLES,2022,PM PEAK,447,48,85
56602,100001,COUNTER,NORTH,ALL VEHICLES,2022,PM PEAK,4468,-1,-1
56602,100001,PRESCRIBED AND COUNTER,BOTH,HEAVY VEHICLES,2022,AM PEAK,1270,-1,-1
56602,100001,COUNTER,NORTH,ALL VEHICLES,2022,AM PEAK,5106,-1,-1
56602,100001,COUNTER,NORTH,HEAVY VEHICLES,2022,PM PEAK,368,39,85
56602,100001,PRESCRIBED AND COUNTER,BOTH,LIGHT VEHICLES,2022,WEEKDAYS,35602,-1,-1
56602,100001,PRESCRIBED,SOUTH,ALL VEHICLES,2022,WEEKDAYS,20723,-1,-1
56602,100001,PRESCRIBED AND COUNTER,BOTH,LIGHT VEHICLES,2022,PM PEAK,9720,-1,-1
56602,100001,PRESCRIBED AND COUNTER,BOTH,LIGHT VEHICLES,2022,AM PEAK,7984,-1,-1
56602,100001,PRESCRIBED,SOUTH,HEAVY VEHICLES,2022,ALL DAYS,1964,39,92
56602,100001,PRESCRIBED AND COUNTER,BOTH,ALL VEHICLES,2022,OFF PEAK,20259,-1,-1
56602,100001,COUNTER,NORTH,ALL VEHICLES,2022,WEEKDAYS,19325,-1,-1
56602,100001,PRESCRIBED,SOUTH,LIGHT VEHICLES,2022,OFF PEAK,9281,60,85
56602,100001,PRESCRIBED,SOUTH,ALL VEHICLES,2022,ALL DAYS,20435,-1,-1
56602,100001,PRESCRIBED,SOUTH,HEAVY VEHICLES,2022,OFF PEAK,1227,42,85
56602,100001,COUNTER,NORTH,HEAVY VEHICLES,2022,ALL DAYS,1837,34,92
56602,100001,COUNTER,NORTH,LIGHT VEHICLES,2022,AM PEAK,4432,62,86
56602,100001,COUNTER,NORTH,LIGHT VEHICLES,2022,OFF PEAK,8617,49,85
56602,100001,PRESCRIBED AND COUNTER,BOTH,LIGHT VEHICLES,2022,ALL DAYS,35351,-1,-1
56602,100001,COUNTER,NORTH,LIGHT VEHICLES,2022,PM PEAK,4100,59,84
56602,100001,PRESCRIBED,SOUTH,ALL VEHICLES,2022,WEEKENDS,18171,-1,-1
56602,100001,COUNTER,NORTH,LIGHT VEHICLES,2022,WEEKDAYS,17149,-1,-1
56602,100001,PRESCRIBED AND COUNTER,BOTH,HEAVY VEHICLES,2022,OFF PEAK,2361,-1,-1
56602,100001,COUNTER,NORTH,HEAVY VEHICLES,2022,WEEKDAYS,2176,-1,-1
56602,100001,COUNTER,NORTH,ALL VEHICLES,2022,OFF PEAK,9751,-1,-1
56602,100001,COUNTER,NORTH,ALL VEHICLES,2022,WEEKENDS,16351,-1,-1
56602,100001,COUNTER,NORTH,HEAVY VEHICLES,2022,OFF PEAK,1134,37,85
56602,100001,PRESCRIBED,SOUTH,HEAVY VEHICLES,2022,AM PEAK,596,54,86
56602,100001,COUNTER,NORTH,HEAVY VEHICLES,2022,WEEKENDS,798,-1,-1
56602,100001,PRESCRIBED AND COUNTER,BOTH,ALL VEHICLES,2022,ALL DAYS,39152,-1,-1
56602,100001,PRESCRIBED AND COUNTER,BOTH,LIGHT VEHICLES,2022,WEEKENDS,32866,-1,-1
56602,100001,PRESCRIBED,SOUTH,ALL VEHICLES,2022,AM PEAK,4148,-1,-1
56602,100001,PRESCRIBED AND COUNTER,BOTH,HEAVY VEHICLES,2022,WEEKENDS,1656,-1,-1
56602,100001,PRESCRIBED AND COUNTER,BOTH,ALL VEHICLES,2022,WEEKENDS,34522,-1,-1
56602,100001,PRESCRIBED,SOUTH,ALL VEHICLES,2022,PM PEAK,6067,-1,-1
56602,100001,PRESCRIBED,SOUTH,HEAVY VEHICLES,2022,WEEKDAYS,2270,-1,-1
56602,100001,PRESCRIBED AND COUNTER,BOTH,ALL VEHICLES,2022,PM PEAK,10535,-1,-1
56606,10011,PRESCRIBED,WEST,LIGHT VEHICLES,2022,WEEKDAYS,34738,-1,-1
56606,10011,PRESCRIBED AND COUNTER,BOTH,HEAVY VEHICLES,2022,AM PEAK,1595,-1,-1
56606,10011,PRESCRIBED AND COUNTER,BOTH,ALL VEHICLES,2022,WEEKDAYS,68671,-1,-1
56606,10011,PRESCRIBED,WEST,HEAVY VEHICLES,2022,ALL DAYS,2265,17,90
56606,10011,COUNTER,EAST,HEAVY VEHICLES,2022,AM PEAK,940,36,85
56606,10011,PRESCRIBED,WEST,ALL VEHICLES,2022,WEEKDAYS,37405,-1,-1
56606,10011,PRESCRIBED AND COUNTER,BOTH,HEAVY VEHICLES,2022,WEEKENDS,2123,-1,-1
56606,10011,PRESCRIBED AND COUNTER,BOTH,HEAVY VEHICLES,2022,PM PEAK,999,-1,-1
56606,10011,PRESCRIBED,WEST,ALL VEHICLES,2022,ALL DAYS,36850,-1,-1
56606,10011,PRESCRIBED AND COUNTER,BOTH,LIGHT VEHICLES,2022,PM PEAK,17503,-1,-1
56606,10011,COUNTER,EAST,HEAVY VEHICLES,2022,ALL DAYS,2028,18,90
56606,10011,COUNTER,EAST,HEAVY VEHICLES,2022,WEEKDAYS,2387,-1,-1
56606,10011,PRESCRIBED AND COUNTER,BOTH,HEAVY VEHICLES,2022,WEEKDAYS,5054,-1,-1
56606,10011,COUNTER,EAST,LIGHT VEHICLES,2022,AM PEAK,7002,77,84
56606,10011,COUNTER,EAST,HEAVY VEHICLES,2022,WEEKENDS,969,-1,-1
56606,10011,PRESCRIBED,WEST,HEAVY VEHICLES,2022,AM PEAK,655,27,87
56606,10011,COUNTER,EAST,ALL VEHICLES,2022,OFF PEAK,14732,-1,-1
56606,10011,PRESCRIBED,WEST,ALL VEHICLES,2022,WEEKENDS,33105,-1,-1
56606,10011,COUNTER,EAST,HEAVY VEHICLES,2022,OFF PEAK,1076,18,84
56606,10011,COUNTER,EAST,ALL VEHICLES,2022,AM PEAK,7942,-1,-1
56606,10011,PRESCRIBED,WEST,ALL VEHICLES,2022,AM PEAK,9548,-1,-1
56606,10011,COUNTER,EAST,ALL VEHICLES,2022,WEEKDAYS,31266,-1,-1
56606,10011,COUNTER,EAST,ALL VEHICLES,2022,ALL DAYS,30722,-1,-1
56606,10011,PRESCRIBED,WEST,LIGHT VEHICLES,2022,WEEKENDS,31951,-1,-1
56606,10011,COUNTER,EAST,ALL VEHICLES,2022,WEEKENDS,27008,-1,-1
56606,10011,COUNTER,EAST,ALL VEHICLES,2022,PM PEAK,8592,-1,-1
56606,10011,PRESCRIBED,WEST,HEAVY VEHICLES,2022,WEEKENDS,1154,-1,-1
56606,10011,COUNTER,EAST,HEAVY VEHICLES,2022,PM PEAK,371,20,83
56606,10011,PRESCRIBED AND COUNTER,BOTH,ALL VEHICLES,2022,OFF PEAK,32679,-1,-1
56606,10011,PRESCRIBED AND COUNTER,BOTH,LIGHT VEHICLES,2022,AM PEAK,15895,-1,-1
56606,10011,PRESCRIBED AND COUNTER,BOTH,ALL VEHICLES,2022,AM PEAK,17490,-1,-1
56606,10011,COUNTER,EAST,LIGHT VEHICLES,2022,WEEKDAYS,28879,-1,-1
56606,10011,PRESCRIBED AND COUNTER,BOTH,LIGHT VEHICLES,2022,WEEKDAYS,63617,-1,-1
56606,10011,PRESCRIBED AND COUNTER,BOTH,HEAVY VEHICLES,2022,OFF PEAK,2460,-1,-1
56606,10011,PRESCRIBED AND COUNTER,BOTH,HEAVY VEHICLES,2022,ALL DAYS,4293,-1,-1
56606,10011,PRESCRIBED,WEST,LIGHT VEHICLES,2022,AM PEAK,8893,77,87
56606,10011,PRESCRIBED,WEST,LIGHT VEHICLES,2022,OFF PEAK,16563,59,86
56606,10011,PRESCRIBED,WEST,HEAVY VEHICLES,2022,PM PEAK,628,23,85
56606,10011,PRESCRIBED,WEST,HEAVY VEHICLES,2022,OFF PEAK,1384,16,86
56606,10011,PRESCRIBED,WEST,HEAVY VEHICLES,2022,WEEKDAYS,2667,-1,-1
56606,10011,PRESCRIBED AND COUNTER,BOTH,ALL VEHICLES,2022,ALL DAYS,67572,-1,-1
56606,10011,PRESCRIBED,WEST,LIGHT VEHICLES,2022,PM PEAK,9282,78,85
56606,10011,PRESCRIBED,WEST,ALL VEHICLES,2022,OFF PEAK,17947,-1,-1
56606,10011,PRESCRIBED AND COUNTER,BOTH,ALL VEHICLES,2022,PM PEAK,18502,-1,-1
56606,10011,PRESCRIBED AND COUNTER,BOTH,LIGHT VEHICLES,2022,ALL DAYS,63279,-1,-1
56606,10011,PRESCRIBED AND COUNTER,BOTH,ALL VEHICLES,2022,WEEKENDS,60113,-1,-1
56606,10011,PRESCRIBED,WEST,LIGHT VEHICLES,2022,ALL DAYS,34585,65,89
56606,10011,COUNTER,EAST,LIGHT VEHICLES,2022,PM PEAK,8221,78,83
56606,10011,COUNTER,EAST,LIGHT VEHICLES,2022,ALL DAYS,28694,68,89
56606,10011,COUNTER,EAST,LIGHT VEHICLES,2022,WEEKENDS,26039,-1,-1
56606,10011,PRESCRIBED AND COUNTER,BOTH,LIGHT VEHICLES,2022,OFF PEAK,30219,-1,-1
56606,10011,COUNTER,EAST,LIGHT VEHICLES,2022,OFF PEAK,13656,63,83
56606,10011,PRESCRIBED AND COUNTER,BOTH,LIGHT VEHICLES,2022,WEEKENDS,57990,-1,-1
56606,10011,PRESCRIBED,WEST,ALL VEHICLES,2022,PM PEAK,9910,-1,-1
56615,10052,PRESCRIBED,EAST,UNCLASSIFIED,2022,ALL DAYS,17516,67,99
56615,10052,PRESCRIBED AND COUNTER,BOTH,UNCLASSIFIED,2022,WEEKDAYS,40113,-1,-1
56615,10052,PRESCRIBED AND COUNTER,BOTH,UNCLASSIFIED,2022,WEEKENDS,37519,-1,-1
56615,10052,COUNTER,WEST,UNCLASSIFIED,2022,WEEKDAYS,22263,-1,-1
56615,10052,PRESCRIBED,EAST,UNCLASSIFIED,2022,PM PEAK,5061,68,98
56615,10052,PRESCRIBED,EAST,UNCLASSIFIED,2022,AM PEAK,4128,68,92
56615,10052,PRESCRIBED AND COUNTER,BOTH,UNCLASSIFIED,2022,ALL DAYS,39243,-1,-1
56615,10052,COUNTER,WEST,UNCLASSIFIED,2022,AM PEAK,6183,96,88
56615,10052,COUNTER,WEST,UNCLASSIFIED,2022,WEEKENDS,20804,-1,-1
56615,10052,PRESCRIBED,EAST,UNCLASSIFIED,2022,WEEKDAYS,17850,-1,-1
56615,10052,PRESCRIBED AND COUNTER,BOTH,UNCLASSIFIED,2022,OFF PEAK,19229,-1,-1
56615,10052,COUNTER,WEST,UNCLASSIFIED,2022,OFF PEAK,10568,95,99
56615,10052,PRESCRIBED AND COUNTER,BOTH,UNCLASSIFIED,2022,AM PEAK,10311,-1,-1
56615,10052,PRESCRIBED,EAST,UNCLASSIFIED,2022,OFF PEAK,8661,68,98
56615,10052,PRESCRIBED AND COUNTER,BOTH,UNCLASSIFIED,2022,PM PEAK,10573,-1,-1
56615,10052,PRESCRIBED,EAST,UNCLASSIFIED,2022,WEEKENDS,16715,-1,-1
56615,10052,COUNTER,WEST,UNCLASSIFIED,2022,ALL DAYS,21727,96,99
56615,10052,COUNTER,WEST,UNCLASSIFIED,2022,PM PEAK,5512,96,99
56678,18011,COUNTER,NORTH,UNCLASSIFIED,2022,AM PEAK,5521,-1,-1
56678,18011,COUNTER,NORTH,UNCLASSIFIED,2022,ALL DAYS,21371,-1,-1
56678,18011,COUNTER,NORTH,UNCLASSIFIED,2022,WEEKDAYS,20347,-1,-1
56678,18011,COUNTER,NORTH,UNCLASSIFIED,2022,PM PEAK,4259,-1,-1
56678,18011,COUNTER,NORTH,UNCLASSIFIED,2022,OFF PEAK,10567,-1,-1
56678,18011,COUNTER,NORTH,UNCLASSIFIED,2022,WEEKENDS,22776,-1,-1
56683,18041,COUNTER,EAST,UNCLASSIFIED,2022,WEEKDAYS,11499,-1,-1
56683,18041,PRESCRIBED,WEST,UNCLASSIFIED,2022,ALL DAYS,10938,-1,-1
56683,18041,PRESCRIBED AND COUNTER,BOTH,UNCLASSIFIED,2022,ALL DAYS,21945,-1,-1
56683,18041,COUNTER,EAST,UNCLASSIFIED,2022,AM PEAK,3296,-1,-1
56683,18041,PRESCRIBED AND COUNTER,BOTH,UNCLASSIFIED,2022,WEEKDAYS,22968,-1,-1
56683,18041,PRESCRIBED,WEST,UNCLASSIFIED,2022,WEEKDAYS,11469,-1,-1
56683,18041,PRESCRIBED,WEST,UNCLASSIFIED,2022,OFF PEAK,5797,-1,-1
56683,18041,PRESCRIBED AND COUNTER,BOTH,UNCLASSIFIED,2022,AM PEAK,5268,-1,-1
56683,18041,PRESCRIBED AND COUNTER,BOTH,UNCLASSIFIED,2022,PM PEAK,6220,-1,-1
56683,18041,COUNTER,EAST,UNCLASSIFIED,2022,OFF PEAK,5683,-1,-1
56683,18041,PRESCRIBED AND COUNTER,BOTH,UNCLASSIFIED,2022,WEEKENDS,19400,-1,-1
56683,18041,PRESCRIBED AND COUNTER,BOTH,UNCLASSIFIED,2022,OFF PEAK,11480,-1,-1
56683,18041,PRESCRIBED,WEST,UNCLASSIFIED,2022,AM PEAK,1972,-1,-1
56683,18041,PRESCRIBED,WEST,UNCLASSIFIED,2022,PM PEAK,3700,-1,-1
56683,18041,COUNTER,EAST,UNCLASSIFIED,2022,WEEKENDS,9706,-1,-1
56683,18041,PRESCRIBED,WEST,UNCLASSIFIED,2022,WEEKENDS,9694,-1,-1
56683,18041,COUNTER,EAST,UNCLASSIFIED,2022,PM PEAK,2520,-1,-1
56683,18041,COUNTER,EAST,UNCLASSIFIED,2022,ALL DAYS,11007,-1,-1
56694,19065,PRESCRIBED AND COUNTER,BOTH,UNCLASSIFIED,2022,AM PEAK,14377,-1,-1
56694,19065,COUNTER,EAST,UNCLASSIFIED,2022,AM PEAK,9760,98,89
56694,19065,PRESCRIBED,WEST,UNCLASSIFIED,2022,OFF PEAK,16711,98,100
56694,19065,COUNTER,EAST,UNCLASSIFIED,2022,WEEKDAYS,30467,-1,-1
56694,19065,COUNTER,EAST,UNCLASSIFIED,2022,OFF PEAK,14556,97,100
56694,19065,PRESCRIBED AND COUNTER,BOTH,UNCLASSIFIED,2022,PM PEAK,15299,-1,-1
56694,19065,PRESCRIBED,WEST,UNCLASSIFIED,2022,ALL DAYS,30128,98,98
56694,19065,PRESCRIBED AND COUNTER,BOTH,UNCLASSIFIED,2022,OFF PEAK,31267,-1,-1
56694,19065,PRESCRIBED AND COUNTER,BOTH,UNCLASSIFIED,2022,ALL DAYS,59887,-1,-1
56694,19065,PRESCRIBED,WEST,UNCLASSIFIED,2022,PM PEAK,9148,98,96
56694,19065,PRESCRIBED,WEST,UNCLASSIFIED,2022,WEEKENDS,29368,-1,-1
56694,19065,PRESCRIBED AND COUNTER,BOTH,UNCLASSIFIED,2022,WEEKENDS,57376,-1,-1
56694,19065,PRESCRIBED,WEST,UNCLASSIFIED,2022,WEEKDAYS,30476,-1,-1
56694,19065,PRESCRIBED AND COUNTER,BOTH,UNCLASSIFIED,2022,WEEKDAYS,60943,-1,-1
56694,19065,COUNTER,EAST,UNCLASSIFIED,2022,ALL DAYS,29759,97,96
56694,19065,COUNTER,EAST,UNCLASSIFIED,2022,PM PEAK,6151,98,98
56694,19065,PRESCRIBED,WEST,UNCLASSIFIED,2022,AM PEAK,4617,98,93
56694,19065,COUNTER,EAST,UNCLASSIFIED,2022,WEEKENDS,28008,-1,-1
56738,22001,COUNTER,WEST,UNCLASSIFIED,2022,OFF PEAK,12478,-1,-1
56738,22001,PRESCRIBED,EAST,UNCLASSIFIED,2022,WEEKENDS,24452,-1,-1
56738,22001,COUNTER,WEST,UNCLASSIFIED,2022,PM PEAK,5473,-1,-1
56738,22001,COUNTER,WEST,UNCLASSIFIED,2022,WEEKDAYS,24475,-1,-1
56738,22001,PRESCRIBED AND COUNTER,BOTH,UNCLASSIFIED,2022,AM PEAK,12516,-1,-1
56738,22001,PRESCRIBED,EAST,UNCLASSIFIED,2022,WEEKDAYS,26837,-1,-1
56738,22001,PRESCRIBED,EAST,UNCLASSIFIED,2022,ALL DAYS,26313,-1,-1
56738,22001,COUNTER,WEST,UNCLASSIFIED,2022,AM PEAK,6524,-1,-1
56738,22001,COUNTER,WEST,UNCLASSIFIED,2022,WEEKENDS,22906,-1,-1
56738,22001,PRESCRIBED AND COUNTER,BOTH,UNCLASSIFIED,2022,WEEKENDS,47358,-1,-1
56738,22001,PRESCRIBED,EAST,UNCLASSIFIED,2022,PM PEAK,7250,-1,-1
56738,22001,PRESCRIBED,EAST,UNCLASSIFIED,2022,AM PEAK,5992,-1,-1
56738,22001,PRESCRIBED AND COUNTER,BOTH,UNCLASSIFIED,2022,WEEKDAYS,51312,-1,-1
56738,22001,PRESCRIBED,EAST,UNCLASSIFIED,2022,OFF PEAK,13595,-1,-1
56738,22001,PRESCRIBED AND COUNTER,BOTH,UNCLASSIFIED,2022,PM PEAK,12723,-1,-1
56738,22001,COUNTER,WEST,UNCLASSIFIED,2022,ALL DAYS,24030,-1,-1
56738,22001,PRESCRIBED AND COUNTER,BOTH,UNCLASSIFIED,2022,ALL DAYS,50343,-1,-1
56738,22001,PRESCRIBED AND COUNTER,BOTH,UNCLASSIFIED,2022,OFF PEAK,26073,-1,-1
56740,22043,PRESCRIBED,WEST,UNCLASSIFIED,2022,WEEKENDS,9203,-1,-1
56740,22043,PRESCRIBED,WEST,UNCLASSIFIED,2022,PM PEAK,2936,99,96
56740,22043,COUNTER,EAST,UNCLASSIFIED,2022,PM PEAK,3196,96,88
56740,22043,COUNTER,EAST,UNCLASSIFIED,2022,WEEKENDS,7917,-1,-1
56740,22043,PRESCRIBED AND COUNTER,BOTH,UNCLASSIFIED,2022,PM PEAK,6132,-1,-1
56740,22043,PRESCRIBED AND COUNTER,BOTH,UNCLASSIFIED,2022,WEEKDAYS,20304,-1,-1
56740,22043,PRESCRIBED,WEST,UNCLASSIFIED,2022,OFF PEAK,4556,99,99
56740,22043,COUNTER,EAST,UNCLASSIFIED,2022,AM PEAK,2005,96,90
56740,22043,PRESCRIBED AND COUNTER,BOTH,UNCLASSIFIED,2022,OFF PEAK,8473,-1,-1
56740,22043,PRESCRIBED,WEST,UNCLASSIFIED,2022,AM PEAK,3694,99,84
56740,22043,PRESCRIBED AND COUNTER,BOTH,UNCLASSIFIED,2022,ALL DAYS,19363,-1,-1
56740,22043,PRESCRIBED,WEST,UNCLASSIFIED,2022,ALL DAYS,10623,99,94
56740,22043,COUNTER,EAST,UNCLASSIFIED,2022,WEEKDAYS,9118,-1,-1
56740,22043,PRESCRIBED,WEST,UNCLASSIFIED,2022,WEEKDAYS,11186,-1,-1
56740,22043,PRESCRIBED AND COUNTER,BOTH,UNCLASSIFIED,2022,AM PEAK,5699,-1,-1
56740,22043,PRESCRIBED AND COUNTER,BOTH,UNCLASSIFIED,2022,WEEKENDS,17120,-1,-1
56740,22043,COUNTER,EAST,UNCLASSIFIED,2022,ALL DAYS,8740,96,91
56740,22043,COUNTER,EAST,UNCLASSIFIED,2022,OFF PEAK,3917,96,93
56748,23019,COUNTER,NORTH,UNCLASSIFIED,2022,PM PEAK,4225,17,100
56748,23019,COUNTER,NORTH,UNCLASSIFIED,2022,OFF PEAK,9253,17,97
56748,23019,COUNTER,NORTH,UNCLASSIFIED,2022,AM PEAK,6150,17,80
56748,23019,COUNTER,NORTH,UNCLASSIFIED,2022,WEEKENDS,17205,-1,-1
56748,23019,COUNTER,NORTH,UNCLASSIFIED,2022,ALL DAYS,18965,17,98
56748,23019,COUNTER,NORTH,UNCLASSIFIED,2022,WEEKDAYS,19628,-1,-1
56758,23055,PRESCRIBED,NORTH,UNCLASSIFIED,2022,PM PEAK,6447,74,100
56758,23055,PRESCRIBED,NORTH,UNCLASSIFIED,2022,ALL DAYS,30460,74,98
56758,23055,PRESCRIBED,NORTH,UNCLASSIFIED,2022,WEEKENDS,27014,-1,-1
56758,23055,PRESCRIBED,NORTH,UNCLASSIFIED,2022,WEEKDAYS,31951,-1,-1
56758,23055,PRESCRIBED,NORTH,UNCLASSIFIED,2022,OFF PEAK,14670,74,100
56758,23055,PRESCRIBED,NORTH,UNCLASSIFIED,2022,AM PEAK,10834,74,89
56778,24014,PRESCRIBED,WEST,UNCLASSIFIED,2022,OFF PEAK,11043,97,97
56778,24014,PRESCRIBED,WEST,UNCLASSIFIED,2022,WEEKDAYS,19790,-1,-1
56778,24014,PRESCRIBED,WEST,UNCLASSIFIED,2022,PM PEAK,4927,97,98
56778,24014,COUNTER,EAST,UNCLASSIFIED,2022,WEEKENDS,20729,-1,-1
56778,24014,PRESCRIBED,WEST,UNCLASSIFIED,2022,AM PEAK,3820,97,94
56778,24014,COUNTER,EAST,UNCLASSIFIED,2022,WEEKDAYS,21970,-1,-1
56778,24014,PRESCRIBED AND COUNTER,BOTH,UNCLASSIFIED,2022,OFF PEAK,22378,-1,-1
56778,24014,PRESCRIBED AND COUNTER,BOTH,UNCLASSIFIED,2022,WEEKDAYS,41760,-1,-1
56778,24014,COUNTER,EAST,UNCLASSIFIED,2022,ALL DAYS,21555,99,99
56778,24014,COUNTER,EAST,UNCLASSIFIED,2022,OFF PEAK,11335,99,100
56778,24014,PRESCRIBED,WEST,UNCLASSIFIED,2022,WEEKENDS,19315,-1,-1
56778,24014,PRESCRIBED AND COUNTER,BOTH,UNCLASSIFIED,2022,WEEKENDS,40044,-1,-1
56778,24014,COUNTER,EAST,UNCLASSIFIED,2022,PM PEAK,5227,99,99
56778,24014,PRESCRIBED AND COUNTER,BOTH,UNCLASSIFIED,2022,ALL DAYS,41136,-1,-1
56778,24014,PRESCRIBED,WEST,UNCLASSIFIED,2022,ALL DAYS,19581,96,99
56778,24014,PRESCRIBED AND COUNTER,BOTH,UNCLASSIFIED,2022,PM PEAK,10154,-1,-1
56778,24014,COUNTER,EAST,UNCLASSIFIED,2022,AM PEAK,5408,99,91
56778,24014,PRESCRIBED AND COUNTER,BOTH,UNCLASSIFIED,2022,AM PEAK,9228,-1,-1
56781,24026,COUNTER,SOUTH,UNCLASSIFIED,2022,WEEKENDS,32115,-1,-1
56781,24026,COUNTER,SOUTH,UNCLASSIFIED,2022,OFF PEAK,17720,98,100
56781,24026,COUNTER,SOUTH,UNCLASSIFIED,2022,ALL DAYS,33131,98,100
56781,24026,COUNTER,SOUTH,UNCLASSIFIED,2022,PM PEAK,8251,98,99
56781,24026,COUNTER,SOUTH,UNCLASSIFIED,2022,AM PEAK,7732,98,94
56781,24026,COUNTER,SOUTH,UNCLASSIFIED,2022,WEEKDAYS,33703,-1,-1
56820,28008,COUNTER,SOUTH,LIGHT VEHICLES,2022,WEEKDAYS,44284,-1,-1
56820,28008,PRESCRIBED,NORTH,ALL VEHICLES,2022,AM PEAK,10214,-1,-1
56820,28008,PRESCRIBED,NORTH,HEAVY VEHICLES,2022,WEEKDAYS,1365,-1,-1
56820,28008,PRESCRIBED,NORTH,ALL VEHICLES,2022,PM PEAK,9576,-1,-1
56820,28008,PRESCRIBED AND COUNTER,BOTH,HEAVY VEHICLES,2022,AM PEAK,759,-1,-1
56820,28008,PRESCRIBED,NORTH,ALL VEHICLES,2022,ALL DAYS,41718,-1,-1
56820,28008,COUNTER,SOUTH,LIGHT VEHICLES,2022,PM PEAK,10827,34,98
56820,28008,PRESCRIBED AND COUNTER,BOTH,LIGHT VEHICLES,2022,AM PEAK,20232,-1,-1
56820,28008,COUNTER,SOUTH,ALL VEHICLES,2022,AM PEAK,10777,-1,-1
56820,28008,PRESCRIBED,NORTH,LIGHT VEHICLES,2022,ALL DAYS,40611,34,96
56820,28008,COUNTER,SOUTH,HEAVY VEHICLES,2022,AM PEAK,400,20,98
56820,28008,PRESCRIBED AND COUNTER,BOTH,ALL VEHICLES,2022,WEEKDAYS,87778,-1,-1
56820,28008,PRESCRIBED,NORTH,HEAVY VEHICLES,2022,WEEKENDS,341,-1,-1
56820,28008,COUNTER,SOUTH,HEAVY VEHICLES,2022,PM PEAK,184,20,98
56820,28008,PRESCRIBED,NORTH,HEAVY VEHICLES,2022,ALL DAYS,1107,17,97
56820,28008,PRESCRIBED AND COUNTER,BOTH,ALL VEHICLES,2022,PM PEAK,20587,-1,-1
56820,28008,COUNTER,SOUTH,HEAVY VEHICLES,2022,WEEKDAYS,1381,-1,-1
56820,28008,COUNTER,SOUTH,HEAVY VEHICLES,2022,OFF PEAK,797,18,98
56820,28008,PRESCRIBED AND COUNTER,BOTH,HEAVY VEHICLES,2022,WEEKDAYS,2746,-1,-1
56820,28008,PRESCRIBED AND COUNTER,BOTH,LIGHT VEHICLES,2022,OFF PEAK,44548,-1,-1
56820,28008,COUNTER,SOUTH,ALL VEHICLES,2022,ALL DAYS,45693,-1,-1
56820,28008,PRESCRIBED AND COUNTER,BOTH,HEAVY VEHICLES,2022,WEEKENDS,694,-1,-1
56820,28008,PRESCRIBED,NORTH,HEAVY VEHICLES,2022,OFF PEAK,855,19,98
56820,28008,PRESCRIBED AND COUNTER,BOTH,HEAVY VEHICLES,2022,PM PEAK,335,-1,-1
56820,28008,PRESCRIBED AND COUNTER,BOTH,ALL VEHICLES,2022,AM PEAK,20991,-1,-1
56820,28008,COUNTER,SOUTH,ALL VEHICLES,2022,OFF PEAK,23877,-1,-1
56820,28008,PRESCRIBED,NORTH,ALL VEHICLES,2022,OFF PEAK,22323,-1,-1
56820,28008,PRESCRIBED AND COUNTER,BOTH,HEAVY VEHICLES,2022,OFF PEAK,1652,-1,-1
56820,28008,COUNTER,SOUTH,LIGHT VEHICLES,2022,OFF PEAK,23080,33,98
56820,28008,PRESCRIBED AND COUNTER,BOTH,LIGHT VEHICLES,2022,WEEKENDS,81013,-1,-1
56820,28008,PRESCRIBED AND COUNTER,BOTH,HEAVY VEHICLES,2022,ALL DAYS,2226,-1,-1
56820,28008,COUNTER,SOUTH,HEAVY VEHICLES,2022,WEEKENDS,353,-1,-1
56820,28008,PRESCRIBED AND COUNTER,BOTH,LIGHT VEHICLES,2022,WEEKDAYS,85032,-1,-1
56820,28008,PRESCRIBED,NORTH,ALL VEHICLES,2022,WEEKENDS,38436,-1,-1
56820,28008,COUNTER,SOUTH,LIGHT VEHICLES,2022,ALL DAYS,44574,34,97
56820,28008,PRESCRIBED AND COUNTER,BOTH,LIGHT VEHICLES,2022,ALL DAYS,85185,-1,-1
56820,28008,PRESCRIBED AND COUNTER,BOTH,LIGHT VEHICLES,2022,PM PEAK,20252,-1,-1
56820,28008,COUNTER,SOUTH,LIGHT VEHICLES,2022,WEEKENDS,42918,-1,-1
56820,28008,COUNTER,SOUTH,ALL VEHICLES,2022,PM PEAK,11011,-1,-1
56820,28008,PRESCRIBED,NORTH,ALL VEHICLES,2022,WEEKDAYS,42113,-1,-1
56820,28008,COUNTER,SOUTH,ALL VEHICLES,2022,WEEKENDS,43271,-1,-1
56820,28008,PRESCRIBED AND COUNTER,BOTH,ALL VEHICLES,2022,ALL DAYS,87411,-1,-1
56820,28008,PRESCRIBED,NORTH,LIGHT VEHICLES,2022,OFF PEAK,21468,33,97
56820,28008,PRESCRIBED AND COUNTER,BOTH,ALL VEHICLES,2022,WEEKENDS,81707,-1,-1
56820,28008,COUNTER,SOUTH,ALL VEHICLES,2022,WEEKDAYS,45665,-1,-1
56820,28008,PRESCRIBED,NORTH,LIGHT VEHICLES,2022,AM PEAK,9855,34,97
56820,28008,PRESCRIBED,NORTH,LIGHT VEHICLES,2022,PM PEAK,9425,34,97
56820,28008,PRESCRIBED AND COUNTER,BOTH,ALL VEHICLES,2022,OFF PEAK,46200,-1,-1
56820,28008,COUNTER,SOUTH,LIGHT VEHICLES,2022,AM PEAK,10377,34,98
56820,28008,PRESCRIBED,NORTH,HEAVY VEHICLES,2022,PM PEAK,151,20,97
56820,28008,PRESCRIBED,NORTH,HEAVY VEHICLES,2022,AM PEAK,359,23,98
56820,28008,PRESCRIBED,NORTH,LIGHT VEHICLES,2022,WEEKDAYS,40748,-1,-1
56820,28008,COUNTER,SOUTH,HEAVY VEHICLES,2022,ALL DAYS,1119,17,97
56820,28008,PRESCRIBED,NORTH,LIGHT VEHICLES,2022,WEEKENDS,38095,-1,-1
56823,28022,PRESCRIBED,WEST,UNCLASSIFIED,2022,ALL DAYS,22512,31,79
56823,28022,PRESCRIBED AND COUNTER,BOTH,UNCLASSIFIED,2022,AM PEAK,11675,-1,-1
56823,28022,PRESCRIBED AND COUNTER,BOTH,UNCLASSIFIED,2022,WEEKDAYS,48968,-1,-1
56823,28022,PRESCRIBED AND COUNTER,BOTH,UNCLASSIFIED,2022,OFF PEAK,24295,-1,-1
56823,28022,COUNTER,EAST,UNCLASSIFIED,2022,WEEKENDS,23637,-1,-1
56823,28022,COUNTER,EAST,UNCLASSIFIED,2022,PM PEAK,6578,98,98
56823,28022,PRESCRIBED,WEST,UNCLASSIFIED,2022,OFF PEAK,11671,31,80
56823,28022,COUNTER,EAST,UNCLASSIFIED,2022,WEEKDAYS,26457,-1,-1
56823,28022,PRESCRIBED,WEST,UNCLASSIFIED,2022,AM PEAK,4420,31,69
56823,28022,PRESCRIBED AND COUNTER,BOTH,UNCLASSIFIED,2022,WEEKENDS,41728,-1,-1
56823,28022,PRESCRIBED AND COUNTER,BOTH,UNCLASSIFIED,2022,PM PEAK,12998,-1,-1
56823,28022,COUNTER,EAST,UNCLASSIFIED,2022,OFF PEAK,12624,98,99
56823,28022,PRESCRIBED,WEST,UNCLASSIFIED,2022,WEEKDAYS,22511,-1,-1
56823,28022,PRESCRIBED AND COUNTER,BOTH,UNCLASSIFIED,2022,ALL DAYS,48162,-1,-1
56823,28022,PRESCRIBED,WEST,UNCLASSIFIED,2022,PM PEAK,6420,31,78
56823,28022,PRESCRIBED,WEST,UNCLASSIFIED,2022,WEEKENDS,18091,-1,-1
56823,28022,COUNTER,EAST,UNCLASSIFIED,2022,ALL DAYS,25650,98,97
56823,28022,COUNTER,EAST,UNCLASSIFIED,2022,AM PEAK,7255,98,89
56841,29005,PRESCRIBED,NORTH,LIGHT VEHICLES,2022,ALL DAYS,42898,62,90
56841,29005,PRESCRIBED AND COUNTER,BOTH,ALL VEHICLES,2022,AM PEAK,22064,-1,-1
56841,29005,COUNTER,SOUTH,HEAVY VEHICLES,2022,ALL DAYS,3369,25,91
56841,29005,COUNTER,SOUTH,HEAVY VEHICLES,2022,OFF PEAK,2131,28,84
56841,29005,PRESCRIBED AND COUNTER,BOTH,HEAVY VEHICLES,2022,PM PEAK,1492,-1,-1
56841,29005,PRESCRIBED,NORTH,LIGHT VEHICLES,2022,OFF PEAK,20142,58,83
56841,29005,PRESCRIBED,NORTH,ALL VEHICLES,2022,ALL DAYS,46565,-1,-1
56841,29005,COUNTER,SOUTH,ALL VEHICLES,2022,ALL DAYS,47079,-1,-1
56841,29005,PRESCRIBED AND COUNTER,BOTH,LIGHT VEHICLES,2022,AM PEAK,19801,-1,-1
56841,29005,PRESCRIBED AND COUNTER,BOTH,LIGHT VEHICLES,2022,ALL DAYS,86608,-1,-1
56841,29005,PRESCRIBED AND COUNTER,BOTH,LIGHT VEHICLES,2022,WEEKENDS,85295,-1,-1
56841,29005,PRESCRIBED AND COUNTER,BOTH,HEAVY VEHICLES,2022,OFF PEAK,4213,-1,-1
56841,29005,PRESCRIBED,NORTH,LIGHT VEHICLES,2022,AM PEAK,9965,74,84
56841,29005,PRESCRIBED AND COUNTER,BOTH,ALL VEHICLES,2022,ALL DAYS,93644,-1,-1
56841,29005,PRESCRIBED,NORTH,HEAVY VEHICLES,2022,WEEKDAYS,4097,-1,-1
56841,29005,COUNTER,SOUTH,ALL VEHICLES,2022,WEEKDAYS,46823,-1,-1
56841,29005,PRESCRIBED AND COUNTER,BOTH,ALL VEHICLES,2022,WEEKDAYS,92529,-1,-1
56841,29005,COUNTER,SOUTH,ALL VEHICLES,2022,PM PEAK,12765,-1,-1
56841,29005,PRESCRIBED,NORTH,ALL VEHICLES,2022,WEEKENDS,43797,-1,-1
56841,29005,COUNTER,SOUTH,HEAVY VEHICLES,2022,AM PEAK,886,34,84
56841,29005,PRESCRIBED,NORTH,LIGHT VEHICLES,2022,WEEKDAYS,41609,-1,-1
56841,29005,COUNTER,SOUTH,ALL VEHICLES,2022,OFF PEAK,23336,-1,-1
56841,29005,COUNTER,SOUTH,LIGHT VEHICLES,2022,WEEKENDS,43353,-1,-1
56841,29005,COUNTER,SOUTH,LIGHT VEHICLES,2022,AM PEAK,9836,62,82
56841,29005,PRESCRIBED AND COUNTER,BOTH,LIGHT VEHICLES,2022,OFF PEAK,41347,-1,-1
56841,29005,PRESCRIBED AND COUNTER,BOTH,HEAVY VEHICLES,2022,AM PEAK,2263,-1,-1
56841,29005,COUNTER,SOUTH,HEAVY VEHICLES,2022,WEEKDAYS,3871,-1,-1
56841,29005,COUNTER,SOUTH,LIGHT VEHICLES,2022,PM PEAK,11911,74,80
56841,29005,PRESCRIBED AND COUNTER,BOTH,ALL VEHICLES,2022,PM PEAK,24905,-1,-1
56841,29005,PRESCRIBED,NORTH,ALL VEHICLES,2022,OFF PEAK,22224,-1,-1
56841,29005,PRESCRIBED,NORTH,LIGHT VEHICLES,2022,WEEKENDS,41942,-1,-1
56841,29005,COUNTER,SOUTH,LIGHT VEHICLES,2022,OFF PEAK,21205,54,81
56841,29005,COUNTER,SOUTH,ALL VEHICLES,2022,WEEKENDS,45039,-1,-1
56841,29005,PRESCRIBED AND COUNTER,BOTH,LIGHT VEHICLES,2022,WEEKDAYS,84561,-1,-1
56841,29005,PRESCRIBED,NORTH,ALL VEHICLES,2022,AM PEAK,11342,-1,-1
56841,29005,PRESCRIBED AND COUNTER,BOTH,HEAVY VEHICLES,2022,WEEKENDS,3541,-1,-1
56841,29005,PRESCRIBED,NORTH,HEAVY VEHICLES,2022,OFF PEAK,2082,32,83
56841,29005,PRESCRIBED AND COUNTER,BOTH,ALL VEHICLES,2022,WEEKENDS,88836,-1,-1
56841,29005,PRESCRIBED AND COUNTER,BOTH,HEAVY VEHICLES,2022,WEEKDAYS,7968,-1,-1
56841,29005,PRESCRIBED AND COUNTER,BOTH,ALL VEHICLES,2022,OFF PEAK,45560,-1,-1
56841,29005,PRESCRIBED,NORTH,HEAVY VEHICLES,2022,ALL DAYS,3667,30,91
56841,29005,PRESCRIBED,NORTH,ALL VEHICLES,2022,PM PEAK,12140,-1,-1
56841,29005,PRESCRIBED,NORTH,HEAVY VEHICLES,2022,AM PEAK,1377,46,84
56841,29005,PRESCRIBED,NORTH,HEAVY VEHICLES,2022,PM PEAK,638,32,82
56841,29005,COUNTER,SOUTH,LIGHT VEHICLES,2022,ALL DAYS,43710,58,88
56841,29005,PRESCRIBED,NORTH,HEAVY VEHICLES,2022,WEEKENDS,1855,-1,-1
56841,29005,PRESCRIBED,NORTH,ALL VEHICLES,2022,WEEKDAYS,45706,-1,-1
56841,29005,PRESCRIBED AND COUNTER,BOTH,LIGHT VEHICLES,2022,PM PEAK,23413,-1,-1
56841,29005,COUNTER,SOUTH,HEAVY VEHICLES,2022,PM PEAK,854,30,82
56841,29005,COUNTER,SOUTH,ALL VEHICLES,2022,AM PEAK,10722,-1,-1
56841,29005,COUNTER,SOUTH,HEAVY VEHICLES,2022,WEEKENDS,1686,-1,-1
56841,29005,COUNTER,SOUTH,LIGHT VEHICLES,2022,WEEKDAYS,42952,-1,-1
56841,29005,PRESCRIBED AND COUNTER,BOTH,HEAVY VEHICLES,2022,ALL DAYS,7036,-1,-1
56841,29005,PRESCRIBED,NORTH,LIGHT VEHICLES,2022,PM PEAK,11502,75,82
56857,32022,PRESCRIBED,WEST,UNCLASSIFIED,2022,PM PEAK,6786,99,97
56857,32022,PRESCRIBED,WEST,UNCLASSIFIED,2022,WEEKDAYS,23836,-1,-1
56857,32022,PRESCRIBED AND COUNTER,BOTH,UNCLASSIFIED,2022,PM PEAK,6986,-1,-1
56857,32022,COUNTER,EAST,UNCLASSIFIED,2022,ALL DAYS,704,73,83
56857,32022,COUNTER,EAST,UNCLASSIFIED,2022,AM PEAK,279,73,81
56857,32022,PRESCRIBED AND COUNTER,BOTH,UNCLASSIFIED,2022,OFF PEAK,12740,-1,-1
56857,32022,PRESCRIBED AND COUNTER,BOTH,UNCLASSIFIED,2022,WEEKDAYS,24648,-1,-1
56857,32022,PRESCRIBED,WEST,UNCLASSIFIED,2022,AM PEAK,4643,99,91
56857,32022,COUNTER,EAST,UNCLASSIFIED,2022,WEEKENDS,403,-1,-1
56857,32022,PRESCRIBED,WEST,UNCLASSIFIED,2022,OFF PEAK,12407,99,97
56857,32022,COUNTER,EAST,UNCLASSIFIED,2022,OFF PEAK,333,73,88
56857,32022,PRESCRIBED AND COUNTER,BOTH,UNCLASSIFIED,2022,WEEKENDS,21840,-1,-1
56857,32022,COUNTER,EAST,UNCLASSIFIED,2022,WEEKDAYS,812,-1,-1
56857,32022,PRESCRIBED,WEST,UNCLASSIFIED,2022,ALL DAYS,23137,99,98
56857,32022,PRESCRIBED AND COUNTER,BOTH,UNCLASSIFIED,2022,AM PEAK,4922,-1,-1
56857,32022,COUNTER,EAST,UNCLASSIFIED,2022,PM PEAK,200,73,78
56857,32022,PRESCRIBED,WEST,UNCLASSIFIED,2022,WEEKENDS,21437,-1,-1
56857,32022,PRESCRIBED AND COUNTER,BOTH,UNCLASSIFIED,2022,ALL DAYS,23841,-1,-1
56861,32029,PRESCRIBED AND COUNTER,BOTH,HEAVY VEHICLES,2022,PM PEAK,586,-1,-1
56861,32029,PRESCRIBED,NORTH,ALL VEHICLES,2022,WEEKDAYS,20008,-1,-1
56861,32029,PRESCRIBED AND COUNTER,BOTH,ALL VEHICLES,2022,PM PEAK,11770,-1,-1
56861,32029,PRESCRIBED AND COUNTER,BOTH,HEAVY VEHICLES,2022,ALL DAYS,2361,-1,-1
56861,32029,PRESCRIBED,NORTH,ALL VEHICLES,2022,ALL DAYS,19009,-1,-1
56861,32029,PRESCRIBED,NORTH,HEAVY VEHICLES,2022,ALL DAYS,1184,19,97
56861,32029,PRESCRIBED AND COUNTER,BOTH,LIGHT VEHICLES,2022,ALL DAYS,37796,-1,-1
56861,32029,COUNTER,SOUTH,LIGHT VEHICLES,2022,WEEKENDS,18564,-1,-1
56861,32029,PRESCRIBED AND COUNTER,BOTH,HEAVY VEHICLES,2022,WEEKDAYS,2837,-1,-1
56861,32029,COUNTER,SOUTH,LIGHT VEHICLES,2022,AM PEAK,3846,64,98
56861,32029,PRESCRIBED AND COUNTER,BOTH,HEAVY VEHICLES,2022,WEEKENDS,1229,-1,-1
56861,32029,PRESCRIBED,NORTH,HEAVY VEHICLES,2022,WEEKDAYS,1429,-1,-1
56861,32029,PRESCRIBED AND COUNTER,BOTH,HEAVY VEHICLES,2022,OFF PEAK,1396,-1,-1
56861,32029,PRESCRIBED,NORTH,LIGHT VEHICLES,2022,WEEKDAYS,18579,-1,-1
56861,32029,COUNTER,SOUTH,ALL VEHICLES,2022,WEEKENDS,19192,-1,-1
56861,32029,PRESCRIBED,NORTH,HEAVY VEHICLES,2022,OFF PEAK,669,20,96
56861,32029,PRESCRIBED,NORTH,HEAVY VEHICLES,2022,AM PEAK,532,33,97
56861,32029,COUNTER,SOUTH,ALL VEHICLES,2022,PM PEAK,7297,-1,-1
56861,32029,PRESCRIBED AND COUNTER,BOTH,ALL VEHICLES,2022,WEEKDAYS,41944,-1,-1
56861,32029,COUNTER,SOUTH,LIGHT VEHICLES,2022,WEEKDAYS,20528,-1,-1
56861,32029,COUNTER,SOUTH,LIGHT VEHICLES,2022,OFF PEAK,9743,55,98
56861,32029,PRESCRIBED,NORTH,HEAVY VEHICLES,2022,PM PEAK,228,19,97
56861,32029,PRESCRIBED AND COUNTER,BOTH,ALL VEHICLES,2022,AM PEAK,10974,-1,-1
56861,32029,COUNTER,SOUTH,HEAVY VEHICLES,2022,ALL DAYS,1177,17,98
56861,32029,PRESCRIBED AND COUNTER,BOTH,LIGHT VEHICLES,2022,OFF PEAK,17804,-1,-1
56861,32029,PRESCRIBED,NORTH,ALL VEHICLES,2022,AM PEAK,6805,-1,-1
56861,32029,PRESCRIBED,NORTH,LIGHT VEHICLES,2022,OFF PEAK,8061,58,96
56861,32029,PRESCRIBED,NORTH,LIGHT VEHICLES,2022,ALL DAYS,17825,62,97
56861,32029,COUNTER,SOUTH,HEAVY VEHICLES,2022,OFF PEAK,727,18,98
56861,32029,COUNTER,SOUTH,LIGHT VEHICLES,2022,PM PEAK,6939,66,98
56861,32029,PRESCRIBED,NORTH,LIGHT VEHICLES,2022,PM PEAK,4245,65,98
56861,32029,COUNTER,SOUTH,HEAVY VEHICLES,2022,WEEKENDS,628,-1,-1
56861,32029,PRESCRIBED AND COUNTER,BOTH,LIGHT VEHICLES,2022,WEEKDAYS,39107,-1,-1
56861,32029,COUNTER,SOUTH,ALL VEHICLES,2022,ALL DAYS,21148,-1,-1
56861,32029,COUNTER,SOUTH,ALL VEHICLES,2022,WEEKDAYS,21936,-1,-1
56861,32029,PRESCRIBED AND COUNTER,BOTH,ALL VEHICLES,2022,OFF PEAK,19200,-1,-1
56861,32029,PRESCRIBED,NORTH,ALL VEHICLES,2022,OFF PEAK,8730,-1,-1
56861,32029,COUNTER,SOUTH,HEAVY VEHICLES,2022,PM PEAK,358,24,98
56861,32029,COUNTER,SOUTH,ALL VEHICLES,2022,OFF PEAK,10470,-1,-1
56861,32029,PRESCRIBED AND COUNTER,BOTH,ALL VEHICLES,2022,ALL DAYS,40157,-1,-1
56861,32029,PRESCRIBED AND COUNTER,BOTH,ALL VEHICLES,2022,WEEKENDS,35700,-1,-1
56861,32029,COUNTER,SOUTH,LIGHT VEHICLES,2022,ALL DAYS,19971,58,98
56861,32029,PRESCRIBED AND COUNTER,BOTH,LIGHT VEHICLES,2022,AM PEAK,10119,-1,-1
56861,32029,COUNTER,SOUTH,HEAVY VEHICLES,2022,WEEKDAYS,1408,-1,-1
56861,32029,COUNTER,SOUTH,ALL VEHICLES,2022,AM PEAK,4169,-1,-1
56861,32029,PRESCRIBED,NORTH,ALL VEHICLES,2022,PM PEAK,4473,-1,-1
56861,32029,PRESCRIBED AND COUNTER,BOTH,LIGHT VEHICLES,2022,PM PEAK,11184,-1,-1
56861,32029,PRESCRIBED,NORTH,LIGHT VEHICLES,2022,WEEKENDS,15907,-1,-1
56861,32029,PRESCRIBED,NORTH,LIGHT VEHICLES,2022,AM PEAK,6273,79,98
56861,32029,PRESCRIBED AND COUNTER,BOTH,LIGHT VEHICLES,2022,WEEKENDS,34471,-1,-1
56861,32029,PRESCRIBED,NORTH,HEAVY VEHICLES,2022,WEEKENDS,601,-1,-1
56861,32029,PRESCRIBED AND COUNTER,BOTH,HEAVY VEHICLES,2022,AM PEAK,855,-1,-1
56861,32029,COUNTER,SOUTH,HEAVY VEHICLES,2022,AM PEAK,323,30,98
56861,32029,PRESCRIBED,NORTH,ALL VEHICLES,2022,WEEKENDS,16508,-1,-1
56868,33013,COUNTER,SOUTH,UNCLASSIFIED,2022,WEEKDAYS,28162,-1,-1
56868,33013,PRESCRIBED AND COUNTER,BOTH,UNCLASSIFIED,2022,PM PEAK,15228,-1,-1
56868,33013,PRESCRIBED AND COUNTER,BOTH,UNCLASSIFIED,2022,WEEKDAYS,52357,-1,-1
56868,33013,PRESCRIBED,NORTH,UNCLASSIFIED,2022,WEEKDAYS,24195,-1,-1
56868,33013,COUNTER,SOUTH,UNCLASSIFIED,2022,OFF PEAK,12792,98,100
56868,33013,PRESCRIBED AND COUNTER,BOTH,UNCLASSIFIED,2022,OFF PEAK,23694,-1,-1
56868,33013,COUNTER,SOUTH,UNCLASSIFIED,2022,WEEKENDS,25021,-1,-1
56868,33013,PRESCRIBED AND COUNTER,BOTH,UNCLASSIFIED,2022,ALL DAYS,55544,-1,-1
56868,33013,COUNTER,SOUTH,UNCLASSIFIED,2022,AM PEAK,8770,98,88
56868,33013,PRESCRIBED,NORTH,UNCLASSIFIED,2022,AM PEAK,4665,0,100
56868,33013,PRESCRIBED,NORTH,UNCLASSIFIED,2022,PM PEAK,8628,0,100
56868,33013,COUNTER,SOUTH,UNCLASSIFIED,2022,PM PEAK,6600,98,99
56868,33013,PRESCRIBED,NORTH,UNCLASSIFIED,2022,OFF PEAK,10902,0,95
56868,33013,PRESCRIBED AND COUNTER,BOTH,UNCLASSIFIED,2022,AM PEAK,13435,-1,-1
56868,33013,COUNTER,SOUTH,UNCLASSIFIED,2022,ALL DAYS,27205,97,97
56868,33013,PRESCRIBED,NORTH,UNCLASSIFIED,2022,ALL DAYS,28339,0,66
56869,33014,PRESCRIBED,NORTH,UNCLASSIFIED,2022,PM PEAK,7866,-1,-1
56869,33014,PRESCRIBED,NORTH,UNCLASSIFIED,2022,WEEKENDS,23715,-1,-1
56869,33014,PRESCRIBED,NORTH,UNCLASSIFIED,2022,OFF PEAK,13360,-1,-1
56869,33014,PRESCRIBED,NORTH,UNCLASSIFIED,2022,WEEKDAYS,26793,-1,-1
56869,33014,PRESCRIBED,NORTH,UNCLASSIFIED,2022,AM PEAK,5567,-1,-1
56869,33014,PRESCRIBED,NORTH,UNCLASSIFIED,2022,ALL DAYS,25935,-1,-1
56872,33023,PRESCRIBED,NORTH,ALL VEHICLES,2022,ALL DAYS,14886,-1,-1
56872,33023,PRESCRIBED,NORTH,LIGHT VEHICLES,2022,PM PEAK,4625,85,87
56872,33023,COUNTER,SOUTH,ALL VEHICLES,2022,WEEKENDS,11564,-1,-1
56872,33023,PRESCRIBED AND COUNTER,BOTH,LIGHT VEHICLES,2022,WEEKENDS,22819,-1,-1
56872,33023,PRESCRIBED AND COUNTER,BOTH,HEAVY VEHICLES,2022,ALL DAYS,2145,-1,-1
56872,33023,PRESCRIBED AND COUNTER,BOTH,HEAVY VEHICLES,2022,AM PEAK,784,-1,-1
56872,33023,PRESCRIBED,NORTH,HEAVY VEHICLES,2022,PM PEAK,354,28,89
56872,33023,COUNTER,SOUTH,ALL VEHICLES,2022,PM PEAK,3546,-1,-1
56872,33023,PRESCRIBED,NORTH,ALL VEHICLES,2022,AM PEAK,3299,-1,-1
56872,33023,PRESCRIBED,NORTH,ALL VEHICLES,2022,WEEKENDS,12268,-1,-1
56872,33023,PRESCRIBED,NORTH,LIGHT VEHICLES,2022,OFF PEAK,6395,50,91
56872,33023,COUNTER,SOUTH,LIGHT VEHICLES,2022,WEEKDAYS,13469,-1,-1
56872,33023,COUNTER,SOUTH,ALL VEHICLES,2022,AM PEAK,5011,-1,-1
56872,33023,PRESCRIBED AND COUNTER,BOTH,ALL VEHICLES,2022,PM PEAK,8525,-1,-1
56872,33023,PRESCRIBED,NORTH,LIGHT VEHICLES,2022,AM PEAK,2909,81,90
56872,33023,PRESCRIBED AND COUNTER,BOTH,LIGHT VEHICLES,2022,WEEKDAYS,27398,-1,-1
56872,33023,COUNTER,SOUTH,LIGHT VEHICLES,2022,ALL DAYS,12815,66,94
56872,33023,COUNTER,SOUTH,ALL VEHICLES,2022,OFF PEAK,6064,-1,-1
56872,33023,PRESCRIBED AND COUNTER,BOTH,HEAVY VEHICLES,2022,OFF PEAK,1142,-1,-1
56872,33023,COUNTER,SOUTH,ALL VEHICLES,2022,ALL DAYS,13764,-1,-1
56872,33023,PRESCRIBED AND COUNTER,BOTH,ALL VEHICLES,2022,AM PEAK,8310,-1,-1
56872,33023,COUNTER,SOUTH,HEAVY VEHICLES,2022,PM PEAK,267,27,95
56872,33023,PRESCRIBED,NORTH,HEAVY VEHICLES,2022,OFF PEAK,651,15,93
56872,33023,PRESCRIBED AND COUNTER,BOTH,HEAVY VEHICLES,2022,PM PEAK,621,-1,-1
56872,33023,COUNTER,SOUTH,LIGHT VEHICLES,2022,OFF PEAK,5573,57,94
56872,33023,PRESCRIBED AND COUNTER,BOTH,LIGHT VEHICLES,2022,OFF PEAK,11968,-1,-1
56872,33023,COUNTER,SOUTH,HEAVY VEHICLES,2022,OFF PEAK,491,19,95
56872,33023,COUNTER,SOUTH,HEAVY VEHICLES,2022,ALL DAYS,949,18,94
56872,33023,COUNTER,SOUTH,LIGHT VEHICLES,2022,AM PEAK,4617,86,94
56872,33023,COUNTER,SOUTH,LIGHT VEHICLES,2022,WEEKENDS,11109,-1,-1
56872,33023,COUNTER,SOUTH,HEAVY VEHICLES,2022,AM PEAK,394,36,95
56872,33023,PRESCRIBED,NORTH,HEAVY VEHICLES,2022,ALL DAYS,1196,16,84
56872,33023,PRESCRIBED AND COUNTER,BOTH,ALL VEHICLES,2022,OFF PEAK,13110,-1,-1
56872,33023,COUNTER,SOUTH,ALL VEHICLES,2022,WEEKDAYS,14621,-1,-1
56872,33023,PRESCRIBED AND COUNTER,BOTH,HEAVY VEHICLES,2022,WEEKENDS,1013,-1,-1
56872,33023,PRESCRIBED AND COUNTER,BOTH,HEAVY VEHICLES,2022,WEEKDAYS,2547,-1,-1
56872,33023,PRESCRIBED,NORTH,HEAVY VEHICLES,2022,AM PEAK,390,29,93
56872,33023,PRESCRIBED,NORTH,ALL VEHICLES,2022,OFF PEAK,7046,-1,-1
56872,33023,COUNTER,SOUTH,HEAVY VEHICLES,2022,WEEKENDS,455,-1,-1
56872,33023,PRESCRIBED,NORTH,ALL VEHICLES,2022,PM PEAK,4979,-1,-1
56872,33023,PRESCRIBED AND COUNTER,BOTH,LIGHT VEHICLES,2022,AM PEAK,7526,-1,-1
56872,33023,PRESCRIBED,NORTH,LIGHT VEHICLES,2022,WEEKDAYS,13929,-1,-1
56872,33023,PRESCRIBED AND COUNTER,BOTH,ALL VEHICLES,2022,WEEKENDS,23832,-1,-1
56872,33023,PRESCRIBED AND COUNTER,BOTH,ALL VEHICLES,2022,ALL DAYS,28650,-1,-1
56872,33023,COUNTER,SOUTH,LIGHT VEHICLES,2022,PM PEAK,3279,84,94
56872,33023,COUNTER,SOUTH,HEAVY VEHICLES,2022,WEEKDAYS,1152,-1,-1
56872,33023,PRESCRIBED,NORTH,LIGHT VEHICLES,2022,WEEKENDS,11710,-1,-1
56872,33023,PRESCRIBED,NORTH,ALL VEHICLES,2022,WEEKDAYS,15324,-1,-1
56872,33023,PRESCRIBED,NORTH,LIGHT VEHICLES,2022,ALL DAYS,13690,57,79
56872,33023,PRESCRIBED AND COUNTER,BOTH,LIGHT VEHICLES,2022,ALL DAYS,26505,-1,-1
56872,33023,PRESCRIBED,NORTH,HEAVY VEHICLES,2022,WEEKDAYS,1395,-1,-1
56872,33023,PRESCRIBED AND COUNTER,BOTH,LIGHT VEHICLES,2022,PM PEAK,7904,-1,-1
56872,33023,PRESCRIBED AND COUNTER,BOTH,ALL VEHICLES,2022,WEEKDAYS,29945,-1,-1
56872,33023,PRESCRIBED,NORTH,HEAVY VEHICLES,2022,WEEKENDS,558,-1,-1
56891,34028,PRESCRIBED,NORTH,ALL VEHICLES,2022,PM PEAK,5406,-1,-1
56891,34028,PRESCRIBED,NORTH,ALL VEHICLES,2022,WEEKENDS,15319,-1,-1
56891,34028,PRESCRIBED,NORTH,ALL VEHICLES,2022,ALL DAYS,17327,-1,-1
56891,34028,PRESCRIBED,NORTH,ALL VEHICLES,2022,AM PEAK,3947,-1,-1
56891,34028,PRESCRIBED,NORTH,ALL VEHICLES,2022,WEEKDAYS,18170,-1,-1
56891,34028,PRESCRIBED,NORTH,ALL VEHICLES,2022,OFF PEAK,8817,-1,-1
56896,36002,COUNTER,SOUTH,UNCLASSIFIED,2022,OFF PEAK,12797,97,100
56896,36002,PRESCRIBED AND COUNTER,BOTH,UNCLASSIFIED,2022,AM PEAK,13609,-1,-1
56896,36002,PRESCRIBED,NORTH,UNCLASSIFIED,2022,WEEKDAYS,23863,-1,-1
56896,36002,COUNTER,SOUTH,UNCLASSIFIED,2022,PM PEAK,9809,98,91
56896,36002,PRESCRIBED,NORTH,UNCLASSIFIED,2022,ALL DAYS,22099,97,95
56896,36002,PRESCRIBED,NORTH,UNCLASSIFIED,2022,WEEKENDS,17747,-1,-1
56896,36002,PRESCRIBED,NORTH,UNCLASSIFIED,2022,PM PEAK,5854,98,98
56896,36002,PRESCRIBED,NORTH,UNCLASSIFIED,2022,OFF PEAK,10338,98,98
56896,36002,COUNTER,SOUTH,UNCLASSIFIED,2022,WEEKDAYS,28544,-1,-1
56896,36002,PRESCRIBED,NORTH,UNCLASSIFIED,2022,AM PEAK,7671,98,86
56896,36002,PRESCRIBED AND COUNTER,BOTH,UNCLASSIFIED,2022,WEEKDAYS,52407,-1,-1
56896,36002,PRESCRIBED AND COUNTER,BOTH,UNCLASSIFIED,2022,PM PEAK,15663,-1,-1
56896,36002,PRESCRIBED AND COUNTER,BOTH,UNCLASSIFIED,2022,ALL DAYS,48778,-1,-1
56896,36002,COUNTER,SOUTH,UNCLASSIFIED,2022,ALL DAYS,26679,96,96
56896,36002,PRESCRIBED AND COUNTER,BOTH,UNCLASSIFIED,2022,WEEKENDS,39891,-1,-1
56896,36002,COUNTER,SOUTH,UNCLASSIFIED,2022,AM PEAK,5938,98,92
56896,36002,COUNTER,SOUTH,UNCLASSIFIED,2022,WEEKENDS,22144,-1,-1
56896,36002,PRESCRIBED AND COUNTER,BOTH,UNCLASSIFIED,2022,OFF PEAK,23135,-1,-1
56918,37022,PRESCRIBED AND COUNTER,BOTH,UNCLASSIFIED,2022,AM PEAK,3756,-1,-1
56918,37022,PRESCRIBED AND COUNTER,BOTH,UNCLASSIFIED,2022,WEEKENDS,10445,-1,-1
56918,37022,COUNTER,SOUTH,UNCLASSIFIED,2022,PM PEAK,1496,-1,-1
56918,37022,COUNTER,SOUTH,UNCLASSIFIED,2022,WEEKDAYS,7341,-1,-1
56918,37022,COUNTER,SOUTH,UNCLASSIFIED,2022,AM PEAK,2850,-1,-1
56918,37022,PRESCRIBED AND COUNTER,BOTH,UNCLASSIFIED,2022,PM PEAK,2674,-1,-1
56918,37022,PRESCRIBED,NORTH,UNCLASSIFIED,2022,OFF PEAK,2257,-1,-1
56918,37022,PRESCRIBED AND COUNTER,BOTH,UNCLASSIFIED,2022,ALL DAYS,11936,-1,-1
56918,37022,PRESCRIBED,NORTH,UNCLASSIFIED,2022,WEEKDAYS,4341,-1,-1
56918,37022,PRESCRIBED,NORTH,UNCLASSIFIED,2022,AM PEAK,906,-1,-1
56918,37022,COUNTER,SOUTH,UNCLASSIFIED,2022,OFF PEAK,2995,-1,-1
56918,37022,PRESCRIBED AND COUNTER,BOTH,UNCLASSIFIED,2022,OFF PEAK,5252,-1,-1
56918,37022,COUNTER,SOUTH,UNCLASSIFIED,2022,WEEKENDS,6069,-1,-1
56918,37022,PRESCRIBED,NORTH,UNCLASSIFIED,2022,ALL DAYS,4962,-1,-1
56918,37022,PRESCRIBED AND COUNTER,BOTH,UNCLASSIFIED,2022,WEEKDAYS,11682,-1,-1
56918,37022,PRESCRIBED,NORTH,UNCLASSIFIED,2022,PM PEAK,1178,-1,-1
56918,37022,PRESCRIBED,NORTH,UNCLASSIFIED,2022,WEEKENDS,4376,-1,-1
56918,37022,COUNTER,SOUTH,UNCLASSIFIED,2022,ALL DAYS,6974,-1,-1
56927,40041,PRESCRIBED AND COUNTER,BOTH,UNCLASSIFIED,2022,OFF PEAK,21819,-1,-1
56927,40041,COUNTER,SOUTH,UNCLASSIFIED,2022,WEEKDAYS,22051,-1,-1
56927,40041,PRESCRIBED AND COUNTER,BOTH,UNCLASSIFIED,2022,WEEKENDS,40356,-1,-1
56927,40041,COUNTER,SOUTH,UNCLASSIFIED,2022,OFF PEAK,10758,-1,-1
56927,40041,COUNTER,SOUTH,UNCLASSIFIED,2022,ALL DAYS,21481,-1,-1
56927,40041,PRESCRIBED AND COUNTER,BOTH,UNCLASSIFIED,2022,WEEKDAYS,44489,-1,-1
56927,40041,COUNTER,SOUTH,UNCLASSIFIED,2022,AM PEAK,5265,-1,-1
56927,40041,PRESCRIBED,NORTH,UNCLASSIFIED,2022,PM PEAK,5614,-1,-1
56927,40041,COUNTER,SOUTH,UNCLASSIFIED,2022,WEEKENDS,19970,-1,-1
56927,40041,PRESCRIBED,NORTH,UNCLASSIFIED,2022,OFF PEAK,11061,-1,-1
56927,40041,PRESCRIBED,NORTH,UNCLASSIFIED,2022,ALL DAYS,21874,-1,-1
56927,40041,PRESCRIBED,NORTH,UNCLASSIFIED,2022,AM PEAK,5763,-1,-1
56927,40041,PRESCRIBED AND COUNTER,BOTH,UNCLASSIFIED,2022,PM PEAK,11642,-1,-1
56927,40041,PRESCRIBED AND COUNTER,BOTH,UNCLASSIFIED,2022,ALL DAYS,43355,-1,-1
56927,40041,PRESCRIBED,NORTH,UNCLASSIFIED,2022,WEEKDAYS,22438,-1,-1
56927,40041,PRESCRIBED,NORTH,UNCLASSIFIED,2022,WEEKENDS,20386,-1,-1
56927,40041,COUNTER,SOUTH,UNCLASSIFIED,2022,PM PEAK,6028,-1,-1
56927,40041,PRESCRIBED AND COUNTER,BOTH,UNCLASSIFIED,2022,AM PEAK,11028,-1,-1
56949,41154,COUNTER,EAST,UNCLASSIFIED,2022,WEEKENDS,11713,-1,-1
56949,41154,PRESCRIBED,WEST,UNCLASSIFIED,2022,PM PEAK,4476,1,100
56949,41154,PRESCRIBED AND COUNTER,BOTH,UNCLASSIFIED,2022,WEEKDAYS,29111,-1,-1
56949,41154,COUNTER,EAST,UNCLASSIFIED,2022,AM PEAK,2207,1,100
56949,41154,PRESCRIBED,WEST,UNCLASSIFIED,2022,ALL DAYS,16795,1,100
56949,41154,PRESCRIBED AND COUNTER,BOTH,UNCLASSIFIED,2022,OFF PEAK,17156,-1,-1
56949,41154,COUNTER,EAST,UNCLASSIFIED,2022,OFF PEAK,7056,1,100
56949,41154,PRESCRIBED,WEST,UNCLASSIFIED,2022,OFF PEAK,10100,1,100
56949,41154,PRESCRIBED AND COUNTER,BOTH,UNCLASSIFIED,2022,ALL DAYS,28551,-1,-1
56949,41154,PRESCRIBED AND COUNTER,BOTH,UNCLASSIFIED,2022,WEEKENDS,27427,-1,-1
56949,41154,PRESCRIBED AND COUNTER,BOTH,UNCLASSIFIED,2022,PM PEAK,6990,-1,-1
56949,41154,PRESCRIBED AND COUNTER,BOTH,UNCLASSIFIED,2022,AM PEAK,4965,-1,-1
56949,41154,COUNTER,EAST,UNCLASSIFIED,2022,WEEKDAYS,11777,-1,-1
56949,41154,COUNTER,EAST,UNCLASSIFIED,2022,PM PEAK,2514,1,100
56949,41154,PRESCRIBED,WEST,UNCLASSIFIED,2022,WEEKENDS,15714,-1,-1
56949,41154,PRESCRIBED,WEST,UNCLASSIFIED,2022,AM PEAK,2758,1,100
56949,41154,PRESCRIBED,WEST,UNCLASSIFIED,2022,WEEKDAYS,17334,-1,-1
56949,41154,COUNTER,EAST,UNCLASSIFIED,2022,ALL DAYS,11756,1,100
56950,42001,COUNTER,NORTH,LIGHT VEHICLES,2022,PM PEAK,5185,77,94
56950,42001,PRESCRIBED AND COUNTER,BOTH,ALL VEHICLES,2022,OFF PEAK,23310,-1,-1
56950,42001,PRESCRIBED,SOUTH,LIGHT VEHICLES,2022,ALL DAYS,26853,75,83
56950,42001,PRESCRIBED AND COUNTER,BOTH,LIGHT VEHICLES,2022,WEEKENDS,41945,-1,-1
56950,42001,PRESCRIBED AND COUNTER,BOTH,HEAVY VEHICLES,2022,OFF PEAK,402,-1,-1
56950,42001,COUNTER,NORTH,HEAVY VEHICLES,2022,AM PEAK,115,51,96
56950,42001,PRESCRIBED AND COUNTER,BOTH,HEAVY VEHICLES,2022,PM PEAK,110,-1,-1
56950,42001,PRESCRIBED AND COUNTER,BOTH,HEAVY VEHICLES,2022,AM PEAK,228,-1,-1
56950,42001,COUNTER,NORTH,LIGHT VEHICLES,2022,OFF PEAK,11534,75,94
56950,42001,PRESCRIBED,SOUTH,HEAVY VEHICLES,2022,OFF PEAK,198,30,94
56950,42001,COUNTER,NORTH,ALL VEHICLES,2022,OFF PEAK,11738,-1,-1
56950,42001,PRESCRIBED AND COUNTER,BOTH,LIGHT VEHICLES,2022,WEEKDAYS,52224,-1,-1
56950,42001,PRESCRIBED,SOUTH,HEAVY VEHICLES,2022,AM PEAK,113,49,93
56950,42001,PRESCRIBED,SOUTH,HEAVY VEHICLES,2022,PM PEAK,55,34,94
56950,42001,COUNTER,NORTH,LIGHT VEHICLES,2022,ALL DAYS,26407,77,84
56950,42001,COUNTER,NORTH,ALL VEHICLES,2022,WEEKDAYS,26643,-1,-1
56950,42001,PRESCRIBED AND COUNTER,BOTH,HEAVY VEHICLES,2022,WEEKENDS,271,-1,-1
56950,42001,PRESCRIBED,SOUTH,ALL VEHICLES,2022,ALL DAYS,27175,-1,-1
56950,42001,PRESCRIBED AND COUNTER,BOTH,ALL VEHICLES,2022,PM PEAK,13362,-1,-1
56950,42001,PRESCRIBED,SOUTH,LIGHT VEHICLES,2022,WEEKDAYS,25955,-1,-1
56950,42001,PRESCRIBED AND COUNTER,BOTH,LIGHT VEHICLES,2022,AM PEAK,16064,-1,-1
56950,42001,PRESCRIBED AND COUNTER,BOTH,HEAVY VEHICLES,2022,ALL DAYS,652,-1,-1
56950,42001,COUNTER,NORTH,ALL VEHICLES,2022,ALL DAYS,26737,-1,-1
56950,42001,COUNTER,NORTH,LIGHT VEHICLES,2022,WEEKENDS,20733,-1,-1
56950,42001,COUNTER,NORTH,LIGHT VEHICLES,2022,AM PEAK,9550,87,94
56950,42001,PRESCRIBED AND COUNTER,BOTH,ALL VEHICLES,2022,ALL DAYS,53912,-1,-1
56950,42001,COUNTER,NORTH,HEAVY VEHICLES,2022,ALL DAYS,330,31,86
56950,42001,COUNTER,NORTH,HEAVY VEHICLES,2022,PM PEAK,55,35,96
56950,42001,COUNTER,NORTH,HEAVY VEHICLES,2022,WEEKENDS,140,-1,-1
56950,42001,PRESCRIBED,SOUTH,ALL VEHICLES,2022,WEEKENDS,21343,-1,-1
56950,42001,PRESCRIBED,SOUTH,HEAVY VEHICLES,2022,WEEKENDS,131,-1,-1
56950,42001,PRESCRIBED,SOUTH,HEAVY VEHICLES,2022,WEEKDAYS,366,-1,-1
56950,42001,COUNTER,NORTH,HEAVY VEHICLES,2022,WEEKDAYS,374,-1,-1
56950,42001,PRESCRIBED AND COUNTER,BOTH,HEAVY VEHICLES,2022,WEEKDAYS,740,-1,-1
56950,42001,PRESCRIBED,SOUTH,ALL VEHICLES,2022,PM PEAK,8122,-1,-1
56950,42001,COUNTER,NORTH,ALL VEHICLES,2022,WEEKENDS,20873,-1,-1
56950,42001,PRESCRIBED AND COUNTER,BOTH,LIGHT VEHICLES,2022,OFF PEAK,22908,-1,-1
56950,42001,PRESCRIBED AND COUNTER,BOTH,ALL VEHICLES,2022,WEEKENDS,42216,-1,-1
56950,42001,PRESCRIBED,SOUTH,HEAVY VEHICLES,2022,ALL DAYS,322,30,85
56950,42001,PRESCRIBED,SOUTH,ALL VEHICLES,2022,WEEKDAYS,26321,-1,-1
56950,42001,PRESCRIBED,SOUTH,LIGHT VEHICLES,2022,AM PEAK,6514,87,91
56950,42001,PRESCRIBED,SOUTH,LIGHT VEHICLES,2022,WEEKENDS,21212,-1,-1
56950,42001,COUNTER,NORTH,ALL VEHICLES,2022,PM PEAK,5240,-1,-1
56950,42001,PRESCRIBED,SOUTH,ALL VEHICLES,2022,AM PEAK,6627,-1,-1
56950,42001,PRESCRIBED AND COUNTER,BOTH,ALL VEHICLES,2022,AM PEAK,16292,-1,-1
56950,42001,PRESCRIBED AND COUNTER,BOTH,LIGHT VEHICLES,2022,ALL DAYS,53260,-1,-1
56950,42001,COUNTER,NORTH,ALL VEHICLES,2022,AM PEAK,9665,-1,-1
56950,42001,PRESCRIBED AND COUNTER,BOTH,ALL VEHICLES,2022,WEEKDAYS,52964,-1,-1
56950,42001,PRESCRIBED,SOUTH,ALL VEHICLES,2022,OFF PEAK,11572,-1,-1
56950,42001,PRESCRIBED,SOUTH,LIGHT VEHICLES,2022,OFF PEAK,11374,73,92
56950,42001,PRESCRIBED,SOUTH,LIGHT VEHICLES,2022,PM PEAK,8067,77,92
56950,42001,PRESCRIBED AND COUNTER,BOTH,LIGHT VEHICLES,2022,PM PEAK,13252,-1,-1
56950,42001,COUNTER,NORTH,LIGHT VEHICLES,2022,WEEKDAYS,26269,-1,-1
56950,42001,COUNTER,NORTH,HEAVY VEHICLES,2022,OFF PEAK,204,31,96
56973,43236,COUNTER,SOUTH,UNCLASSIFIED,2022,AM PEAK,6939,13,94
56973,43236,COUNTER,SOUTH,UNCLASSIFIED,2022,OFF PEAK,15883,13,93
56973,43236,COUNTER,SOUTH,UNCLASSIFIED,2022,WEEKENDS,26962,-1,-1
56973,43236,COUNTER,SOUTH,UNCLASSIFIED,2022,ALL DAYS,30769,13,97
56973,43236,COUNTER,SOUTH,UNCLASSIFIED,2022,PM PEAK,9476,13,94
56973,43236,COUNTER,SOUTH,UNCLASSIFIED,2022,WEEKDAYS,32298,-1,-1
56974,43237,COUNTER,SOUTH,UNCLASSIFIED,2022,ALL DAYS,33808,76,97
56974,43237,COUNTER,SOUTH,UNCLASSIFIED,2022,WEEKDAYS,35734,-1,-1
56974,43237,COUNTER,SOUTH,UNCLASSIFIED,2022,PM PEAK,10567,76,93
56974,43237,COUNTER,SOUTH,UNCLASSIFIED,2022,OFF PEAK,17218,76,94
56974,43237,COUNTER,SOUTH,UNCLASSIFIED,2022,AM PEAK,7949,76,93
56974,43237,COUNTER,SOUTH,UNCLASSIFIED,2022,WEEKENDS,29067,-1,-1
56975,43239,PRESCRIBED AND COUNTER,BOTH,UNCLASSIFIED,2022,ALL DAYS,60832,-1,-1
56975,43239,PRESCRIBED AND COUNTER,BOTH,UNCLASSIFIED,2022,WEEKENDS,57340,-1,-1
56975,43239,PRESCRIBED,NORTH,UNCLASSIFIED,2022,ALL DAYS,29472,76,98
56975,43239,PRESCRIBED AND COUNTER,BOTH,UNCLASSIFIED,2022,OFF PEAK,33622,-1,-1
56975,43239,PRESCRIBED,NORTH,UNCLASSIFIED,2022,WEEKDAYS,30563,-1,-1
56975,43239,PRESCRIBED AND COUNTER,BOTH,UNCLASSIFIED,2022,PM PEAK,14288,-1,-1
56975,43239,PRESCRIBED AND COUNTER,BOTH,UNCLASSIFIED,2022,WEEKDAYS,62433,-1,-1
56975,43239,PRESCRIBED,NORTH,UNCLASSIFIED,2022,OFF PEAK,15868,76,100
56975,43239,COUNTER,SOUTH,UNCLASSIFIED,2022,WEEKDAYS,31870,-1,-1
56975,43239,PRESCRIBED,NORTH,UNCLASSIFIED,2022,WEEKENDS,26975,-1,-1
56975,43239,COUNTER,SOUTH,UNCLASSIFIED,2022,OFF PEAK,17754,77,100
56975,43239,PRESCRIBED,NORTH,UNCLASSIFIED,2022,PM PEAK,6498,77,100
56975,43239,PRESCRIBED AND COUNTER,BOTH,UNCLASSIFIED,2022,AM PEAK,14523,-1,-1
56975,43239,PRESCRIBED,NORTH,UNCLASSIFIED,2022,AM PEAK,8197,77,91
56975,43239,COUNTER,SOUTH,UNCLASSIFIED,2022,PM PEAK,7790,77,99
56975,43239,COUNTER,SOUTH,UNCLASSIFIED,2022,AM PEAK,6326,77,93
56975,43239,COUNTER,SOUTH,UNCLASSIFIED,2022,ALL DAYS,31360,77,99
56975,43239,COUNTER,SOUTH,UNCLASSIFIED,2022,WEEKENDS,30365,-1,-1
57048,50232,PRESCRIBED,NORTH,UNCLASSIFIED,2022,WEEKDAYS,3434,-1,-1
57048,50232,PRESCRIBED,NORTH,UNCLASSIFIED,2022,ALL DAYS,3320,-1,-1
57048,50232,PRESCRIBED AND COUNTER,BOTH,UNCLASSIFIED,2022,WEEKENDS,9241,-1,-1
57048,50232,COUNTER,SOUTH,UNCLASSIFIED,2022,AM PEAK,1875,-1,-1
57048,50232,PRESCRIBED AND COUNTER,BOTH,UNCLASSIFIED,2022,AM PEAK,2496,-1,-1
57048,50232,COUNTER,SOUTH,UNCLASSIFIED,2022,PM PEAK,1499,-1,-1
57048,50232,PRESCRIBED AND COUNTER,BOTH,UNCLASSIFIED,2022,OFF PEAK,4770,-1,-1
57048,50232,PRESCRIBED,NORTH,UNCLASSIFIED,2022,AM PEAK,621,-1,-1
57048,50232,PRESCRIBED,NORTH,UNCLASSIFIED,2022,OFF PEAK,1760,-1,-1
57048,50232,COUNTER,SOUTH,UNCLASSIFIED,2022,WEEKDAYS,6384,-1,-1
57048,50232,PRESCRIBED,NORTH,UNCLASSIFIED,2022,PM PEAK,1053,-1,-1
57048,50232,PRESCRIBED AND COUNTER,BOTH,UNCLASSIFIED,2022,WEEKDAYS,9818,-1,-1
57048,50232,COUNTER,SOUTH,UNCLASSIFIED,2022,WEEKENDS,6099,-1,-1
57048,50232,PRESCRIBED AND COUNTER,BOTH,UNCLASSIFIED,2022,PM PEAK,2552,-1,-1
57048,50232,COUNTER,SOUTH,UNCLASSIFIED,2022,OFF PEAK,3010,-1,-1
57048,50232,COUNTER,SOUTH,UNCLASSIFIED,2022,ALL DAYS,6305,-1,-1
57048,50232,PRESCRIBED AND COUNTER,BOTH,UNCLASSIFIED,2022,ALL DAYS,9625,-1,-1
57048,50232,PRESCRIBED,NORTH,UNCLASSIFIED,2022,WEEKENDS,3142,-1,-1
57051,50240,COUNTER,WEST,ALL VEHICLES,2022,WEEKENDS,35910,-1,-1
57051,50240,COUNTER,WEST,HEAVY VEHICLES,2022,PM PEAK,854,47,86
57051,50240,COUNTER,WEST,LIGHT VEHICLES,2022,WEEKENDS,34292,-1,-1
57051,50240,COUNTER,WEST,LIGHT VEHICLES,2022,WEEKDAYS,36759,-1,-1
57051,50240,COUNTER,WEST,ALL VEHICLES,2022,PM PEAK,10839,-1,-1
57051,50240,COUNTER,WEST,ALL VEHICLES,2022,AM PEAK,8955,-1,-1
57051,50240,COUNTER,WEST,ALL VEHICLES,2022,OFF PEAK,21098,-1,-1
57051,50240,COUNTER,WEST,LIGHT VEHICLES,2022,ALL DAYS,36610,66,91
57051,50240,COUNTER,WEST,LIGHT VEHICLES,2022,OFF PEAK,18812,63,86
57051,50240,COUNTER,WEST,HEAVY VEHICLES,2022,WEEKDAYS,4133,-1,-1
57051,50240,COUNTER,WEST,HEAVY VEHICLES,2022,OFF PEAK,2286,38,86
57051,50240,COUNTER,WEST,HEAVY VEHICLES,2022,WEEKENDS,1618,-1,-1
57051,50240,COUNTER,WEST,HEAVY VEHICLES,2022,AM PEAK,993,50,87
57051,50240,COUNTER,WEST,ALL VEHICLES,2022,WEEKDAYS,40892,-1,-1
57051,50240,COUNTER,WEST,ALL VEHICLES,2022,ALL DAYS,40155,-1,-1
57051,50240,COUNTER,WEST,LIGHT VEHICLES,2022,AM PEAK,7962,75,87
57051,50240,COUNTER,WEST,HEAVY VEHICLES,2022,ALL DAYS,3545,37,91
57051,50240,COUNTER,WEST,LIGHT VEHICLES,2022,PM PEAK,9985,78,86
57053,50260,PRESCRIBED,NORTH,HEAVY VEHICLES,2022,WEEKENDS,1183,-1,-1
57053,50260,PRESCRIBED,NORTH,LIGHT VEHICLES,2022,AM PEAK,6506,73,85
57053,50260,PRESCRIBED AND COUNTER,BOTH,LIGHT VEHICLES,2022,WEEKDAYS,57663,-1,-1
57053,50260,PRESCRIBED AND COUNTER,BOTH,LIGHT VEHICLES,2022,PM PEAK,17254,-1,-1
57053,50260,COUNTER,SOUTH,HEAVY VEHICLES,2022,OFF PEAK,1345,36,86
57053,50260,PRESCRIBED AND COUNTER,BOTH,ALL VEHICLES,2022,OFF PEAK,28486,-1,-1
57053,50260,PRESCRIBED,NORTH,HEAVY VEHICLES,2022,PM PEAK,617,35,83
57053,50260,PRESCRIBED,NORTH,LIGHT VEHICLES,2022,WEEKENDS,25475,-1,-1
57053,50260,PRESCRIBED,NORTH,HEAVY VEHICLES,2022,WEEKDAYS,3227,-1,-1
57053,50260,COUNTER,SOUTH,HEAVY VEHICLES,2022,AM PEAK,739,52,88
57053,50260,PRESCRIBED AND COUNTER,BOTH,LIGHT VEHICLES,2022,OFF PEAK,25591,-1,-1
57053,50260,PRESCRIBED,NORTH,HEAVY VEHICLES,2022,OFF PEAK,1550,32,84
57053,50260,COUNTER,SOUTH,HEAVY VEHICLES,2022,WEEKENDS,962,-1,-1
57053,50260,COUNTER,SOUTH,LIGHT VEHICLES,2022,OFF PEAK,12449,60,85
57053,50260,PRESCRIBED AND COUNTER,BOTH,HEAVY VEHICLES,2022,ALL DAYS,4980,-1,-1
57053,50260,COUNTER,SOUTH,HEAVY VEHICLES,2022,PM PEAK,540,45,85
57053,50260,PRESCRIBED,NORTH,ALL VEHICLES,2022,AM PEAK,7566,-1,-1
57053,50260,PRESCRIBED,NORTH,LIGHT VEHICLES,2022,WEEKDAYS,29021,-1,-1
57053,50260,COUNTER,SOUTH,LIGHT VEHICLES,2022,WEEKENDS,25399,-1,-1
57053,50260,PRESCRIBED AND COUNTER,BOTH,HEAVY VEHICLES,2022,OFF PEAK,2895,-1,-1
57053,50260,PRESCRIBED,NORTH,HEAVY VEHICLES,2022,ALL DAYS,2746,31,89
57053,50260,PRESCRIBED AND COUNTER,BOTH,ALL VEHICLES,2022,ALL DAYS,61746,-1,-1
57053,50260,COUNTER,SOUTH,ALL VEHICLES,2022,WEEKENDS,26361,-1,-1
57053,50260,PRESCRIBED AND COUNTER,BOTH,ALL VEHICLES,2022,WEEKENDS,53019,-1,-1
57053,50260,COUNTER,SOUTH,LIGHT VEHICLES,2022,WEEKDAYS,28642,-1,-1
57053,50260,PRESCRIBED AND COUNTER,BOTH,LIGHT VEHICLES,2022,WEEKENDS,50874,-1,-1
57053,50260,COUNTER,SOUTH,ALL VEHICLES,2022,OFF PEAK,13794,-1,-1
57053,50260,PRESCRIBED AND COUNTER,BOTH,LIGHT VEHICLES,2022,AM PEAK,14818,-1,-1
57053,50260,PRESCRIBED AND COUNTER,BOTH,ALL VEHICLES,2022,PM PEAK,18411,-1,-1
57053,50260,PRESCRIBED AND COUNTER,BOTH,HEAVY VEHICLES,2022,AM PEAK,1799,-1,-1
57053,50260,PRESCRIBED AND COUNTER,BOTH,ALL VEHICLES,2022,AM PEAK,16617,-1,-1
57053,50260,PRESCRIBED,NORTH,ALL VEHICLES,2022,OFF PEAK,14692,-1,-1
57053,50260,PRESCRIBED,NORTH,ALL VEHICLES,2022,ALL DAYS,31326,-1,-1
57053,50260,PRESCRIBED AND COUNTER,BOTH,ALL VEHICLES,2022,WEEKDAYS,63514,-1,-1
57053,50260,PRESCRIBED,NORTH,ALL VEHICLES,2022,WEEKENDS,26658,-1,-1
57053,50260,COUNTER,SOUTH,HEAVY VEHICLES,2022,ALL DAYS,2234,36,90
57053,50260,COUNTER,SOUTH,ALL VEHICLES,2022,ALL DAYS,30420,-1,-1
57053,50260,COUNTER,SOUTH,LIGHT VEHICLES,2022,PM PEAK,7881,78,84
57053,50260,PRESCRIBED,NORTH,LIGHT VEHICLES,2022,ALL DAYS,28580,61,89
57053,50260,PRESCRIBED AND COUNTER,BOTH,HEAVY VEHICLES,2022,PM PEAK,1157,-1,-1
57053,50260,PRESCRIBED,NORTH,ALL VEHICLES,2022,PM PEAK,9990,-1,-1
57053,50260,PRESCRIBED AND COUNTER,BOTH,HEAVY VEHICLES,2022,WEEKENDS,2145,-1,-1
57053,50260,COUNTER,SOUTH,LIGHT VEHICLES,2022,ALL DAYS,28186,65,89
57053,50260,PRESCRIBED,NORTH,ALL VEHICLES,2022,WEEKDAYS,32248,-1,-1
57053,50260,PRESCRIBED,NORTH,HEAVY VEHICLES,2022,AM PEAK,1060,49,85
57053,50260,COUNTER,SOUTH,ALL VEHICLES,2022,WEEKDAYS,31266,-1,-1
57053,50260,COUNTER,SOUTH,HEAVY VEHICLES,2022,WEEKDAYS,2624,-1,-1
57053,50260,PRESCRIBED AND COUNTER,BOTH,HEAVY VEHICLES,2022,WEEKDAYS,5851,-1,-1
57053,50260,COUNTER,SOUTH,LIGHT VEHICLES,2022,AM PEAK,8312,74,87
57053,50260,PRESCRIBED,NORTH,LIGHT VEHICLES,2022,PM PEAK,9373,75,83
57053,50260,PRESCRIBED AND COUNTER,BOTH,LIGHT VEHICLES,2022,ALL DAYS,56766,-1,-1
57053,50260,PRESCRIBED,NORTH,LIGHT VEHICLES,2022,OFF PEAK,13142,57,83
57053,50260,COUNTER,SOUTH,ALL VEHICLES,2022,PM PEAK,8421,-1,-1
57053,50260,COUNTER,SOUTH,ALL VEHICLES,2022,AM PEAK,9051,-1,-1
57055,50374,PRESCRIBED,NORTH,UNCLASSIFIED,2022,AM PEAK,1762,13,80
57055,50374,PRESCRIBED,NORTH,UNCLASSIFIED,2022,OFF PEAK,3202,13,100
57055,50374,PRESCRIBED,NORTH,UNCLASSIFIED,2022,ALL DAYS,6555,14,94
57055,50374,PRESCRIBED,NORTH,UNCLASSIFIED,2022,PM PEAK,1931,13,94
57055,50374,PRESCRIBED AND COUNTER,BOTH,UNCLASSIFIED,2022,WEEKENDS,12278,-1,-1
57055,50374,COUNTER,SOUTH,UNCLASSIFIED,2022,AM PEAK,1937,13,77
57055,50374,PRESCRIBED AND COUNTER,BOTH,UNCLASSIFIED,2022,ALL DAYS,14100,-1,-1
57055,50374,COUNTER,SOUTH,UNCLASSIFIED,2022,WEEKDAYS,7969,-1,-1
57055,50374,PRESCRIBED AND COUNTER,BOTH,UNCLASSIFIED,2022,AM PEAK,3699,-1,-1
57055,50374,PRESCRIBED,NORTH,UNCLASSIFIED,2022,WEEKENDS,5785,-1,-1
57055,50374,PRESCRIBED AND COUNTER,BOTH,UNCLASSIFIED,2022,OFF PEAK,6789,-1,-1
57055,50374,COUNTER,SOUTH,UNCLASSIFIED,2022,OFF PEAK,3587,13,100
57055,50374,COUNTER,SOUTH,UNCLASSIFIED,2022,PM PEAK,2445,13,94
57055,50374,PRESCRIBED AND COUNTER,BOTH,UNCLASSIFIED,2022,PM PEAK,4376,-1,-1
57055,50374,COUNTER,SOUTH,UNCLASSIFIED,2022,ALL DAYS,7545,14,94
57055,50374,PRESCRIBED AND COUNTER,BOTH,UNCLASSIFIED,2022,WEEKDAYS,14864,-1,-1
57055,50374,PRESCRIBED,NORTH,UNCLASSIFIED,2022,WEEKDAYS,6895,-1,-1
57055,50374,COUNTER,SOUTH,UNCLASSIFIED,2022,WEEKENDS,6493,-1,-1
57060,50385,PRESCRIBED,NORTH,UNCLASSIFIED,2022,PM PEAK,4188,13,88
57060,50385,PRESCRIBED,NORTH,UNCLASSIFIED,2022,OFF PEAK,6603,13,97
57060,50385,PRESCRIBED,NORTH,UNCLASSIFIED,2022,WEEKDAYS,13250,-1,-1
57060,50385,PRESCRIBED,NORTH,UNCLASSIFIED,2022,ALL DAYS,12456,14,94
57060,50385,PRESCRIBED,NORTH,UNCLASSIFIED,2022,WEEKENDS,10514,-1,-1
57060,50385,PRESCRIBED,NORTH,UNCLASSIFIED,2022,AM PEAK,2459,13,86
57083,51210,PRESCRIBED,WEST,UNCLASSIFIED,2022,ALL DAYS,15515,14,96
57083,51210,PRESCRIBED,WEST,UNCLASSIFIED,2022,PM PEAK,5384,13,94
57083,51210,PRESCRIBED,WEST,UNCLASSIFIED,2022,WEEKDAYS,15901,-1,-1
57083,51210,PRESCRIBED,WEST,UNCLASSIFIED,2022,WEEKENDS,14405,-1,-1
57083,51210,PRESCRIBED,WEST,UNCLASSIFIED,2022,AM PEAK,2689,13,91
57083,51210,PRESCRIBED,WEST,UNCLASSIFIED,2022,OFF PEAK,7828,13,100
57095,51234,PRESCRIBED,NORTH,LIGHT VEHICLES,2022,ALL DAYS,25491,61,99
57095,51234,PRESCRIBED,NORTH,ALL VEHICLES,2022,AM PEAK,7711,-1,-1
57095,51234,PRESCRIBED,NORTH,HEAVY VEHICLES,2022,WEEKDAYS,2920,-1,-1
57095,51234,PRESCRIBED,NORTH,ALL VEHICLES,2022,WEEKENDS,26382,-1,-1
57095,51234,PRESCRIBED,NORTH,HEAVY VEHICLES,2022,WEEKENDS,1189,-1,-1
57095,51234,PRESCRIBED,NORTH,HEAVY VEHICLES,2022,PM PEAK,357,32,99
57095,51234,PRESCRIBED,NORTH,LIGHT VEHICLES,2022,PM PEAK,5936,65,99
57095,51234,PRESCRIBED,NORTH,LIGHT VEHICLES,2022,WEEKENDS,25193,-1,-1
57095,51234,PRESCRIBED,NORTH,ALL VEHICLES,2022,ALL DAYS,27942,-1,-1
57095,51234,PRESCRIBED,NORTH,HEAVY VEHICLES,2022,AM PEAK,940,44,99
57095,51234,PRESCRIBED,NORTH,ALL VEHICLES,2022,WEEKDAYS,28344,-1,-1
57095,51234,PRESCRIBED,NORTH,LIGHT VEHICLES,2022,AM PEAK,6771,72,99
57095,51234,PRESCRIBED,NORTH,LIGHT VEHICLES,2022,OFF PEAK,12717,58,99
57095,51234,PRESCRIBED,NORTH,ALL VEHICLES,2022,OFF PEAK,14340,-1,-1
57095,51234,PRESCRIBED,NORTH,HEAVY VEHICLES,2022,OFF PEAK,1623,31,99
57095,51234,PRESCRIBED,NORTH,LIGHT VEHICLES,2022,WEEKDAYS,25424,-1,-1
57095,51234,PRESCRIBED,NORTH,HEAVY VEHICLES,2022,ALL DAYS,2451,29,99
57095,51234,PRESCRIBED,NORTH,ALL VEHICLES,2022,PM PEAK,6293,-1,-1
57096,51235,PRESCRIBED,WEST,LIGHT VEHICLES,2022,OFF PEAK,12707,36,86
57096,51235,PRESCRIBED AND COUNTER,BOTH,HEAVY VEHICLES,2022,ALL DAYS,3939,-1,-1
57096,51235,COUNTER,EAST,ALL VEHICLES,2022,OFF PEAK,14423,-1,-1
57096,51235,COUNTER,EAST,ALL VEHICLES,2022,WEEKDAYS,30083,-1,-1
57096,51235,PRESCRIBED,WEST,LIGHT VEHICLES,2022,AM PEAK,4485,45,88
57096,51235,COUNTER,EAST,LIGHT VEHICLES,2022,WEEKDAYS,27836,-1,-1
57096,51235,PRESCRIBED,WEST,ALL VEHICLES,2022,ALL DAYS,26613,-1,-1
57096,51235,PRESCRIBED,WEST,HEAVY VEHICLES,2022,AM PEAK,491,20,88
57096,51235,PRESCRIBED AND COUNTER,BOTH,ALL VEHICLES,2022,PM PEAK,15271,-1,-1
57096,51235,COUNTER,EAST,ALL VEHICLES,2022,PM PEAK,7317,-1,-1
57096,51235,PRESCRIBED AND COUNTER,BOTH,ALL VEHICLES,2022,OFF PEAK,28353,-1,-1
57096,51235,COUNTER,EAST,HEAVY VEHICLES,2022,AM PEAK,790,30,82
57096,51235,PRESCRIBED,WEST,ALL VEHICLES,2022,AM PEAK,4976,-1,-1
57096,51235,PRESCRIBED AND COUNTER,BOTH,ALL VEHICLES,2022,ALL DAYS,56552,-1,-1
57096,51235,PRESCRIBED AND COUNTER,BOTH,LIGHT VEHICLES,2022,OFF PEAK,26032,-1,-1
57096,51235,PRESCRIBED,WEST,HEAVY VEHICLES,2022,ALL DAYS,1950,14,91
57096,51235,PRESCRIBED AND COUNTER,BOTH,HEAVY VEHICLES,2022,AM PEAK,1281,-1,-1
57096,51235,PRESCRIBED,WEST,HEAVY VEHICLES,2022,PM PEAK,551,18,85
57096,51235,PRESCRIBED,WEST,LIGHT VEHICLES,2022,PM PEAK,7403,51,85
57096,51235,PRESCRIBED AND COUNTER,BOTH,ALL VEHICLES,2022,AM PEAK,13319,-1,-1
57096,51235,PRESCRIBED,WEST,HEAVY VEHICLES,2022,WEEKENDS,1022,-1,-1
57096,51235,PRESCRIBED AND COUNTER,BOTH,LIGHT VEHICLES,2022,AM PEAK,12038,-1,-1
57096,51235,PRESCRIBED AND COUNTER,BOTH,HEAVY VEHICLES,2022,WEEKENDS,1969,-1,-1
57096,51235,COUNTER,EAST,ALL VEHICLES,2022,AM PEAK,8343,-1,-1
57096,51235,PRESCRIBED,WEST,ALL VEHICLES,2022,PM PEAK,7954,-1,-1
57096,51235,PRESCRIBED AND COUNTER,BOTH,LIGHT VEHICLES,2022,ALL DAYS,52613,-1,-1
57096,51235,PRESCRIBED,WEST,HEAVY VEHICLES,2022,WEEKDAYS,2265,-1,-1
57096,51235,COUNTER,EAST,HEAVY VEHICLES,2022,WEEKENDS,947,-1,-1
57096,51235,PRESCRIBED AND COUNTER,BOTH,LIGHT VEHICLES,2022,WEEKENDS,49097,-1,-1
57096,51235,COUNTER,EAST,LIGHT VEHICLES,2022,AM PEAK,7553,55,82
57096,51235,COUNTER,EAST,LIGHT VEHICLES,2022,WEEKENDS,25563,-1,-1
57096,51235,COUNTER,EAST,HEAVY VEHICLES,2022,OFF PEAK,1098,19,80
57096,51235,PRESCRIBED AND COUNTER,BOTH,ALL VEHICLES,2022,WEEKENDS,51066,-1,-1
57096,51235,PRESCRIBED AND COUNTER,BOTH,HEAVY VEHICLES,2022,OFF PEAK,2321,-1,-1
57096,51235,COUNTER,EAST,ALL VEHICLES,2022,WEEKENDS,26510,-1,-1
57096,51235,PRESCRIBED,WEST,ALL VEHICLES,2022,WEEKENDS,24556,-1,-1
57096,51235,COUNTER,EAST,LIGHT VEHICLES,2022,ALL DAYS,27950,45,89
57096,51235,COUNTER,EAST,LIGHT VEHICLES,2022,OFF PEAK,13325,41,80
57096,51235,PRESCRIBED,WEST,LIGHT VEHICLES,2022,WEEKDAYS,24595,-1,-1
57096,51235,COUNTER,EAST,HEAVY VEHICLES,2022,WEEKDAYS,2247,-1,-1
57096,51235,COUNTER,EAST,ALL VEHICLES,2022,ALL DAYS,29939,-1,-1
57096,51235,PRESCRIBED,WEST,LIGHT VEHICLES,2022,ALL DAYS,24663,41,91
57096,51235,PRESCRIBED AND COUNTER,BOTH,HEAVY VEHICLES,2022,PM PEAK,910,-1,-1
57096,51235,COUNTER,EAST,HEAVY VEHICLES,2022,ALL DAYS,1989,18,89
57096,51235,PRESCRIBED,WEST,ALL VEHICLES,2022,WEEKDAYS,26860,-1,-1
57096,51235,PRESCRIBED,WEST,HEAVY VEHICLES,2022,OFF PEAK,1223,14,87
57096,51235,PRESCRIBED AND COUNTER,BOTH,LIGHT VEHICLES,2022,PM PEAK,14361,-1,-1
57096,51235,COUNTER,EAST,LIGHT VEHICLES,2022,PM PEAK,6958,58,79
57096,51235,COUNTER,EAST,HEAVY VEHICLES,2022,PM PEAK,359,21,79
57096,51235,PRESCRIBED AND COUNTER,BOTH,ALL VEHICLES,2022,WEEKDAYS,56943,-1,-1
57096,51235,PRESCRIBED,WEST,LIGHT VEHICLES,2022,WEEKENDS,23534,-1,-1
57096,51235,PRESCRIBED AND COUNTER,BOTH,LIGHT VEHICLES,2022,WEEKDAYS,52431,-1,-1
57096,51235,PRESCRIBED,WEST,ALL VEHICLES,2022,OFF PEAK,13930,-1,-1
57096,51235,PRESCRIBED AND COUNTER,BOTH,HEAVY VEHICLES,2022,WEEKDAYS,4512,-1,-1
57101,52039,PRESCRIBED,WEST,UNCLASSIFIED,2022,AM PEAK,4966,1,100
57101,52039,PRESCRIBED,WEST,UNCLASSIFIED,2022,WEEKDAYS,27557,-1,-1
57101,52039,PRESCRIBED,WEST,UNCLASSIFIED,2022,PM PEAK,10047,2,100
57101,52039,PRESCRIBED AND COUNTER,BOTH,UNCLASSIFIED,2022,WEEKENDS,48852,-1,-1
57101,52039,PRESCRIBED AND COUNTER,BOTH,UNCLASSIFIED,2022,PM PEAK,17221,-1,-1
57101,52039,COUNTER,EAST,UNCLASSIFIED,2022,OFF PEAK,12387,5,89
57101,52039,PRESCRIBED AND COUNTER,BOTH,UNCLASSIFIED,2022,ALL DAYS,53776,-1,-1
57101,52039,COUNTER,EAST,UNCLASSIFIED,2022,ALL DAYS,28228,6,97
57101,52039,PRESCRIBED AND COUNTER,BOTH,UNCLASSIFIED,2022,AM PEAK,15288,-1,-1
57101,52039,PRESCRIBED AND COUNTER,BOTH,UNCLASSIFIED,2022,WEEKDAYS,57440,-1,-1
57101,52039,COUNTER,EAST,UNCLASSIFIED,2022,PM PEAK,7174,5,100
57101,52039,COUNTER,EAST,UNCLASSIFIED,2022,WEEKDAYS,29883,-1,-1
57101,52039,PRESCRIBED,WEST,UNCLASSIFIED,2022,OFF PEAK,12544,2,100
57101,52039,PRESCRIBED,WEST,UNCLASSIFIED,2022,WEEKENDS,23018,-1,-1
57101,52039,COUNTER,EAST,UNCLASSIFIED,2022,AM PEAK,10322,5,85
57101,52039,PRESCRIBED AND COUNTER,BOTH,UNCLASSIFIED,2022,OFF PEAK,24931,-1,-1
57101,52039,COUNTER,EAST,UNCLASSIFIED,2022,WEEKENDS,25834,-1,-1
57101,52039,PRESCRIBED,WEST,UNCLASSIFIED,2022,ALL DAYS,25548,2,94
57103,53001,PRESCRIBED,NORTH,UNCLASSIFIED,2022,WEEKENDS,16613,-1,-1
57103,53001,PRESCRIBED,NORTH,UNCLASSIFIED,2022,ALL DAYS,18489,12,86
57103,53001,COUNTER,SOUTH,UNCLASSIFIED,2022,ALL DAYS,19222,12,95
57103,53001,COUNTER,SOUTH,UNCLASSIFIED,2022,WEEKDAYS,20379,-1,-1
57103,53001,PRESCRIBED,NORTH,UNCLASSIFIED,2022,WEEKDAYS,19402,-1,-1
57103,53001,PRESCRIBED AND COUNTER,BOTH,UNCLASSIFIED,2022,PM PEAK,11361,-1,-1
57103,53001,PRESCRIBED AND COUNTER,BOTH,UNCLASSIFIED,2022,ALL DAYS,37711,-1,-1
57103,53001,COUNTER,SOUTH,UNCLASSIFIED,2022,WEEKENDS,16571,-1,-1
57103,53001,PRESCRIBED,NORTH,UNCLASSIFIED,2022,AM PEAK,5390,11,74
57103,53001,PRESCRIBED,NORTH,UNCLASSIFIED,2022,OFF PEAK,8671,11,90
57103,53001,PRESCRIBED AND COUNTER,BOTH,UNCLASSIFIED,2022,OFF PEAK,17915,-1,-1
57103,53001,PRESCRIBED AND COUNTER,BOTH,UNCLASSIFIED,2022,WEEKDAYS,39781,-1,-1
57103,53001,PRESCRIBED AND COUNTER,BOTH,UNCLASSIFIED,2022,AM PEAK,10505,-1,-1
57103,53001,COUNTER,SOUTH,UNCLASSIFIED,2022,OFF PEAK,9244,11,100
57103,53001,COUNTER,SOUTH,UNCLASSIFIED,2022,PM PEAK,6020,11,83
57103,53001,PRESCRIBED AND COUNTER,BOTH,UNCLASSIFIED,2022,WEEKENDS,33184,-1,-1
57103,53001,COUNTER,SOUTH,UNCLASSIFIED,2022,AM PEAK,5115,11,77
57103,53001,PRESCRIBED,NORTH,UNCLASSIFIED,2022,PM PEAK,5341,11,77
57104,53003,PRESCRIBED,NORTH,HEAVY VEHICLES,2022,WEEKDAYS,2829,-1,-1
57104,53003,PRESCRIBED AND COUNTER,BOTH,HEAVY VEHICLES,2022,WEEKENDS,2702,-1,-1
57104,53003,COUNTER,SOUTH,HEAVY VEHICLES,2022,PM PEAK,408,29,87
57104,53003,PRESCRIBED AND COUNTER,BOTH,HEAVY VEHICLES,2022,PM PEAK,1071,-1,-1
57104,53003,PRESCRIBED,NORTH,ALL VEHICLES,2022,OFF PEAK,13876,-1,-1
57104,53003,COUNTER,SOUTH,HEAVY VEHICLES,2022,WEEKENDS,1426,-1,-1
57104,53003,COUNTER,SOUTH,LIGHT VEHICLES,2022,PM PEAK,6206,71,86
57104,53003,COUNTER,SOUTH,ALL VEHICLES,2022,PM PEAK,6614,-1,-1
57104,53003,PRESCRIBED,NORTH,HEAVY VEHICLES,2022,OFF PEAK,1507,29,87
57104,53003,PRESCRIBED AND COUNTER,BOTH,LIGHT VEHICLES,2022,WEEKDAYS,52133,-1,-1
57104,53003,COUNTER,SOUTH,LIGHT VEHICLES,2022,AM PEAK,8273,74,89
57104,53003,PRESCRIBED AND COUNTER,BOTH,ALL VEHICLES,2022,PM PEAK,15486,-1,-1
57104,53003,PRESCRIBED AND COUNTER,BOTH,ALL VEHICLES,2022,AM PEAK,15219,-1,-1
57104,53003,PRESCRIBED AND COUNTER,BOTH,LIGHT VEHICLES,2022,PM PEAK,14415,-1,-1
57104,53003,COUNTER,SOUTH,ALL VEHICLES,2022,OFF PEAK,13391,-1,-1
57104,53003,PRESCRIBED,NORTH,LIGHT VEHICLES,2022,WEEKENDS,24967,-1,-1
57104,53003,COUNTER,SOUTH,LIGHT VEHICLES,2022,WEEKENDS,26147,-1,-1
57104,53003,PRESCRIBED AND COUNTER,BOTH,ALL VEHICLES,2022,WEEKENDS,53816,-1,-1
57104,53003,PRESCRIBED AND COUNTER,BOTH,LIGHT VEHICLES,2022,OFF PEAK,24242,-1,-1
57104,53003,COUNTER,SOUTH,ALL VEHICLES,2022,WEEKENDS,27573,-1,-1
57104,53003,PRESCRIBED AND COUNTER,BOTH,ALL VEHICLES,2022,WEEKDAYS,57972,-1,-1
57104,53003,PRESCRIBED AND COUNTER,BOTH,HEAVY VEHICLES,2022,ALL DAYS,5065,-1,-1
57104,53003,PRESCRIBED AND COUNTER,BOTH,LIGHT VEHICLES,2022,WEEKENDS,51114,-1,-1
57104,53003,PRESCRIBED,NORTH,HEAVY VEHICLES,2022,AM PEAK,659,38,87
57104,53003,COUNTER,SOUTH,LIGHT VEHICLES,2022,WEEKDAYS,26352,-1,-1
57104,53003,PRESCRIBED,NORTH,ALL VEHICLES,2022,AM PEAK,5862,-1,-1
57104,53003,PRESCRIBED,NORTH,LIGHT VEHICLES,2022,WEEKDAYS,25781,-1,-1
57104,53003,COUNTER,SOUTH,HEAVY VEHICLES,2022,AM PEAK,1084,39,90
57104,53003,PRESCRIBED AND COUNTER,BOTH,LIGHT VEHICLES,2022,AM PEAK,13476,-1,-1
57104,53003,PRESCRIBED AND COUNTER,BOTH,HEAVY VEHICLES,2022,OFF PEAK,3025,-1,-1
57104,53003,PRESCRIBED,NORTH,ALL VEHICLES,2022,ALL DAYS,28470,-1,-1
57104,53003,PRESCRIBED,NORTH,HEAVY VEHICLES,2022,WEEKENDS,1276,-1,-1
57104,53003,COUNTER,SOUTH,HEAVY VEHICLES,2022,ALL DAYS,2624,27,92
57104,53003,PRESCRIBED,NORTH,LIGHT VEHICLES,2022,AM PEAK,5203,73,86
57104,53003,PRESCRIBED,NORTH,LIGHT VEHICLES,2022,OFF PEAK,12369,59,85
57104,53003,COUNTER,SOUTH,LIGHT VEHICLES,2022,OFF PEAK,11873,58,87
57104,53003,PRESCRIBED,NORTH,ALL VEHICLES,2022,PM PEAK,8872,-1,-1
57104,53003,PRESCRIBED,NORTH,ALL VEHICLES,2022,WEEKDAYS,28610,-1,-1
57104,53003,COUNTER,SOUTH,LIGHT VEHICLES,2022,ALL DAYS,26742,62,91
57104,53003,PRESCRIBED,NORTH,HEAVY VEHICLES,2022,ALL DAYS,2441,28,90
57104,53003,PRESCRIBED AND COUNTER,BOTH,LIGHT VEHICLES,2022,ALL DAYS,52771,-1,-1
57104,53003,PRESCRIBED,NORTH,ALL VEHICLES,2022,WEEKENDS,26243,-1,-1
57104,53003,PRESCRIBED,NORTH,LIGHT VEHICLES,2022,PM PEAK,8209,75,85
57104,53003,PRESCRIBED AND COUNTER,BOTH,HEAVY VEHICLES,2022,AM PEAK,1743,-1,-1
57104,53003,PRESCRIBED AND COUNTER,BOTH,HEAVY VEHICLES,2022,WEEKDAYS,5839,-1,-1
57104,53003,PRESCRIBED AND COUNTER,BOTH,ALL VEHICLES,2022,ALL DAYS,57836,-1,-1
57104,53003,COUNTER,SOUTH,ALL VEHICLES,2022,ALL DAYS,29366,-1,-1
57104,53003,PRESCRIBED,NORTH,LIGHT VEHICLES,2022,ALL DAYS,26029,63,87
57104,53003,PRESCRIBED,NORTH,HEAVY VEHICLES,2022,PM PEAK,663,32,87
57104,53003,COUNTER,SOUTH,HEAVY VEHICLES,2022,OFF PEAK,1518,28,89
57104,53003,COUNTER,SOUTH,ALL VEHICLES,2022,AM PEAK,9357,-1,-1
57104,53003,COUNTER,SOUTH,ALL VEHICLES,2022,WEEKDAYS,29362,-1,-1
57104,53003,PRESCRIBED AND COUNTER,BOTH,ALL VEHICLES,2022,OFF PEAK,27267,-1,-1
57104,53003,COUNTER,SOUTH,HEAVY VEHICLES,2022,WEEKDAYS,3010,-1,-1
57106,53005,PRESCRIBED,NORTH,LIGHT VEHICLES,2022,WEEKENDS,23729,-1,-1
57106,53005,PRESCRIBED AND COUNTER,BOTH,LIGHT VEHICLES,2022,ALL DAYS,50737,-1,-1
57106,53005,COUNTER,SOUTH,HEAVY VEHICLES,2022,WEEKENDS,1436,-1,-1
57106,53005,COUNTER,SOUTH,ALL VEHICLES,2022,AM PEAK,7750,-1,-1
57106,53005,COUNTER,SOUTH,LIGHT VEHICLES,2022,ALL DAYS,25966,56,96
57106,53005,PRESCRIBED AND COUNTER,BOTH,HEAVY VEHICLES,2022,ALL DAYS,6072,-1,-1
57106,53005,PRESCRIBED AND COUNTER,BOTH,LIGHT VEHICLES,2022,OFF PEAK,23671,-1,-1
57106,53005,PRESCRIBED AND COUNTER,BOTH,HEAVY VEHICLES,2022,AM PEAK,2191,-1,-1
57106,53005,PRESCRIBED,NORTH,LIGHT VEHICLES,2022,ALL DAYS,24771,56,97
57106,53005,PRESCRIBED AND COUNTER,BOTH,ALL VEHICLES,2022,ALL DAYS,56809,-1,-1
57106,53005,PRESCRIBED AND COUNTER,BOTH,LIGHT VEHICLES,2022,WEEKDAYS,51157,-1,-1
57106,53005,PRESCRIBED,NORTH,HEAVY VEHICLES,2022,AM PEAK,1284,46,97
57106,53005,COUNTER,SOUTH,ALL VEHICLES,2022,PM PEAK,7823,-1,-1
57106,53005,PRESCRIBED AND COUNTER,BOTH,ALL VEHICLES,2022,OFF PEAK,27512,-1,-1
57106,53005,PRESCRIBED,NORTH,LIGHT VEHICLES,2022,OFF PEAK,11546,52,96
57106,53005,PRESCRIBED AND COUNTER,BOTH,ALL VEHICLES,2022,PM PEAK,15514,-1,-1
57106,53005,PRESCRIBED AND COUNTER,BOTH,ALL VEHICLES,2022,WEEKENDS,52224,-1,-1
57106,53005,COUNTER,SOUTH,LIGHT VEHICLES,2022,WEEKENDS,25683,-1,-1
57106,53005,PRESCRIBED AND COUNTER,BOTH,HEAVY VEHICLES,2022,OFF PEAK,3841,-1,-1
57106,53005,PRESCRIBED,NORTH,HEAVY VEHICLES,2022,ALL DAYS,2982,29,98
57106,53005,PRESCRIBED AND COUNTER,BOTH,ALL VEHICLES,2022,AM PEAK,15434,-1,-1
57106,53005,PRESCRIBED,NORTH,HEAVY VEHICLES,2022,WEEKENDS,1376,-1,-1
57106,53005,COUNTER,SOUTH,HEAVY VEHICLES,2022,PM PEAK,766,35,96
57106,53005,COUNTER,SOUTH,LIGHT VEHICLES,2022,PM PEAK,7057,65,96
57106,53005,COUNTER,SOUTH,HEAVY VEHICLES,2022,ALL DAYS,3090,27,97
57106,53005,PRESCRIBED,NORTH,LIGHT VEHICLES,2022,WEEKDAYS,25132,-1,-1
57106,53005,PRESCRIBED AND COUNTER,BOTH,HEAVY VEHICLES,2022,WEEKDAYS,7303,-1,-1
57106,53005,COUNTER,SOUTH,ALL VEHICLES,2022,ALL DAYS,29056,-1,-1
57106,53005,COUNTER,SOUTH,ALL VEHICLES,2022,WEEKENDS,27119,-1,-1
57106,53005,COUNTER,SOUTH,ALL VEHICLES,2022,OFF PEAK,14166,-1,-1
57106,53005,COUNTER,SOUTH,HEAVY VEHICLES,2022,WEEKDAYS,3714,-1,-1
57106,53005,PRESCRIBED,NORTH,LIGHT VEHICLES,2022,PM PEAK,7186,64,97
57106,53005,PRESCRIBED AND COUNTER,BOTH,ALL VEHICLES,2022,WEEKDAYS,58460,-1,-1
57106,53005,COUNTER,SOUTH,LIGHT VEHICLES,2022,WEEKDAYS,26025,-1,-1
57106,53005,PRESCRIBED,NORTH,ALL VEHICLES,2022,PM PEAK,7691,-1,-1
57106,53005,COUNTER,SOUTH,LIGHT VEHICLES,2022,AM PEAK,6843,67,96
57106,53005,PRESCRIBED,NORTH,ALL VEHICLES,2022,AM PEAK,7684,-1,-1
57106,53005,PRESCRIBED,NORTH,ALL VEHICLES,2022,ALL DAYS,27753,-1,-1
57106,53005,PRESCRIBED AND COUNTER,BOTH,LIGHT VEHICLES,2022,WEEKENDS,49412,-1,-1
57106,53005,PRESCRIBED AND COUNTER,BOTH,LIGHT VEHICLES,2022,AM PEAK,13243,-1,-1
57106,53005,COUNTER,SOUTH,HEAVY VEHICLES,2022,AM PEAK,907,39,96
57106,53005,PRESCRIBED,NORTH,HEAVY VEHICLES,2022,OFF PEAK,1800,29,97
57106,53005,COUNTER,SOUTH,ALL VEHICLES,2022,WEEKDAYS,29739,-1,-1
57106,53005,PRESCRIBED,NORTH,HEAVY VEHICLES,2022,PM PEAK,505,29,97
57106,53005,PRESCRIBED AND COUNTER,BOTH,LIGHT VEHICLES,2022,PM PEAK,14243,-1,-1
57106,53005,PRESCRIBED,NORTH,ALL VEHICLES,2022,OFF PEAK,13346,-1,-1
57106,53005,COUNTER,SOUTH,HEAVY VEHICLES,2022,OFF PEAK,2041,28,97
57106,53005,PRESCRIBED,NORTH,LIGHT VEHICLES,2022,AM PEAK,6400,68,96
57106,53005,COUNTER,SOUTH,LIGHT VEHICLES,2022,OFF PEAK,12125,51,96
57106,53005,PRESCRIBED,NORTH,ALL VEHICLES,2022,WEEKDAYS,28721,-1,-1
57106,53005,PRESCRIBED,NORTH,HEAVY VEHICLES,2022,WEEKDAYS,3589,-1,-1
57106,53005,PRESCRIBED,NORTH,ALL VEHICLES,2022,WEEKENDS,25105,-1,-1
57106,53005,PRESCRIBED AND COUNTER,BOTH,HEAVY VEHICLES,2022,WEEKENDS,2812,-1,-1
57106,53005,PRESCRIBED AND COUNTER,BOTH,HEAVY VEHICLES,2022,PM PEAK,1271,-1,-1
57108,53018,PRESCRIBED,NORTH,UNCLASSIFIED,2022,AM PEAK,4103,1,100
57108,53018,PRESCRIBED,NORTH,UNCLASSIFIED,2022,OFF PEAK,11682,1,100
57108,53018,PRESCRIBED,NORTH,UNCLASSIFIED,2022,WEEKDAYS,21382,-1,-1
57108,53018,PRESCRIBED,NORTH,UNCLASSIFIED,2022,WEEKENDS,20482,-1,-1
57108,53018,PRESCRIBED,NORTH,UNCLASSIFIED,2022,PM PEAK,5597,1,100
57108,53018,PRESCRIBED,NORTH,UNCLASSIFIED,2022,ALL DAYS,21022,1,100
57110,53029,COUNTER,SOUTH,ALL VEHICLES,2022,ALL DAYS,23111,-1,-1
57110,53029,PRESCRIBED AND COUNTER,BOTH,ALL VEHICLES,2022,WEEKENDS,40506,-1,-1
57110,53029,PRESCRIBED,NORTH,ALL VEHICLES,2022,ALL DAYS,23818,-1,-1
57110,53029,COUNTER,SOUTH,ALL VEHICLES,2022,WEEKENDS,19659,-1,-1
57110,53029,PRESCRIBED AND COUNTER,BOTH,ALL VEHICLES,2022,PM PEAK,12724,-1,-1
57110,53029,COUNTER,SOUTH,ALL VEHICLES,2022,WEEKDAYS,23766,-1,-1
57110,53029,PRESCRIBED AND COUNTER,BOTH,ALL VEHICLES,2022,OFF PEAK,21312,-1,-1
57110,53029,PRESCRIBED,NORTH,ALL VEHICLES,2022,WEEKENDS,20847,-1,-1
57110,53029,PRESCRIBED,NORTH,ALL VEHICLES,2022,PM PEAK,5962,-1,-1
57110,53029,PRESCRIBED AND COUNTER,BOTH,ALL VEHICLES,2022,ALL DAYS,46929,-1,-1
57110,53029,PRESCRIBED AND COUNTER,BOTH,ALL VEHICLES,2022,AM PEAK,13975,-1,-1
57110,53029,COUNTER,SOUTH,ALL VEHICLES,2022,OFF PEAK,10539,-1,-1
57110,53029,PRESCRIBED,NORTH,ALL VEHICLES,2022,AM PEAK,7510,-1,-1
57110,53029,PRESCRIBED AND COUNTER,BOTH,ALL VEHICLES,2022,WEEKDAYS,48011,-1,-1
57110,53029,PRESCRIBED,NORTH,ALL VEHICLES,2022,OFF PEAK,10773,-1,-1
57110,53029,COUNTER,SOUTH,ALL VEHICLES,2022,AM PEAK,6465,-1,-1
57110,53029,COUNTER,SOUTH,ALL VEHICLES,2022,PM PEAK,6762,-1,-1
57110,53029,PRESCRIBED,NORTH,ALL VEHICLES,2022,WEEKDAYS,24245,-1,-1
57118,53198,COUNTER,SOUTH,UNCLASSIFIED,2022,WEEKENDS,11086,-1,-1
57118,53198,PRESCRIBED AND COUNTER,BOTH,UNCLASSIFIED,2022,WEEKENDS,26249,-1,-1
57118,53198,PRESCRIBED,NORTH,UNCLASSIFIED,2022,AM PEAK,2954,1,100
57118,53198,PRESCRIBED AND COUNTER,BOTH,UNCLASSIFIED,2022,AM PEAK,6162,-1,-1
57118,53198,PRESCRIBED AND COUNTER,BOTH,UNCLASSIFIED,2022,WEEKDAYS,31060,-1,-1
57118,53198,COUNTER,SOUTH,UNCLASSIFIED,2022,WEEKDAYS,14349,-1,-1
57118,53198,PRESCRIBED,NORTH,UNCLASSIFIED,2022,WEEKENDS,15163,-1,-1
57118,53198,COUNTER,SOUTH,UNCLASSIFIED,2022,PM PEAK,3556,1,100
57118,53198,COUNTER,SOUTH,UNCLASSIFIED,2022,ALL DAYS,13044,1,100
57118,53198,COUNTER,SOUTH,UNCLASSIFIED,2022,AM PEAK,3208,1,100
57118,53198,COUNTER,SOUTH,UNCLASSIFIED,2022,OFF PEAK,7585,1,100
57118,53198,PRESCRIBED AND COUNTER,BOTH,UNCLASSIFIED,2022,OFF PEAK,16708,-1,-1
57118,53198,PRESCRIBED,NORTH,UNCLASSIFIED,2022,WEEKDAYS,16711,-1,-1
57118,53198,PRESCRIBED,NORTH,UNCLASSIFIED,2022,ALL DAYS,16093,1,100
57118,53198,PRESCRIBED AND COUNTER,BOTH,UNCLASSIFIED,2022,PM PEAK,8190,-1,-1
57118,53198,PRESCRIBED,NORTH,UNCLASSIFIED,2022,PM PEAK,4634,1,100
57118,53198,PRESCRIBED,NORTH,UNCLASSIFIED,2022,OFF PEAK,9123,1,100
57118,53198,PRESCRIBED AND COUNTER,BOTH,UNCLASSIFIED,2022,ALL DAYS,29137,-1,-1
57128,53209,COUNTER,WEST,UNCLASSIFIED,2022,WEEKENDS,19906,-1,-1
57128,53209,COUNTER,WEST,UNCLASSIFIED,2022,PM PEAK,4168,0,100
57128,53209,COUNTER,WEST,UNCLASSIFIED,2022,WEEKDAYS,19933,-1,-1
57128,53209,COUNTER,WEST,UNCLASSIFIED,2022,ALL DAYS,19915,0,100
57128,53209,COUNTER,WEST,UNCLASSIFIED,2022,AM PEAK,4317,0,100
57128,53209,COUNTER,WEST,UNCLASSIFIED,2022,OFF PEAK,11448,0,100
57133,55027,PRESCRIBED,NORTH,UNCLASSIFIED,2022,OFF PEAK,9580,1,100
57133,55027,PRESCRIBED,NORTH,UNCLASSIFIED,2022,WEEKDAYS,17920,-1,-1
57133,55027,PRESCRIBED,NORTH,UNCLASSIFIED,2022,WEEKENDS,15800,-1,-1
57133,55027,PRESCRIBED,NORTH,UNCLASSIFIED,2022,ALL DAYS,17072,1,100
57133,55027,PRESCRIBED,NORTH,UNCLASSIFIED,2022,AM PEAK,3686,1,100
57133,55027,PRESCRIBED,NORTH,UNCLASSIFIED,2022,PM PEAK,4654,1,100
57134,55028,PRESCRIBED AND COUNTER,BOTH,UNCLASSIFIED,2022,AM PEAK,8827,-1,-1
57134,55028,PRESCRIBED AND COUNTER,BOTH,UNCLASSIFIED,2022,ALL DAYS,42956,-1,-1
57134,55028,COUNTER,SOUTH,UNCLASSIFIED,2022,OFF PEAK,12210,1,100
57134,55028,PRESCRIBED AND COUNTER,BOTH,UNCLASSIFIED,2022,OFF PEAK,24103,-1,-1
57134,55028,COUNTER,SOUTH,UNCLASSIFIED,2022,ALL DAYS,21924,1,100
57134,55028,PRESCRIBED AND COUNTER,BOTH,UNCLASSIFIED,2022,WEEKENDS,39872,-1,-1
57134,55028,COUNTER,SOUTH,UNCLASSIFIED,2022,PM PEAK,6608,1,100
57134,55028,COUNTER,SOUTH,UNCLASSIFIED,2022,WEEKDAYS,23070,-1,-1
57134,55028,PRESCRIBED AND COUNTER,BOTH,UNCLASSIFIED,2022,PM PEAK,12080,-1,-1
57134,55028,PRESCRIBED AND COUNTER,BOTH,UNCLASSIFIED,2022,WEEKDAYS,45010,-1,-1
57134,55028,COUNTER,SOUTH,UNCLASSIFIED,2022,AM PEAK,4252,1,100
57134,55028,PRESCRIBED,NORTH,UNCLASSIFIED,2022,OFF PEAK,11893,1,100
57134,55028,PRESCRIBED,NORTH,UNCLASSIFIED,2022,AM PEAK,4575,1,100
57134,55028,PRESCRIBED,NORTH,UNCLASSIFIED,2022,PM PEAK,5472,1,100
57134,55028,PRESCRIBED,NORTH,UNCLASSIFIED,2022,ALL DAYS,21032,1,100
57134,55028,COUNTER,SOUTH,UNCLASSIFIED,2022,WEEKENDS,20204,-1,-1
57134,55028,PRESCRIBED,NORTH,UNCLASSIFIED,2022,WEEKDAYS,21940,-1,-1
57134,55028,PRESCRIBED,NORTH,UNCLASSIFIED,2022,WEEKENDS,19668,-1,-1
57135,55030,COUNTER,SOUTH,UNCLASSIFIED,2022,OFF PEAK,6536,1,100
57135,55030,COUNTER,SOUTH,UNCLASSIFIED,2022,AM PEAK,3102,1,100
57135,55030,COUNTER,SOUTH,UNCLASSIFIED,2022,PM PEAK,4348,1,100
57135,55030,COUNTER,SOUTH,UNCLASSIFIED,2022,ALL DAYS,15476,1,97
57135,55030,COUNTER,SOUTH,UNCLASSIFIED,2022,WEEKDAYS,13986,-1,-1
57135,55030,COUNTER,SOUTH,UNCLASSIFIED,2022,WEEKENDS,14492,-1,-1
57136,55036,PRESCRIBED AND COUNTER,BOTH,UNCLASSIFIED,2022,AM PEAK,9344,-1,-1
57136,55036,PRESCRIBED,WEST,UNCLASSIFIED,2022,PM PEAK,6451,1,100
57136,55036,COUNTER,EAST,UNCLASSIFIED,2022,WEEKDAYS,22516,-1,-1
57136,55036,PRESCRIBED,WEST,UNCLASSIFIED,2022,ALL DAYS,21482,1,100
57136,55036,PRESCRIBED,WEST,UNCLASSIFIED,2022,AM PEAK,4509,1,100
57136,55036,COUNTER,EAST,UNCLASSIFIED,2022,ALL DAYS,21572,1,100
57136,55036,PRESCRIBED AND COUNTER,BOTH,UNCLASSIFIED,2022,PM PEAK,12203,-1,-1
57136,55036,PRESCRIBED,WEST,UNCLASSIFIED,2022,OFF PEAK,11468,1,100
57136,55036,PRESCRIBED AND COUNTER,BOTH,UNCLASSIFIED,2022,WEEKDAYS,44944,-1,-1
57136,55036,COUNTER,EAST,UNCLASSIFIED,2022,AM PEAK,4835,1,100
57136,55036,PRESCRIBED AND COUNTER,BOTH,UNCLASSIFIED,2022,OFF PEAK,23397,-1,-1
57136,55036,PRESCRIBED,WEST,UNCLASSIFIED,2022,WEEKENDS,20062,-1,-1
57136,55036,COUNTER,EAST,UNCLASSIFIED,2022,PM PEAK,5752,1,100
57136,55036,PRESCRIBED AND COUNTER,BOTH,UNCLASSIFIED,2022,WEEKENDS,40217,-1,-1
57136,55036,COUNTER,EAST,UNCLASSIFIED,2022,OFF PEAK,11929,1,100
57136,55036,PRESCRIBED,WEST,UNCLASSIFIED,2022,WEEKDAYS,22428,-1,-1
57136,55036,COUNTER,EAST,UNCLASSIFIED,2022,WEEKENDS,20155,-1,-1
57136,55036,PRESCRIBED AND COUNTER,BOTH,UNCLASSIFIED,2022,ALL DAYS,43054,-1,-1
57140,55049,COUNTER,SOUTH,HEAVY VEHICLES,2022,WEEKENDS,805,-1,-1
57140,55049,PRESCRIBED AND COUNTER,BOTH,HEAVY VEHICLES,2022,WEEKDAYS,2981,-1,-1
57140,55049,COUNTER,SOUTH,ALL VEHICLES,2022,ALL DAYS,17742,-1,-1
57140,55049,COUNTER,SOUTH,LIGHT VEHICLES,2022,OFF PEAK,7388,35,79
57140,55049,PRESCRIBED AND COUNTER,BOTH,ALL VEHICLES,2022,WEEKENDS,27356,-1,-1
57140,55049,PRESCRIBED,NORTH,LIGHT VEHICLES,2022,ALL DAYS,15194,12,55
57140,55049,PRESCRIBED AND COUNTER,BOTH,LIGHT VEHICLES,2022,ALL DAYS,31497,-1,-1
57140,55049,PRESCRIBED,NORTH,LIGHT VEHICLES,2022,WEEKENDS,11615,-1,-1
57140,55049,PRESCRIBED AND COUNTER,BOTH,ALL VEHICLES,2022,WEEKDAYS,32763,-1,-1
57140,55049,PRESCRIBED,NORTH,ALL VEHICLES,2022,PM PEAK,5167,-1,-1
57140,55049,PRESCRIBED,NORTH,LIGHT VEHICLES,2022,WEEKDAYS,13577,-1,-1
57140,55049,COUNTER,SOUTH,ALL VEHICLES,2022,WEEKDAYS,17784,-1,-1
57140,55049,PRESCRIBED,NORTH,HEAVY VEHICLES,2022,AM PEAK,343,7,77
57140,55049,PRESCRIBED AND COUNTER,BOTH,ALL VEHICLES,2022,PM PEAK,9692,-1,-1
57140,55049,PRESCRIBED,NORTH,HEAVY VEHICLES,2022,ALL DAYS,1324,4,57
57140,55049,COUNTER,SOUTH,ALL VEHICLES,2022,AM PEAK,5126,-1,-1
57140,55049,COUNTER,SOUTH,HEAVY VEHICLES,2022,OFF PEAK,745,13,81
57140,55049,COUNTER,SOUTH,HEAVY VEHICLES,2022,WEEKDAYS,1579,-1,-1
57140,55049,PRESCRIBED,NORTH,ALL VEHICLES,2022,AM PEAK,3115,-1,-1
57140,55049,PRESCRIBED AND COUNTER,BOTH,LIGHT VEHICLES,2022,OFF PEAK,13430,-1,-1
57140,55049,PRESCRIBED AND COUNTER,BOTH,LIGHT VEHICLES,2022,AM PEAK,7394,-1,-1
57140,55049,COUNTER,SOUTH,ALL VEHICLES,2022,OFF PEAK,8133,-1,-1
57140,55049,PRESCRIBED AND COUNTER,BOTH,LIGHT VEHICLES,2022,WEEKENDS,25824,-1,-1
57140,55049,PRESCRIBED,NORTH,HEAVY VEHICLES,2022,OFF PEAK,655,4,80
57140,55049,COUNTER,SOUTH,LIGHT VEHICLES,2022,WEEKDAYS,16205,-1,-1
57140,55049,COUNTER,SOUTH,HEAVY VEHICLES,2022,PM PEAK,330,20,80
57140,55049,COUNTER,SOUTH,LIGHT VEHICLES,2022,AM PEAK,4622,53,77
57140,55049,PRESCRIBED,NORTH,LIGHT VEHICLES,2022,AM PEAK,2772,15,77
57140,55049,PRESCRIBED AND COUNTER,BOTH,LIGHT VEHICLES,2022,WEEKDAYS,29782,-1,-1
57140,55049,PRESCRIBED AND COUNTER,BOTH,HEAVY VEHICLES,2022,PM PEAK,734,-1,-1
57140,55049,PRESCRIBED,NORTH,ALL VEHICLES,2022,OFF PEAK,6697,-1,-1
57140,55049,PRESCRIBED,NORTH,LIGHT VEHICLES,2022,PM PEAK,4763,22,74
57140,55049,PRESCRIBED,NORTH,HEAVY VEHICLES,2022,WEEKDAYS,1402,-1,-1
57140,55049,PRESCRIBED,NORTH,HEAVY VEHICLES,2022,WEEKENDS,727,-1,-1
57140,55049,PRESCRIBED AND COUNTER,BOTH,HEAVY VEHICLES,2022,AM PEAK,847,-1,-1
57140,55049,COUNTER,SOUTH,ALL VEHICLES,2022,PM PEAK,4525,-1,-1
57140,55049,COUNTER,SOUTH,LIGHT VEHICLES,2022,PM PEAK,4195,48,78
57140,55049,COUNTER,SOUTH,LIGHT VEHICLES,2022,ALL DAYS,16303,38,73
57140,55049,PRESCRIBED,NORTH,ALL VEHICLES,2022,WEEKENDS,12342,-1,-1
57140,55049,PRESCRIBED,NORTH,ALL VEHICLES,2022,ALL DAYS,16518,-1,-1
57140,55049,PRESCRIBED AND COUNTER,BOTH,HEAVY VEHICLES,2022,OFF PEAK,1400,-1,-1
57140,55049,COUNTER,SOUTH,ALL VEHICLES,2022,WEEKENDS,15014,-1,-1
57140,55049,PRESCRIBED,NORTH,HEAVY VEHICLES,2022,PM PEAK,404,8,74
57140,55049,PRESCRIBED AND COUNTER,BOTH,LIGHT VEHICLES,2022,PM PEAK,8958,-1,-1
57140,55049,PRESCRIBED,NORTH,ALL VEHICLES,2022,WEEKDAYS,14979,-1,-1
57140,55049,PRESCRIBED AND COUNTER,BOTH,ALL VEHICLES,2022,ALL DAYS,34260,-1,-1
57140,55049,COUNTER,SOUTH,LIGHT VEHICLES,2022,WEEKENDS,14209,-1,-1
57140,55049,COUNTER,SOUTH,HEAVY VEHICLES,2022,AM PEAK,504,25,76
57140,55049,COUNTER,SOUTH,HEAVY VEHICLES,2022,ALL DAYS,1439,13,76
57140,55049,PRESCRIBED AND COUNTER,BOTH,ALL VEHICLES,2022,OFF PEAK,14830,-1,-1
57140,55049,PRESCRIBED,NORTH,LIGHT VEHICLES,2022,OFF PEAK,6042,10,77
57140,55049,PRESCRIBED AND COUNTER,BOTH,HEAVY VEHICLES,2022,WEEKENDS,1532,-1,-1
57140,55049,PRESCRIBED AND COUNTER,BOTH,ALL VEHICLES,2022,AM PEAK,8241,-1,-1
57140,55049,PRESCRIBED AND COUNTER,BOTH,HEAVY VEHICLES,2022,ALL DAYS,2763,-1,-1
57141,55050,PRESCRIBED AND COUNTER,BOTH,LIGHT VEHICLES,2022,WEEKENDS,39163,-1,-1
57141,55050,PRESCRIBED AND COUNTER,BOTH,HEAVY VEHICLES,2022,PM PEAK,1076,-1,-1
57141,55050,COUNTER,EAST,HEAVY VEHICLES,2022,OFF PEAK,1433,28,98
57141,55050,COUNTER,EAST,LIGHT VEHICLES,2022,WEEKENDS,22468,-1,-1
57141,55050,COUNTER,EAST,HEAVY VEHICLES,2022,AM PEAK,833,49,98
57141,55050,PRESCRIBED,WEST,HEAVY VEHICLES,2022,WEEKDAYS,2713,-1,-1
57141,55050,PRESCRIBED,WEST,UNCLASSIFIED,2022,OFF PEAK,13816,-1,-1
57141,55050,PRESCRIBED,WEST,LIGHT VEHICLES,2022,AM PEAK,5210,76,96
57141,55050,COUNTER,EAST,LIGHT VEHICLES,2022,AM PEAK,6906,84,97
57141,55050,PRESCRIBED,WEST,LIGHT VEHICLES,2022,PM PEAK,5181,69,96
57141,55050,PRESCRIBED AND COUNTER,BOTH,LIGHT VEHICLES,2022,AM PEAK,12116,-1,-1
57141,55050,COUNTER,EAST,UNCLASSIFIED,2022,WEEKENDS,23851,-1,-1
57141,55050,PRESCRIBED,WEST,LIGHT VEHICLES,2022,WEEKENDS,16695,-1,-1
57141,55050,COUNTER,EAST,LIGHT VEHICLES,2022,PM PEAK,7551,80,97
57141,55050,PRESCRIBED,WEST,LIGHT VEHICLES,2022,OFF PEAK,8974,53,96
57141,55050,COUNTER,EAST,HEAVY VEHICLES,2022,ALL DAYS,2369,27,98
57141,55050,COUNTER,EAST,LIGHT VEHICLES,2022,WEEKDAYS,26190,-1,-1
57141,55050,COUNTER,EAST,HEAVY VEHICLES,2022,PM PEAK,541,33,98
57141,55050,PRESCRIBED,WEST,HEAVY VEHICLES,2022,WEEKENDS,1182,-1,-1
57141,55050,PRESCRIBED AND COUNTER,BOTH,HEAVY VEHICLES,2022,OFF PEAK,2825,-1,-1
57141,55050,PRESCRIBED,WEST,HEAVY VEHICLES,2022,PM PEAK,535,28,97
57141,55050,PRESCRIBED,WEST,HEAVY VEHICLES,2022,OFF PEAK,1392,21,97
57141,55050,COUNTER,EAST,LIGHT VEHICLES,2022,ALL DAYS,25139,68,97
57141,55050,PRESCRIBED AND COUNTER,BOTH,UNCLASSIFIED,2022,WEEKDAYS,59295,-1,-1
57141,55050,PRESCRIBED AND COUNTER,BOTH,HEAVY VEHICLES,2022,WEEKDAYS,5520,-1,-1
57141,55050,PRESCRIBED,WEST,UNCLASSIFIED,2022,AM PEAK,8382,-1,-1
57141,55050,PRESCRIBED,WEST,UNCLASSIFIED,2022,ALL DAYS,28249,-1,-1
57141,55050,COUNTER,EAST,UNCLASSIFIED,2022,PM PEAK,8171,-1,-1
57141,55050,PRESCRIBED,WEST,HEAVY VEHICLES,2022,ALL DAYS,2161,22,97
57141,55050,COUNTER,EAST,UNCLASSIFIED,2022,AM PEAK,7787,-1,-1
57141,55050,COUNTER,EAST,LIGHT VEHICLES,2022,OFF PEAK,11733,62,97
57141,55050,PRESCRIBED,WEST,LIGHT VEHICLES,2022,ALL DAYS,18608,59,96
57141,55050,PRESCRIBED AND COUNTER,BOTH,UNCLASSIFIED,2022,OFF PEAK,27082,-1,-1
57141,55050,PRESCRIBED AND COUNTER,BOTH,UNCLASSIFIED,2022,PM PEAK,16044,-1,-1
57141,55050,PRESCRIBED,WEST,LIGHT VEHICLES,2022,WEEKDAYS,19365,-1,-1
57141,55050,PRESCRIBED AND COUNTER,BOTH,UNCLASSIFIED,2022,AM PEAK,16169,-1,-1
57141,55050,PRESCRIBED,WEST,HEAVY VEHICLES,2022,AM PEAK,786,36,97
57141,55050,PRESCRIBED,WEST,UNCLASSIFIED,2022,PM PEAK,7873,-1,-1
57141,55050,COUNTER,EAST,UNCLASSIFIED,2022,WEEKDAYS,29224,-1,-1
57141,55050,PRESCRIBED AND COUNTER,BOTH,LIGHT VEHICLES,2022,OFF PEAK,20707,-1,-1
57141,55050,PRESCRIBED AND COUNTER,BOTH,HEAVY VEHICLES,2022,ALL DAYS,4530,-1,-1
57141,55050,PRESCRIBED AND COUNTER,BOTH,LIGHT VEHICLES,2022,ALL DAYS,43747,-1,-1
57141,55050,PRESCRIBED AND COUNTER,BOTH,UNCLASSIFIED,2022,WEEKENDS,47911,-1,-1
57141,55050,PRESCRIBED AND COUNTER,BOTH,HEAVY VEHICLES,2022,WEEKENDS,2423,-1,-1
57141,55050,PRESCRIBED AND COUNTER,BOTH,UNCLASSIFIED,2022,ALL DAYS,55967,-1,-1
57141,55050,PRESCRIBED AND COUNTER,BOTH,LIGHT VEHICLES,2022,PM PEAK,12732,-1,-1
57141,55050,COUNTER,EAST,UNCLASSIFIED,2022,ALL DAYS,27718,-1,-1
57141,55050,COUNTER,EAST,UNCLASSIFIED,2022,OFF PEAK,13266,-1,-1
57141,55050,PRESCRIBED,WEST,UNCLASSIFIED,2022,WEEKENDS,24060,-1,-1
57141,55050,PRESCRIBED AND COUNTER,BOTH,HEAVY VEHICLES,2022,AM PEAK,1619,-1,-1
57141,55050,COUNTER,EAST,HEAVY VEHICLES,2022,WEEKDAYS,2807,-1,-1
57141,55050,COUNTER,EAST,HEAVY VEHICLES,2022,WEEKENDS,1241,-1,-1
57141,55050,PRESCRIBED AND COUNTER,BOTH,LIGHT VEHICLES,2022,WEEKDAYS,45555,-1,-1
57141,55050,PRESCRIBED,WEST,UNCLASSIFIED,2022,WEEKDAYS,30071,-1,-1
57155,57011,COUNTER,SOUTH,UNCLASSIFIED,2022,PM PEAK,6641,1,100
57155,57011,PRESCRIBED AND COUNTER,BOTH,UNCLASSIFIED,2022,AM PEAK,8366,-1,-1
57155,57011,PRESCRIBED AND COUNTER,BOTH,UNCLASSIFIED,2022,WEEKENDS,43600,-1,-1
57155,57011,COUNTER,SOUTH,UNCLASSIFIED,2022,WEEKENDS,22183,-1,-1
57155,57011,COUNTER,SOUTH,UNCLASSIFIED,2022,OFF PEAK,10542,1,100
57155,57011,PRESCRIBED AND COUNTER,BOTH,UNCLASSIFIED,2022,ALL DAYS,42096,-1,-1
57155,57011,PRESCRIBED,NORTH,UNCLASSIFIED,2022,PM PEAK,4853,1,100
57155,57011,COUNTER,SOUTH,UNCLASSIFIED,2022,ALL DAYS,21274,1,100
57155,57011,PRESCRIBED,NORTH,UNCLASSIFIED,2022,ALL DAYS,20822,1,100
57155,57011,COUNTER,SOUTH,UNCLASSIFIED,2022,WEEKDAYS,20666,-1,-1
57155,57011,COUNTER,SOUTH,UNCLASSIFIED,2022,AM PEAK,3483,1,100
57155,57011,PRESCRIBED AND COUNTER,BOTH,UNCLASSIFIED,2022,PM PEAK,11494,-1,-1
57155,57011,PRESCRIBED AND COUNTER,BOTH,UNCLASSIFIED,2022,OFF PEAK,21231,-1,-1
57155,57011,PRESCRIBED,NORTH,UNCLASSIFIED,2022,AM PEAK,4883,1,100
57155,57011,PRESCRIBED,NORTH,UNCLASSIFIED,2022,WEEKENDS,21417,-1,-1
57155,57011,PRESCRIBED AND COUNTER,BOTH,UNCLASSIFIED,2022,WEEKDAYS,41091,-1,-1
57155,57011,PRESCRIBED,NORTH,UNCLASSIFIED,2022,OFF PEAK,10689,1,100
57155,57011,PRESCRIBED,NORTH,UNCLASSIFIED,2022,WEEKDAYS,20425,-1,-1
57159,57024,COUNTER,WEST,ALL VEHICLES,2022,WEEKENDS,12612,-1,-1
57159,57024,COUNTER,WEST,ALL VEHICLES,2022,PM PEAK,4154,-1,-1
57159,57024,PRESCRIBED,EAST,ALL VEHICLES,2022,PM PEAK,4617,-1,-1
57159,57024,PRESCRIBED,EAST,ALL VEHICLES,2022,AM PEAK,4091,-1,-1
57159,57024,PRESCRIBED AND COUNTER,BOTH,ALL VEHICLES,2022,OFF PEAK,12221,-1,-1
57159,57024,PRESCRIBED,EAST,LIGHT VEHICLES,2022,OFF PEAK,5252,28,86
57159,57024,COUNTER,WEST,ALL VEHICLES,2022,OFF PEAK,6301,-1,-1
57159,57024,PRESCRIBED,EAST,ALL VEHICLES,2022,ALL DAYS,14699,-1,-1
57159,57024,PRESCRIBED,EAST,HEAVY VEHICLES,2022,WEEKENDS,554,-1,-1
57159,57024,COUNTER,WEST,HEAVY VEHICLES,2022,WEEKDAYS,2043,-1,-1
57159,57024,PRESCRIBED AND COUNTER,BOTH,LIGHT VEHICLES,2022,WEEKDAYS,26358,-1,-1
57159,57024,PRESCRIBED,EAST,ALL VEHICLES,2022,WEEKENDS,12433,-1,-1
57159,57024,PRESCRIBED,EAST,HEAVY VEHICLES,2022,WEEKDAYS,1508,-1,-1
57159,57024,PRESCRIBED,EAST,ALL VEHICLES,2022,WEEKDAYS,14628,-1,-1
57159,57024,COUNTER,WEST,ALL VEHICLES,2022,WEEKDAYS,15281,-1,-1
57159,57024,COUNTER,WEST,HEAVY VEHICLES,2022,ALL DAYS,1720,17,90
57159,57024,COUNTER,WEST,ALL VEHICLES,2022,AM PEAK,4826,-1,-1
57159,57024,COUNTER,WEST,LIGHT VEHICLES,2022,ALL DAYS,13298,31,90
57159,57024,PRESCRIBED,EAST,LIGHT VEHICLES,2022,ALL DAYS,13419,30,89
57159,57024,PRESCRIBED,EAST,LIGHT VEHICLES,2022,PM PEAK,4308,37,84
57159,57024,COUNTER,WEST,ALL VEHICLES,2022,ALL DAYS,15018,-1,-1
57159,57024,PRESCRIBED AND COUNTER,BOTH,HEAVY VEHICLES,2022,PM PEAK,788,-1,-1
57159,57024,PRESCRIBED AND COUNTER,BOTH,LIGHT VEHICLES,2022,PM PEAK,7983,-1,-1
57159,57024,PRESCRIBED AND COUNTER,BOTH,LIGHT VEHICLES,2022,WEEKENDS,23695,-1,-1
57159,57024,COUNTER,WEST,HEAVY VEHICLES,2022,PM PEAK,479,23,84
57159,57024,COUNTER,WEST,LIGHT VEHICLES,2022,WEEKENDS,11816,-1,-1
57159,57024,COUNTER,WEST,HEAVY VEHICLES,2022,OFF PEAK,958,17,86
57159,57024,PRESCRIBED,EAST,HEAVY VEHICLES,2022,AM PEAK,531,20,88
57159,57024,PRESCRIBED AND COUNTER,BOTH,LIGHT VEHICLES,2022,AM PEAK,7780,-1,-1
57159,57024,COUNTER,WEST,HEAVY VEHICLES,2022,WEEKENDS,796,-1,-1
57159,57024,PRESCRIBED,EAST,HEAVY VEHICLES,2022,OFF PEAK,668,12,87
57159,57024,PRESCRIBED,EAST,LIGHT VEHICLES,2022,AM PEAK,3560,36,87
57159,57024,PRESCRIBED AND COUNTER,BOTH,LIGHT VEHICLES,2022,OFF PEAK,10595,-1,-1
57159,57024,PRESCRIBED AND COUNTER,BOTH,ALL VEHICLES,2022,AM PEAK,8917,-1,-1
57159,57024,PRESCRIBED AND COUNTER,BOTH,ALL VEHICLES,2022,WEEKENDS,25045,-1,-1
57159,57024,COUNTER,WEST,LIGHT VEHICLES,2022,WEEKDAYS,13238,-1,-1
57159,57024,PRESCRIBED AND COUNTER,BOTH,ALL VEHICLES,2022,WEEKDAYS,29909,-1,-1
57159,57024,PRESCRIBED AND COUNTER,BOTH,LIGHT VEHICLES,2022,ALL DAYS,26717,-1,-1
57159,57024,PRESCRIBED,EAST,LIGHT VEHICLES,2022,WEEKENDS,11879,-1,-1
57159,57024,PRESCRIBED,EAST,ALL VEHICLES,2022,OFF PEAK,5920,-1,-1
57159,57024,PRESCRIBED AND COUNTER,BOTH,HEAVY VEHICLES,2022,ALL DAYS,3000,-1,-1
57159,57024,COUNTER,WEST,LIGHT VEHICLES,2022,AM PEAK,4220,37,87
57159,57024,PRESCRIBED AND COUNTER,BOTH,HEAVY VEHICLES,2022,OFF PEAK,1626,-1,-1
57159,57024,PRESCRIBED AND COUNTER,BOTH,HEAVY VEHICLES,2022,WEEKDAYS,3551,-1,-1
57159,57024,COUNTER,WEST,LIGHT VEHICLES,2022,OFF PEAK,5343,30,85
57159,57024,PRESCRIBED,EAST,HEAVY VEHICLES,2022,ALL DAYS,1280,12,90
57159,57024,PRESCRIBED AND COUNTER,BOTH,HEAVY VEHICLES,2022,WEEKENDS,1350,-1,-1
57159,57024,PRESCRIBED AND COUNTER,BOTH,HEAVY VEHICLES,2022,AM PEAK,1137,-1,-1
57159,57024,PRESCRIBED AND COUNTER,BOTH,ALL VEHICLES,2022,ALL DAYS,29717,-1,-1
57159,57024,COUNTER,WEST,HEAVY VEHICLES,2022,AM PEAK,606,28,88
57159,57024,PRESCRIBED,EAST,HEAVY VEHICLES,2022,PM PEAK,309,15,85
57159,57024,PRESCRIBED,EAST,LIGHT VEHICLES,2022,WEEKDAYS,13120,-1,-1
57159,57024,COUNTER,WEST,LIGHT VEHICLES,2022,PM PEAK,3675,37,82
57159,57024,PRESCRIBED AND COUNTER,BOTH,ALL VEHICLES,2022,PM PEAK,8771,-1,-1
57160,57025,COUNTER,SOUTH,ALL VEHICLES,2022,PM PEAK,5414,-1,-1
57160,57025,PRESCRIBED AND COUNTER,BOTH,ALL VEHICLES,2022,ALL DAYS,35725,-1,-1
57160,57025,COUNTER,SOUTH,LIGHT VEHICLES,2022,ALL DAYS,16185,74,97
57160,57025,PRESCRIBED,NORTH,ALL VEHICLES,2022,WEEKDAYS,18649,-1,-1
57160,57025,PRESCRIBED AND COUNTER,BOTH,LIGHT VEHICLES,2022,WEEKENDS,29195,-1,-1
57160,57025,PRESCRIBED,NORTH,ALL VEHICLES,2022,ALL DAYS,17700,-1,-1
57160,57025,PRESCRIBED,NORTH,LIGHT VEHICLES,2022,WEEKENDS,14471,-1,-1
57160,57025,COUNTER,SOUTH,ALL VEHICLES,2022,OFF PEAK,8421,-1,-1
57160,57025,PRESCRIBED,NORTH,ALL VEHICLES,2022,PM PEAK,4717,-1,-1
57160,57025,COUNTER,SOUTH,HEAVY VEHICLES,2022,AM PEAK,725,57,98
57160,57025,COUNTER,SOUTH,LIGHT VEHICLES,2022,WEEKENDS,14724,-1,-1
57160,57025,COUNTER,SOUTH,LIGHT VEHICLES,2022,OFF PEAK,7340,68,97
57160,57025,PRESCRIBED AND COUNTER,BOTH,HEAVY VEHICLES,2022,WEEKDAYS,4251,-1,-1
57160,57025,PRESCRIBED,NORTH,HEAVY VEHICLES,2022,PM PEAK,377,42,97
57160,57025,COUNTER,SOUTH,HEAVY VEHICLES,2022,ALL DAYS,1840,34,98
57160,57025,COUNTER,SOUTH,LIGHT VEHICLES,2022,WEEKDAYS,16749,-1,-1
57160,57025,COUNTER,SOUTH,HEAVY VEHICLES,2022,WEEKDAYS,2205,-1,-1
57160,57025,PRESCRIBED,NORTH,HEAVY VEHICLES,2022,OFF PEAK,1050,29,97
57160,57025,PRESCRIBED,NORTH,LIGHT VEHICLES,2022,ALL DAYS,16007,72,96
57160,57025,COUNTER,SOUTH,HEAVY VEHICLES,2022,PM PEAK,399,44,98
57160,57025,PRESCRIBED,NORTH,ALL VEHICLES,2022,OFF PEAK,8551,-1,-1
57160,57025,COUNTER,SOUTH,ALL VEHICLES,2022,AM PEAK,5119,-1,-1
57160,57025,COUNTER,SOUTH,HEAVY VEHICLES,2022,OFF PEAK,1081,33,98
57160,57025,PRESCRIBED AND COUNTER,BOTH,ALL VEHICLES,2022,OFF PEAK,16972,-1,-1
57160,57025,PRESCRIBED AND COUNTER,BOTH,LIGHT VEHICLES,2022,AM PEAK,9156,-1,-1
57160,57025,PRESCRIBED AND COUNTER,BOTH,HEAVY VEHICLES,2022,WEEKENDS,1664,-1,-1
57160,57025,COUNTER,SOUTH,HEAVY VEHICLES,2022,WEEKENDS,888,-1,-1
57160,57025,PRESCRIBED,NORTH,HEAVY VEHICLES,2022,WEEKENDS,776,-1,-1
57160,57025,PRESCRIBED AND COUNTER,BOTH,LIGHT VEHICLES,2022,PM PEAK,9355,-1,-1
57160,57025,PRESCRIBED,NORTH,LIGHT VEHICLES,2022,OFF PEAK,7501,67,96
57160,57025,PRESCRIBED AND COUNTER,BOTH,ALL VEHICLES,2022,AM PEAK,10500,-1,-1
57160,57025,COUNTER,SOUTH,ALL VEHICLES,2022,WEEKDAYS,18954,-1,-1
57160,57025,PRESCRIBED,NORTH,HEAVY VEHICLES,2022,WEEKDAYS,2046,-1,-1
57160,57025,PRESCRIBED AND COUNTER,BOTH,LIGHT VEHICLES,2022,OFF PEAK,14841,-1,-1
57160,57025,COUNTER,SOUTH,ALL VEHICLES,2022,ALL DAYS,18025,-1,-1
57160,57025,PRESCRIBED,NORTH,HEAVY VEHICLES,2022,ALL DAYS,1693,29,97
57160,57025,PRESCRIBED AND COUNTER,BOTH,ALL VEHICLES,2022,WEEKENDS,30859,-1,-1
57160,57025,PRESCRIBED AND COUNTER,BOTH,HEAVY VEHICLES,2022,AM PEAK,1344,-1,-1
57160,57025,PRESCRIBED,NORTH,ALL VEHICLES,2022,WEEKENDS,15247,-1,-1
57160,57025,PRESCRIBED,NORTH,HEAVY VEHICLES,2022,AM PEAK,619,50,97
57160,57025,PRESCRIBED,NORTH,LIGHT VEHICLES,2022,PM PEAK,4340,83,96
57160,57025,PRESCRIBED AND COUNTER,BOTH,HEAVY VEHICLES,2022,OFF PEAK,2131,-1,-1
57160,57025,PRESCRIBED AND COUNTER,BOTH,HEAVY VEHICLES,2022,ALL DAYS,3533,-1,-1
57160,57025,PRESCRIBED AND COUNTER,BOTH,LIGHT VEHICLES,2022,ALL DAYS,32192,-1,-1
57160,57025,PRESCRIBED AND COUNTER,BOTH,HEAVY VEHICLES,2022,PM PEAK,776,-1,-1
57160,57025,PRESCRIBED,NORTH,LIGHT VEHICLES,2022,AM PEAK,4762,88,96
57160,57025,PRESCRIBED AND COUNTER,BOTH,LIGHT VEHICLES,2022,WEEKDAYS,33352,-1,-1
57160,57025,COUNTER,SOUTH,LIGHT VEHICLES,2022,PM PEAK,5015,86,97
57160,57025,COUNTER,SOUTH,LIGHT VEHICLES,2022,AM PEAK,4394,88,98
57160,57025,PRESCRIBED,NORTH,LIGHT VEHICLES,2022,WEEKDAYS,16603,-1,-1
57160,57025,PRESCRIBED,NORTH,ALL VEHICLES,2022,AM PEAK,5381,-1,-1
57160,57025,PRESCRIBED AND COUNTER,BOTH,ALL VEHICLES,2022,WEEKDAYS,37603,-1,-1
57160,57025,COUNTER,SOUTH,ALL VEHICLES,2022,WEEKENDS,15612,-1,-1
57160,57025,PRESCRIBED AND COUNTER,BOTH,ALL VEHICLES,2022,PM PEAK,10131,-1,-1
57168,59025,PRESCRIBED AND COUNTER,BOTH,UNCLASSIFIED,2022,WEEKDAYS,39704,-1,-1
57168,59025,PRESCRIBED AND COUNTER,BOTH,UNCLASSIFIED,2022,ALL DAYS,39811,-1,-1
57168,59025,PRESCRIBED AND COUNTER,BOTH,UNCLASSIFIED,2022,PM PEAK,10872,-1,-1
57168,59025,PRESCRIBED,EAST,UNCLASSIFIED,2022,PM PEAK,5312,1,100
57168,59025,COUNTER,WEST,UNCLASSIFIED,2022,PM PEAK,5560,1,100
57168,59025,PRESCRIBED,EAST,UNCLASSIFIED,2022,WEEKENDS,19788,-1,-1
57168,59025,COUNTER,WEST,UNCLASSIFIED,2022,AM PEAK,3850,1,100
57168,59025,COUNTER,WEST,UNCLASSIFIED,2022,WEEKENDS,20183,-1,-1
57168,59025,PRESCRIBED,EAST,UNCLASSIFIED,2022,AM PEAK,3857,1,100
57168,59025,COUNTER,WEST,UNCLASSIFIED,2022,WEEKDAYS,19698,-1,-1
57168,59025,PRESCRIBED,EAST,UNCLASSIFIED,2022,OFF PEAK,10837,1,100
57168,59025,PRESCRIBED,EAST,UNCLASSIFIED,2022,WEEKDAYS,20006,-1,-1
57168,59025,PRESCRIBED,EAST,UNCLASSIFIED,2022,ALL DAYS,19919,1,100
57168,59025,PRESCRIBED AND COUNTER,BOTH,UNCLASSIFIED,2022,WEEKENDS,39971,-1,-1
57168,59025,COUNTER,WEST,UNCLASSIFIED,2022,OFF PEAK,10288,1,100
57168,59025,PRESCRIBED AND COUNTER,BOTH,UNCLASSIFIED,2022,OFF PEAK,21125,-1,-1
57168,59025,PRESCRIBED AND COUNTER,BOTH,UNCLASSIFIED,2022,AM PEAK,7707,-1,-1
57168,59025,COUNTER,WEST,UNCLASSIFIED,2022,ALL DAYS,19892,1,100
57257,66249,PRESCRIBED,WEST,LIGHT VEHICLES,2022,PM PEAK,2822,60,87
57257,66249,PRESCRIBED,WEST,ALL VEHICLES,2022,ALL DAYS,8901,-1,-1
57257,66249,COUNTER,EAST,ALL VEHICLES,2022,ALL DAYS,9501,-1,-1
57257,66249,COUNTER,EAST,ALL VEHICLES,2022,WEEKENDS,7684,-1,-1
57257,66249,PRESCRIBED,WEST,HEAVY VEHICLES,2022,WEEKDAYS,733,-1,-1
57257,66249,COUNTER,EAST,LIGHT VEHICLES,2022,ALL DAYS,8547,52,89
57257,66249,PRESCRIBED,WEST,LIGHT VEHICLES,2022,WEEKENDS,7372,-1,-1
57257,66249,PRESCRIBED,WEST,ALL VEHICLES,2022,AM PEAK,1529,-1,-1
57257,66249,PRESCRIBED,WEST,LIGHT VEHICLES,2022,ALL DAYS,8265,50,90
57257,66249,COUNTER,EAST,HEAVY VEHICLES,2022,WEEKDAYS,1131,-1,-1
57257,66249,PRESCRIBED AND COUNTER,BOTH,HEAVY VEHICLES,2022,OFF PEAK,958,-1,-1
57257,66249,PRESCRIBED,WEST,ALL VEHICLES,2022,WEEKDAYS,9163,-1,-1
57257,66249,PRESCRIBED AND COUNTER,BOTH,LIGHT VEHICLES,2022,PM PEAK,4923,-1,-1
57257,66249,PRESCRIBED AND COUNTER,BOTH,ALL VEHICLES,2022,WEEKENDS,15403,-1,-1
57257,66249,PRESCRIBED,WEST,LIGHT VEHICLES,2022,WEEKDAYS,8430,-1,-1
57257,66249,PRESCRIBED AND COUNTER,BOTH,ALL VEHICLES,2022,AM PEAK,4195,-1,-1
57257,66249,PRESCRIBED AND COUNTER,BOTH,HEAVY VEHICLES,2022,ALL DAYS,1590,-1,-1
57257,66249,COUNTER,EAST,HEAVY VEHICLES,2022,PM PEAK,219,36,85
57257,66249,PRESCRIBED AND COUNTER,BOTH,LIGHT VEHICLES,2022,WEEKDAYS,17260,-1,-1
57257,66249,PRESCRIBED,WEST,HEAVY VEHICLES,2022,PM PEAK,187,30,87
57257,66249,PRESCRIBED AND COUNTER,BOTH,ALL VEHICLES,2022,WEEKDAYS,19124,-1,-1
57257,66249,PRESCRIBED AND COUNTER,BOTH,LIGHT VEHICLES,2022,OFF PEAK,8642,-1,-1
57257,66249,PRESCRIBED,WEST,ALL VEHICLES,2022,WEEKENDS,7719,-1,-1
57257,66249,COUNTER,EAST,HEAVY VEHICLES,2022,ALL DAYS,954,27,90
57257,66249,COUNTER,EAST,ALL VEHICLES,2022,AM PEAK,2666,-1,-1
57257,66249,COUNTER,EAST,HEAVY VEHICLES,2022,WEEKENDS,407,-1,-1
57257,66249,PRESCRIBED AND COUNTER,BOTH,LIGHT VEHICLES,2022,ALL DAYS,16812,-1,-1
57257,66249,PRESCRIBED,WEST,HEAVY VEHICLES,2022,AM PEAK,172,34,87
57257,66249,PRESCRIBED AND COUNTER,BOTH,HEAVY VEHICLES,2022,WEEKENDS,754,-1,-1
57257,66249,PRESCRIBED,WEST,ALL VEHICLES,2022,PM PEAK,3009,-1,-1
57257,66249,COUNTER,EAST,ALL VEHICLES,2022,WEEKDAYS,9961,-1,-1
57257,66249,PRESCRIBED AND COUNTER,BOTH,LIGHT VEHICLES,2022,AM PEAK,3695,-1,-1
57257,66249,PRESCRIBED,WEST,HEAVY VEHICLES,2022,OFF PEAK,374,22,87
57257,66249,COUNTER,EAST,ALL VEHICLES,2022,OFF PEAK,4975,-1,-1
57257,66249,COUNTER,EAST,LIGHT VEHICLES,2022,PM PEAK,2101,62,84
57257,66249,PRESCRIBED,WEST,HEAVY VEHICLES,2022,WEEKENDS,347,-1,-1
57257,66249,COUNTER,EAST,LIGHT VEHICLES,2022,WEEKENDS,7277,-1,-1
57257,66249,PRESCRIBED,WEST,LIGHT VEHICLES,2022,OFF PEAK,4251,48,87
57257,66249,COUNTER,EAST,LIGHT VEHICLES,2022,OFF PEAK,4391,50,84
57257,66249,COUNTER,EAST,HEAVY VEHICLES,2022,OFF PEAK,584,28,86
57257,66249,PRESCRIBED AND COUNTER,BOTH,HEAVY VEHICLES,2022,AM PEAK,500,-1,-1
57257,66249,PRESCRIBED AND COUNTER,BOTH,HEAVY VEHICLES,2022,WEEKDAYS,1864,-1,-1
57257,66249,PRESCRIBED AND COUNTER,BOTH,ALL VEHICLES,2022,ALL DAYS,18402,-1,-1
57257,66249,COUNTER,EAST,LIGHT VEHICLES,2022,AM PEAK,2338,67,87
57257,66249,PRESCRIBED AND COUNTER,BOTH,ALL VEHICLES,2022,PM PEAK,5329,-1,-1
57257,66249,COUNTER,EAST,HEAVY VEHICLES,2022,AM PEAK,328,44,88
57257,66249,PRESCRIBED AND COUNTER,BOTH,ALL VEHICLES,2022,OFF PEAK,9600,-1,-1
57257,66249,PRESCRIBED AND COUNTER,BOTH,LIGHT VEHICLES,2022,WEEKENDS,14649,-1,-1
57257,66249,COUNTER,EAST,LIGHT VEHICLES,2022,WEEKDAYS,8830,-1,-1
57257,66249,PRESCRIBED,WEST,HEAVY VEHICLES,2022,ALL DAYS,636,22,91
57257,66249,COUNTER,EAST,ALL VEHICLES,2022,PM PEAK,2320,-1,-1
57257,66249,PRESCRIBED,WEST,LIGHT VEHICLES,2022,AM PEAK,1357,54,87
57257,66249,PRESCRIBED,WEST,ALL VEHICLES,2022,OFF PEAK,4625,-1,-1
57257,66249,PRESCRIBED AND COUNTER,BOTH,HEAVY VEHICLES,2022,PM PEAK,406,-1,-1
57268,68025,PRESCRIBED AND COUNTER,BOTH,ALL VEHICLES,2022,WEEKENDS,28969,-1,-1
57268,68025,PRESCRIBED AND COUNTER,BOTH,HEAVY VEHICLES,2022,PM PEAK,431,-1,-1
57268,68025,PRESCRIBED,WEST,HEAVY VEHICLES,2022,WEEKENDS,519,-1,-1
57268,68025,PRESCRIBED,WEST,LIGHT VEHICLES,2022,AM PEAK,2703,56,70
57268,68025,COUNTER,EAST,HEAVY VEHICLES,2022,AM PEAK,326,40,86
57268,68025,COUNTER,EAST,LIGHT VEHICLES,2022,WEEKDAYS,14586,-1,-1
57268,68025,PRESCRIBED,WEST,HEAVY VEHICLES,2022,AM PEAK,259,31,70
57268,68025,PRESCRIBED,WEST,ALL VEHICLES,2022,ALL DAYS,17507,-1,-1
57268,68025,PRESCRIBED,WEST,ALL VEHICLES,2022,AM PEAK,2962,-1,-1
57268,68025,PRESCRIBED,WEST,ALL VEHICLES,2022,WEEKDAYS,16733,-1,-1
57268,68025,COUNTER,EAST,ALL VEHICLES,2022,WEEKDAYS,15512,-1,-1
57268,68025,PRESCRIBED AND COUNTER,BOTH,LIGHT VEHICLES,2022,WEEKDAYS,30224,-1,-1
57268,68025,PRESCRIBED,WEST,LIGHT VEHICLES,2022,OFF PEAK,8061,45,71
57268,68025,COUNTER,EAST,HEAVY VEHICLES,2022,ALL DAYS,800,21,90
57268,68025,COUNTER,EAST,ALL VEHICLES,2022,ALL DAYS,15219,-1,-1
57268,68025,PRESCRIBED AND COUNTER,BOTH,ALL VEHICLES,2022,OFF PEAK,16059,-1,-1
57268,68025,PRESCRIBED,WEST,ALL VEHICLES,2022,OFF PEAK,8636,-1,-1
57268,68025,PRESCRIBED AND COUNTER,BOTH,HEAVY VEHICLES,2022,WEEKDAYS,2021,-1,-1
57268,68025,PRESCRIBED AND COUNTER,BOTH,LIGHT VEHICLES,2022,ALL DAYS,30932,-1,-1
57268,68025,PRESCRIBED AND COUNTER,BOTH,HEAVY VEHICLES,2022,OFF PEAK,1005,-1,-1
57268,68025,PRESCRIBED AND COUNTER,BOTH,HEAVY VEHICLES,2022,WEEKENDS,939,-1,-1
57268,68025,COUNTER,EAST,LIGHT VEHICLES,2022,PM PEAK,3591,67,82
57268,68025,COUNTER,EAST,HEAVY VEHICLES,2022,WEEKENDS,420,-1,-1
57268,68025,COUNTER,EAST,ALL VEHICLES,2022,WEEKENDS,13503,-1,-1
57268,68025,PRESCRIBED,WEST,LIGHT VEHICLES,2022,ALL DAYS,16513,48,81
57268,68025,PRESCRIBED AND COUNTER,BOTH,HEAVY VEHICLES,2022,ALL DAYS,1794,-1,-1
57268,68025,PRESCRIBED AND COUNTER,BOTH,ALL VEHICLES,2022,PM PEAK,8896,-1,-1
57268,68025,PRESCRIBED AND COUNTER,BOTH,LIGHT VEHICLES,2022,AM PEAK,6705,-1,-1
57268,68025,PRESCRIBED,WEST,ALL VEHICLES,2022,PM PEAK,5135,-1,-1
57268,68025,COUNTER,EAST,LIGHT VEHICLES,2022,AM PEAK,4002,67,85
57268,68025,PRESCRIBED AND COUNTER,BOTH,ALL VEHICLES,2022,ALL DAYS,32726,-1,-1
57268,68025,PRESCRIBED AND COUNTER,BOTH,ALL VEHICLES,2022,AM PEAK,7290,-1,-1
57268,68025,PRESCRIBED,WEST,HEAVY VEHICLES,2022,WEEKDAYS,1095,-1,-1
57268,68025,COUNTER,EAST,LIGHT VEHICLES,2022,WEEKENDS,13083,-1,-1
57268,68025,PRESCRIBED,WEST,HEAVY VEHICLES,2022,ALL DAYS,994,20,81
57268,68025,PRESCRIBED,WEST,LIGHT VEHICLES,2022,WEEKDAYS,15638,-1,-1
57268,68025,COUNTER,EAST,HEAVY VEHICLES,2022,WEEKDAYS,926,-1,-1
57268,68025,COUNTER,EAST,ALL VEHICLES,2022,OFF PEAK,7423,-1,-1
57268,68025,PRESCRIBED,WEST,ALL VEHICLES,2022,WEEKENDS,15466,-1,-1
57268,68025,COUNTER,EAST,ALL VEHICLES,2022,AM PEAK,4328,-1,-1
57268,68025,PRESCRIBED AND COUNTER,BOTH,LIGHT VEHICLES,2022,PM PEAK,8465,-1,-1
57268,68025,COUNTER,EAST,HEAVY VEHICLES,2022,PM PEAK,170,23,82
57268,68025,COUNTER,EAST,HEAVY VEHICLES,2022,OFF PEAK,430,21,84
57268,68025,PRESCRIBED,WEST,HEAVY VEHICLES,2022,OFF PEAK,575,21,69
57268,68025,COUNTER,EAST,LIGHT VEHICLES,2022,ALL DAYS,14419,54,90
57268,68025,PRESCRIBED,WEST,LIGHT VEHICLES,2022,WEEKENDS,14947,-1,-1
57268,68025,PRESCRIBED AND COUNTER,BOTH,ALL VEHICLES,2022,WEEKDAYS,32245,-1,-1
57268,68025,PRESCRIBED AND COUNTER,BOTH,HEAVY VEHICLES,2022,AM PEAK,585,-1,-1
57268,68025,PRESCRIBED,WEST,HEAVY VEHICLES,2022,PM PEAK,261,26,71
57268,68025,COUNTER,EAST,ALL VEHICLES,2022,PM PEAK,3761,-1,-1
57268,68025,PRESCRIBED AND COUNTER,BOTH,LIGHT VEHICLES,2022,WEEKENDS,28030,-1,-1
57268,68025,PRESCRIBED,WEST,LIGHT VEHICLES,2022,PM PEAK,4874,62,71
57268,68025,COUNTER,EAST,LIGHT VEHICLES,2022,OFF PEAK,6993,51,83
57268,68025,PRESCRIBED AND COUNTER,BOTH,LIGHT VEHICLES,2022,OFF PEAK,15054,-1,-1
57368,72027,COUNTER,SOUTH,HEAVY VEHICLES,2022,ALL DAYS,1277,25,88
57368,72027,PRESCRIBED AND COUNTER,BOTH,HEAVY VEHICLES,2022,AM PEAK,935,-1,-1
57368,72027,PRESCRIBED,NORTH,ALL VEHICLES,2022,WEEKENDS,16724,-1,-1
57368,72027,COUNTER,SOUTH,HEAVY VEHICLES,2022,AM PEAK,520,43,84
57368,72027,PRESCRIBED,NORTH,ALL VEHICLES,2022,WEEKDAYS,21224,-1,-1
57368,72027,COUNTER,SOUTH,ALL VEHICLES,2022,PM PEAK,5572,-1,-1
57368,72027,COUNTER,SOUTH,LIGHT VEHICLES,2022,PM PEAK,5268,73,81
57368,72027,PRESCRIBED AND COUNTER,BOTH,LIGHT VEHICLES,2022,AM PEAK,9761,-1,-1
57368,72027,PRESCRIBED AND COUNTER,BOTH,LIGHT VEHICLES,2022,OFF PEAK,15865,-1,-1
57368,72027,PRESCRIBED,NORTH,HEAVY VEHICLES,2022,WEEKENDS,626,-1,-1
57368,72027,PRESCRIBED,NORTH,LIGHT VEHICLES,2022,PM PEAK,6484,75,81
57368,72027,PRESCRIBED AND COUNTER,BOTH,LIGHT VEHICLES,2022,WEEKDAYS,37378,-1,-1
57368,72027,COUNTER,SOUTH,LIGHT VEHICLES,2022,AM PEAK,4871,76,84
57368,72027,PRESCRIBED AND COUNTER,BOTH,ALL VEHICLES,2022,PM PEAK,12470,-1,-1
57368,72027,PRESCRIBED AND COUNTER,BOTH,HEAVY VEHICLES,2022,WEEKENDS,1199,-1,-1
57368,72027,PRESCRIBED AND COUNTER,BOTH,HEAVY VEHICLES,2022,PM PEAK,718,-1,-1
57368,72027,PRESCRIBED,NORTH,LIGHT VEHICLES,2022,AM PEAK,4890,73,83
57368,72027,COUNTER,SOUTH,HEAVY VEHICLES,2022,OFF PEAK,686,25,82
57368,72027,PRESCRIBED AND COUNTER,BOTH,ALL VEHICLES,2022,AM PEAK,10696,-1,-1
57368,72027,COUNTER,SOUTH,ALL VEHICLES,2022,WEEKENDS,14874,-1,-1
57368,72027,COUNTER,SOUTH,ALL VEHICLES,2022,OFF PEAK,8305,-1,-1
57368,72027,PRESCRIBED,NORTH,HEAVY VEHICLES,2022,AM PEAK,415,40,83
57368,72027,COUNTER,SOUTH,LIGHT VEHICLES,2022,WEEKENDS,14301,-1,-1
57368,72027,PRESCRIBED AND COUNTER,BOTH,LIGHT VEHICLES,2022,WEEKENDS,30399,-1,-1
57368,72027,COUNTER,SOUTH,HEAVY VEHICLES,2022,WEEKENDS,573,-1,-1
57368,72027,COUNTER,SOUTH,ALL VEHICLES,2022,AM PEAK,5391,-1,-1
57368,72027,PRESCRIBED,NORTH,ALL VEHICLES,2022,ALL DAYS,20390,-1,-1
57368,72027,COUNTER,SOUTH,LIGHT VEHICLES,2022,ALL DAYS,17162,60,87
57368,72027,PRESCRIBED,NORTH,ALL VEHICLES,2022,PM PEAK,6898,-1,-1
57368,72027,PRESCRIBED AND COUNTER,BOTH,LIGHT VEHICLES,2022,PM PEAK,11752,-1,-1
57368,72027,PRESCRIBED,NORTH,LIGHT VEHICLES,2022,WEEKENDS,16098,-1,-1
57368,72027,COUNTER,SOUTH,LIGHT VEHICLES,2022,WEEKDAYS,17758,-1,-1
57368,72027,PRESCRIBED AND COUNTER,BOTH,ALL VEHICLES,2022,ALL DAYS,38829,-1,-1
57368,72027,PRESCRIBED,NORTH,ALL VEHICLES,2022,AM PEAK,5305,-1,-1
57368,72027,COUNTER,SOUTH,ALL VEHICLES,2022,ALL DAYS,18439,-1,-1
57368,72027,PRESCRIBED,NORTH,LIGHT VEHICLES,2022,WEEKDAYS,19620,-1,-1
57368,72027,PRESCRIBED,NORTH,HEAVY VEHICLES,2022,ALL DAYS,1363,24,87
57368,72027,PRESCRIBED,NORTH,ALL VEHICLES,2022,OFF PEAK,9021,-1,-1
57368,72027,PRESCRIBED AND COUNTER,BOTH,HEAVY VEHICLES,2022,OFF PEAK,1461,-1,-1
57368,72027,PRESCRIBED,NORTH,LIGHT VEHICLES,2022,OFF PEAK,8246,55,81
57368,72027,PRESCRIBED,NORTH,HEAVY VEHICLES,2022,OFF PEAK,775,23,82
57368,72027,COUNTER,SOUTH,HEAVY VEHICLES,2022,PM PEAK,304,30,81
57368,72027,PRESCRIBED AND COUNTER,BOTH,HEAVY VEHICLES,2022,WEEKDAYS,3114,-1,-1
57368,72027,PRESCRIBED AND COUNTER,BOTH,ALL VEHICLES,2022,WEEKDAYS,40492,-1,-1
57368,72027,COUNTER,SOUTH,LIGHT VEHICLES,2022,OFF PEAK,7619,55,81
57368,72027,COUNTER,SOUTH,HEAVY VEHICLES,2022,WEEKDAYS,1510,-1,-1
57368,72027,PRESCRIBED,NORTH,HEAVY VEHICLES,2022,WEEKDAYS,1604,-1,-1
57368,72027,PRESCRIBED,NORTH,HEAVY VEHICLES,2022,PM PEAK,414,34,81
57368,72027,PRESCRIBED AND COUNTER,BOTH,ALL VEHICLES,2022,OFF PEAK,17326,-1,-1
57368,72027,COUNTER,SOUTH,ALL VEHICLES,2022,WEEKDAYS,19268,-1,-1
57368,72027,PRESCRIBED,NORTH,LIGHT VEHICLES,2022,ALL DAYS,19027,60,86
57368,72027,PRESCRIBED AND COUNTER,BOTH,HEAVY VEHICLES,2022,ALL DAYS,2640,-1,-1
57368,72027,PRESCRIBED AND COUNTER,BOTH,ALL VEHICLES,2022,WEEKENDS,31598,-1,-1
57368,72027,PRESCRIBED AND COUNTER,BOTH,LIGHT VEHICLES,2022,ALL DAYS,36189,-1,-1
57439,74228,PRESCRIBED AND COUNTER,BOTH,ALL VEHICLES,2022,WEEKDAYS,29543,-1,-1
57439,74228,COUNTER,SOUTH,ALL VEHICLES,2022,WEEKDAYS,15904,-1,-1
57439,74228,COUNTER,SOUTH,LIGHT VEHICLES,2022,AM PEAK,4422,54,85
57439,74228,PRESCRIBED,NORTH,LIGHT VEHICLES,2022,OFF PEAK,6062,40,85
57439,74228,PRESCRIBED,NORTH,ALL VEHICLES,2022,WEEKENDS,12858,-1,-1
57439,74228,PRESCRIBED,NORTH,LIGHT VEHICLES,2022,WEEKENDS,12186,-1,-1
57439,74228,COUNTER,SOUTH,LIGHT VEHICLES,2022,PM PEAK,3798,53,83
57439,74228,PRESCRIBED AND COUNTER,BOTH,LIGHT VEHICLES,2022,WEEKDAYS,26693,-1,-1
57439,74228,COUNTER,SOUTH,HEAVY VEHICLES,2022,PM PEAK,274,21,83
57439,74228,PRESCRIBED AND COUNTER,BOTH,ALL VEHICLES,2022,PM PEAK,7941,-1,-1
57439,74228,PRESCRIBED,NORTH,HEAVY VEHICLES,2022,PM PEAK,309,22,84
57439,74228,PRESCRIBED AND COUNTER,BOTH,LIGHT VEHICLES,2022,OFF PEAK,12328,-1,-1
57439,74228,PRESCRIBED,NORTH,HEAVY VEHICLES,2022,OFF PEAK,710,16,85
57439,74228,PRESCRIBED AND COUNTER,BOTH,LIGHT VEHICLES,2022,ALL DAYS,27190,-1,-1
57439,74228,PRESCRIBED,NORTH,ALL VEHICLES,2022,AM PEAK,2998,-1,-1
57439,74228,PRESCRIBED,NORTH,ALL VEHICLES,2022,WEEKDAYS,13639,-1,-1
57439,74228,COUNTER,SOUTH,HEAVY VEHICLES,2022,ALL DAYS,1227,17,89
57439,74228,PRESCRIBED AND COUNTER,BOTH,HEAVY VEHICLES,2022,PM PEAK,583,-1,-1
57439,74228,PRESCRIBED AND COUNTER,BOTH,HEAVY VEHICLES,2022,ALL DAYS,2497,-1,-1
57439,74228,COUNTER,SOUTH,ALL VEHICLES,2022,OFF PEAK,6923,-1,-1
57439,74228,PRESCRIBED AND COUNTER,BOTH,LIGHT VEHICLES,2022,WEEKENDS,25559,-1,-1
57439,74228,COUNTER,SOUTH,ALL VEHICLES,2022,WEEKENDS,13940,-1,-1
57439,74228,COUNTER,SOUTH,LIGHT VEHICLES,2022,OFF PEAK,6266,41,83
57439,74228,PRESCRIBED,NORTH,ALL VEHICLES,2022,OFF PEAK,6772,-1,-1
57439,74228,PRESCRIBED,NORTH,LIGHT VEHICLES,2022,AM PEAK,2585,52,86
57439,74228,COUNTER,SOUTH,ALL VEHICLES,2022,ALL DAYS,15801,-1,-1
57439,74228,COUNTER,SOUTH,ALL VEHICLES,2022,AM PEAK,4909,-1,-1
57439,74228,PRESCRIBED,NORTH,ALL VEHICLES,2022,ALL DAYS,13886,-1,-1
57439,74228,PRESCRIBED AND COUNTER,BOTH,LIGHT VEHICLES,2022,AM PEAK,7007,-1,-1
57439,74228,COUNTER,SOUTH,LIGHT VEHICLES,2022,WEEKDAYS,14486,-1,-1
57439,74228,COUNTER,SOUTH,LIGHT VEHICLES,2022,ALL DAYS,14574,46,88
57439,74228,COUNTER,SOUTH,ALL VEHICLES,2022,PM PEAK,4072,-1,-1
57439,74228,COUNTER,SOUTH,HEAVY VEHICLES,2022,AM PEAK,487,33,86
57439,74228,PRESCRIBED AND COUNTER,BOTH,ALL VEHICLES,2022,ALL DAYS,29687,-1,-1
57439,74228,PRESCRIBED AND COUNTER,BOTH,ALL VEHICLES,2022,AM PEAK,7907,-1,-1
57439,74228,PRESCRIBED,NORTH,LIGHT VEHICLES,2022,WEEKDAYS,12207,-1,-1
57439,74228,PRESCRIBED,NORTH,ALL VEHICLES,2022,PM PEAK,3869,-1,-1
57439,74228,PRESCRIBED AND COUNTER,BOTH,HEAVY VEHICLES,2022,AM PEAK,900,-1,-1
57439,74228,PRESCRIBED,NORTH,HEAVY VEHICLES,2022,WEEKDAYS,1432,-1,-1
57439,74228,PRESCRIBED,NORTH,HEAVY VEHICLES,2022,WEEKENDS,672,-1,-1
57439,74228,COUNTER,SOUTH,HEAVY VEHICLES,2022,WEEKDAYS,1418,-1,-1
57439,74228,PRESCRIBED,NORTH,LIGHT VEHICLES,2022,PM PEAK,3560,52,84
57439,74228,PRESCRIBED,NORTH,HEAVY VEHICLES,2022,AM PEAK,413,29,85
57439,74228,PRESCRIBED AND COUNTER,BOTH,HEAVY VEHICLES,2022,WEEKENDS,1239,-1,-1
57439,74228,COUNTER,SOUTH,HEAVY VEHICLES,2022,OFF PEAK,657,18,84
57439,74228,PRESCRIBED AND COUNTER,BOTH,ALL VEHICLES,2022,OFF PEAK,13695,-1,-1
57439,74228,COUNTER,SOUTH,HEAVY VEHICLES,2022,WEEKENDS,567,-1,-1
57439,74228,PRESCRIBED AND COUNTER,BOTH,HEAVY VEHICLES,2022,WEEKDAYS,2850,-1,-1
57439,74228,PRESCRIBED,NORTH,HEAVY VEHICLES,2022,ALL DAYS,1270,17,88
57439,74228,PRESCRIBED,NORTH,LIGHT VEHICLES,2022,ALL DAYS,12616,44,89
57439,74228,PRESCRIBED AND COUNTER,BOTH,ALL VEHICLES,2022,WEEKENDS,26798,-1,-1
57439,74228,PRESCRIBED AND COUNTER,BOTH,HEAVY VEHICLES,2022,OFF PEAK,1367,-1,-1
57439,74228,COUNTER,SOUTH,LIGHT VEHICLES,2022,WEEKENDS,13373,-1,-1
57439,74228,PRESCRIBED AND COUNTER,BOTH,LIGHT VEHICLES,2022,PM PEAK,7358,-1,-1
57440,74229,COUNTER,SOUTH,LIGHT VEHICLES,2022,OFF PEAK,5854,59,97
57440,74229,COUNTER,SOUTH,HEAVY VEHICLES,2022,ALL DAYS,812,22,98
57440,74229,COUNTER,SOUTH,ALL VEHICLES,2022,ALL DAYS,14141,-1,-1
57440,74229,PRESCRIBED AND COUNTER,BOTH,HEAVY VEHICLES,2022,OFF PEAK,918,-1,-1
57440,74229,PRESCRIBED AND COUNTER,BOTH,LIGHT VEHICLES,2022,OFF PEAK,12377,-1,-1
57440,74229,COUNTER,SOUTH,ALL VEHICLES,2022,WEEKENDS,12856,-1,-1
57440,74229,PRESCRIBED AND COUNTER,BOTH,HEAVY VEHICLES,2022,WEEKENDS,841,-1,-1
57440,74229,PRESCRIBED,NORTH,HEAVY VEHICLES,2022,WEEKDAYS,866,-1,-1
57440,74229,PRESCRIBED AND COUNTER,BOTH,ALL VEHICLES,2022,ALL DAYS,28554,-1,-1
57440,74229,PRESCRIBED,NORTH,LIGHT VEHICLES,2022,WEEKDAYS,13978,-1,-1
57440,74229,COUNTER,SOUTH,HEAVY VEHICLES,2022,PM PEAK,189,20,97
57440,74229,PRESCRIBED AND COUNTER,BOTH,LIGHT VEHICLES,2022,WEEKDAYS,27650,-1,-1
57440,74229,PRESCRIBED,NORTH,LIGHT VEHICLES,2022,OFF PEAK,6523,65,95
57440,74229,COUNTER,SOUTH,LIGHT VEHICLES,2022,WEEKENDS,12417,-1,-1
57440,74229,PRESCRIBED,NORTH,HEAVY VEHICLES,2022,AM PEAK,239,33,96
57440,74229,PRESCRIBED AND COUNTER,BOTH,ALL VEHICLES,2022,AM PEAK,7922,-1,-1
57440,74229,PRESCRIBED,NORTH,ALL VEHICLES,2022,PM PEAK,4888,-1,-1
57440,74229,COUNTER,SOUTH,ALL VEHICLES,2022,AM PEAK,4933,-1,-1
57440,74229,COUNTER,SOUTH,ALL VEHICLES,2022,OFF PEAK,6328,-1,-1
57440,74229,PRESCRIBED,NORTH,HEAVY VEHICLES,2022,OFF PEAK,444,22,96
57440,74229,PRESCRIBED AND COUNTER,BOTH,ALL VEHICLES,2022,PM PEAK,8266,-1,-1
57440,74229,PRESCRIBED,NORTH,LIGHT VEHICLES,2022,ALL DAYS,13682,71,97
57440,74229,PRESCRIBED AND COUNTER,BOTH,LIGHT VEHICLES,2022,ALL DAYS,27011,-1,-1
57440,74229,COUNTER,SOUTH,LIGHT VEHICLES,2022,AM PEAK,4629,80,97
57440,74229,PRESCRIBED,NORTH,LIGHT VEHICLES,2022,PM PEAK,4705,85,95
57440,74229,COUNTER,SOUTH,LIGHT VEHICLES,2022,ALL DAYS,13329,64,98
57440,74229,PRESCRIBED,NORTH,HEAVY VEHICLES,2022,WEEKENDS,402,-1,-1
57440,74229,COUNTER,SOUTH,LIGHT VEHICLES,2022,PM PEAK,3189,69,97
57440,74229,PRESCRIBED AND COUNTER,BOTH,LIGHT VEHICLES,2022,AM PEAK,7379,-1,-1
57440,74229,PRESCRIBED AND COUNTER,BOTH,LIGHT VEHICLES,2022,WEEKENDS,25259,-1,-1
57440,74229,PRESCRIBED AND COUNTER,BOTH,HEAVY VEHICLES,2022,ALL DAYS,1543,-1,-1
57440,74229,COUNTER,SOUTH,HEAVY VEHICLES,2022,WEEKDAYS,967,-1,-1
57440,74229,PRESCRIBED,NORTH,LIGHT VEHICLES,2022,AM PEAK,2750,83,95
57440,74229,COUNTER,SOUTH,HEAVY VEHICLES,2022,WEEKENDS,439,-1,-1
57440,74229,COUNTER,SOUTH,HEAVY VEHICLES,2022,AM PEAK,304,43,97
57440,74229,COUNTER,SOUTH,ALL VEHICLES,2022,PM PEAK,3378,-1,-1
57440,74229,PRESCRIBED AND COUNTER,BOTH,ALL VEHICLES,2022,OFF PEAK,13295,-1,-1
57440,74229,PRESCRIBED,NORTH,ALL VEHICLES,2022,WEEKENDS,13244,-1,-1
57440,74229,PRESCRIBED,NORTH,LIGHT VEHICLES,2022,WEEKENDS,12842,-1,-1
57440,74229,PRESCRIBED,NORTH,ALL VEHICLES,2022,OFF PEAK,6967,-1,-1
57440,74229,PRESCRIBED AND COUNTER,BOTH,HEAVY VEHICLES,2022,WEEKDAYS,1833,-1,-1
57440,74229,PRESCRIBED,NORTH,HEAVY VEHICLES,2022,PM PEAK,183,26,96
57440,74229,PRESCRIBED,NORTH,HEAVY VEHICLES,2022,ALL DAYS,731,20,97
57440,74229,PRESCRIBED AND COUNTER,BOTH,LIGHT VEHICLES,2022,PM PEAK,7894,-1,-1
57440,74229,COUNTER,SOUTH,HEAVY VEHICLES,2022,OFF PEAK,474,23,97
57440,74229,PRESCRIBED AND COUNTER,BOTH,ALL VEHICLES,2022,WEEKENDS,26100,-1,-1
57440,74229,PRESCRIBED AND COUNTER,BOTH,ALL VEHICLES,2022,WEEKDAYS,29483,-1,-1
57440,74229,COUNTER,SOUTH,ALL VEHICLES,2022,WEEKDAYS,14639,-1,-1
57440,74229,COUNTER,SOUTH,LIGHT VEHICLES,2022,WEEKDAYS,13672,-1,-1
57440,74229,PRESCRIBED,NORTH,ALL VEHICLES,2022,WEEKDAYS,14844,-1,-1
57440,74229,PRESCRIBED AND COUNTER,BOTH,HEAVY VEHICLES,2022,AM PEAK,543,-1,-1
57440,74229,PRESCRIBED,NORTH,ALL VEHICLES,2022,AM PEAK,2989,-1,-1
57440,74229,PRESCRIBED AND COUNTER,BOTH,HEAVY VEHICLES,2022,PM PEAK,372,-1,-1
57440,74229,PRESCRIBED,NORTH,ALL VEHICLES,2022,ALL DAYS,14413,-1,-1
57535,87001,COUNTER,EAST,LIGHT VEHICLES,2022,ALL DAYS,11363,73,75
57535,87001,COUNTER,EAST,ALL VEHICLES,2022,WEEKDAYS,11071,-1,-1
57535,87001,COUNTER,EAST,ALL VEHICLES,2022,WEEKENDS,9788,-1,-1
57535,87001,COUNTER,EAST,LIGHT VEHICLES,2022,AM PEAK,2587,76,82
57535,87001,COUNTER,EAST,LIGHT VEHICLES,2022,WEEKENDS,9734,-1,-1
57535,87001,COUNTER,EAST,LIGHT VEHICLES,2022,WEEKDAYS,10976,-1,-1
57535,87001,COUNTER,EAST,ALL VEHICLES,2022,OFF PEAK,5495,-1,-1
57535,87001,COUNTER,EAST,HEAVY VEHICLES,2022,AM PEAK,26,31,80
57535,87001,COUNTER,EAST,LIGHT VEHICLES,2022,OFF PEAK,5445,69,83
57535,87001,COUNTER,EAST,HEAVY VEHICLES,2022,OFF PEAK,50,23,80
57535,87001,COUNTER,EAST,HEAVY VEHICLES,2022,WEEKENDS,54,-1,-1
57535,87001,COUNTER,EAST,HEAVY VEHICLES,2022,ALL DAYS,94,25,74
57535,87001,COUNTER,EAST,LIGHT VEHICLES,2022,PM PEAK,2944,85,83
57535,87001,COUNTER,EAST,ALL VEHICLES,2022,ALL DAYS,11457,-1,-1
57535,87001,COUNTER,EAST,HEAVY VEHICLES,2022,PM PEAK,19,32,81
57535,87001,COUNTER,EAST,HEAVY VEHICLES,2022,WEEKDAYS,95,-1,-1
57535,87001,COUNTER,EAST,ALL VEHICLES,2022,AM PEAK,2613,-1,-1
57535,87001,COUNTER,EAST,ALL VEHICLES,2022,PM PEAK,2963,-1,-1
58870,F3FWY001,PRESCRIBED,NORTH,ALL VEHICLES,2022,PM PEAK,13995,-1,-1
58870,F3FWY001,PRESCRIBED AND COUNTER,BOTH,HEAVY VEHICLES,2022,OFF PEAK,9444,-1,-1
58870,F3FWY001,PRESCRIBED AND COUNTER,BOTH,ALL VEHICLES,2022,OFF PEAK,43555,-1,-1
58870,F3FWY001,PRESCRIBED,NORTH,HEAVY VEHICLES,2022,AM PEAK,2174,19,89
58870,F3FWY001,PRESCRIBED,NORTH,ALL VEHICLES,2022,WEEKENDS,40962,-1,-1
58870,F3FWY001,PRESCRIBED,NORTH,ALL VEHICLES,2022,AM PEAK,9411,-1,-1
58870,F3FWY001,PRESCRIBED AND COUNTER,BOTH,LIGHT VEHICLES,2022,OFF PEAK,34111,-1,-1
58870,F3FWY001,COUNTER,SOUTH,ALL VEHICLES,2022,WEEKDAYS,44634,-1,-1
58870,F3FWY001,PRESCRIBED AND COUNTER,BOTH,LIGHT VEHICLES,2022,PM PEAK,20716,-1,-1
58870,F3FWY001,PRESCRIBED,NORTH,ALL VEHICLES,2022,WEEKDAYS,45736,-1,-1
58870,F3FWY001,PRESCRIBED AND COUNTER,BOTH,LIGHT VEHICLES,2022,ALL DAYS,76373,-1,-1
58870,F3FWY001,COUNTER,SOUTH,LIGHT VEHICLES,2022,WEEKENDS,41521,-1,-1
58870,F3FWY001,PRESCRIBED AND COUNTER,BOTH,ALL VEHICLES,2022,PM PEAK,23972,-1,-1
58870,F3FWY001,PRESCRIBED,NORTH,HEAVY VEHICLES,2022,PM PEAK,1866,17,89
58870,F3FWY001,COUNTER,SOUTH,ALL VEHICLES,2022,ALL DAYS,45494,-1,-1
58870,F3FWY001,PRESCRIBED AND COUNTER,BOTH,HEAVY VEHICLES,2022,WEEKENDS,7032,-1,-1
58870,F3FWY001,PRESCRIBED,NORTH,HEAVY VEHICLES,2022,WEEKDAYS,8912,-1,-1
58870,F3FWY001,COUNTER,SOUTH,HEAVY VEHICLES,2022,AM PEAK,2248,53,91
58870,F3FWY001,COUNTER,SOUTH,HEAVY VEHICLES,2022,OFF PEAK,4572,44,89
58870,F3FWY001,COUNTER,SOUTH,LIGHT VEHICLES,2022,OFF PEAK,16653,69,88
58870,F3FWY001,COUNTER,SOUTH,ALL VEHICLES,2022,WEEKENDS,44960,-1,-1
58870,F3FWY001,PRESCRIBED AND COUNTER,BOTH,ALL VEHICLES,2022,WEEKDAYS,90370,-1,-1
58870,F3FWY001,PRESCRIBED AND COUNTER,BOTH,ALL VEHICLES,2022,WEEKENDS,85922,-1,-1
58870,F3FWY001,COUNTER,SOUTH,LIGHT VEHICLES,2022,ALL DAYS,38574,71,92
58870,F3FWY001,PRESCRIBED,NORTH,LIGHT VEHICLES,2022,AM PEAK,7237,25,87
58870,F3FWY001,COUNTER,SOUTH,HEAVY VEHICLES,2022,ALL DAYS,6920,43,92
58870,F3FWY001,PRESCRIBED,NORTH,LIGHT VEHICLES,2022,PM PEAK,12129,24,87
58870,F3FWY001,PRESCRIBED AND COUNTER,BOTH,HEAVY VEHICLES,2022,ALL DAYS,14280,-1,-1
58870,F3FWY001,PRESCRIBED AND COUNTER,BOTH,LIGHT VEHICLES,2022,AM PEAK,18421,-1,-1
58870,F3FWY001,COUNTER,SOUTH,ALL VEHICLES,2022,OFF PEAK,21225,-1,-1
58870,F3FWY001,PRESCRIBED AND COUNTER,BOTH,HEAVY VEHICLES,2022,AM PEAK,4422,-1,-1
58870,F3FWY001,PRESCRIBED,NORTH,HEAVY VEHICLES,2022,ALL DAYS,7360,15,91
58870,F3FWY001,PRESCRIBED,NORTH,LIGHT VEHICLES,2022,OFF PEAK,17458,22,88
58870,F3FWY001,PRESCRIBED AND COUNTER,BOTH,LIGHT VEHICLES,2022,WEEKENDS,78890,-1,-1
58870,F3FWY001,PRESCRIBED AND COUNTER,BOTH,HEAVY VEHICLES,2022,WEEKDAYS,17122,-1,-1
58870,F3FWY001,COUNTER,SOUTH,ALL VEHICLES,2022,PM PEAK,9977,-1,-1
58870,F3FWY001,COUNTER,SOUTH,HEAVY VEHICLES,2022,WEEKENDS,3439,-1,-1
58870,F3FWY001,PRESCRIBED AND COUNTER,BOTH,ALL VEHICLES,2022,AM PEAK,22843,-1,-1
58870,F3FWY001,PRESCRIBED AND COUNTER,BOTH,LIGHT VEHICLES,2022,WEEKDAYS,73248,-1,-1
58870,F3FWY001,PRESCRIBED,NORTH,ALL VEHICLES,2022,OFF PEAK,22330,-1,-1
58870,F3FWY001,COUNTER,SOUTH,LIGHT VEHICLES,2022,WEEKDAYS,36424,-1,-1
58870,F3FWY001,COUNTER,SOUTH,HEAVY VEHICLES,2022,PM PEAK,1390,51,88
58870,F3FWY001,COUNTER,SOUTH,LIGHT VEHICLES,2022,AM PEAK,11184,76,90
58870,F3FWY001,PRESCRIBED,NORTH,HEAVY VEHICLES,2022,OFF PEAK,4872,15,89
58870,F3FWY001,COUNTER,SOUTH,ALL VEHICLES,2022,AM PEAK,13432,-1,-1
58870,F3FWY001,PRESCRIBED,NORTH,LIGHT VEHICLES,2022,WEEKENDS,37369,-1,-1
58870,F3FWY001,PRESCRIBED,NORTH,LIGHT VEHICLES,2022,WEEKDAYS,36824,-1,-1
58870,F3FWY001,PRESCRIBED AND COUNTER,BOTH,ALL VEHICLES,2022,ALL DAYS,90653,-1,-1
58870,F3FWY001,PRESCRIBED AND COUNTER,BOTH,HEAVY VEHICLES,2022,PM PEAK,3256,-1,-1
58870,F3FWY001,PRESCRIBED,NORTH,ALL VEHICLES,2022,ALL DAYS,45159,-1,-1
58870,F3FWY001,PRESCRIBED,NORTH,LIGHT VEHICLES,2022,ALL DAYS,37799,23,91
58870,F3FWY001,PRESCRIBED,NORTH,HEAVY VEHICLES,2022,WEEKENDS,3593,-1,-1
58870,F3FWY001,COUNTER,SOUTH,HEAVY VEHICLES,2022,WEEKDAYS,8210,-1,-1
58870,F3FWY001,COUNTER,SOUTH,LIGHT VEHICLES,2022,PM PEAK,8587,76,86
58874,F3FWY005,PRESCRIBED AND COUNTER,BOTH,LIGHT VEHICLES,2022,ALL DAYS,57896,-1,-1
58874,F3FWY005,COUNTER,SOUTH,HEAVY VEHICLES,2022,PM PEAK,1131,10,66
58874,F3FWY005,PRESCRIBED AND COUNTER,BOTH,HEAVY VEHICLES,2022,WEEKDAYS,10174,-1,-1
58874,F3FWY005,COUNTER,SOUTH,LIGHT VEHICLES,2022,WEEKENDS,32921,-1,-1
58874,F3FWY005,PRESCRIBED,NORTH,ALL VEHICLES,2022,AM PEAK,3977,-1,-1
58874,F3FWY005,PRESCRIBED AND COUNTER,BOTH,ALL VEHICLES,2022,PM PEAK,19064,-1,-1
58874,F3FWY005,PRESCRIBED AND COUNTER,BOTH,HEAVY VEHICLES,2022,WEEKENDS,5057,-1,-1
58874,F3FWY005,COUNTER,SOUTH,HEAVY VEHICLES,2022,AM PEAK,944,5,63
58874,F3FWY005,PRESCRIBED,NORTH,LIGHT VEHICLES,2022,WEEKENDS,28851,-1,-1
58874,F3FWY005,COUNTER,SOUTH,ALL VEHICLES,2022,AM PEAK,5326,-1,-1
58874,F3FWY005,PRESCRIBED AND COUNTER,BOTH,HEAVY VEHICLES,2022,OFF PEAK,5949,-1,-1
58874,F3FWY005,PRESCRIBED AND COUNTER,BOTH,LIGHT VEHICLES,2022,PM PEAK,16648,-1,-1
58874,F3FWY005,PRESCRIBED AND COUNTER,BOTH,ALL VEHICLES,2022,AM PEAK,9303,-1,-1
58874,F3FWY005,PRESCRIBED AND COUNTER,BOTH,LIGHT VEHICLES,2022,OFF PEAK,24512,-1,-1
58874,F3FWY005,COUNTER,SOUTH,HEAVY VEHICLES,2022,WEEKDAYS,5119,-1,-1
58874,F3FWY005,COUNTER,SOUTH,ALL VEHICLES,2022,WEEKENDS,35737,-1,-1
58874,F3FWY005,PRESCRIBED,NORTH,LIGHT VEHICLES,2022,WEEKDAYS,26002,-1,-1
58874,F3FWY005,PRESCRIBED AND COUNTER,BOTH,ALL VEHICLES,2022,WEEKDAYS,58828,-1,-1
58874,F3FWY005,COUNTER,SOUTH,ALL VEHICLES,2022,PM PEAK,7603,-1,-1
58874,F3FWY005,PRESCRIBED,NORTH,ALL VEHICLES,2022,PM PEAK,11461,-1,-1
58874,F3FWY005,PRESCRIBED,NORTH,HEAVY VEHICLES,2022,PM PEAK,1285,11,80
58874,F3FWY005,PRESCRIBED,NORTH,HEAVY VEHICLES,2022,WEEKDAYS,5055,-1,-1
58874,F3FWY005,PRESCRIBED AND COUNTER,BOTH,LIGHT VEHICLES,2022,WEEKENDS,61772,-1,-1
58874,F3FWY005,PRESCRIBED,NORTH,HEAVY VEHICLES,2022,WEEKENDS,2241,-1,-1
58874,F3FWY005,COUNTER,SOUTH,LIGHT VEHICLES,2022,WEEKDAYS,22652,-1,-1
58874,F3FWY005,PRESCRIBED AND COUNTER,BOTH,ALL VEHICLES,2022,ALL DAYS,67983,-1,-1
58874,F3FWY005,PRESCRIBED,NORTH,LIGHT VEHICLES,2022,ALL DAYS,28680,11,44
58874,F3FWY005,PRESCRIBED,NORTH,LIGHT VEHICLES,2022,AM PEAK,3112,10,79
58874,F3FWY005,PRESCRIBED AND COUNTER,BOTH,HEAVY VEHICLES,2022,ALL DAYS,10087,-1,-1
58874,F3FWY005,PRESCRIBED AND COUNTER,BOTH,LIGHT VEHICLES,2022,WEEKDAYS,48654,-1,-1
58874,F3FWY005,PRESCRIBED,NORTH,ALL VEHICLES,2022,WEEKENDS,31092,-1,-1
58874,F3FWY005,PRESCRIBED,NORTH,LIGHT VEHICLES,2022,OFF PEAK,12714,10,83
58874,F3FWY005,PRESCRIBED,NORTH,HEAVY VEHICLES,2022,ALL DAYS,4834,6,44
58874,F3FWY005,COUNTER,SOUTH,ALL VEHICLES,2022,ALL DAYS,34469,-1,-1
58874,F3FWY005,COUNTER,SOUTH,HEAVY VEHICLES,2022,WEEKENDS,2816,-1,-1
58874,F3FWY005,PRESCRIBED AND COUNTER,BOTH,LIGHT VEHICLES,2022,AM PEAK,7494,-1,-1
58874,F3FWY005,PRESCRIBED,NORTH,HEAVY VEHICLES,2022,AM PEAK,865,6,76
58874,F3FWY005,PRESCRIBED AND COUNTER,BOTH,HEAVY VEHICLES,2022,AM PEAK,1809,-1,-1
58874,F3FWY005,PRESCRIBED,NORTH,ALL VEHICLES,2022,OFF PEAK,15619,-1,-1
58874,F3FWY005,PRESCRIBED AND COUNTER,BOTH,ALL VEHICLES,2022,OFF PEAK,30461,-1,-1
58874,F3FWY005,COUNTER,SOUTH,ALL VEHICLES,2022,WEEKDAYS,27771,-1,-1
58874,F3FWY005,COUNTER,SOUTH,LIGHT VEHICLES,2022,ALL DAYS,29216,11,42
58874,F3FWY005,COUNTER,SOUTH,LIGHT VEHICLES,2022,AM PEAK,4382,10,62
58874,F3FWY005,COUNTER,SOUTH,LIGHT VEHICLES,2022,PM PEAK,6472,16,64
58874,F3FWY005,COUNTER,SOUTH,HEAVY VEHICLES,2022,ALL DAYS,5253,6,41
58874,F3FWY005,COUNTER,SOUTH,HEAVY VEHICLES,2022,OFF PEAK,3044,6,68
58874,F3FWY005,COUNTER,SOUTH,ALL VEHICLES,2022,OFF PEAK,14842,-1,-1
58874,F3FWY005,PRESCRIBED AND COUNTER,BOTH,ALL VEHICLES,2022,WEEKENDS,66829,-1,-1
58874,F3FWY005,PRESCRIBED,NORTH,ALL VEHICLES,2022,WEEKDAYS,31057,-1,-1
58874,F3FWY005,PRESCRIBED AND COUNTER,BOTH,HEAVY VEHICLES,2022,PM PEAK,2416,-1,-1
58874,F3FWY005,COUNTER,SOUTH,LIGHT VEHICLES,2022,OFF PEAK,11798,10,65
58874,F3FWY005,PRESCRIBED,NORTH,ALL VEHICLES,2022,ALL DAYS,33514,-1,-1
58874,F3FWY005,PRESCRIBED,NORTH,LIGHT VEHICLES,2022,PM PEAK,10176,16,83
58874,F3FWY005,PRESCRIBED,NORTH,HEAVY VEHICLES,2022,OFF PEAK,2905,6,80
15154104,7270,PRESCRIBED,NORTH,HEAVY VEHICLES,2022,AM PEAK,913,39,89
15154104,7270,PRESCRIBED,NORTH,HEAVY VEHICLES,2022,ALL DAYS,2478,26,91
15154104,7270,PRESCRIBED,NORTH,ALL VEHICLES,2022,ALL DAYS,25288,-1,-1
15154104,7270,PRESCRIBED,NORTH,ALL VEHICLES,2022,AM PEAK,6808,-1,-1
15154104,7270,PRESCRIBED,NORTH,ALL VEHICLES,2022,WEEKENDS,22967,-1,-1
15154104,7270,PRESCRIBED,NORTH,HEAVY VEHICLES,2022,WEEKDAYS,2889,-1,-1
15154104,7270,PRESCRIBED,NORTH,ALL VEHICLES,2022,OFF PEAK,12710,-1,-1
15154104,7270,PRESCRIBED,NORTH,LIGHT VEHICLES,2022,WEEKDAYS,22391,-1,-1
15154104,7270,PRESCRIBED,NORTH,ALL VEHICLES,2022,PM PEAK,5762,-1,-1
15154104,7270,PRESCRIBED,NORTH,HEAVY VEHICLES,2022,PM PEAK,416,32,86
15154104,7270,PRESCRIBED,NORTH,LIGHT VEHICLES,2022,OFF PEAK,11150,54,86
15154104,7270,PRESCRIBED,NORTH,LIGHT VEHICLES,2022,AM PEAK,5895,69,88
15154104,7270,PRESCRIBED,NORTH,LIGHT VEHICLES,2022,PM PEAK,5346,69,85
15154104,7270,PRESCRIBED,NORTH,LIGHT VEHICLES,2022,WEEKENDS,21724,-1,-1
15154104,7270,PRESCRIBED,NORTH,HEAVY VEHICLES,2022,OFF PEAK,1560,28,87
15154104,7270,PRESCRIBED,NORTH,HEAVY VEHICLES,2022,WEEKENDS,1243,-1,-1
15154104,7270,PRESCRIBED,NORTH,ALL VEHICLES,2022,WEEKDAYS,25280,-1,-1
15154104,7270,PRESCRIBED,NORTH,LIGHT VEHICLES,2022,ALL DAYS,22810,57,91
15252028,7112,PRESCRIBED,NORTH,ALL VEHICLES,2022,WEEKENDS,17392,-1,-1
15252028,7112,PRESCRIBED,NORTH,LIGHT VEHICLES,2022,OFF PEAK,9045,38,87
15252028,7112,PRESCRIBED,NORTH,LIGHT VEHICLES,2022,ALL DAYS,18627,39,90
15252028,7112,PRESCRIBED,NORTH,ALL VEHICLES,2022,PM PEAK,5211,-1,-1
15252028,7112,PRESCRIBED,NORTH,LIGHT VEHICLES,2022,WEEKENDS,16605,-1,-1
15252028,7112,PRESCRIBED,NORTH,LIGHT VEHICLES,2022,PM PEAK,4870,44,86
15252028,7112,PRESCRIBED,NORTH,ALL VEHICLES,2022,ALL DAYS,20488,-1,-1
15252028,7112,PRESCRIBED,NORTH,ALL VEHICLES,2022,OFF PEAK,10196,-1,-1
15252028,7112,PRESCRIBED,NORTH,HEAVY VEHICLES,2022,AM PEAK,747,28,88
15252028,7112,PRESCRIBED,NORTH,ALL VEHICLES,2022,WEEKDAYS,21080,-1,-1
15252028,7112,PRESCRIBED,NORTH,LIGHT VEHICLES,2022,AM PEAK,4926,47,88
15252028,7112,PRESCRIBED,NORTH,HEAVY VEHICLES,2022,WEEKDAYS,2239,-1,-1
15252028,7112,PRESCRIBED,NORTH,LIGHT VEHICLES,2022,WEEKDAYS,18841,-1,-1
15252028,7112,PRESCRIBED,NORTH,HEAVY VEHICLES,2022,PM PEAK,341,21,86
15252028,7112,PRESCRIBED,NORTH,HEAVY VEHICLES,2022,WEEKENDS,787,-1,-1
15252028,7112,PRESCRIBED,NORTH,HEAVY VEHICLES,2022,ALL DAYS,1861,18,90
15252028,7112,PRESCRIBED,NORTH,ALL VEHICLES,2022,AM PEAK,5673,-1,-1
15252028,7112,PRESCRIBED,NORTH,HEAVY VEHICLES,2022,OFF PEAK,1151,19,87
15252035,7274,COUNTER,EAST,HEAVY VEHICLES,2022,WEEKENDS,783,-1,-1
15252035,7274,COUNTER,EAST,ALL VEHICLES,2022,PM PEAK,3654,-1,-1
15252035,7274,COUNTER,EAST,ALL VEHICLES,2022,WEEKDAYS,15960,-1,-1
15252035,7274,COUNTER,EAST,HEAVY VEHICLES,2022,WEEKDAYS,1536,-1,-1
15252035,7274,COUNTER,EAST,HEAVY VEHICLES,2022,PM PEAK,279,28,85
15252035,7274,COUNTER,EAST,ALL VEHICLES,2022,ALL DAYS,15429,-1,-1
15252035,7274,COUNTER,EAST,HEAVY VEHICLES,2022,ALL DAYS,1361,23,89
15252035,7274,COUNTER,EAST,HEAVY VEHICLES,2022,OFF PEAK,784,24,86
15252035,7274,COUNTER,EAST,HEAVY VEHICLES,2022,AM PEAK,473,36,88
15252035,7274,COUNTER,EAST,LIGHT VEHICLES,2022,WEEKENDS,11767,-1,-1
15252035,7274,COUNTER,EAST,ALL VEHICLES,2022,OFF PEAK,7859,-1,-1
15252035,7274,COUNTER,EAST,LIGHT VEHICLES,2022,OFF PEAK,7075,51,85
15252035,7274,COUNTER,EAST,LIGHT VEHICLES,2022,PM PEAK,3375,63,85
15252035,7274,COUNTER,EAST,LIGHT VEHICLES,2022,WEEKDAYS,14424,-1,-1
15252035,7274,COUNTER,EAST,LIGHT VEHICLES,2022,ALL DAYS,14068,55,89
15252035,7274,COUNTER,EAST,ALL VEHICLES,2022,AM PEAK,4447,-1,-1
15252035,7274,COUNTER,EAST,ALL VEHICLES,2022,WEEKENDS,12550,-1,-1
15252035,7274,COUNTER,EAST,LIGHT VEHICLES,2022,AM PEAK,3974,67,88
15286001,7121,COUNTER,SOUTH,ALL VEHICLES,2022,AM PEAK,1389,-1,-1
15286001,7121,COUNTER,SOUTH,LIGHT VEHICLES,2022,AM PEAK,1237,59,73
15286001,7121,COUNTER,SOUTH,LIGHT VEHICLES,2022,ALL DAYS,7552,57,79
15286001,7121,COUNTER,SOUTH,ALL VEHICLES,2022,PM PEAK,2392,-1,-1
15286001,7121,COUNTER,SOUTH,HEAVY VEHICLES,2022,WEEKDAYS,667,-1,-1
15286001,7121,COUNTER,SOUTH,LIGHT VEHICLES,2022,OFF PEAK,3742,54,71
15286001,7121,COUNTER,SOUTH,ALL VEHICLES,2022,ALL DAYS,8139,-1,-1
15286001,7121,COUNTER,SOUTH,ALL VEHICLES,2022,OFF PEAK,4099,-1,-1
15286001,7121,COUNTER,SOUTH,LIGHT VEHICLES,2022,WEEKDAYS,7213,-1,-1
15286001,7121,COUNTER,SOUTH,ALL VEHICLES,2022,WEEKDAYS,7880,-1,-1
15286001,7121,COUNTER,SOUTH,HEAVY VEHICLES,2022,ALL DAYS,587,10,79
15286001,7121,COUNTER,SOUTH,HEAVY VEHICLES,2022,PM PEAK,158,14,71
15286001,7121,COUNTER,SOUTH,LIGHT VEHICLES,2022,WEEKENDS,6772,-1,-1
15286001,7121,COUNTER,SOUTH,HEAVY VEHICLES,2022,OFF PEAK,357,11,71
15286001,7121,COUNTER,SOUTH,HEAVY VEHICLES,2022,WEEKENDS,367,-1,-1
15286001,7121,COUNTER,SOUTH,HEAVY VEHICLES,2022,AM PEAK,152,14,73
15286001,7121,COUNTER,SOUTH,LIGHT VEHICLES,2022,PM PEAK,2234,71,70
15286001,7121,COUNTER,SOUTH,ALL VEHICLES,2022,WEEKENDS,7139,-1,-1
15286002,7126,COUNTER,EAST,HEAVY VEHICLES,2022,OFF PEAK,397,12,84
15286002,7126,COUNTER,EAST,LIGHT VEHICLES,2022,WEEKDAYS,9038,-1,-1
15286002,7126,COUNTER,EAST,ALL VEHICLES,2022,WEEKDAYS,9869,-1,-1
15286002,7126,COUNTER,EAST,ALL VEHICLES,2022,PM PEAK,2872,-1,-1
15286002,7126,COUNTER,EAST,ALL VEHICLES,2022,ALL DAYS,9779,-1,-1
15286002,7126,COUNTER,EAST,ALL VEHICLES,2022,AM PEAK,2219,-1,-1
15286002,7126,COUNTER,EAST,LIGHT VEHICLES,2022,OFF PEAK,4381,40,83
15286002,7126,COUNTER,EAST,HEAVY VEHICLES,2022,AM PEAK,232,22,86
15286002,7126,COUNTER,EAST,HEAVY VEHICLES,2022,PM PEAK,202,14,84
15286002,7126,COUNTER,EAST,HEAVY VEHICLES,2022,ALL DAYS,750,12,92
15286002,7126,COUNTER,EAST,LIGHT VEHICLES,2022,PM PEAK,2670,49,83
15286002,7126,COUNTER,EAST,ALL VEHICLES,2022,OFF PEAK,4778,-1,-1
15286002,7126,COUNTER,EAST,HEAVY VEHICLES,2022,WEEKENDS,561,-1,-1
15286002,7126,COUNTER,EAST,LIGHT VEHICLES,2022,WEEKENDS,8030,-1,-1
15286002,7126,COUNTER,EAST,HEAVY VEHICLES,2022,WEEKDAYS,831,-1,-1
15286002,7126,COUNTER,EAST,ALL VEHICLES,2022,WEEKENDS,8591,-1,-1
15286002,7126,COUNTER,EAST,LIGHT VEHICLES,2022,ALL DAYS,9029,42,92
15286002,7126,COUNTER,EAST,LIGHT VEHICLES,2022,AM PEAK,1987,50,84
15286003,7132,COUNTER,NORTH,ALL VEHICLES,2022,WEEKDAYS,18190,-1,-1
15286003,7132,COUNTER,NORTH,HEAVY VEHICLES,2022,OFF PEAK,532,20,85
15286003,7132,COUNTER,NORTH,HEAVY VEHICLES,2022,AM PEAK,396,34,87
15286003,7132,COUNTER,NORTH,LIGHT VEHICLES,2022,WEEKDAYS,17125,-1,-1
15286003,7132,COUNTER,NORTH,HEAVY VEHICLES,2022,ALL DAYS,901,20,89
15286003,7132,COUNTER,NORTH,LIGHT VEHICLES,2022,ALL DAYS,16820,61,87
15286003,7132,COUNTER,NORTH,ALL VEHICLES,2022,WEEKENDS,14957,-1,-1
15286003,7132,COUNTER,NORTH,ALL VEHICLES,2022,ALL DAYS,17721,-1,-1
15286003,7132,COUNTER,NORTH,LIGHT VEHICLES,2022,PM PEAK,3336,74,81
15286003,7132,COUNTER,NORTH,HEAVY VEHICLES,2022,WEEKENDS,432,-1,-1
15286003,7132,COUNTER,NORTH,HEAVY VEHICLES,2022,PM PEAK,137,22,83
15286003,7132,COUNTER,NORTH,LIGHT VEHICLES,2022,AM PEAK,6113,75,83
15286003,7132,COUNTER,NORTH,ALL VEHICLES,2022,OFF PEAK,8208,-1,-1
15286003,7132,COUNTER,NORTH,LIGHT VEHICLES,2022,WEEKENDS,14525,-1,-1
15286003,7132,COUNTER,NORTH,LIGHT VEHICLES,2022,OFF PEAK,7676,57,81
15286003,7132,COUNTER,NORTH,HEAVY VEHICLES,2022,WEEKDAYS,1065,-1,-1
15286003,7132,COUNTER,NORTH,ALL VEHICLES,2022,AM PEAK,6509,-1,-1
15286003,7132,COUNTER,NORTH,ALL VEHICLES,2022,PM PEAK,3473,-1,-1
15286006,7149,PRESCRIBED AND COUNTER,BOTH,ALL VEHICLES,2022,ALL DAYS,43020,-1,-1
15286006,7149,COUNTER,EAST,ALL VEHICLES,2022,WEEKENDS,16927,-1,-1
15286006,7149,PRESCRIBED,WEST,LIGHT VEHICLES,2022,WEEKENDS,17424,-1,-1
15286006,7149,PRESCRIBED AND COUNTER,BOTH,LIGHT VEHICLES,2022,WEEKENDS,33359,-1,-1
15286006,7149,PRESCRIBED,WEST,LIGHT VEHICLES,2022,PM PEAK,6452,44,80
15286006,7149,PRESCRIBED AND COUNTER,BOTH,LIGHT VEHICLES,2022,OFF PEAK,18993,-1,-1
15286006,7149,COUNTER,EAST,HEAVY VEHICLES,2022,ALL DAYS,2481,22,87
15286006,7149,PRESCRIBED,WEST,HEAVY VEHICLES,2022,WEEKENDS,848,-1,-1
15286006,7149,PRESCRIBED,WEST,ALL VEHICLES,2022,AM PEAK,4287,-1,-1
15286006,7149,PRESCRIBED,WEST,LIGHT VEHICLES,2022,ALL DAYS,19741,37,89
15286006,7149,PRESCRIBED AND COUNTER,BOTH,LIGHT VEHICLES,2022,ALL DAYS,38407,-1,-1
15286006,7149,PRESCRIBED AND COUNTER,BOTH,LIGHT VEHICLES,2022,AM PEAK,9158,-1,-1
15286006,7149,PRESCRIBED,WEST,HEAVY VEHICLES,2022,PM PEAK,566,38,81
15286006,7149,COUNTER,EAST,LIGHT VEHICLES,2022,ALL DAYS,18666,41,86
15286006,7149,PRESCRIBED,WEST,ALL VEHICLES,2022,WEEKENDS,18272,-1,-1
15286006,7149,PRESCRIBED,WEST,HEAVY VEHICLES,2022,WEEKDAYS,2532,-1,-1
15286006,7149,PRESCRIBED,WEST,LIGHT VEHICLES,2022,WEEKDAYS,20080,-1,-1
15286006,7149,PRESCRIBED AND COUNTER,BOTH,LIGHT VEHICLES,2022,WEEKDAYS,39138,-1,-1
15286006,7149,COUNTER,EAST,LIGHT VEHICLES,2022,PM PEAK,4535,52,78
15286006,7149,PRESCRIBED AND COUNTER,BOTH,ALL VEHICLES,2022,WEEKENDS,35199,-1,-1
15286006,7149,PRESCRIBED AND COUNTER,BOTH,HEAVY VEHICLES,2022,WEEKDAYS,5496,-1,-1
15286006,7149,COUNTER,EAST,ALL VEHICLES,2022,PM PEAK,4977,-1,-1
15286006,7149,PRESCRIBED,WEST,LIGHT VEHICLES,2022,OFF PEAK,9975,34,80
15286006,7149,PRESCRIBED AND COUNTER,BOTH,HEAVY VEHICLES,2022,ALL DAYS,4613,-1,-1
15286006,7149,PRESCRIBED,WEST,LIGHT VEHICLES,2022,AM PEAK,3653,48,82
15286006,7149,COUNTER,EAST,HEAVY VEHICLES,2022,PM PEAK,442,29,79
15286006,7149,PRESCRIBED,WEST,ALL VEHICLES,2022,WEEKDAYS,22612,-1,-1
15286006,7149,PRESCRIBED AND COUNTER,BOTH,HEAVY VEHICLES,2022,AM PEAK,1617,-1,-1
15286006,7149,PRESCRIBED AND COUNTER,BOTH,LIGHT VEHICLES,2022,PM PEAK,10987,-1,-1
15286006,7149,COUNTER,EAST,ALL VEHICLES,2022,OFF PEAK,10557,-1,-1
15286006,7149,PRESCRIBED,WEST,ALL VEHICLES,2022,OFF PEAK,11307,-1,-1
15286006,7149,PRESCRIBED AND COUNTER,BOTH,HEAVY VEHICLES,2022,PM PEAK,1008,-1,-1
15286006,7149,PRESCRIBED AND COUNTER,BOTH,HEAVY VEHICLES,2022,WEEKENDS,1840,-1,-1
15286006,7149,COUNTER,EAST,LIGHT VEHICLES,2022,OFF PEAK,9018,38,78
15286006,7149,COUNTER,EAST,ALL VEHICLES,2022,WEEKDAYS,22022,-1,-1
15286006,7149,COUNTER,EAST,HEAVY VEHICLES,2022,OFF PEAK,1539,22,80
15286006,7149,COUNTER,EAST,LIGHT VEHICLES,2022,WEEKDAYS,19058,-1,-1
15286006,7149,PRESCRIBED AND COUNTER,BOTH,HEAVY VEHICLES,2022,OFF PEAK,2871,-1,-1
15286006,7149,COUNTER,EAST,HEAVY VEHICLES,2022,WEEKENDS,992,-1,-1
15286006,7149,COUNTER,EAST,ALL VEHICLES,2022,ALL DAYS,21147,-1,-1
15286006,7149,PRESCRIBED,WEST,ALL VEHICLES,2022,ALL DAYS,21873,-1,-1
15286006,7149,COUNTER,EAST,HEAVY VEHICLES,2022,AM PEAK,983,37,82
15286006,7149,PRESCRIBED,WEST,ALL VEHICLES,2022,PM PEAK,7018,-1,-1
15286006,7149,PRESCRIBED,WEST,HEAVY VEHICLES,2022,AM PEAK,634,45,82
15286006,7149,PRESCRIBED AND COUNTER,BOTH,ALL VEHICLES,2022,OFF PEAK,21864,-1,-1
15286006,7149,PRESCRIBED AND COUNTER,BOTH,ALL VEHICLES,2022,AM PEAK,10775,-1,-1
15286006,7149,PRESCRIBED,WEST,HEAVY VEHICLES,2022,OFF PEAK,1332,26,81
15286006,7149,PRESCRIBED AND COUNTER,BOTH,ALL VEHICLES,2022,PM PEAK,11995,-1,-1
15286006,7149,COUNTER,EAST,LIGHT VEHICLES,2022,WEEKENDS,15935,-1,-1
15286006,7149,COUNTER,EAST,HEAVY VEHICLES,2022,WEEKDAYS,2964,-1,-1
15286006,7149,COUNTER,EAST,LIGHT VEHICLES,2022,AM PEAK,5505,50,80
15286006,7149,COUNTER,EAST,ALL VEHICLES,2022,AM PEAK,6488,-1,-1
15286006,7149,PRESCRIBED AND COUNTER,BOTH,ALL VEHICLES,2022,WEEKDAYS,44634,-1,-1
15286006,7149,PRESCRIBED,WEST,HEAVY VEHICLES,2022,ALL DAYS,2132,26,90
15286007,7150,PRESCRIBED,WEST,ALL VEHICLES,2022,WEEKDAYS,17032,-1,-1
15286007,7150,PRESCRIBED,WEST,LIGHT VEHICLES,2022,WEEKDAYS,16202,-1,-1
15286007,7150,PRESCRIBED,WEST,HEAVY VEHICLES,2022,WEEKDAYS,830,-1,-1
15286007,7150,PRESCRIBED,WEST,HEAVY VEHICLES,2022,ALL DAYS,705,16,91
15286007,7150,PRESCRIBED,WEST,HEAVY VEHICLES,2022,PM PEAK,198,25,87
15286007,7150,PRESCRIBED,WEST,ALL VEHICLES,2022,WEEKENDS,15628,-1,-1
15286007,7150,PRESCRIBED,WEST,ALL VEHICLES,2022,OFF PEAK,8518,-1,-1
15286007,7150,PRESCRIBED,WEST,ALL VEHICLES,2022,AM PEAK,3115,-1,-1
15286007,7150,PRESCRIBED,WEST,ALL VEHICLES,2022,ALL DAYS,17092,-1,-1
15286007,7150,PRESCRIBED,WEST,HEAVY VEHICLES,2022,OFF PEAK,426,16,87
15286007,7150,PRESCRIBED,WEST,LIGHT VEHICLES,2022,ALL DAYS,16387,50,90
15286007,7150,PRESCRIBED,WEST,ALL VEHICLES,2022,PM PEAK,5399,-1,-1
15286007,7150,PRESCRIBED,WEST,LIGHT VEHICLES,2022,WEEKENDS,15252,-1,-1
15286007,7150,PRESCRIBED,WEST,HEAVY VEHICLES,2022,AM PEAK,206,26,87
15286007,7150,PRESCRIBED,WEST,LIGHT VEHICLES,2022,OFF PEAK,8092,47,87
15286007,7150,PRESCRIBED,WEST,LIGHT VEHICLES,2022,PM PEAK,5201,64,86
15286007,7150,PRESCRIBED,WEST,HEAVY VEHICLES,2022,WEEKENDS,376,-1,-1
15286007,7150,PRESCRIBED,WEST,LIGHT VEHICLES,2022,AM PEAK,2909,56,86
15286008,7153,PRESCRIBED,NORTH,ALL VEHICLES,2022,WEEKENDS,15678,-1,-1
15286008,7153,PRESCRIBED,NORTH,LIGHT VEHICLES,2022,WEEKENDS,14608,-1,-1
15286008,7153,PRESCRIBED,NORTH,ALL VEHICLES,2022,ALL DAYS,20120,-1,-1
15286008,7153,PRESCRIBED,NORTH,LIGHT VEHICLES,2022,PM PEAK,4348,71,83
15286008,7153,PRESCRIBED,NORTH,ALL VEHICLES,2022,OFF PEAK,9799,-1,-1
15286008,7153,PRESCRIBED,NORTH,ALL VEHICLES,2022,AM PEAK,6594,-1,-1
15286008,7153,PRESCRIBED,NORTH,HEAVY VEHICLES,2022,WEEKDAYS,2925,-1,-1
15286008,7153,PRESCRIBED,NORTH,HEAVY VEHICLES,2022,WEEKENDS,1070,-1,-1
15286008,7153,PRESCRIBED,NORTH,HEAVY VEHICLES,2022,ALL DAYS,2459,31,90
15286008,7153,PRESCRIBED,NORTH,LIGHT VEHICLES,2022,ALL DAYS,17661,62,89
15286008,7153,PRESCRIBED,NORTH,HEAVY VEHICLES,2022,PM PEAK,479,39,84
15286008,7153,PRESCRIBED,NORTH,HEAVY VEHICLES,2022,OFF PEAK,1513,32,84
15286008,7153,PRESCRIBED,NORTH,LIGHT VEHICLES,2022,WEEKDAYS,18295,-1,-1
15286008,7153,PRESCRIBED,NORTH,HEAVY VEHICLES,2022,AM PEAK,933,47,86
15286008,7153,PRESCRIBED,NORTH,ALL VEHICLES,2022,WEEKDAYS,21220,-1,-1
15286008,7153,PRESCRIBED,NORTH,ALL VEHICLES,2022,PM PEAK,4827,-1,-1
15286008,7153,PRESCRIBED,NORTH,LIGHT VEHICLES,2022,AM PEAK,5661,74,86
15286008,7153,PRESCRIBED,NORTH,LIGHT VEHICLES,2022,OFF PEAK,8286,58,83
15286009,7159,COUNTER,SOUTH,ALL VEHICLES,2022,WEEKDAYS,17750,-1,-1
15286009,7159,COUNTER,SOUTH,HEAVY VEHICLES,2022,ALL DAYS,1760,24,91
15286009,7159,COUNTER,SOUTH,ALL VEHICLES,2022,ALL DAYS,17409,-1,-1
15286009,7159,COUNTER,SOUTH,HEAVY VEHICLES,2022,WEEKDAYS,2061,-1,-1
15286009,7159,COUNTER,SOUTH,HEAVY VEHICLES,2022,AM PEAK,561,36,87
15286009,7159,COUNTER,SOUTH,ALL VEHICLES,2022,AM PEAK,3828,-1,-1
15286009,7159,COUNTER,SOUTH,ALL VEHICLES,2022,OFF PEAK,9267,-1,-1
15286009,7159,COUNTER,SOUTH,LIGHT VEHICLES,2022,ALL DAYS,15649,52,91
15286009,7159,COUNTER,SOUTH,HEAVY VEHICLES,2022,WEEKENDS,849,-1,-1
15286009,7159,COUNTER,SOUTH,HEAVY VEHICLES,2022,PM PEAK,370,31,85
15286009,7159,COUNTER,SOUTH,ALL VEHICLES,2022,PM PEAK,4655,-1,-1
15286009,7159,COUNTER,SOUTH,LIGHT VEHICLES,2022,PM PEAK,4285,61,84
15286009,7159,COUNTER,SOUTH,ALL VEHICLES,2022,WEEKENDS,15422,-1,-1
15286009,7159,COUNTER,SOUTH,LIGHT VEHICLES,2022,OFF PEAK,8137,50,85
15286009,7159,COUNTER,SOUTH,HEAVY VEHICLES,2022,OFF PEAK,1130,26,86
15286009,7159,COUNTER,SOUTH,LIGHT VEHICLES,2022,WEEKENDS,14573,-1,-1
15286009,7159,COUNTER,SOUTH,LIGHT VEHICLES,2022,AM PEAK,3267,58,86
15286009,7159,COUNTER,SOUTH,LIGHT VEHICLES,2022,WEEKDAYS,15689,-1,-1
15286010,7161,COUNTER,WEST,LIGHT VEHICLES,2022,WEEKENDS,15710,-1,-1
15286010,7161,COUNTER,WEST,ALL VEHICLES,2022,ALL DAYS,19012,-1,-1
15286010,7161,COUNTER,WEST,LIGHT VEHICLES,2022,PM PEAK,5244,75,81
15286010,7161,COUNTER,WEST,ALL VEHICLES,2022,AM PEAK,4612,-1,-1
15286010,7161,COUNTER,WEST,HEAVY VEHICLES,2022,WEEKDAYS,1769,-1,-1
15286010,7161,COUNTER,WEST,LIGHT VEHICLES,2022,OFF PEAK,7934,61,82
15286010,7161,COUNTER,WEST,LIGHT VEHICLES,2022,AM PEAK,4210,72,85
15286010,7161,COUNTER,WEST,ALL VEHICLES,2022,PM PEAK,5626,-1,-1
15286010,7161,COUNTER,WEST,HEAVY VEHICLES,2022,WEEKENDS,789,-1,-1
15286010,7161,COUNTER,WEST,HEAVY VEHICLES,2022,OFF PEAK,985,29,83
15286010,7161,COUNTER,WEST,ALL VEHICLES,2022,WEEKENDS,16499,-1,-1
15286010,7161,COUNTER,WEST,LIGHT VEHICLES,2022,WEEKDAYS,17388,-1,-1
15286010,7161,COUNTER,WEST,HEAVY VEHICLES,2022,AM PEAK,402,37,85
15286010,7161,COUNTER,WEST,LIGHT VEHICLES,2022,ALL DAYS,17474,65,90
15286010,7161,COUNTER,WEST,ALL VEHICLES,2022,WEEKDAYS,19157,-1,-1
15286010,7161,COUNTER,WEST,ALL VEHICLES,2022,OFF PEAK,8919,-1,-1
15286010,7161,COUNTER,WEST,HEAVY VEHICLES,2022,ALL DAYS,1538,27,90
15286010,7161,COUNTER,WEST,HEAVY VEHICLES,2022,PM PEAK,382,31,82
15286011,7162,PRESCRIBED,WEST,HEAVY VEHICLES,2022,PM PEAK,258,16,82
15286011,7162,PRESCRIBED,WEST,ALL VEHICLES,2022,OFF PEAK,7843,-1,-1
15286011,7162,PRESCRIBED,WEST,LIGHT VEHICLES,2022,OFF PEAK,7244,43,83
15286011,7162,PRESCRIBED,WEST,HEAVY VEHICLES,2022,WEEKENDS,850,-1,-1
15286011,7162,PRESCRIBED,WEST,LIGHT VEHICLES,2022,WEEKDAYS,15203,-1,-1
15286011,7162,PRESCRIBED,WEST,ALL VEHICLES,2022,AM PEAK,4448,-1,-1
15286011,7162,PRESCRIBED,WEST,HEAVY VEHICLES,2022,ALL DAYS,1101,11,90
15286011,7162,PRESCRIBED,WEST,LIGHT VEHICLES,2022,AM PEAK,4120,56,85
15286011,7162,PRESCRIBED,WEST,LIGHT VEHICLES,2022,ALL DAYS,15710,46,90
15286011,7162,PRESCRIBED,WEST,LIGHT VEHICLES,2022,WEEKENDS,14788,-1,-1
15286011,7162,PRESCRIBED,WEST,HEAVY VEHICLES,2022,WEEKDAYS,1185,-1,-1
15286011,7162,PRESCRIBED,WEST,ALL VEHICLES,2022,ALL DAYS,16811,-1,-1
15286011,7162,PRESCRIBED,WEST,LIGHT VEHICLES,2022,PM PEAK,3839,54,81
15286011,7162,PRESCRIBED,WEST,HEAVY VEHICLES,2022,AM PEAK,328,18,85
15286011,7162,PRESCRIBED,WEST,ALL VEHICLES,2022,WEEKDAYS,16388,-1,-1
15286011,7162,PRESCRIBED,WEST,HEAVY VEHICLES,2022,OFF PEAK,599,11,83
15286011,7162,PRESCRIBED,WEST,ALL VEHICLES,2022,WEEKENDS,15638,-1,-1
15286011,7162,PRESCRIBED,WEST,ALL VEHICLES,2022,PM PEAK,4097,-1,-1
15286012,7163,COUNTER,EAST,ALL VEHICLES,2022,PM PEAK,6976,-1,-1
15286012,7163,COUNTER,EAST,ALL VEHICLES,2022,OFF PEAK,13628,-1,-1
15286012,7163,COUNTER,EAST,LIGHT VEHICLES,2022,WEEKENDS,25649,-1,-1
15286012,7163,COUNTER,EAST,ALL VEHICLES,2022,AM PEAK,9330,-1,-1
15286012,7163,COUNTER,EAST,HEAVY VEHICLES,2022,ALL DAYS,2030,17,90
15286012,7163,COUNTER,EAST,LIGHT VEHICLES,2022,WEEKDAYS,27592,-1,-1
15286012,7163,COUNTER,EAST,LIGHT VEHICLES,2022,ALL DAYS,27900,61,88
15286012,7163,COUNTER,EAST,ALL VEHICLES,2022,WEEKENDS,26770,-1,-1
15286012,7163,COUNTER,EAST,LIGHT VEHICLES,2022,OFF PEAK,12530,54,84
15286012,7163,COUNTER,EAST,HEAVY VEHICLES,2022,WEEKDAYS,2342,-1,-1
15286012,7163,COUNTER,EAST,HEAVY VEHICLES,2022,WEEKENDS,1121,-1,-1
15286012,7163,COUNTER,EAST,LIGHT VEHICLES,2022,AM PEAK,8534,76,86
15286012,7163,COUNTER,EAST,HEAVY VEHICLES,2022,OFF PEAK,1098,18,85
15286012,7163,COUNTER,EAST,HEAVY VEHICLES,2022,PM PEAK,448,22,85
15286012,7163,COUNTER,EAST,LIGHT VEHICLES,2022,PM PEAK,6528,78,84
15286012,7163,COUNTER,EAST,ALL VEHICLES,2022,WEEKDAYS,29934,-1,-1
15286012,7163,COUNTER,EAST,ALL VEHICLES,2022,ALL DAYS,29930,-1,-1
15286012,7163,COUNTER,EAST,HEAVY VEHICLES,2022,AM PEAK,796,28,87
15286013,7164,COUNTER,EAST,HEAVY VEHICLES,2022,WEEKENDS,588,-1,-1
15286013,7164,COUNTER,EAST,HEAVY VEHICLES,2022,PM PEAK,196,19,84
15286013,7164,COUNTER,EAST,ALL VEHICLES,2022,ALL DAYS,11422,-1,-1
15286013,7164,COUNTER,EAST,LIGHT VEHICLES,2022,ALL DAYS,10526,54,89
15286013,7164,COUNTER,EAST,HEAVY VEHICLES,2022,AM PEAK,320,27,87
15286013,7164,COUNTER,EAST,ALL VEHICLES,2022,WEEKENDS,9517,-1,-1
15286013,7164,COUNTER,EAST,ALL VEHICLES,2022,WEEKDAYS,11778,-1,-1
15286013,7164,COUNTER,EAST,LIGHT VEHICLES,2022,WEEKDAYS,10771,-1,-1
15286013,7164,COUNTER,EAST,ALL VEHICLES,2022,OFF PEAK,5576,-1,-1
15286013,7164,COUNTER,EAST,LIGHT VEHICLES,2022,PM PEAK,2671,63,84
15286013,7164,COUNTER,EAST,ALL VEHICLES,2022,PM PEAK,2867,-1,-1
15286013,7164,COUNTER,EAST,HEAVY VEHICLES,2022,ALL DAYS,896,17,90
15286013,7164,COUNTER,EAST,LIGHT VEHICLES,2022,WEEKENDS,8929,-1,-1
15286013,7164,COUNTER,EAST,HEAVY VEHICLES,2022,OFF PEAK,491,17,84
15286013,7164,COUNTER,EAST,LIGHT VEHICLES,2022,OFF PEAK,5085,52,84
15286013,7164,COUNTER,EAST,ALL VEHICLES,2022,AM PEAK,3335,-1,-1
15286013,7164,COUNTER,EAST,HEAVY VEHICLES,2022,WEEKDAYS,1007,-1,-1
15286013,7164,COUNTER,EAST,LIGHT VEHICLES,2022,AM PEAK,3015,63,86
15286014,7168,PRESCRIBED,WEST,LIGHT VEHICLES,2022,WEEKDAYS,8693,-1,-1
15286014,7168,PRESCRIBED,WEST,LIGHT VEHICLES,2022,AM PEAK,1725,52,82
15286014,7168,PRESCRIBED,WEST,ALL VEHICLES,2022,ALL DAYS,9002,-1,-1
15286014,7168,PRESCRIBED,WEST,ALL VEHICLES,2022,OFF PEAK,4410,-1,-1
15286014,7168,PRESCRIBED,WEST,HEAVY VEHICLES,2022,PM PEAK,280,24,82
15286014,7168,PRESCRIBED,WEST,ALL VEHICLES,2022,WEEKENDS,6023,-1,-1
15286014,7168,PRESCRIBED,WEST,ALL VEHICLES,2022,PM PEAK,3385,-1,-1
15286014,7168,PRESCRIBED,WEST,LIGHT VEHICLES,2022,ALL DAYS,8069,46,86
15286014,7168,PRESCRIBED,WEST,ALL VEHICLES,2022,WEEKDAYS,9771,-1,-1
15286014,7168,PRESCRIBED,WEST,HEAVY VEHICLES,2022,OFF PEAK,547,18,83
15286014,7168,PRESCRIBED,WEST,LIGHT VEHICLES,2022,WEEKENDS,5519,-1,-1
15286014,7168,PRESCRIBED,WEST,LIGHT VEHICLES,2022,OFF PEAK,3863,43,82
15286014,7168,PRESCRIBED,WEST,HEAVY VEHICLES,2022,WEEKENDS,504,-1,-1
15286014,7168,PRESCRIBED,WEST,HEAVY VEHICLES,2022,AM PEAK,251,24,83
15286014,7168,PRESCRIBED,WEST,HEAVY VEHICLES,2022,WEEKDAYS,1078,-1,-1
15286014,7168,PRESCRIBED,WEST,HEAVY VEHICLES,2022,ALL DAYS,933,17,87
15286014,7168,PRESCRIBED,WEST,ALL VEHICLES,2022,AM PEAK,1976,-1,-1
15286014,7168,PRESCRIBED,WEST,LIGHT VEHICLES,2022,PM PEAK,3105,56,81
15334001,7248,PRESCRIBED,NORTH,LIGHT VEHICLES,2022,AM PEAK,3021,8,58
15334001,7248,PRESCRIBED,NORTH,HEAVY VEHICLES,2022,PM PEAK,253,5,55
15334001,7248,PRESCRIBED,NORTH,LIGHT VEHICLES,2022,PM PEAK,1988,10,54
15334001,7248,PRESCRIBED,NORTH,ALL VEHICLES,2022,AM PEAK,3609,-1,-1
15334001,7248,PRESCRIBED,NORTH,LIGHT VEHICLES,2022,ALL DAYS,14889,8,62
15334001,7248,PRESCRIBED,NORTH,ALL VEHICLES,2022,OFF PEAK,4278,-1,-1
15334001,7248,PRESCRIBED,NORTH,ALL VEHICLES,2022,WEEKENDS,12237,-1,-1
15334001,7248,PRESCRIBED,NORTH,LIGHT VEHICLES,2022,OFF PEAK,3604,7,54
15334001,7248,PRESCRIBED,NORTH,HEAVY VEHICLES,2022,ALL DAYS,2312,4,64
15334001,7248,PRESCRIBED,NORTH,LIGHT VEHICLES,2022,WEEKENDS,11280,-1,-1
15334001,7248,PRESCRIBED,NORTH,ALL VEHICLES,2022,ALL DAYS,17201,-1,-1
15334001,7248,PRESCRIBED,NORTH,HEAVY VEHICLES,2022,OFF PEAK,674,4,55
15334001,7248,PRESCRIBED,NORTH,ALL VEHICLES,2022,WEEKDAYS,10128,-1,-1
15334001,7248,PRESCRIBED,NORTH,HEAVY VEHICLES,2022,WEEKENDS,957,-1,-1
15334001,7248,PRESCRIBED,NORTH,HEAVY VEHICLES,2022,WEEKDAYS,1515,-1,-1
15334001,7248,PRESCRIBED,NORTH,ALL VEHICLES,2022,PM PEAK,2241,-1,-1
15334001,7248,PRESCRIBED,NORTH,HEAVY VEHICLES,2022,AM PEAK,588,5,58
15334001,7248,PRESCRIBED,NORTH,LIGHT VEHICLES,2022,WEEKDAYS,8613,-1,-1
15334002,7251,COUNTER,WEST,HEAVY VEHICLES,2022,ALL DAYS,3096,27,90
15334002,7251,COUNTER,WEST,ALL VEHICLES,2022,OFF PEAK,14245,-1,-1
15334002,7251,COUNTER,WEST,HEAVY VEHICLES,2022,AM PEAK,775,37,88
15334002,7251,COUNTER,WEST,HEAVY VEHICLES,2022,WEEKENDS,1523,-1,-1
15334002,7251,COUNTER,WEST,ALL VEHICLES,2022,ALL DAYS,27433,-1,-1
15334002,7251,COUNTER,WEST,HEAVY VEHICLES,2022,OFF PEAK,1962,28,87
15334002,7251,COUNTER,WEST,LIGHT VEHICLES,2022,PM PEAK,6923,60,86
15334002,7251,COUNTER,WEST,LIGHT VEHICLES,2022,ALL DAYS,24337,51,89
15334002,7251,COUNTER,WEST,ALL VEHICLES,2022,WEEKDAYS,27132,-1,-1
15334002,7251,COUNTER,WEST,LIGHT VEHICLES,2022,WEEKDAYS,23552,-1,-1
15334002,7251,COUNTER,WEST,ALL VEHICLES,2022,WEEKENDS,25515,-1,-1
15334002,7251,COUNTER,WEST,HEAVY VEHICLES,2022,WEEKDAYS,3580,-1,-1
15334002,7251,COUNTER,WEST,ALL VEHICLES,2022,PM PEAK,7766,-1,-1
15334002,7251,COUNTER,WEST,LIGHT VEHICLES,2022,WEEKENDS,23992,-1,-1
15334002,7251,COUNTER,WEST,HEAVY VEHICLES,2022,PM PEAK,843,38,87
15334002,7251,COUNTER,WEST,LIGHT VEHICLES,2022,AM PEAK,4346,56,86
15334002,7251,COUNTER,WEST,LIGHT VEHICLES,2022,OFF PEAK,12283,48,86
15334002,7251,COUNTER,WEST,ALL VEHICLES,2022,AM PEAK,5121,-1,-1
15334003,7272,COUNTER,SOUTH,LIGHT VEHICLES,2022,PM PEAK,1825,64,85
15334003,7272,COUNTER,SOUTH,HEAVY VEHICLES,2022,PM PEAK,158,27,85
15334003,7272,COUNTER,SOUTH,LIGHT VEHICLES,2022,ALL DAYS,7496,55,90
15334003,7272,COUNTER,SOUTH,LIGHT VEHICLES,2022,AM PEAK,1689,65,88
15334003,7272,COUNTER,SOUTH,ALL VEHICLES,2022,AM PEAK,1915,-1,-1
15334003,7272,COUNTER,SOUTH,LIGHT VEHICLES,2022,OFF PEAK,3942,51,86
15334003,7272,COUNTER,SOUTH,HEAVY VEHICLES,2022,OFF PEAK,442,20,86
15334003,7272,COUNTER,SOUTH,HEAVY VEHICLES,2022,AM PEAK,226,32,88
15334003,7272,COUNTER,SOUTH,ALL VEHICLES,2022,WEEKDAYS,8282,-1,-1
15334003,7272,COUNTER,SOUTH,ALL VEHICLES,2022,PM PEAK,1983,-1,-1
15334003,7272,COUNTER,SOUTH,ALL VEHICLES,2022,ALL DAYS,8225,-1,-1
15334003,7272,COUNTER,SOUTH,HEAVY VEHICLES,2022,ALL DAYS,729,20,90
15334003,7272,COUNTER,SOUTH,LIGHT VEHICLES,2022,WEEKDAYS,7456,-1,-1
15334003,7272,COUNTER,SOUTH,HEAVY VEHICLES,2022,WEEKDAYS,826,-1,-1
15334003,7272,COUNTER,SOUTH,HEAVY VEHICLES,2022,WEEKENDS,429,-1,-1
15334003,7272,COUNTER,SOUTH,LIGHT VEHICLES,2022,WEEKENDS,6999,-1,-1
15334003,7272,COUNTER,SOUTH,ALL VEHICLES,2022,OFF PEAK,4384,-1,-1
15334003,7272,COUNTER,SOUTH,ALL VEHICLES,2022,WEEKENDS,7428,-1,-1
15334004,7275,COUNTER,NORTH,HEAVY VEHICLES,2022,AM PEAK,425,33,86
15334004,7275,PRESCRIBED,SOUTH,ALL VEHICLES,2022,ALL DAYS,12010,-1,-1
15334004,7275,PRESCRIBED,SOUTH,ALL VEHICLES,2022,PM PEAK,4199,-1,-1
15334004,7275,COUNTER,NORTH,HEAVY VEHICLES,2022,PM PEAK,169,17,82
15334004,7275,PRESCRIBED,SOUTH,LIGHT VEHICLES,2022,WEEKDAYS,11152,-1,-1
15334004,7275,PRESCRIBED,SOUTH,LIGHT VEHICLES,2022,WEEKENDS,10571,-1,-1
15334004,7275,COUNTER,NORTH,LIGHT VEHICLES,2022,WEEKENDS,10731,-1,-1
15334004,7275,PRESCRIBED,SOUTH,ALL VEHICLES,2022,AM PEAK,1908,-1,-1
15334004,7275,PRESCRIBED,SOUTH,LIGHT VEHICLES,2022,AM PEAK,1714,43,81
15334004,7275,PRESCRIBED,SOUTH,HEAVY VEHICLES,2022,ALL DAYS,874,12,89
15334004,7275,COUNTER,NORTH,HEAVY VEHICLES,2022,ALL DAYS,964,17,91
15334004,7275,PRESCRIBED AND COUNTER,BOTH,LIGHT VEHICLES,2022,PM PEAK,6401,-1,-1
15334004,7275,PRESCRIBED AND COUNTER,BOTH,HEAVY VEHICLES,2022,WEEKENDS,1132,-1,-1
15334004,7275,COUNTER,NORTH,ALL VEHICLES,2022,ALL DAYS,12258,-1,-1
15334004,7275,PRESCRIBED AND COUNTER,BOTH,HEAVY VEHICLES,2022,WEEKDAYS,2109,-1,-1
15334004,7275,COUNTER,NORTH,LIGHT VEHICLES,2022,WEEKDAYS,11299,-1,-1
15334004,7275,PRESCRIBED,SOUTH,ALL VEHICLES,2022,OFF PEAK,6051,-1,-1
15334004,7275,COUNTER,NORTH,HEAVY VEHICLES,2022,WEEKENDS,597,-1,-1
15334004,7275,PRESCRIBED AND COUNTER,BOTH,HEAVY VEHICLES,2022,OFF PEAK,1006,-1,-1
15334004,7275,PRESCRIBED AND COUNTER,BOTH,LIGHT VEHICLES,2022,WEEKDAYS,22451,-1,-1
15334004,7275,PRESCRIBED AND COUNTER,BOTH,LIGHT VEHICLES,2022,AM PEAK,5219,-1,-1
15334004,7275,COUNTER,NORTH,ALL VEHICLES,2022,AM PEAK,3930,-1,-1
15334004,7275,COUNTER,NORTH,HEAVY VEHICLES,2022,OFF PEAK,509,17,83
15334004,7275,PRESCRIBED,SOUTH,ALL VEHICLES,2022,WEEKDAYS,12158,-1,-1
15334004,7275,PRESCRIBED,SOUTH,LIGHT VEHICLES,2022,OFF PEAK,5554,30,80
15334004,7275,PRESCRIBED,SOUTH,HEAVY VEHICLES,2022,OFF PEAK,497,11,83
15334004,7275,PRESCRIBED AND COUNTER,BOTH,LIGHT VEHICLES,2022,ALL DAYS,22430,-1,-1
15334004,7275,PRESCRIBED AND COUNTER,BOTH,ALL VEHICLES,2022,ALL DAYS,24268,-1,-1
15334004,7275,COUNTER,NORTH,ALL VEHICLES,2022,WEEKENDS,11328,-1,-1
15334004,7275,PRESCRIBED,SOUTH,HEAVY VEHICLES,2022,AM PEAK,194,21,82
15334004,7275,PRESCRIBED AND COUNTER,BOTH,ALL VEHICLES,2022,WEEKDAYS,24560,-1,-1
15334004,7275,PRESCRIBED AND COUNTER,BOTH,HEAVY VEHICLES,2022,ALL DAYS,1838,-1,-1
15334004,7275,PRESCRIBED AND COUNTER,BOTH,HEAVY VEHICLES,2022,PM PEAK,484,-1,-1
15334004,7275,PRESCRIBED AND COUNTER,BOTH,HEAVY VEHICLES,2022,AM PEAK,619,-1,-1
15334004,7275,PRESCRIBED,SOUTH,HEAVY VEHICLES,2022,PM PEAK,315,21,81
15334004,7275,COUNTER,NORTH,LIGHT VEHICLES,2022,ALL DAYS,11294,31,91
15334004,7275,PRESCRIBED,SOUTH,LIGHT VEHICLES,2022,ALL DAYS,11136,33,85
15334004,7275,PRESCRIBED AND COUNTER,BOTH,ALL VEHICLES,2022,PM PEAK,6885,-1,-1
15334004,7275,COUNTER,NORTH,LIGHT VEHICLES,2022,PM PEAK,2517,50,82
15334004,7275,COUNTER,NORTH,ALL VEHICLES,2022,PM PEAK,2686,-1,-1
15334004,7275,COUNTER,NORTH,ALL VEHICLES,2022,OFF PEAK,5786,-1,-1
15334004,7275,PRESCRIBED,SOUTH,HEAVY VEHICLES,2022,WEEKENDS,535,-1,-1
15334004,7275,PRESCRIBED AND COUNTER,BOTH,ALL VEHICLES,2022,WEEKENDS,22434,-1,-1
15334004,7275,PRESCRIBED,SOUTH,ALL VEHICLES,2022,WEEKENDS,11106,-1,-1
15334004,7275,PRESCRIBED,SOUTH,LIGHT VEHICLES,2022,PM PEAK,3884,49,80
15334004,7275,COUNTER,NORTH,LIGHT VEHICLES,2022,AM PEAK,3505,48,85
15334004,7275,COUNTER,NORTH,ALL VEHICLES,2022,WEEKDAYS,12402,-1,-1
15334004,7275,COUNTER,NORTH,HEAVY VEHICLES,2022,WEEKDAYS,1103,-1,-1
15334004,7275,PRESCRIBED,SOUTH,HEAVY VEHICLES,2022,WEEKDAYS,1006,-1,-1
15334004,7275,PRESCRIBED AND COUNTER,BOTH,ALL VEHICLES,2022,OFF PEAK,11837,-1,-1
15334004,7275,PRESCRIBED AND COUNTER,BOTH,ALL VEHICLES,2022,AM PEAK,5838,-1,-1
15334004,7275,PRESCRIBED AND COUNTER,BOTH,LIGHT VEHICLES,2022,WEEKENDS,21302,-1,-1
15334004,7275,PRESCRIBED AND COUNTER,BOTH,LIGHT VEHICLES,2022,OFF PEAK,10831,-1,-1
15334004,7275,COUNTER,NORTH,LIGHT VEHICLES,2022,OFF PEAK,5277,28,83
15334006,9827,COUNTER,SOUTH,HEAVY VEHICLES,2022,AM PEAK,449,31,86
15334006,9827,COUNTER,SOUTH,HEAVY VEHICLES,2022,WEEKDAYS,1488,-1,-1
15334006,9827,COUNTER,SOUTH,ALL VEHICLES,2022,WEEKDAYS,16361,-1,-1
15334006,9827,COUNTER,SOUTH,HEAVY VEHICLES,2022,OFF PEAK,708,18,86
15334006,9827,COUNTER,SOUTH,ALL VEHICLES,2022,ALL DAYS,16148,-1,-1
15334006,9827,COUNTER,SOUTH,ALL VEHICLES,2022,WEEKENDS,13972,-1,-1
15334006,9827,COUNTER,SOUTH,ALL VEHICLES,2022,AM PEAK,4014,-1,-1
15334006,9827,COUNTER,SOUTH,HEAVY VEHICLES,2022,WEEKENDS,796,-1,-1
15334006,9827,COUNTER,SOUTH,LIGHT VEHICLES,2022,OFF PEAK,6925,49,85
15334006,9827,COUNTER,SOUTH,ALL VEHICLES,2022,OFF PEAK,7633,-1,-1
15334006,9827,COUNTER,SOUTH,HEAVY VEHICLES,2022,ALL DAYS,1317,18,90
15334006,9827,COUNTER,SOUTH,LIGHT VEHICLES,2022,ALL DAYS,14831,56,89
15334006,9827,COUNTER,SOUTH,ALL VEHICLES,2022,PM PEAK,4714,-1,-1
15334006,9827,COUNTER,SOUTH,LIGHT VEHICLES,2022,WEEKDAYS,14873,-1,-1
15334006,9827,COUNTER,SOUTH,LIGHT VEHICLES,2022,AM PEAK,3565,67,87
15334006,9827,COUNTER,SOUTH,HEAVY VEHICLES,2022,PM PEAK,331,24,84
15334006,9827,COUNTER,SOUTH,LIGHT VEHICLES,2022,WEEKENDS,13176,-1,-1
15334006,9827,COUNTER,SOUTH,LIGHT VEHICLES,2022,PM PEAK,4383,75,84
15334014,T0085,PRESCRIBED,WEST,ALL VEHICLES,2022,WEEKENDS,1096,-1,-1
15334014,T0085,PRESCRIBED AND COUNTER,BOTH,ALL VEHICLES,2022,ALL DAYS,2578,-1,-1
15334014,T0085,PRESCRIBED AND COUNTER,BOTH,HEAVY VEHICLES,2022,WEEKDAYS,165,-1,-1
15334014,T0085,PRESCRIBED AND COUNTER,BOTH,HEAVY VEHICLES,2022,AM PEAK,55,-1,-1
15334014,T0085,PRESCRIBED AND COUNTER,BOTH,ALL VEHICLES,2022,OFF PEAK,944,-1,-1
15334014,T0085,COUNTER,EAST,HEAVY VEHICLES,2022,WEEKDAYS,94,-1,-1
15334014,T0085,PRESCRIBED AND COUNTER,BOTH,LIGHT VEHICLES,2022,PM PEAK,697,-1,-1
15334014,T0085,COUNTER,EAST,HEAVY VEHICLES,2022,OFF PEAK,35,4,64
15334014,T0085,COUNTER,EAST,LIGHT VEHICLES,2022,AM PEAK,357,47,66
15334014,T0085,PRESCRIBED AND COUNTER,BOTH,ALL VEHICLES,2022,WEEKENDS,2051,-1,-1
15334014,T0085,PRESCRIBED AND COUNTER,BOTH,ALL VEHICLES,2022,PM PEAK,741,-1,-1
15334014,T0085,PRESCRIBED,WEST,ALL VEHICLES,2022,OFF PEAK,504,-1,-1
15334014,T0085,PRESCRIBED,WEST,HEAVY VEHICLES,2022,PM PEAK,24,9,67
15334014,T0085,PRESCRIBED AND COUNTER,BOTH,HEAVY VEHICLES,2022,WEEKENDS,100,-1,-1
15334014,T0085,PRESCRIBED AND COUNTER,BOTH,LIGHT VEHICLES,2022,AM PEAK,601,-1,-1
15334014,T0085,COUNTER,EAST,ALL VEHICLES,2022,WEEKDAYS,1118,-1,-1
15334014,T0085,PRESCRIBED,WEST,LIGHT VEHICLES,2022,PM PEAK,435,52,64
15334014,T0085,PRESCRIBED AND COUNTER,BOTH,HEAVY VEHICLES,2022,OFF PEAK,66,-1,-1
15334014,T0085,PRESCRIBED,WEST,ALL VEHICLES,2022,ALL DAYS,1336,-1,-1
15334014,T0085,COUNTER,EAST,HEAVY VEHICLES,2022,AM PEAK,39,10,65
15334014,T0085,PRESCRIBED,WEST,ALL VEHICLES,2022,WEEKDAYS,1223,-1,-1
15334014,T0085,COUNTER,EAST,ALL VEHICLES,2022,OFF PEAK,440,-1,-1
15334014,T0085,PRESCRIBED,WEST,LIGHT VEHICLES,2022,OFF PEAK,473,36,65
15334014,T0085,COUNTER,EAST,LIGHT VEHICLES,2022,ALL DAYS,1156,39,70
15334014,T0085,PRESCRIBED AND COUNTER,BOTH,LIGHT VEHICLES,2022,ALL DAYS,2425,-1,-1
15334014,T0085,PRESCRIBED,WEST,LIGHT VEHICLES,2022,AM PEAK,244,46,66
15334014,T0085,PRESCRIBED,WEST,HEAVY VEHICLES,2022,WEEKENDS,44,-1,-1
15334014,T0085,COUNTER,EAST,HEAVY VEHICLES,2022,PM PEAK,20,9,62
15334014,T0085,PRESCRIBED,WEST,HEAVY VEHICLES,2022,OFF PEAK,31,4,67
15334014,T0085,PRESCRIBED,WEST,ALL VEHICLES,2022,PM PEAK,459,-1,-1
15334014,T0085,PRESCRIBED,WEST,HEAVY VEHICLES,2022,ALL DAYS,67,4,71
15334014,T0085,COUNTER,EAST,LIGHT VEHICLES,2022,OFF PEAK,405,35,62
15334014,T0085,PRESCRIBED,WEST,HEAVY VEHICLES,2022,AM PEAK,16,9,64
15334014,T0085,COUNTER,EAST,LIGHT VEHICLES,2022,WEEKENDS,899,-1,-1
15334014,T0085,PRESCRIBED AND COUNTER,BOTH,ALL VEHICLES,2022,WEEKDAYS,2341,-1,-1
15334014,T0085,PRESCRIBED,WEST,LIGHT VEHICLES,2022,WEEKDAYS,1152,-1,-1
15334014,T0085,PRESCRIBED,WEST,HEAVY VEHICLES,2022,WEEKDAYS,71,-1,-1
15334014,T0085,PRESCRIBED AND COUNTER,BOTH,HEAVY VEHICLES,2022,ALL DAYS,153,-1,-1
15334014,T0085,PRESCRIBED AND COUNTER,BOTH,ALL VEHICLES,2022,AM PEAK,656,-1,-1
15334014,T0085,COUNTER,EAST,ALL VEHICLES,2022,PM PEAK,282,-1,-1
15334014,T0085,COUNTER,EAST,ALL VEHICLES,2022,ALL DAYS,1242,-1,-1
15334014,T0085,COUNTER,EAST,ALL VEHICLES,2022,WEEKENDS,955,-1,-1
15334014,T0085,COUNTER,EAST,ALL VEHICLES,2022,AM PEAK,396,-1,-1
15334014,T0085,COUNTER,EAST,LIGHT VEHICLES,2022,WEEKDAYS,1024,-1,-1
15334014,T0085,PRESCRIBED,WEST,ALL VEHICLES,2022,AM PEAK,260,-1,-1
15334014,T0085,COUNTER,EAST,LIGHT VEHICLES,2022,PM PEAK,262,49,63
15334014,T0085,PRESCRIBED AND COUNTER,BOTH,LIGHT VEHICLES,2022,WEEKDAYS,2176,-1,-1
15334014,T0085,COUNTER,EAST,HEAVY VEHICLES,2022,WEEKENDS,56,-1,-1
15334014,T0085,PRESCRIBED AND COUNTER,BOTH,HEAVY VEHICLES,2022,PM PEAK,44,-1,-1
15334014,T0085,PRESCRIBED,WEST,LIGHT VEHICLES,2022,ALL DAYS,1269,41,68
15334014,T0085,PRESCRIBED AND COUNTER,BOTH,LIGHT VEHICLES,2022,OFF PEAK,878,-1,-1
15334014,T0085,COUNTER,EAST,HEAVY VEHICLES,2022,ALL DAYS,86,5,73
15334014,T0085,PRESCRIBED AND COUNTER,BOTH,LIGHT VEHICLES,2022,WEEKENDS,1951,-1,-1
15334014,T0085,PRESCRIBED,WEST,LIGHT VEHICLES,2022,WEEKENDS,1052,-1,-1
15334016,T0231,COUNTER,EAST,HEAVY VEHICLES,2022,WEEKDAYS,1381,-1,-1
15334016,T0231,COUNTER,EAST,HEAVY VEHICLES,2022,OFF PEAK,608,11,85
15334016,T0231,COUNTER,EAST,ALL VEHICLES,2022,ALL DAYS,19872,-1,-1
15334016,T0231,COUNTER,EAST,LIGHT VEHICLES,2022,OFF PEAK,7977,28,85
15334016,T0231,COUNTER,EAST,LIGHT VEHICLES,2022,AM PEAK,5469,43,88
15334016,T0231,COUNTER,EAST,LIGHT VEHICLES,2022,WEEKENDS,17569,-1,-1
15334016,T0231,COUNTER,EAST,HEAVY VEHICLES,2022,PM PEAK,241,12,83
15334016,T0231,COUNTER,EAST,HEAVY VEHICLES,2022,ALL DAYS,1237,11,85
15334016,T0231,COUNTER,EAST,ALL VEHICLES,2022,OFF PEAK,8585,-1,-1
15334016,T0231,COUNTER,EAST,ALL VEHICLES,2022,PM PEAK,4569,-1,-1
15334016,T0231,COUNTER,EAST,HEAVY VEHICLES,2022,AM PEAK,532,17,88
15334016,T0231,COUNTER,EAST,ALL VEHICLES,2022,AM PEAK,6001,-1,-1
15334016,T0231,COUNTER,EAST,HEAVY VEHICLES,2022,WEEKENDS,730,-1,-1
15334016,T0231,COUNTER,EAST,ALL VEHICLES,2022,WEEKDAYS,19155,-1,-1
15334016,T0231,COUNTER,EAST,LIGHT VEHICLES,2022,WEEKDAYS,17774,-1,-1
15334016,T0231,COUNTER,EAST,LIGHT VEHICLES,2022,PM PEAK,4328,45,84
15334016,T0231,COUNTER,EAST,ALL VEHICLES,2022,WEEKENDS,18299,-1,-1
15334016,T0231,COUNTER,EAST,LIGHT VEHICLES,2022,ALL DAYS,18635,33,86
15334029,T0337,COUNTER,EAST,HEAVY VEHICLES,2022,PM PEAK,24,13,57
15334029,T0337,COUNTER,EAST,ALL VEHICLES,2022,OFF PEAK,521,-1,-1
15334029,T0337,PRESCRIBED AND COUNTER,BOTH,LIGHT VEHICLES,2022,PM PEAK,777,-1,-1
15334029,T0337,PRESCRIBED,WEST,LIGHT VEHICLES,2022,AM PEAK,290,50,63
15334029,T0337,PRESCRIBED AND COUNTER,BOTH,ALL VEHICLES,2022,ALL DAYS,2765,-1,-1
15334029,T0337,PRESCRIBED,WEST,LIGHT VEHICLES,2022,WEEKENDS,1209,-1,-1
15334029,T0337,PRESCRIBED AND COUNTER,BOTH,ALL VEHICLES,2022,AM PEAK,750,-1,-1
15334029,T0337,COUNTER,EAST,ALL VEHICLES,2022,PM PEAK,330,-1,-1
15334029,T0337,COUNTER,EAST,ALL VEHICLES,2022,ALL DAYS,1352,-1,-1
15334029,T0337,COUNTER,EAST,LIGHT VEHICLES,2022,AM PEAK,393,52,60
15334029,T0337,PRESCRIBED AND COUNTER,BOTH,HEAVY VEHICLES,2022,WEEKDAYS,222,-1,-1
15334029,T0337,PRESCRIBED,WEST,HEAVY VEHICLES,2022,WEEKDAYS,119,-1,-1
15334029,T0337,PRESCRIBED AND COUNTER,BOTH,ALL VEHICLES,2022,PM PEAK,841,-1,-1
15334029,T0337,PRESCRIBED,WEST,ALL VEHICLES,2022,WEEKDAYS,1421,-1,-1
15334029,T0337,PRESCRIBED,WEST,LIGHT VEHICLES,2022,OFF PEAK,541,40,65
15334029,T0337,COUNTER,EAST,ALL VEHICLES,2022,AM PEAK,432,-1,-1
15334029,T0337,PRESCRIBED,WEST,HEAVY VEHICLES,2022,ALL DAYS,104,7,69
15334029,T0337,COUNTER,EAST,LIGHT VEHICLES,2022,WEEKDAYS,1180,-1,-1
15334029,T0337,PRESCRIBED AND COUNTER,BOTH,ALL VEHICLES,2022,WEEKDAYS,2704,-1,-1
15334029,T0337,PRESCRIBED,WEST,ALL VEHICLES,2022,WEEKENDS,1304,-1,-1
15334029,T0337,COUNTER,EAST,HEAVY VEHICLES,2022,WEEKDAYS,103,-1,-1
15334029,T0337,COUNTER,EAST,HEAVY VEHICLES,2022,AM PEAK,39,11,58
15334029,T0337,PRESCRIBED AND COUNTER,BOTH,HEAVY VEHICLES,2022,ALL DAYS,195,-1,-1
15334029,T0337,COUNTER,EAST,ALL VEHICLES,2022,WEEKENDS,1253,-1,-1
15334029,T0337,PRESCRIBED,WEST,ALL VEHICLES,2022,PM PEAK,511,-1,-1
15334029,T0337,PRESCRIBED,WEST,HEAVY VEHICLES,2022,AM PEAK,28,11,58
15334029,T0337,COUNTER,EAST,LIGHT VEHICLES,2022,OFF PEAK,481,38,61
15334029,T0337,PRESCRIBED AND COUNTER,BOTH,HEAVY VEHICLES,2022,PM PEAK,64,-1,-1
15334029,T0337,PRESCRIBED,WEST,ALL VEHICLES,2022,OFF PEAK,592,-1,-1
15334029,T0337,PRESCRIBED AND COUNTER,BOTH,ALL VEHICLES,2022,OFF PEAK,1113,-1,-1
15334029,T0337,PRESCRIBED AND COUNTER,BOTH,LIGHT VEHICLES,2022,WEEKENDS,2367,-1,-1
15334029,T0337,PRESCRIBED AND COUNTER,BOTH,HEAVY VEHICLES,2022,AM PEAK,67,-1,-1
15334029,T0337,PRESCRIBED AND COUNTER,BOTH,LIGHT VEHICLES,2022,WEEKDAYS,2482,-1,-1
15334029,T0337,PRESCRIBED AND COUNTER,BOTH,LIGHT VEHICLES,2022,OFF PEAK,1022,-1,-1
15334029,T0337,COUNTER,EAST,LIGHT VEHICLES,2022,WEEKENDS,1158,-1,-1
15334029,T0337,PRESCRIBED AND COUNTER,BOTH,HEAVY VEHICLES,2022,OFF PEAK,91,-1,-1
15334029,T0337,PRESCRIBED,WEST,HEAVY VEHICLES,2022,PM PEAK,40,13,62
15334029,T0337,PRESCRIBED AND COUNTER,BOTH,ALL VEHICLES,2022,WEEKENDS,2557,-1,-1
15334029,T0337,PRESCRIBED AND COUNTER,BOTH,HEAVY VEHICLES,2022,WEEKENDS,190,-1,-1
15334029,T0337,PRESCRIBED,WEST,HEAVY VEHICLES,2022,WEEKENDS,95,-1,-1
15334029,T0337,PRESCRIBED,WEST,ALL VEHICLES,2022,AM PEAK,318,-1,-1
15334029,T0337,COUNTER,EAST,HEAVY VEHICLES,2022,OFF PEAK,40,5,58
15334029,T0337,PRESCRIBED AND COUNTER,BOTH,LIGHT VEHICLES,2022,AM PEAK,683,-1,-1
15334029,T0337,PRESCRIBED,WEST,LIGHT VEHICLES,2022,WEEKDAYS,1302,-1,-1
15334029,T0337,COUNTER,EAST,LIGHT VEHICLES,2022,ALL DAYS,1261,43,74
15334029,T0337,COUNTER,EAST,HEAVY VEHICLES,2022,WEEKENDS,95,-1,-1
15334029,T0337,COUNTER,EAST,LIGHT VEHICLES,2022,PM PEAK,306,52,57
15334029,T0337,PRESCRIBED AND COUNTER,BOTH,LIGHT VEHICLES,2022,ALL DAYS,2570,-1,-1
15334029,T0337,PRESCRIBED,WEST,HEAVY VEHICLES,2022,OFF PEAK,51,6,60
15334029,T0337,COUNTER,EAST,ALL VEHICLES,2022,WEEKDAYS,1283,-1,-1
15334029,T0337,PRESCRIBED,WEST,LIGHT VEHICLES,2022,ALL DAYS,1309,45,75
15334029,T0337,PRESCRIBED,WEST,LIGHT VEHICLES,2022,PM PEAK,471,54,62
15334029,T0337,COUNTER,EAST,HEAVY VEHICLES,2022,ALL DAYS,91,6,69
15334029,T0337,PRESCRIBED,WEST,ALL VEHICLES,2022,ALL DAYS,1413,-1,-1
15334030,T0342,PRESCRIBED,WEST,HEAVY VEHICLES,2022,OFF PEAK,38,4,67
15334030,T0342,COUNTER,EAST,ALL VEHICLES,2022,WEEKENDS,1070,-1,-1
15334030,T0342,PRESCRIBED AND COUNTER,BOTH,ALL VEHICLES,2022,WEEKENDS,2254,-1,-1
15334030,T0342,PRESCRIBED,WEST,ALL VEHICLES,2022,WEEKENDS,1184,-1,-1
15334030,T0342,PRESCRIBED,WEST,ALL VEHICLES,2022,WEEKDAYS,1208,-1,-1
15334030,T0342,PRESCRIBED,WEST,HEAVY VEHICLES,2022,ALL DAYS,115,5,80
15334030,T0342,PRESCRIBED,WEST,ALL VEHICLES,2022,OFF PEAK,490,-1,-1
15334030,T0342,COUNTER,EAST,HEAVY VEHICLES,2022,WEEKDAYS,108,-1,-1
15334030,T0342,COUNTER,EAST,HEAVY VEHICLES,2022,WEEKENDS,72,-1,-1
15334030,T0342,COUNTER,EAST,LIGHT VEHICLES,2022,OFF PEAK,400,27,65
15334030,T0342,PRESCRIBED AND COUNTER,BOTH,HEAVY VEHICLES,2022,WEEKENDS,134,-1,-1
15334030,T0342,PRESCRIBED,WEST,HEAVY VEHICLES,2022,WEEKDAYS,101,-1,-1
15334030,T0342,COUNTER,EAST,LIGHT VEHICLES,2022,PM PEAK,258,37,62
15334030,T0342,COUNTER,EAST,HEAVY VEHICLES,2022,PM PEAK,26,9,64
15334030,T0342,PRESCRIBED,WEST,HEAVY VEHICLES,2022,PM PEAK,41,13,67
15334030,T0342,PRESCRIBED AND COUNTER,BOTH,LIGHT VEHICLES,2022,WEEKENDS,2120,-1,-1
15334030,T0342,PRESCRIBED AND COUNTER,BOTH,HEAVY VEHICLES,2022,OFF PEAK,74,-1,-1
15334030,T0342,PRESCRIBED,WEST,HEAVY VEHICLES,2022,WEEKENDS,62,-1,-1
15334030,T0342,COUNTER,EAST,HEAVY VEHICLES,2022,OFF PEAK,36,5,62
15334030,T0342,PRESCRIBED,WEST,ALL VEHICLES,2022,PM PEAK,471,-1,-1
15334030,T0342,COUNTER,EAST,ALL VEHICLES,2022,WEEKDAYS,1131,-1,-1
15334030,T0342,COUNTER,EAST,LIGHT VEHICLES,2022,ALL DAYS,1644,31,83
15334030,T0342,PRESCRIBED,WEST,LIGHT VEHICLES,2022,ALL DAYS,1759,32,83
15334030,T0342,PRESCRIBED AND COUNTER,BOTH,ALL VEHICLES,2022,WEEKDAYS,2339,-1,-1
15334030,T0342,PRESCRIBED AND COUNTER,BOTH,LIGHT VEHICLES,2022,OFF PEAK,852,-1,-1
15334030,T0342,PRESCRIBED AND COUNTER,BOTH,ALL VEHICLES,2022,ALL DAYS,3641,-1,-1
15334030,T0342,COUNTER,EAST,HEAVY VEHICLES,2022,AM PEAK,46,8,62
15334030,T0342,COUNTER,EAST,HEAVY VEHICLES,2022,ALL DAYS,123,5,81
15334030,T0342,PRESCRIBED AND COUNTER,BOTH,ALL VEHICLES,2022,OFF PEAK,926,-1,-1
15334030,T0342,COUNTER,EAST,LIGHT VEHICLES,2022,WEEKDAYS,1023,-1,-1
15334030,T0342,PRESCRIBED AND COUNTER,BOTH,HEAVY VEHICLES,2022,PM PEAK,67,-1,-1
15334030,T0342,PRESCRIBED,WEST,ALL VEHICLES,2022,AM PEAK,247,-1,-1
15334030,T0342,PRESCRIBED AND COUNTER,BOTH,ALL VEHICLES,2022,AM PEAK,658,-1,-1
15334030,T0342,COUNTER,EAST,LIGHT VEHICLES,2022,AM PEAK,365,40,64
15334030,T0342,PRESCRIBED AND COUNTER,BOTH,LIGHT VEHICLES,2022,PM PEAK,688,-1,-1
15334030,T0342,PRESCRIBED AND COUNTER,BOTH,LIGHT VEHICLES,2022,AM PEAK,590,-1,-1
15334030,T0342,PRESCRIBED,WEST,HEAVY VEHICLES,2022,AM PEAK,22,8,65
15334030,T0342,PRESCRIBED AND COUNTER,BOTH,LIGHT VEHICLES,2022,WEEKDAYS,2130,-1,-1
15334030,T0342,COUNTER,EAST,ALL VEHICLES,2022,OFF PEAK,436,-1,-1
15334030,T0342,PRESCRIBED AND COUNTER,BOTH,HEAVY VEHICLES,2022,WEEKDAYS,209,-1,-1
15334030,T0342,PRESCRIBED AND COUNTER,BOTH,LIGHT VEHICLES,2022,ALL DAYS,3403,-1,-1
15334030,T0342,COUNTER,EAST,ALL VEHICLES,2022,PM PEAK,284,-1,-1
15334030,T0342,PRESCRIBED AND COUNTER,BOTH,HEAVY VEHICLES,2022,ALL DAYS,238,-1,-1
15334030,T0342,COUNTER,EAST,LIGHT VEHICLES,2022,WEEKENDS,998,-1,-1
15334030,T0342,COUNTER,EAST,ALL VEHICLES,2022,AM PEAK,411,-1,-1
15334030,T0342,PRESCRIBED,WEST,ALL VEHICLES,2022,ALL DAYS,1874,-1,-1
15334030,T0342,PRESCRIBED,WEST,LIGHT VEHICLES,2022,PM PEAK,430,42,69
15334030,T0342,PRESCRIBED,WEST,LIGHT VEHICLES,2022,WEEKDAYS,1107,-1,-1
15334030,T0342,PRESCRIBED,WEST,LIGHT VEHICLES,2022,WEEKENDS,1122,-1,-1
15334030,T0342,PRESCRIBED AND COUNTER,BOTH,ALL VEHICLES,2022,PM PEAK,755,-1,-1
15334030,T0342,PRESCRIBED,WEST,LIGHT VEHICLES,2022,AM PEAK,225,37,67
15334030,T0342,COUNTER,EAST,ALL VEHICLES,2022,ALL DAYS,1767,-1,-1
15334030,T0342,PRESCRIBED AND COUNTER,BOTH,HEAVY VEHICLES,2022,AM PEAK,68,-1,-1
15334030,T0342,PRESCRIBED,WEST,LIGHT VEHICLES,2022,OFF PEAK,452,28,69
15334031,T0345,PRESCRIBED AND COUNTER,BOTH,ALL VEHICLES,2022,WEEKENDS,12196,-1,-1
15334031,T0345,COUNTER,EAST,ALL VEHICLES,2022,OFF PEAK,2832,-1,-1
15334031,T0345,PRESCRIBED,WEST,LIGHT VEHICLES,2022,AM PEAK,1252,69,82
15334031,T0345,PRESCRIBED AND COUNTER,BOTH,LIGHT VEHICLES,2022,WEEKDAYS,13717,-1,-1
15334031,T0345,COUNTER,EAST,LIGHT VEHICLES,2022,OFF PEAK,2654,51,81
15334031,T0345,PRESCRIBED AND COUNTER,BOTH,ALL VEHICLES,2022,WEEKDAYS,14547,-1,-1
15334031,T0345,COUNTER,EAST,LIGHT VEHICLES,2022,WEEKDAYS,6719,-1,-1
15334031,T0345,PRESCRIBED,WEST,HEAVY VEHICLES,2022,ALL DAYS,379,16,89
15334031,T0345,PRESCRIBED,WEST,HEAVY VEHICLES,2022,WEEKDAYS,432,-1,-1
15334031,T0345,COUNTER,EAST,LIGHT VEHICLES,2022,ALL DAYS,6661,57,90
15334031,T0345,PRESCRIBED,WEST,ALL VEHICLES,2022,WEEKENDS,6145,-1,-1
15334031,T0345,PRESCRIBED AND COUNTER,BOTH,LIGHT VEHICLES,2022,ALL DAYS,13514,-1,-1
15334031,T0345,COUNTER,EAST,ALL VEHICLES,2022,PM PEAK,1792,-1,-1
15334031,T0345,COUNTER,EAST,HEAVY VEHICLES,2022,WEEKENDS,208,-1,-1
15334031,T0345,PRESCRIBED AND COUNTER,BOTH,ALL VEHICLES,2022,AM PEAK,3851,-1,-1
15334031,T0345,PRESCRIBED,WEST,HEAVY VEHICLES,2022,OFF PEAK,187,15,83
15334031,T0345,PRESCRIBED,WEST,HEAVY VEHICLES,2022,PM PEAK,139,19,83
15334031,T0345,PRESCRIBED AND COUNTER,BOTH,LIGHT VEHICLES,2022,PM PEAK,4409,-1,-1
15334031,T0345,PRESCRIBED AND COUNTER,BOTH,HEAVY VEHICLES,2022,OFF PEAK,365,-1,-1
15334031,T0345,COUNTER,EAST,LIGHT VEHICLES,2022,WEEKENDS,5843,-1,-1
15334031,T0345,COUNTER,EAST,ALL VEHICLES,2022,AM PEAK,2493,-1,-1
15334031,T0345,PRESCRIBED AND COUNTER,BOTH,HEAVY VEHICLES,2022,WEEKENDS,429,-1,-1
15334031,T0345,COUNTER,EAST,LIGHT VEHICLES,2022,AM PEAK,2356,72,83
15334031,T0345,COUNTER,EAST,HEAVY VEHICLES,2022,OFF PEAK,178,15,82
15334031,T0345,COUNTER,EAST,HEAVY VEHICLES,2022,WEEKDAYS,398,-1,-1
15334031,T0345,COUNTER,EAST,LIGHT VEHICLES,2022,PM PEAK,1709,70,80
15334031,T0345,PRESCRIBED,WEST,LIGHT VEHICLES,2022,WEEKDAYS,6998,-1,-1
15334031,T0345,PRESCRIBED,WEST,ALL VEHICLES,2022,WEEKDAYS,7430,-1,-1
15334031,T0345,PRESCRIBED,WEST,ALL VEHICLES,2022,PM PEAK,2839,-1,-1
15334031,T0345,COUNTER,EAST,ALL VEHICLES,2022,WEEKENDS,6051,-1,-1
15334031,T0345,PRESCRIBED AND COUNTER,BOTH,ALL VEHICLES,2022,OFF PEAK,6065,-1,-1
15334031,T0345,COUNTER,EAST,ALL VEHICLES,2022,WEEKDAYS,7117,-1,-1
15334031,T0345,PRESCRIBED,WEST,ALL VEHICLES,2022,ALL DAYS,7232,-1,-1
15334031,T0345,PRESCRIBED AND COUNTER,BOTH,LIGHT VEHICLES,2022,OFF PEAK,5700,-1,-1
15334031,T0345,COUNTER,EAST,HEAVY VEHICLES,2022,PM PEAK,83,18,81
15334031,T0345,PRESCRIBED,WEST,LIGHT VEHICLES,2022,WEEKENDS,5924,-1,-1
15334031,T0345,PRESCRIBED AND COUNTER,BOTH,ALL VEHICLES,2022,PM PEAK,4631,-1,-1
15334031,T0345,PRESCRIBED AND COUNTER,BOTH,HEAVY VEHICLES,2022,PM PEAK,222,-1,-1
15334031,T0345,PRESCRIBED AND COUNTER,BOTH,HEAVY VEHICLES,2022,AM PEAK,243,-1,-1
15334031,T0345,PRESCRIBED,WEST,LIGHT VEHICLES,2022,PM PEAK,2700,73,82
15334031,T0345,PRESCRIBED,WEST,LIGHT VEHICLES,2022,OFF PEAK,3046,51,82
15334031,T0345,PRESCRIBED AND COUNTER,BOTH,LIGHT VEHICLES,2022,AM PEAK,3608,-1,-1
15334031,T0345,COUNTER,EAST,ALL VEHICLES,2022,ALL DAYS,7014,-1,-1
15334031,T0345,PRESCRIBED,WEST,ALL VEHICLES,2022,OFF PEAK,3233,-1,-1
15334031,T0345,PRESCRIBED AND COUNTER,BOTH,LIGHT VEHICLES,2022,WEEKENDS,11767,-1,-1
15334031,T0345,COUNTER,EAST,HEAVY VEHICLES,2022,AM PEAK,137,27,84
15334031,T0345,PRESCRIBED,WEST,ALL VEHICLES,2022,AM PEAK,1358,-1,-1
15334031,T0345,COUNTER,EAST,HEAVY VEHICLES,2022,ALL DAYS,353,16,90
15334031,T0345,PRESCRIBED AND COUNTER,BOTH,ALL VEHICLES,2022,ALL DAYS,14246,-1,-1
15334031,T0345,PRESCRIBED,WEST,HEAVY VEHICLES,2022,AM PEAK,106,26,82
15334031,T0345,PRESCRIBED,WEST,HEAVY VEHICLES,2022,WEEKENDS,221,-1,-1
15334031,T0345,PRESCRIBED AND COUNTER,BOTH,HEAVY VEHICLES,2022,WEEKDAYS,830,-1,-1
15334031,T0345,PRESCRIBED AND COUNTER,BOTH,HEAVY VEHICLES,2022,ALL DAYS,732,-1,-1
15334031,T0345,PRESCRIBED,WEST,LIGHT VEHICLES,2022,ALL DAYS,6853,57,89
15370001,7139,COUNTER,WEST,LIGHT VEHICLES,2022,AM PEAK,9044,78,83
15370001,7139,COUNTER,WEST,LIGHT VEHICLES,2022,WEEKENDS,30970,-1,-1
15370001,7139,COUNTER,WEST,ALL VEHICLES,2022,PM PEAK,9740,-1,-1
15370001,7139,COUNTER,WEST,HEAVY VEHICLES,2022,AM PEAK,699,28,84
15370001,7139,COUNTER,WEST,ALL VEHICLES,2022,AM PEAK,9743,-1,-1
15370001,7139,COUNTER,WEST,HEAVY VEHICLES,2022,OFF PEAK,1455,18,83
15370001,7139,COUNTER,WEST,LIGHT VEHICLES,2022,OFF PEAK,16304,61,82
15370001,7139,COUNTER,WEST,ALL VEHICLES,2022,WEEKENDS,32176,-1,-1
15370001,7139,COUNTER,WEST,ALL VEHICLES,2022,OFF PEAK,17759,-1,-1
15370001,7139,COUNTER,WEST,HEAVY VEHICLES,2022,WEEKENDS,1206,-1,-1
15370001,7139,COUNTER,WEST,LIGHT VEHICLES,2022,PM PEAK,9104,78,82
15370001,7139,COUNTER,WEST,LIGHT VEHICLES,2022,ALL DAYS,34607,67,89
15370001,7139,COUNTER,WEST,HEAVY VEHICLES,2022,ALL DAYS,2384,17,90
15370001,7139,COUNTER,WEST,HEAVY VEHICLES,2022,WEEKDAYS,2790,-1,-1
15370001,7139,COUNTER,WEST,ALL VEHICLES,2022,ALL DAYS,36991,-1,-1
15370001,7139,COUNTER,WEST,LIGHT VEHICLES,2022,WEEKDAYS,34452,-1,-1
15370001,7139,COUNTER,WEST,ALL VEHICLES,2022,WEEKDAYS,37242,-1,-1
15370001,7139,COUNTER,WEST,HEAVY VEHICLES,2022,PM PEAK,636,24,82
15648001,7179,COUNTER,SOUTH,LIGHT VEHICLES,2022,OFF PEAK,13492,59,86
15648001,7179,COUNTER,SOUTH,ALL VEHICLES,2022,WEEKDAYS,31081,-1,-1
15648001,7179,COUNTER,SOUTH,ALL VEHICLES,2022,OFF PEAK,16076,-1,-1
15648001,7179,COUNTER,SOUTH,HEAVY VEHICLES,2022,OFF PEAK,2584,37,86
15648001,7179,COUNTER,SOUTH,ALL VEHICLES,2022,AM PEAK,6891,-1,-1
15648001,7179,COUNTER,SOUTH,HEAVY VEHICLES,2022,WEEKENDS,1585,-1,-1
15648001,7179,COUNTER,SOUTH,LIGHT VEHICLES,2022,WEEKDAYS,26400,-1,-1
15648001,7179,COUNTER,SOUTH,HEAVY VEHICLES,2022,ALL DAYS,3933,34,90
15648001,7179,COUNTER,SOUTH,LIGHT VEHICLES,2022,WEEKENDS,24166,-1,-1
15648001,7179,COUNTER,SOUTH,HEAVY VEHICLES,2022,AM PEAK,1139,47,88
15648001,7179,COUNTER,SOUTH,ALL VEHICLES,2022,WEEKENDS,25751,-1,-1
15648001,7179,COUNTER,SOUTH,HEAVY VEHICLES,2022,PM PEAK,958,47,86
15648001,7179,COUNTER,SOUTH,LIGHT VEHICLES,2022,ALL DAYS,26440,62,90
15648001,7179,COUNTER,SOUTH,HEAVY VEHICLES,2022,WEEKDAYS,4681,-1,-1
15648001,7179,COUNTER,SOUTH,ALL VEHICLES,2022,PM PEAK,8114,-1,-1
15648001,7179,COUNTER,SOUTH,LIGHT VEHICLES,2022,AM PEAK,5752,70,88
15648001,7179,COUNTER,SOUTH,ALL VEHICLES,2022,ALL DAYS,30373,-1,-1
15648001,7179,COUNTER,SOUTH,LIGHT VEHICLES,2022,PM PEAK,7156,73,86
15648002,9849,COUNTER,SOUTH,ALL VEHICLES,2022,OFF PEAK,4379,-1,-1
15648002,9849,PRESCRIBED AND COUNTER,BOTH,HEAVY VEHICLES,2022,WEEKENDS,725,-1,-1
15648002,9849,PRESCRIBED,NORTH,HEAVY VEHICLES,2022,OFF PEAK,304,11,78
15648002,9849,PRESCRIBED,NORTH,HEAVY VEHICLES,2022,PM PEAK,166,13,77
15648002,9849,COUNTER,SOUTH,LIGHT VEHICLES,2022,WEEKDAYS,8815,-1,-1
15648002,9849,COUNTER,SOUTH,HEAVY VEHICLES,2022,AM PEAK,179,18,81
15648002,9849,PRESCRIBED AND COUNTER,BOTH,HEAVY VEHICLES,2022,ALL DAYS,1254,-1,-1
15648002,9849,COUNTER,SOUTH,LIGHT VEHICLES,2022,WEEKENDS,7754,-1,-1
15648002,9849,PRESCRIBED,NORTH,LIGHT VEHICLES,2022,OFF PEAK,3703,28,77
15648002,9849,PRESCRIBED AND COUNTER,BOTH,LIGHT VEHICLES,2022,OFF PEAK,7768,-1,-1
15648002,9849,PRESCRIBED AND COUNTER,BOTH,ALL VEHICLES,2022,WEEKDAYS,18835,-1,-1
15648002,9849,COUNTER,SOUTH,LIGHT VEHICLES,2022,PM PEAK,3069,47,80
15648002,9849,PRESCRIBED,NORTH,LIGHT VEHICLES,2022,PM PEAK,2248,45,76
15648002,9849,COUNTER,SOUTH,HEAVY VEHICLES,2022,WEEKENDS,359,-1,-1
15648002,9849,PRESCRIBED,NORTH,HEAVY VEHICLES,2022,ALL DAYS,628,10,87
15648002,9849,PRESCRIBED,NORTH,ALL VEHICLES,2022,WEEKENDS,7851,-1,-1
15648002,9849,COUNTER,SOUTH,LIGHT VEHICLES,2022,AM PEAK,1681,41,81
15648002,9849,COUNTER,SOUTH,LIGHT VEHICLES,2022,OFF PEAK,4065,34,80
15648002,9849,COUNTER,SOUTH,ALL VEHICLES,2022,PM PEAK,3300,-1,-1
15648002,9849,PRESCRIBED,NORTH,ALL VEHICLES,2022,WEEKDAYS,9296,-1,-1
15648002,9849,PRESCRIBED AND COUNTER,BOTH,HEAVY VEHICLES,2022,WEEKDAYS,1454,-1,-1
15648002,9849,COUNTER,SOUTH,LIGHT VEHICLES,2022,ALL DAYS,8736,26,83
15648002,9849,PRESCRIBED,NORTH,LIGHT VEHICLES,2022,ALL DAYS,8470,30,85
15648002,9849,COUNTER,SOUTH,ALL VEHICLES,2022,WEEKENDS,8113,-1,-1
15648002,9849,PRESCRIBED AND COUNTER,BOTH,ALL VEHICLES,2022,PM PEAK,5714,-1,-1
15648002,9849,COUNTER,SOUTH,ALL VEHICLES,2022,AM PEAK,1860,-1,-1
15648002,9849,PRESCRIBED AND COUNTER,BOTH,ALL VEHICLES,2022,AM PEAK,4735,-1,-1
15648002,9849,PRESCRIBED AND COUNTER,BOTH,ALL VEHICLES,2022,ALL DAYS,18460,-1,-1
15648002,9849,PRESCRIBED AND COUNTER,BOTH,ALL VEHICLES,2022,WEEKENDS,15964,-1,-1
15648002,9849,PRESCRIBED,NORTH,LIGHT VEHICLES,2022,AM PEAK,2615,44,80
15648002,9849,PRESCRIBED,NORTH,ALL VEHICLES,2022,PM PEAK,2414,-1,-1
15648002,9849,PRESCRIBED AND COUNTER,BOTH,LIGHT VEHICLES,2022,AM PEAK,4296,-1,-1
15648002,9849,PRESCRIBED,NORTH,ALL VEHICLES,2022,ALL DAYS,9098,-1,-1
15648002,9849,PRESCRIBED,NORTH,HEAVY VEHICLES,2022,WEEKDAYS,730,-1,-1
15648002,9849,COUNTER,SOUTH,ALL VEHICLES,2022,WEEKDAYS,9539,-1,-1
15648002,9849,PRESCRIBED,NORTH,HEAVY VEHICLES,2022,WEEKENDS,366,-1,-1
15648002,9849,PRESCRIBED AND COUNTER,BOTH,LIGHT VEHICLES,2022,PM PEAK,5317,-1,-1
15648002,9849,COUNTER,SOUTH,HEAVY VEHICLES,2022,WEEKDAYS,724,-1,-1
15648002,9849,PRESCRIBED,NORTH,LIGHT VEHICLES,2022,WEEKDAYS,8566,-1,-1
15648002,9849,COUNTER,SOUTH,HEAVY VEHICLES,2022,ALL DAYS,626,12,85
15648002,9849,PRESCRIBED,NORTH,ALL VEHICLES,2022,OFF PEAK,4007,-1,-1
15648002,9849,PRESCRIBED AND COUNTER,BOTH,LIGHT VEHICLES,2022,ALL DAYS,17206,-1,-1
15648002,9849,COUNTER,SOUTH,HEAVY VEHICLES,2022,OFF PEAK,314,11,81
15648002,9849,COUNTER,SOUTH,HEAVY VEHICLES,2022,PM PEAK,231,16,80
15648002,9849,PRESCRIBED AND COUNTER,BOTH,LIGHT VEHICLES,2022,WEEKDAYS,17381,-1,-1
15648002,9849,PRESCRIBED AND COUNTER,BOTH,HEAVY VEHICLES,2022,PM PEAK,397,-1,-1
15648002,9849,PRESCRIBED,NORTH,ALL VEHICLES,2022,AM PEAK,2875,-1,-1
15648002,9849,PRESCRIBED,NORTH,LIGHT VEHICLES,2022,WEEKENDS,7485,-1,-1
15648002,9849,PRESCRIBED AND COUNTER,BOTH,ALL VEHICLES,2022,OFF PEAK,8386,-1,-1
15648002,9849,COUNTER,SOUTH,ALL VEHICLES,2022,ALL DAYS,9362,-1,-1
15648002,9849,PRESCRIBED AND COUNTER,BOTH,HEAVY VEHICLES,2022,AM PEAK,439,-1,-1
15648002,9849,PRESCRIBED AND COUNTER,BOTH,HEAVY VEHICLES,2022,OFF PEAK,618,-1,-1
15648002,9849,PRESCRIBED AND COUNTER,BOTH,LIGHT VEHICLES,2022,WEEKENDS,15239,-1,-1
15648002,9849,PRESCRIBED,NORTH,HEAVY VEHICLES,2022,AM PEAK,260,19,80
15828001,7184,COUNTER,SOUTH,ALL VEHICLES,2022,WEEKENDS,31219,-1,-1
15828001,7184,COUNTER,SOUTH,ALL VEHICLES,2022,OFF PEAK,16328,-1,-1
15828001,7184,COUNTER,SOUTH,ALL VEHICLES,2022,ALL DAYS,35035,-1,-1
15828001,7184,COUNTER,SOUTH,HEAVY VEHICLES,2022,WEEKENDS,1295,-1,-1
15828001,7184,COUNTER,SOUTH,HEAVY VEHICLES,2022,OFF PEAK,1832,28,84
15828001,7184,COUNTER,SOUTH,ALL VEHICLES,2022,WEEKDAYS,35274,-1,-1
15828001,7184,COUNTER,SOUTH,HEAVY VEHICLES,2022,ALL DAYS,2915,27,92
15828001,7184,COUNTER,SOUTH,HEAVY VEHICLES,2022,AM PEAK,837,37,86
15828001,7184,COUNTER,SOUTH,ALL VEHICLES,2022,PM PEAK,9286,-1,-1
15828001,7184,COUNTER,SOUTH,LIGHT VEHICLES,2022,ALL DAYS,32120,59,91
15828001,7184,COUNTER,SOUTH,ALL VEHICLES,2022,AM PEAK,9660,-1,-1
15828001,7184,COUNTER,SOUTH,LIGHT VEHICLES,2022,WEEKENDS,29924,-1,-1
15828001,7184,COUNTER,SOUTH,LIGHT VEHICLES,2022,OFF PEAK,14496,55,83
15828001,7184,COUNTER,SOUTH,LIGHT VEHICLES,2022,WEEKDAYS,31845,-1,-1
15828001,7184,COUNTER,SOUTH,LIGHT VEHICLES,2022,PM PEAK,8526,69,82
15828001,7184,COUNTER,SOUTH,HEAVY VEHICLES,2022,PM PEAK,760,34,83
15828001,7184,COUNTER,SOUTH,HEAVY VEHICLES,2022,WEEKDAYS,3429,-1,-1
15828001,7184,COUNTER,SOUTH,LIGHT VEHICLES,2022,AM PEAK,8823,70,85
15828005,9658,COUNTER,WEST,ALL VEHICLES,2022,AM PEAK,4036,-1,-1
15828005,9658,COUNTER,WEST,HEAVY VEHICLES,2022,ALL DAYS,1745,31,89
15828005,9658,COUNTER,WEST,HEAVY VEHICLES,2022,PM PEAK,440,41,84
15828005,9658,COUNTER,WEST,ALL VEHICLES,2022,ALL DAYS,16586,-1,-1
15828005,9658,COUNTER,WEST,HEAVY VEHICLES,2022,WEEKDAYS,2025,-1,-1
15828005,9658,COUNTER,WEST,HEAVY VEHICLES,2022,OFF PEAK,1157,32,86
15828005,9658,COUNTER,WEST,ALL VEHICLES,2022,WEEKDAYS,16736,-1,-1
15828005,9658,COUNTER,WEST,LIGHT VEHICLES,2022,PM PEAK,3776,63,85
15828005,9658,COUNTER,WEST,LIGHT VEHICLES,2022,OFF PEAK,7327,49,87
15828005,9658,COUNTER,WEST,ALL VEHICLES,2022,PM PEAK,4216,-1,-1
15828005,9658,COUNTER,WEST,ALL VEHICLES,2022,OFF PEAK,8484,-1,-1
15828005,9658,COUNTER,WEST,LIGHT VEHICLES,2022,WEEKDAYS,14711,-1,-1
15828005,9658,COUNTER,WEST,LIGHT VEHICLES,2022,ALL DAYS,14841,53,90
15828005,9658,COUNTER,WEST,LIGHT VEHICLES,2022,AM PEAK,3608,60,88
15828005,9658,COUNTER,WEST,LIGHT VEHICLES,2022,WEEKENDS,13830,-1,-1
15828005,9658,COUNTER,WEST,ALL VEHICLES,2022,WEEKENDS,14656,-1,-1
15828005,9658,COUNTER,WEST,HEAVY VEHICLES,2022,WEEKENDS,826,-1,-1
15828005,9658,COUNTER,WEST,HEAVY VEHICLES,2022,AM PEAK,428,41,86
15934002,T0289,PRESCRIBED,NORTH,HEAVY VEHICLES,2022,AM PEAK,1083,67,74
15934002,T0289,PRESCRIBED,NORTH,LIGHT VEHICLES,2022,WEEKENDS,30,-1,-1
15934002,T0289,PRESCRIBED,NORTH,LIGHT VEHICLES,2022,AM PEAK,4,18,71
15934002,T0289,PRESCRIBED,NORTH,ALL VEHICLES,2022,ALL DAYS,3686,-1,-1
15934002,T0289,PRESCRIBED,NORTH,LIGHT VEHICLES,2022,PM PEAK,7,20,76
15934002,T0289,PRESCRIBED,NORTH,HEAVY VEHICLES,2022,WEEKDAYS,4395,-1,-1
15934002,T0289,PRESCRIBED,NORTH,LIGHT VEHICLES,2022,OFF PEAK,21,18,75
15934002,T0289,PRESCRIBED,NORTH,ALL VEHICLES,2022,AM PEAK,1087,-1,-1
15934002,T0289,PRESCRIBED,NORTH,HEAVY VEHICLES,2022,WEEKENDS,1194,-1,-1
15934002,T0289,PRESCRIBED,NORTH,ALL VEHICLES,2022,WEEKENDS,1224,-1,-1
15934002,T0289,PRESCRIBED,NORTH,HEAVY VEHICLES,2022,PM PEAK,663,73,72
15934002,T0289,PRESCRIBED,NORTH,HEAVY VEHICLES,2022,OFF PEAK,2649,60,73
15934002,T0289,PRESCRIBED,NORTH,ALL VEHICLES,2022,OFF PEAK,2670,-1,-1
15934002,T0289,PRESCRIBED,NORTH,ALL VEHICLES,2022,PM PEAK,670,-1,-1
15934002,T0289,PRESCRIBED,NORTH,ALL VEHICLES,2022,WEEKDAYS,4427,-1,-1
15934002,T0289,PRESCRIBED,NORTH,LIGHT VEHICLES,2022,WEEKDAYS,32,-1,-1
15934002,T0289,PRESCRIBED,NORTH,LIGHT VEHICLES,2022,ALL DAYS,27,16,80
15934002,T0289,PRESCRIBED,NORTH,HEAVY VEHICLES,2022,ALL DAYS,3659,58,79
16294002,T0288,PRESCRIBED,NORTH,HEAVY VEHICLES,2022,WEEKDAYS,4411,-1,-1
16294002,T0288,PRESCRIBED,NORTH,ALL VEHICLES,2022,OFF PEAK,2676,-1,-1
16294002,T0288,PRESCRIBED,NORTH,HEAVY VEHICLES,2022,OFF PEAK,2658,59,75
16294002,T0288,PRESCRIBED,NORTH,ALL VEHICLES,2022,PM PEAK,675,-1,-1
16294002,T0288,PRESCRIBED,NORTH,LIGHT VEHICLES,2022,WEEKENDS,22,-1,-1
16294002,T0288,PRESCRIBED,NORTH,ALL VEHICLES,2022,WEEKDAYS,4440,-1,-1
16294002,T0288,PRESCRIBED,NORTH,ALL VEHICLES,2022,ALL DAYS,3674,-1,-1
16294002,T0288,PRESCRIBED,NORTH,HEAVY VEHICLES,2022,PM PEAK,668,73,74
16294002,T0288,PRESCRIBED,NORTH,LIGHT VEHICLES,2022,PM PEAK,7,20,77
16294002,T0288,PRESCRIBED,NORTH,HEAVY VEHICLES,2022,ALL DAYS,3648,58,75
16294002,T0288,PRESCRIBED,NORTH,ALL VEHICLES,2022,AM PEAK,1089,-1,-1
16294002,T0288,PRESCRIBED,NORTH,LIGHT VEHICLES,2022,WEEKDAYS,29,-1,-1
16294002,T0288,PRESCRIBED,NORTH,HEAVY VEHICLES,2022,AM PEAK,1085,66,77
16294002,T0288,PRESCRIBED,NORTH,ALL VEHICLES,2022,WEEKENDS,1236,-1,-1
16294002,T0288,PRESCRIBED,NORTH,LIGHT VEHICLES,2022,OFF PEAK,18,18,83
16294002,T0288,PRESCRIBED,NORTH,HEAVY VEHICLES,2022,WEEKENDS,1214,-1,-1
16294002,T0288,PRESCRIBED,NORTH,LIGHT VEHICLES,2022,ALL DAYS,26,16,80
16294002,T0288,PRESCRIBED,NORTH,LIGHT VEHICLES,2022,AM PEAK,4,18,78
16294003,T0290,PRESCRIBED,NORTH,HEAVY VEHICLES,2022,AM PEAK,1082,66,77
16294003,T0290,PRESCRIBED,NORTH,LIGHT VEHICLES,2022,OFF PEAK,16,17,83
16294003,T0290,PRESCRIBED,NORTH,ALL VEHICLES,2022,ALL DAYS,3660,-1,-1
16294003,T0290,PRESCRIBED,NORTH,LIGHT VEHICLES,2022,AM PEAK,4,18,73
16294003,T0290,PRESCRIBED,NORTH,ALL VEHICLES,2022,WEEKDAYS,4422,-1,-1
16294003,T0290,PRESCRIBED,NORTH,LIGHT VEHICLES,2022,PM PEAK,6,21,81
16294003,T0290,PRESCRIBED,NORTH,ALL VEHICLES,2022,AM PEAK,1086,-1,-1
16294003,T0290,PRESCRIBED,NORTH,HEAVY VEHICLES,2022,WEEKDAYS,4396,-1,-1
16294003,T0290,PRESCRIBED,NORTH,HEAVY VEHICLES,2022,ALL DAYS,3638,58,76
16294003,T0290,PRESCRIBED,NORTH,HEAVY VEHICLES,2022,OFF PEAK,2650,59,75
16294003,T0290,PRESCRIBED,NORTH,ALL VEHICLES,2022,PM PEAK,670,-1,-1
16294003,T0290,PRESCRIBED,NORTH,LIGHT VEHICLES,2022,WEEKDAYS,26,-1,-1
16294003,T0290,PRESCRIBED,NORTH,LIGHT VEHICLES,2022,ALL DAYS,22,16,82
16294003,T0290,PRESCRIBED,NORTH,ALL VEHICLES,2022,WEEKENDS,1230,-1,-1
16294003,T0290,PRESCRIBED,NORTH,HEAVY VEHICLES,2022,WEEKENDS,1212,-1,-1
16294003,T0290,PRESCRIBED,NORTH,ALL VEHICLES,2022,OFF PEAK,2666,-1,-1
16294003,T0290,PRESCRIBED,NORTH,HEAVY VEHICLES,2022,PM PEAK,664,72,74
16294003,T0290,PRESCRIBED,NORTH,LIGHT VEHICLES,2022,WEEKENDS,18,-1,-1
17126149,7120,PRESCRIBED,NORTH,HEAVY VEHICLES,2022,OFF PEAK,560,16,89
17126149,7120,PRESCRIBED,NORTH,LIGHT VEHICLES,2022,WEEKENDS,12350,-1,-1
17126149,7120,PRESCRIBED,NORTH,HEAVY VEHICLES,2022,WEEKDAYS,1008,-1,-1
17126149,7120,PRESCRIBED,NORTH,HEAVY VEHICLES,2022,WEEKENDS,578,-1,-1
17126149,7120,PRESCRIBED,NORTH,ALL VEHICLES,2022,OFF PEAK,7283,-1,-1
17126149,7120,PRESCRIBED,NORTH,LIGHT VEHICLES,2022,AM PEAK,2861,79,90
17126149,7120,PRESCRIBED,NORTH,LIGHT VEHICLES,2022,ALL DAYS,12650,70,93
17126149,7120,PRESCRIBED,NORTH,HEAVY VEHICLES,2022,PM PEAK,148,17,88
17126149,7120,PRESCRIBED,NORTH,LIGHT VEHICLES,2022,OFF PEAK,6723,65,89
17126149,7120,PRESCRIBED,NORTH,LIGHT VEHICLES,2022,WEEKDAYS,12285,-1,-1
17126149,7120,PRESCRIBED,NORTH,ALL VEHICLES,2022,AM PEAK,3161,-1,-1
17126149,7120,PRESCRIBED,NORTH,ALL VEHICLES,2022,ALL DAYS,13541,-1,-1
17126149,7120,PRESCRIBED,NORTH,LIGHT VEHICLES,2022,PM PEAK,2701,79,88
17126149,7120,PRESCRIBED,NORTH,HEAVY VEHICLES,2022,ALL DAYS,891,16,93
17126149,7120,PRESCRIBED,NORTH,ALL VEHICLES,2022,PM PEAK,2849,-1,-1
17126149,7120,PRESCRIBED,NORTH,HEAVY VEHICLES,2022,AM PEAK,300,24,90
17126149,7120,PRESCRIBED,NORTH,ALL VEHICLES,2022,WEEKDAYS,13293,-1,-1
17126149,7120,PRESCRIBED,NORTH,ALL VEHICLES,2022,WEEKENDS,12928,-1,-1
99990003,7119-PR,PRESCRIBED AND COUNTER,BOTH,ALL VEHICLES,2022,AM PEAK,6164,-1,-1
99990003,7119-PR,PRESCRIBED,WEST,HEAVY VEHICLES,2022,WEEKENDS,353,-1,-1
99990003,7119-PR,PRESCRIBED AND COUNTER,BOTH,HEAVY VEHICLES,2022,ALL DAYS,1508,-1,-1
99990003,7119-PR,PRESCRIBED AND COUNTER,BOTH,HEAVY VEHICLES,2022,AM PEAK,509,-1,-1
99990003,7119-PR,PRESCRIBED AND COUNTER,BOTH,HEAVY VEHICLES,2022,OFF PEAK,864,-1,-1
99990003,7119-PR,COUNTER,EAST,LIGHT VEHICLES,2022,OFF PEAK,6754,48,85
99990003,7119-PR,PRESCRIBED AND COUNTER,BOTH,LIGHT VEHICLES,2022,ALL DAYS,27208,-1,-1
99990003,7119-PR,PRESCRIBED,WEST,ALL VEHICLES,2022,AM PEAK,2239,-1,-1
99990003,7119-PR,PRESCRIBED,WEST,ALL VEHICLES,2022,WEEKENDS,13023,-1,-1
99990003,7119-PR,COUNTER,EAST,ALL VEHICLES,2022,WEEKDAYS,14832,-1,-1
99990003,7119-PR,PRESCRIBED AND COUNTER,BOTH,HEAVY VEHICLES,2022,PM PEAK,386,-1,-1
99990003,7119-PR,COUNTER,EAST,LIGHT VEHICLES,2022,ALL DAYS,13767,51,91
99990003,7119-PR,COUNTER,EAST,HEAVY VEHICLES,2022,PM PEAK,204,20,85
99990003,7119-PR,PRESCRIBED AND COUNTER,BOTH,LIGHT VEHICLES,2022,OFF PEAK,14154,-1,-1
99990003,7119-PR,PRESCRIBED AND COUNTER,BOTH,ALL VEHICLES,2022,PM PEAK,7711,-1,-1
99990003,7119-PR,COUNTER,EAST,LIGHT VEHICLES,2022,WEEKENDS,12281,-1,-1
99990003,7119-PR,PRESCRIBED AND COUNTER,BOTH,ALL VEHICLES,2022,OFF PEAK,15018,-1,-1
99990003,7119-PR,PRESCRIBED,WEST,LIGHT VEHICLES,2022,WEEKDAYS,13267,-1,-1
99990003,7119-PR,PRESCRIBED,WEST,LIGHT VEHICLES,2022,ALL DAYS,13441,43,90
99990003,7119-PR,PRESCRIBED AND COUNTER,BOTH,HEAVY VEHICLES,2022,WEEKDAYS,1759,-1,-1
99990003,7119-PR,PRESCRIBED AND COUNTER,BOTH,LIGHT VEHICLES,2022,PM PEAK,7325,-1,-1
99990003,7119-PR,COUNTER,EAST,HEAVY VEHICLES,2022,ALL DAYS,836,16,91
99990003,7119-PR,COUNTER,EAST,HEAVY VEHICLES,2022,WEEKDAYS,965,-1,-1
99990003,7119-PR,PRESCRIBED,WEST,HEAVY VEHICLES,2022,AM PEAK,192,27,86
99990003,7119-PR,COUNTER,EAST,HEAVY VEHICLES,2022,OFF PEAK,444,16,86
99990003,7119-PR,COUNTER,EAST,ALL VEHICLES,2022,PM PEAK,3709,-1,-1
99990003,7119-PR,COUNTER,EAST,LIGHT VEHICLES,2022,AM PEAK,3608,61,87
99990003,7119-PR,PRESCRIBED,WEST,HEAVY VEHICLES,2022,ALL DAYS,672,16,90
99990003,7119-PR,PRESCRIBED,WEST,LIGHT VEHICLES,2022,OFF PEAK,7400,41,87
99990003,7119-PR,COUNTER,EAST,ALL VEHICLES,2022,ALL DAYS,14603,-1,-1
99990003,7119-PR,PRESCRIBED,WEST,ALL VEHICLES,2022,OFF PEAK,7820,-1,-1
99990003,7119-PR,PRESCRIBED AND COUNTER,BOTH,HEAVY VEHICLES,2022,WEEKENDS,870,-1,-1
99990003,7119-PR,COUNTER,EAST,LIGHT VEHICLES,2022,PM PEAK,3505,63,85
99990003,7119-PR,PRESCRIBED,WEST,HEAVY VEHICLES,2022,OFF PEAK,420,17,87
99990003,7119-PR,PRESCRIBED,WEST,LIGHT VEHICLES,2022,AM PEAK,2047,48,86
99990003,7119-PR,PRESCRIBED,WEST,LIGHT VEHICLES,2022,WEEKENDS,12670,-1,-1
99990003,7119-PR,PRESCRIBED,WEST,ALL VEHICLES,2022,ALL DAYS,14113,-1,-1
99990003,7119-PR,PRESCRIBED,WEST,LIGHT VEHICLES,2022,PM PEAK,3820,62,86
99990003,7119-PR,PRESCRIBED AND COUNTER,BOTH,LIGHT VEHICLES,2022,WEEKENDS,24951,-1,-1
99990003,7119-PR,COUNTER,EAST,ALL VEHICLES,2022,OFF PEAK,7198,-1,-1
99990003,7119-PR,COUNTER,EAST,ALL VEHICLES,2022,WEEKENDS,12798,-1,-1
99990003,7119-PR,COUNTER,EAST,LIGHT VEHICLES,2022,WEEKDAYS,13867,-1,-1
99990003,7119-PR,PRESCRIBED AND COUNTER,BOTH,LIGHT VEHICLES,2022,WEEKDAYS,27134,-1,-1
99990003,7119-PR,PRESCRIBED,WEST,ALL VEHICLES,2022,PM PEAK,4002,-1,-1
99990003,7119-PR,COUNTER,EAST,ALL VEHICLES,2022,AM PEAK,3925,-1,-1
99990003,7119-PR,PRESCRIBED AND COUNTER,BOTH,ALL VEHICLES,2022,WEEKDAYS,28893,-1,-1
99990003,7119-PR,PRESCRIBED AND COUNTER,BOTH,ALL VEHICLES,2022,ALL DAYS,28716,-1,-1
99990003,7119-PR,PRESCRIBED,WEST,HEAVY VEHICLES,2022,PM PEAK,182,22,87
99990003,7119-PR,PRESCRIBED AND COUNTER,BOTH,LIGHT VEHICLES,2022,AM PEAK,5655,-1,-1
99990003,7119-PR,PRESCRIBED,WEST,HEAVY VEHICLES,2022,WEEKDAYS,794,-1,-1
99990003,7119-PR,PRESCRIBED,WEST,ALL VEHICLES,2022,WEEKDAYS,14061,-1,-1
99990003,7119-PR,COUNTER,EAST,HEAVY VEHICLES,2022,AM PEAK,317,29,87
99990003,7119-PR,PRESCRIBED AND COUNTER,BOTH,ALL VEHICLES,2022,WEEKENDS,25821,-1,-1
99990003,7119-PR,COUNTER,EAST,HEAVY VEHICLES,2022,WEEKENDS,517,-1,-1
99990004,7123-PR,PRESCRIBED AND COUNTER,BOTH,HEAVY VEHICLES,2022,PM PEAK,434,-1,-1
99990004,7123-PR,PRESCRIBED AND COUNTER,BOTH,ALL VEHICLES,2022,ALL DAYS,20891,-1,-1
99990004,7123-PR,COUNTER,EAST,ALL VEHICLES,2022,ALL DAYS,9922,-1,-1
99990004,7123-PR,PRESCRIBED AND COUNTER,BOTH,ALL VEHICLES,2022,OFF PEAK,10631,-1,-1
99990004,7123-PR,PRESCRIBED AND COUNTER,BOTH,ALL VEHICLES,2022,WEEKDAYS,21726,-1,-1
99990004,7123-PR,COUNTER,EAST,HEAVY VEHICLES,2022,WEEKDAYS,1004,-1,-1
99990004,7123-PR,PRESCRIBED AND COUNTER,BOTH,ALL VEHICLES,2022,AM PEAK,5010,-1,-1
99990004,7123-PR,PRESCRIBED AND COUNTER,BOTH,LIGHT VEHICLES,2022,ALL DAYS,19049,-1,-1
99990004,7123-PR,PRESCRIBED AND COUNTER,BOTH,LIGHT VEHICLES,2022,PM PEAK,5651,-1,-1
99990004,7123-PR,PRESCRIBED,WEST,ALL VEHICLES,2022,OFF PEAK,5465,-1,-1
99990004,7123-PR,PRESCRIBED,WEST,ALL VEHICLES,2022,WEEKDAYS,11382,-1,-1
99990004,7123-PR,PRESCRIBED,WEST,LIGHT VEHICLES,2022,WEEKDAYS,10324,-1,-1
99990004,7123-PR,PRESCRIBED AND COUNTER,BOTH,LIGHT VEHICLES,2022,OFF PEAK,9550,-1,-1
99990004,7123-PR,COUNTER,EAST,ALL VEHICLES,2022,WEEKENDS,7918,-1,-1
99990004,7123-PR,PRESCRIBED,WEST,ALL VEHICLES,2022,ALL DAYS,10969,-1,-1
99990004,7123-PR,COUNTER,EAST,HEAVY VEHICLES,2022,ALL DAYS,892,16,89
99990004,7123-PR,PRESCRIBED,WEST,LIGHT VEHICLES,2022,AM PEAK,2205,61,84
99990004,7123-PR,PRESCRIBED,WEST,ALL VEHICLES,2022,WEEKENDS,8910,-1,-1
99990004,7123-PR,COUNTER,EAST,HEAVY VEHICLES,2022,AM PEAK,286,27,87
99990004,7123-PR,COUNTER,EAST,ALL VEHICLES,2022,PM PEAK,2634,-1,-1
99990004,7123-PR,COUNTER,EAST,LIGHT VEHICLES,2022,ALL DAYS,9030,52,88
99990004,7123-PR,PRESCRIBED AND COUNTER,BOTH,LIGHT VEHICLES,2022,WEEKENDS,15615,-1,-1
99990004,7123-PR,COUNTER,EAST,HEAVY VEHICLES,2022,WEEKENDS,605,-1,-1
99990004,7123-PR,PRESCRIBED AND COUNTER,BOTH,HEAVY VEHICLES,2022,AM PEAK,547,-1,-1
99990004,7123-PR,PRESCRIBED,WEST,HEAVY VEHICLES,2022,ALL DAYS,950,18,88
99990004,7123-PR,COUNTER,EAST,LIGHT VEHICLES,2022,AM PEAK,2258,63,87
99990004,7123-PR,PRESCRIBED,WEST,LIGHT VEHICLES,2022,OFF PEAK,4911,50,82
99990004,7123-PR,PRESCRIBED,WEST,ALL VEHICLES,2022,PM PEAK,3451,-1,-1
99990004,7123-PR,PRESCRIBED AND COUNTER,BOTH,LIGHT VEHICLES,2022,AM PEAK,4463,-1,-1
99990004,7123-PR,PRESCRIBED AND COUNTER,BOTH,ALL VEHICLES,2022,WEEKENDS,16828,-1,-1
99990004,7123-PR,PRESCRIBED AND COUNTER,BOTH,HEAVY VEHICLES,2022,OFF PEAK,1081,-1,-1
99990004,7123-PR,COUNTER,EAST,HEAVY VEHICLES,2022,OFF PEAK,527,17,86
99990004,7123-PR,COUNTER,EAST,HEAVY VEHICLES,2022,PM PEAK,191,18,84
99990004,7123-PR,PRESCRIBED,WEST,HEAVY VEHICLES,2022,WEEKENDS,608,-1,-1
99990004,7123-PR,PRESCRIBED,WEST,ALL VEHICLES,2022,AM PEAK,2466,-1,-1
99990004,7123-PR,PRESCRIBED AND COUNTER,BOTH,HEAVY VEHICLES,2022,WEEKDAYS,2062,-1,-1
99990004,7123-PR,PRESCRIBED,WEST,HEAVY VEHICLES,2022,OFF PEAK,554,19,83
99990004,7123-PR,PRESCRIBED AND COUNTER,BOTH,ALL VEHICLES,2022,PM PEAK,6085,-1,-1
99990004,7123-PR,PRESCRIBED AND COUNTER,BOTH,HEAVY VEHICLES,2022,ALL DAYS,1842,-1,-1
99990004,7123-PR,PRESCRIBED,WEST,HEAVY VEHICLES,2022,PM PEAK,243,25,84
99990004,7123-PR,PRESCRIBED,WEST,LIGHT VEHICLES,2022,WEEKENDS,8302,-1,-1
99990004,7123-PR,COUNTER,EAST,ALL VEHICLES,2022,WEEKDAYS,10344,-1,-1
99990004,7123-PR,COUNTER,EAST,ALL VEHICLES,2022,AM PEAK,2544,-1,-1
99990004,7123-PR,COUNTER,EAST,LIGHT VEHICLES,2022,WEEKDAYS,9340,-1,-1
99990004,7123-PR,PRESCRIBED AND COUNTER,BOTH,LIGHT VEHICLES,2022,WEEKDAYS,19664,-1,-1
99990004,7123-PR,PRESCRIBED,WEST,HEAVY VEHICLES,2022,WEEKDAYS,1058,-1,-1
99990004,7123-PR,COUNTER,EAST,LIGHT VEHICLES,2022,OFF PEAK,4639,49,85
99990004,7123-PR,COUNTER,EAST,LIGHT VEHICLES,2022,PM PEAK,2443,61,84
99990004,7123-PR,PRESCRIBED,WEST,LIGHT VEHICLES,2022,PM PEAK,3208,65,82
99990004,7123-PR,COUNTER,EAST,LIGHT VEHICLES,2022,WEEKENDS,7313,-1,-1
99990004,7123-PR,PRESCRIBED,WEST,LIGHT VEHICLES,2022,ALL DAYS,10019,53,87
99990004,7123-PR,PRESCRIBED,WEST,HEAVY VEHICLES,2022,AM PEAK,261,29,85
99990004,7123-PR,COUNTER,EAST,ALL VEHICLES,2022,OFF PEAK,5166,-1,-1
99990004,7123-PR,PRESCRIBED AND COUNTER,BOTH,HEAVY VEHICLES,2022,WEEKENDS,1213,-1,-1
99990010,9836-PR,PRESCRIBED AND COUNTER,BOTH,LIGHT VEHICLES,2022,WEEKDAYS,45188,-1,-1
99990010,9836-PR,PRESCRIBED,WEST,LIGHT VEHICLES,2022,WEEKDAYS,20868,-1,-1
99990010,9836-PR,PRESCRIBED AND COUNTER,BOTH,ALL VEHICLES,2022,ALL DAYS,49116,-1,-1
99990010,9836-PR,PRESCRIBED,WEST,LIGHT VEHICLES,2022,WEEKENDS,20542,-1,-1
99990010,9836-PR,PRESCRIBED AND COUNTER,BOTH,LIGHT VEHICLES,2022,AM PEAK,10868,-1,-1
99990010,9836-PR,PRESCRIBED,WEST,LIGHT VEHICLES,2022,OFF PEAK,10966,47,86
99990010,9836-PR,PRESCRIBED AND COUNTER,BOTH,HEAVY VEHICLES,2022,WEEKDAYS,3848,-1,-1
99990010,9836-PR,PRESCRIBED,WEST,HEAVY VEHICLES,2022,OFF PEAK,954,18,87
99990010,9836-PR,COUNTER,EAST,HEAVY VEHICLES,2022,WEEKDAYS,2039,-1,-1
99990010,9836-PR,PRESCRIBED,WEST,ALL VEHICLES,2022,PM PEAK,6323,-1,-1
99990010,9836-PR,COUNTER,EAST,LIGHT VEHICLES,2022,OFF PEAK,11311,50,84
99990010,9836-PR,PRESCRIBED,WEST,ALL VEHICLES,2022,WEEKENDS,21383,-1,-1
99990010,9836-PR,COUNTER,EAST,ALL VEHICLES,2022,WEEKENDS,23294,-1,-1
99990010,9836-PR,PRESCRIBED AND COUNTER,BOTH,ALL VEHICLES,2022,WEEKENDS,44677,-1,-1
99990010,9836-PR,PRESCRIBED AND COUNTER,BOTH,HEAVY VEHICLES,2022,AM PEAK,1166,-1,-1
99990010,9836-PR,PRESCRIBED AND COUNTER,BOTH,HEAVY VEHICLES,2022,ALL DAYS,3315,-1,-1
99990010,9836-PR,PRESCRIBED,WEST,ALL VEHICLES,2022,OFF PEAK,11920,-1,-1
99990010,9836-PR,COUNTER,EAST,HEAVY VEHICLES,2022,ALL DAYS,1747,21,88
99990010,9836-PR,PRESCRIBED,WEST,HEAVY VEHICLES,2022,WEEKENDS,841,-1,-1
99990010,9836-PR,PRESCRIBED,WEST,HEAVY VEHICLES,2022,AM PEAK,402,29,87
99990010,9836-PR,COUNTER,EAST,ALL VEHICLES,2022,OFF PEAK,12264,-1,-1
99990010,9836-PR,COUNTER,EAST,HEAVY VEHICLES,2022,OFF PEAK,953,22,85
99990010,9836-PR,PRESCRIBED,WEST,HEAVY VEHICLES,2022,PM PEAK,453,23,86
99990010,9836-PR,PRESCRIBED AND COUNTER,BOTH,HEAVY VEHICLES,2022,PM PEAK,775,-1,-1
99990010,9836-PR,COUNTER,EAST,LIGHT VEHICLES,2022,PM PEAK,6173,75,83
99990010,9836-PR,COUNTER,EAST,ALL VEHICLES,2022,AM PEAK,7600,-1,-1
99990010,9836-PR,COUNTER,EAST,HEAVY VEHICLES,2022,AM PEAK,764,34,88
99990010,9836-PR,COUNTER,EAST,ALL VEHICLES,2022,WEEKDAYS,26359,-1,-1
99990010,9836-PR,COUNTER,EAST,HEAVY VEHICLES,2022,WEEKENDS,880,-1,-1
99990010,9836-PR,PRESCRIBED,WEST,LIGHT VEHICLES,2022,ALL DAYS,21338,51,89
99990010,9836-PR,PRESCRIBED,WEST,LIGHT VEHICLES,2022,AM PEAK,4032,57,88
99990010,9836-PR,PRESCRIBED,WEST,LIGHT VEHICLES,2022,PM PEAK,5870,66,84
99990010,9836-PR,PRESCRIBED,WEST,HEAVY VEHICLES,2022,WEEKDAYS,1809,-1,-1
99990010,9836-PR,PRESCRIBED,WEST,HEAVY VEHICLES,2022,ALL DAYS,1568,18,88
99990010,9836-PR,PRESCRIBED AND COUNTER,BOTH,LIGHT VEHICLES,2022,PM PEAK,12043,-1,-1
99990010,9836-PR,PRESCRIBED AND COUNTER,BOTH,ALL VEHICLES,2022,PM PEAK,12818,-1,-1
99990010,9836-PR,PRESCRIBED AND COUNTER,BOTH,ALL VEHICLES,2022,AM PEAK,12034,-1,-1
99990010,9836-PR,PRESCRIBED,WEST,ALL VEHICLES,2022,ALL DAYS,22906,-1,-1
99990010,9836-PR,COUNTER,EAST,LIGHT VEHICLES,2022,WEEKENDS,22414,-1,-1
99990010,9836-PR,COUNTER,EAST,LIGHT VEHICLES,2022,AM PEAK,6836,68,86
99990010,9836-PR,PRESCRIBED AND COUNTER,BOTH,HEAVY VEHICLES,2022,WEEKENDS,1721,-1,-1
99990010,9836-PR,PRESCRIBED AND COUNTER,BOTH,ALL VEHICLES,2022,OFF PEAK,24184,-1,-1
99990010,9836-PR,COUNTER,EAST,LIGHT VEHICLES,2022,WEEKDAYS,24320,-1,-1
99990010,9836-PR,PRESCRIBED AND COUNTER,BOTH,ALL VEHICLES,2022,WEEKDAYS,49036,-1,-1
99990010,9836-PR,PRESCRIBED AND COUNTER,BOTH,HEAVY VEHICLES,2022,OFF PEAK,1907,-1,-1
99990010,9836-PR,PRESCRIBED AND COUNTER,BOTH,LIGHT VEHICLES,2022,WEEKENDS,42956,-1,-1
99990010,9836-PR,COUNTER,EAST,ALL VEHICLES,2022,PM PEAK,6495,-1,-1
99990010,9836-PR,COUNTER,EAST,ALL VEHICLES,2022,ALL DAYS,26210,-1,-1
99990010,9836-PR,COUNTER,EAST,LIGHT VEHICLES,2022,ALL DAYS,24463,56,87
99990010,9836-PR,PRESCRIBED,WEST,ALL VEHICLES,2022,AM PEAK,4434,-1,-1
99990010,9836-PR,PRESCRIBED AND COUNTER,BOTH,LIGHT VEHICLES,2022,OFF PEAK,22277,-1,-1
99990010,9836-PR,PRESCRIBED,WEST,ALL VEHICLES,2022,WEEKDAYS,22677,-1,-1
99990010,9836-PR,PRESCRIBED AND COUNTER,BOTH,LIGHT VEHICLES,2022,ALL DAYS,45801,-1,-1
99990010,9836-PR,COUNTER,EAST,HEAVY VEHICLES,2022,PM PEAK,322,24,83
99990011,7104-PR,PRESCRIBED,EAST,HEAVY VEHICLES,2022,PM PEAK,133,19,84
99990011,7104-PR,PRESCRIBED AND COUNTER,BOTH,HEAVY VEHICLES,2022,WEEKENDS,772,-1,-1
99990011,7104-PR,COUNTER,WEST,LIGHT VEHICLES,2022,WEEKENDS,9708,-1,-1
99990011,7104-PR,COUNTER,WEST,HEAVY VEHICLES,2022,WEEKENDS,452,-1,-1
99990011,7104-PR,COUNTER,WEST,HEAVY VEHICLES,2022,ALL DAYS,742,14,90
99990011,7104-PR,COUNTER,WEST,ALL VEHICLES,2022,PM PEAK,4515,-1,-1
99990011,7104-PR,PRESCRIBED AND COUNTER,BOTH,LIGHT VEHICLES,2022,ALL DAYS,22488,-1,-1
99990011,7104-PR,PRESCRIBED,EAST,ALL VEHICLES,2022,AM PEAK,2731,-1,-1
99990011,7104-PR,PRESCRIBED AND COUNTER,BOTH,ALL VEHICLES,2022,ALL DAYS,23735,-1,-1
99990011,7104-PR,COUNTER,WEST,LIGHT VEHICLES,2022,ALL DAYS,11890,53,90
99990011,7104-PR,PRESCRIBED,EAST,ALL VEHICLES,2022,PM PEAK,3066,-1,-1
99990011,7104-PR,PRESCRIBED,EAST,ALL VEHICLES,2022,OFF PEAK,5719,-1,-1
99990011,7104-PR,COUNTER,WEST,ALL VEHICLES,2022,AM PEAK,2603,-1,-1
99990011,7104-PR,PRESCRIBED AND COUNTER,BOTH,HEAVY VEHICLES,2022,AM PEAK,366,-1,-1
99990011,7104-PR,PRESCRIBED AND COUNTER,BOTH,LIGHT VEHICLES,2022,WEEKENDS,18378,-1,-1
99990011,7104-PR,PRESCRIBED,EAST,HEAVY VEHICLES,2022,OFF PEAK,296,13,84
99990011,7104-PR,PRESCRIBED AND COUNTER,BOTH,ALL VEHICLES,2022,OFF PEAK,11780,-1,-1
99990011,7104-PR,PRESCRIBED AND COUNTER,BOTH,ALL VEHICLES,2022,PM PEAK,7581,-1,-1
99990011,7104-PR,PRESCRIBED AND COUNTER,BOTH,HEAVY VEHICLES,2022,PM PEAK,387,-1,-1
99990011,7104-PR,PRESCRIBED AND COUNTER,BOTH,LIGHT VEHICLES,2022,OFF PEAK,11078,-1,-1
99990011,7104-PR,COUNTER,WEST,LIGHT VEHICLES,2022,AM PEAK,2400,60,85
99990011,7104-PR,PRESCRIBED AND COUNTER,BOTH,LIGHT VEHICLES,2022,AM PEAK,4968,-1,-1
99990011,7104-PR,PRESCRIBED,EAST,LIGHT VEHICLES,2022,WEEKDAYS,10924,-1,-1
99990011,7104-PR,COUNTER,WEST,LIGHT VEHICLES,2022,OFF PEAK,5655,49,84
99990011,7104-PR,PRESCRIBED,EAST,ALL VEHICLES,2022,WEEKENDS,8990,-1,-1
99990011,7104-PR,COUNTER,WEST,ALL VEHICLES,2022,OFF PEAK,6061,-1,-1
99990011,7104-PR,COUNTER,WEST,ALL VEHICLES,2022,WEEKDAYS,13179,-1,-1
99990011,7104-PR,PRESCRIBED AND COUNTER,BOTH,HEAVY VEHICLES,2022,ALL DAYS,1247,-1,-1
99990011,7104-PR,COUNTER,WEST,HEAVY VEHICLES,2022,WEEKDAYS,863,-1,-1
99990011,7104-PR,PRESCRIBED AND COUNTER,BOTH,HEAVY VEHICLES,2022,WEEKDAYS,1455,-1,-1
99990011,7104-PR,PRESCRIBED,EAST,ALL VEHICLES,2022,ALL DAYS,11103,-1,-1
99990011,7104-PR,COUNTER,WEST,LIGHT VEHICLES,2022,WEEKDAYS,12316,-1,-1
99990011,7104-PR,PRESCRIBED,EAST,LIGHT VEHICLES,2022,AM PEAK,2568,64,86
99990011,7104-PR,COUNTER,WEST,ALL VEHICLES,2022,ALL DAYS,12632,-1,-1
99990011,7104-PR,PRESCRIBED AND COUNTER,BOTH,ALL VEHICLES,2022,AM PEAK,5334,-1,-1
99990011,7104-PR,PRESCRIBED AND COUNTER,BOTH,ALL VEHICLES,2022,WEEKENDS,19150,-1,-1
99990011,7104-PR,PRESCRIBED,EAST,HEAVY VEHICLES,2022,ALL DAYS,505,13,90
99990011,7104-PR,PRESCRIBED,EAST,HEAVY VEHICLES,2022,WEEKDAYS,592,-1,-1
99990011,7104-PR,COUNTER,WEST,ALL VEHICLES,2022,WEEKENDS,10160,-1,-1
99990011,7104-PR,PRESCRIBED,EAST,HEAVY VEHICLES,2022,AM PEAK,163,22,86
99990011,7104-PR,PRESCRIBED,EAST,LIGHT VEHICLES,2022,PM PEAK,2933,63,83
99990011,7104-PR,PRESCRIBED,EAST,LIGHT VEHICLES,2022,ALL DAYS,10598,54,90
99990011,7104-PR,PRESCRIBED,EAST,HEAVY VEHICLES,2022,WEEKENDS,320,-1,-1
99990011,7104-PR,PRESCRIBED AND COUNTER,BOTH,ALL VEHICLES,2022,WEEKDAYS,24695,-1,-1
99990011,7104-PR,COUNTER,WEST,HEAVY VEHICLES,2022,AM PEAK,203,23,85
99990011,7104-PR,PRESCRIBED AND COUNTER,BOTH,LIGHT VEHICLES,2022,WEEKDAYS,23240,-1,-1
99990011,7104-PR,PRESCRIBED AND COUNTER,BOTH,HEAVY VEHICLES,2022,OFF PEAK,702,-1,-1
99990011,7104-PR,PRESCRIBED,EAST,LIGHT VEHICLES,2022,WEEKENDS,8670,-1,-1
99990011,7104-PR,PRESCRIBED AND COUNTER,BOTH,LIGHT VEHICLES,2022,PM PEAK,7194,-1,-1
99990011,7104-PR,PRESCRIBED,EAST,ALL VEHICLES,2022,WEEKDAYS,11516,-1,-1
99990011,7104-PR,COUNTER,WEST,HEAVY VEHICLES,2022,OFF PEAK,406,14,85
99990011,7104-PR,COUNTER,WEST,HEAVY VEHICLES,2022,PM PEAK,254,21,84
99990011,7104-PR,PRESCRIBED,EAST,LIGHT VEHICLES,2022,OFF PEAK,5423,50,83
99990011,7104-PR,COUNTER,WEST,LIGHT VEHICLES,2022,PM PEAK,4261,64,84
99990013,9834-PR,PRESCRIBED,WEST,ALL VEHICLES,2022,ALL DAYS,12040,-1,-1
99990013,9834-PR,PRESCRIBED,WEST,LIGHT VEHICLES,2022,OFF PEAK,5523,42,82
99990013,9834-PR,COUNTER,EAST,HEAVY VEHICLES,2022,OFF PEAK,434,10,78
99990013,9834-PR,COUNTER,EAST,HEAVY VEHICLES,2022,AM PEAK,287,26,80
99990013,9834-PR,PRESCRIBED AND COUNTER,BOTH,HEAVY VEHICLES,2022,OFF PEAK,893,-1,-1
99990013,9834-PR,COUNTER,EAST,ALL VEHICLES,2022,ALL DAYS,11623,-1,-1
99990013,9834-PR,PRESCRIBED AND COUNTER,BOTH,LIGHT VEHICLES,2022,PM PEAK,6737,-1,-1
99990013,9834-PR,PRESCRIBED AND COUNTER,BOTH,HEAVY VEHICLES,2022,ALL DAYS,1717,-1,-1
99990013,9834-PR,COUNTER,EAST,HEAVY VEHICLES,2022,WEEKENDS,555,-1,-1
99990013,9834-PR,PRESCRIBED,WEST,ALL VEHICLES,2022,WEEKDAYS,12157,-1,-1
99990013,9834-PR,COUNTER,EAST,ALL VEHICLES,2022,PM PEAK,2969,-1,-1
99990013,9834-PR,PRESCRIBED,WEST,LIGHT VEHICLES,2022,ALL DAYS,11165,45,89
99990013,9834-PR,PRESCRIBED,WEST,HEAVY VEHICLES,2022,WEEKENDS,556,-1,-1
99990013,9834-PR,PRESCRIBED AND COUNTER,BOTH,HEAVY VEHICLES,2022,PM PEAK,511,-1,-1
99990013,9834-PR,PRESCRIBED,WEST,HEAVY VEHICLES,2022,ALL DAYS,875,13,90
99990013,9834-PR,PRESCRIBED,WEST,LIGHT VEHICLES,2022,WEEKDAYS,11177,-1,-1
99990013,9834-PR,COUNTER,EAST,HEAVY VEHICLES,2022,ALL DAYS,842,10,83
99990013,9834-PR,COUNTER,EAST,LIGHT VEHICLES,2022,PM PEAK,2753,42,75
99990013,9834-PR,COUNTER,EAST,LIGHT VEHICLES,2022,AM PEAK,2878,43,75
99990013,9834-PR,COUNTER,EAST,LIGHT VEHICLES,2022,WEEKDAYS,10673,-1,-1
99990013,9834-PR,PRESCRIBED,WEST,LIGHT VEHICLES,2022,WEEKENDS,10152,-1,-1
99990013,9834-PR,COUNTER,EAST,HEAVY VEHICLES,2022,PM PEAK,216,14,74
99990013,9834-PR,COUNTER,EAST,LIGHT VEHICLES,2022,ALL DAYS,10781,34,77
99990013,9834-PR,PRESCRIBED AND COUNTER,BOTH,HEAVY VEHICLES,2022,AM PEAK,513,-1,-1
99990013,9834-PR,COUNTER,EAST,LIGHT VEHICLES,2022,OFF PEAK,5042,30,74
99990013,9834-PR,PRESCRIBED AND COUNTER,BOTH,ALL VEHICLES,2022,WEEKDAYS,23767,-1,-1
99990013,9834-PR,PRESCRIBED AND COUNTER,BOTH,HEAVY VEHICLES,2022,WEEKENDS,1111,-1,-1
99990013,9834-PR,PRESCRIBED,WEST,ALL VEHICLES,2022,OFF PEAK,5982,-1,-1
99990013,9834-PR,PRESCRIBED,WEST,HEAVY VEHICLES,2022,AM PEAK,226,21,82
99990013,9834-PR,PRESCRIBED AND COUNTER,BOTH,LIGHT VEHICLES,2022,ALL DAYS,21946,-1,-1
99990013,9834-PR,PRESCRIBED,WEST,LIGHT VEHICLES,2022,PM PEAK,3984,59,82
99990013,9834-PR,PRESCRIBED,WEST,HEAVY VEHICLES,2022,WEEKDAYS,980,-1,-1
99990013,9834-PR,PRESCRIBED AND COUNTER,BOTH,LIGHT VEHICLES,2022,AM PEAK,4548,-1,-1
99990013,9834-PR,PRESCRIBED AND COUNTER,BOTH,LIGHT VEHICLES,2022,WEEKDAYS,21850,-1,-1
99990013,9834-PR,COUNTER,EAST,ALL VEHICLES,2022,WEEKENDS,10046,-1,-1
99990013,9834-PR,PRESCRIBED AND COUNTER,BOTH,ALL VEHICLES,2022,OFF PEAK,11458,-1,-1
99990013,9834-PR,PRESCRIBED,WEST,ALL VEHICLES,2022,AM PEAK,1896,-1,-1
99990013,9834-PR,COUNTER,EAST,LIGHT VEHICLES,2022,WEEKENDS,9491,-1,-1
99990013,9834-PR,PRESCRIBED,WEST,ALL VEHICLES,2022,WEEKENDS,10708,-1,-1
99990013,9834-PR,PRESCRIBED AND COUNTER,BOTH,LIGHT VEHICLES,2022,WEEKENDS,19643,-1,-1
99990013,9834-PR,PRESCRIBED AND COUNTER,BOTH,ALL VEHICLES,2022,ALL DAYS,23663,-1,-1
99990013,9834-PR,COUNTER,EAST,ALL VEHICLES,2022,WEEKDAYS,11610,-1,-1
99990013,9834-PR,PRESCRIBED AND COUNTER,BOTH,HEAVY VEHICLES,2022,WEEKDAYS,1917,-1,-1
99990013,9834-PR,PRESCRIBED,WEST,LIGHT VEHICLES,2022,AM PEAK,1670,50,81
99990013,9834-PR,COUNTER,EAST,HEAVY VEHICLES,2022,WEEKDAYS,937,-1,-1
99990013,9834-PR,PRESCRIBED,WEST,ALL VEHICLES,2022,PM PEAK,4279,-1,-1
99990013,9834-PR,PRESCRIBED,WEST,HEAVY VEHICLES,2022,PM PEAK,295,18,82
99990013,9834-PR,COUNTER,EAST,ALL VEHICLES,2022,OFF PEAK,5476,-1,-1
99990013,9834-PR,PRESCRIBED AND COUNTER,BOTH,LIGHT VEHICLES,2022,OFF PEAK,10565,-1,-1
99990013,9834-PR,PRESCRIBED,WEST,HEAVY VEHICLES,2022,OFF PEAK,459,13,82
99990013,9834-PR,PRESCRIBED AND COUNTER,BOTH,ALL VEHICLES,2022,WEEKENDS,20754,-1,-1
99990013,9834-PR,COUNTER,EAST,ALL VEHICLES,2022,AM PEAK,3165,-1,-1
99990013,9834-PR,PRESCRIBED AND COUNTER,BOTH,ALL VEHICLES,2022,AM PEAK,5061,-1,-1
99990013,9834-PR,PRESCRIBED AND COUNTER,BOTH,ALL VEHICLES,2022,PM PEAK,7248,-1,-1
99990014,T0479-PR,PRESCRIBED AND COUNTER,BOTH,HEAVY VEHICLES,2022,ALL DAYS,6446,-1,-1
99990014,T0479-PR,PRESCRIBED,NORTH,HEAVY VEHICLES,2022,OFF PEAK,1563,11,78
99990014,T0479-PR,PRESCRIBED,NORTH,ALL VEHICLES,2022,ALL DAYS,33218,-1,-1
99990014,T0479-PR,COUNTER,SOUTH,ALL VEHICLES,2022,WEEKENDS,37838,-1,-1
99990014,T0479-PR,COUNTER,SOUTH,LIGHT VEHICLES,2022,PM PEAK,7165,77,80
99990014,T0479-PR,COUNTER,SOUTH,LIGHT VEHICLES,2022,WEEKDAYS,31462,-1,-1
99990014,T0479-PR,PRESCRIBED AND COUNTER,BOTH,LIGHT VEHICLES,2022,WEEKENDS,63800,-1,-1
99990014,T0479-PR,COUNTER,SOUTH,HEAVY VEHICLES,2022,ALL DAYS,3324,19,88
99990014,T0479-PR,PRESCRIBED,NORTH,HEAVY VEHICLES,2022,AM PEAK,777,15,81
99990014,T0479-PR,COUNTER,SOUTH,ALL VEHICLES,2022,AM PEAK,10408,-1,-1
99990014,T0479-PR,PRESCRIBED,NORTH,ALL VEHICLES,2022,OFF PEAK,14571,-1,-1
99990014,T0479-PR,PRESCRIBED,NORTH,ALL VEHICLES,2022,AM PEAK,5831,-1,-1
99990014,T0479-PR,PRESCRIBED AND COUNTER,BOTH,HEAVY VEHICLES,2022,PM PEAK,1768,-1,-1
99990014,T0479-PR,COUNTER,SOUTH,LIGHT VEHICLES,2022,WEEKENDS,35546,-1,-1
99990014,T0479-PR,COUNTER,SOUTH,ALL VEHICLES,2022,PM PEAK,7868,-1,-1
99990014,T0479-PR,PRESCRIBED AND COUNTER,BOTH,ALL VEHICLES,2022,WEEKENDS,68147,-1,-1
99990014,T0479-PR,PRESCRIBED AND COUNTER,BOTH,LIGHT VEHICLES,2022,WEEKDAYS,59076,-1,-1
99990014,T0479-PR,PRESCRIBED AND COUNTER,BOTH,ALL VEHICLES,2022,PM PEAK,18485,-1,-1
99990014,T0479-PR,COUNTER,SOUTH,HEAVY VEHICLES,2022,WEEKENDS,2292,-1,-1
99990014,T0479-PR,PRESCRIBED AND COUNTER,BOTH,ALL VEHICLES,2022,AM PEAK,16239,-1,-1
99990014,T0479-PR,COUNTER,SOUTH,ALL VEHICLES,2022,ALL DAYS,37036,-1,-1
99990014,T0479-PR,COUNTER,SOUTH,ALL VEHICLES,2022,WEEKDAYS,35112,-1,-1
99990014,T0479-PR,COUNTER,SOUTH,ALL VEHICLES,2022,OFF PEAK,16836,-1,-1
99990014,T0479-PR,PRESCRIBED AND COUNTER,BOTH,HEAVY VEHICLES,2022,WEEKENDS,4347,-1,-1
99990014,T0479-PR,PRESCRIBED AND COUNTER,BOTH,HEAVY VEHICLES,2022,AM PEAK,1904,-1,-1
99990014,T0479-PR,PRESCRIBED,NORTH,LIGHT VEHICLES,2022,AM PEAK,5054,55,80
99990014,T0479-PR,PRESCRIBED AND COUNTER,BOTH,LIGHT VEHICLES,2022,OFF PEAK,28024,-1,-1
99990014,T0479-PR,PRESCRIBED AND COUNTER,BOTH,HEAVY VEHICLES,2022,OFF PEAK,3383,-1,-1
99990014,T0479-PR,PRESCRIBED AND COUNTER,BOTH,ALL VEHICLES,2022,WEEKDAYS,66131,-1,-1
99990014,T0479-PR,PRESCRIBED,NORTH,HEAVY VEHICLES,2022,WEEKENDS,2055,-1,-1
99990014,T0479-PR,COUNTER,SOUTH,LIGHT VEHICLES,2022,OFF PEAK,15016,68,81
99990014,T0479-PR,PRESCRIBED AND COUNTER,BOTH,ALL VEHICLES,2022,ALL DAYS,70254,-1,-1
99990014,T0479-PR,PRESCRIBED,NORTH,LIGHT VEHICLES,2022,WEEKDAYS,27614,-1,-1
99990014,T0479-PR,PRESCRIBED AND COUNTER,BOTH,HEAVY VEHICLES,2022,WEEKDAYS,7055,-1,-1
99990014,T0479-PR,COUNTER,SOUTH,HEAVY VEHICLES,2022,AM PEAK,1127,27,84
99990014,T0479-PR,PRESCRIBED AND COUNTER,BOTH,ALL VEHICLES,2022,OFF PEAK,31407,-1,-1
99990014,T0479-PR,PRESCRIBED,NORTH,LIGHT VEHICLES,2022,PM PEAK,9552,49,78
99990014,T0479-PR,COUNTER,SOUTH,LIGHT VEHICLES,2022,AM PEAK,9281,76,84
99990014,T0479-PR,PRESCRIBED,NORTH,HEAVY VEHICLES,2022,PM PEAK,1065,16,78
99990014,T0479-PR,PRESCRIBED,NORTH,ALL VEHICLES,2022,WEEKENDS,30309,-1,-1
99990014,T0479-PR,PRESCRIBED,NORTH,ALL VEHICLES,2022,PM PEAK,10617,-1,-1
99990014,T0479-PR,COUNTER,SOUTH,HEAVY VEHICLES,2022,PM PEAK,703,26,80
99990014,T0479-PR,PRESCRIBED,NORTH,HEAVY VEHICLES,2022,ALL DAYS,3122,12,81
99990014,T0479-PR,PRESCRIBED,NORTH,LIGHT VEHICLES,2022,WEEKENDS,28254,-1,-1
99990014,T0479-PR,PRESCRIBED AND COUNTER,BOTH,LIGHT VEHICLES,2022,PM PEAK,16717,-1,-1
99990014,T0479-PR,COUNTER,SOUTH,LIGHT VEHICLES,2022,ALL DAYS,33712,70,88
99990014,T0479-PR,PRESCRIBED,NORTH,HEAVY VEHICLES,2022,WEEKDAYS,3405,-1,-1
99990014,T0479-PR,PRESCRIBED AND COUNTER,BOTH,LIGHT VEHICLES,2022,AM PEAK,14335,-1,-1
99990014,T0479-PR,COUNTER,SOUTH,HEAVY VEHICLES,2022,WEEKDAYS,3650,-1,-1
99990014,T0479-PR,PRESCRIBED,NORTH,ALL VEHICLES,2022,WEEKDAYS,31019,-1,-1
99990014,T0479-PR,PRESCRIBED,NORTH,LIGHT VEHICLES,2022,ALL DAYS,30096,45,82
99990014,T0479-PR,COUNTER,SOUTH,HEAVY VEHICLES,2022,OFF PEAK,1820,17,81
99990014,T0479-PR,PRESCRIBED AND COUNTER,BOTH,LIGHT VEHICLES,2022,ALL DAYS,63808,-1,-1
99990014,T0479-PR,PRESCRIBED,NORTH,LIGHT VEHICLES,2022,OFF PEAK,13008,43,79
