station_key,station_id,traffic_direction_name,cardinal_direction_name,classification_type,year,period,traffic_count,data_availability,data_reliability
55306,1004,PRESCRIBED,NORTH,UNCLASSIFIED,2023,WEEKDAYS,38198,-1,-1
55306,1004,PRESCRIBED,NORTH,UNCLASSIFIED,2023,ALL DAYS,36900,42,95
55306,1004,PRESCRIBED,NORTH,UNCLASSIFIED,2023,AM PEAK,9493,42,88
55306,1004,PRESCRIBED,NORTH,UNCLASSIFIED,2023,PM PEAK,11251,42,92
55306,1004,PRESCRIBED,NORTH,UNCLASSIFIED,2023,OFF PEAK,17454,42,100
55306,1004,PRESCRIBED,NORTH,UNCLASSIFIED,2023,WEEKENDS,33458,-1,-1
55385,2379,PRESCRIBED,EAST,UNCLASSIFIED,2023,PM PEAK,11367,55,98
55385,2379,PRESCRIBED,EAST,UNCLASSIFIED,2023,AM PEAK,15104,55,88
55385,2379,PRESCRIBED,EAST,UNCLASSIFIED,2023,ALL DAYS,47754,55,98
55385,2379,PRESCRIBED,EAST,UNCLASSIFIED,2023,OFF PEAK,22422,55,99
55385,2379,PRESCRIBED,EAST,UNCLASSIFIED,2023,WEEKENDS,45196,-1,-1
55385,2379,PRESCRIBED,EAST,UNCLASSIFIED,2023,WEEKDAYS,48893,-1,-1
55394,2385,PRESCRIBED,NORTH,UNCLASSIFIED,2023,OFF PEAK,9215,0,100
55394,2385,PRESCRIBED,NORTH,UNCLASSIFIED,2023,WEEKENDS,17754,-1,-1
55394,2385,PRESCRIBED,NORTH,UNCLASSIFIED,2023,AM PEAK,3904,0,100
55394,2385,PRESCRIBED,NORTH,UNCLASSIFIED,2023,ALL DAYS,17627,1,87
55394,2385,PRESCRIBED,NORTH,UNCLASSIFIED,2023,PM PEAK,4434,1,100
55394,2385,PRESCRIBED,NORTH,UNCLASSIFIED,2023,WEEKDAYS,17553,-1,-1
55423,2413,PRESCRIBED,NORTH,UNCLASSIFIED,2023,WEEKDAYS,8638,-1,-1
55423,2413,PRESCRIBED,NORTH,UNCLASSIFIED,2023,AM PEAK,2437,56,91
55423,2413,PRESCRIBED,NORTH,UNCLASSIFIED,2023,PM PEAK,2194,56,98
55423,2413,PRESCRIBED,NORTH,UNCLASSIFIED,2023,ALL DAYS,8448,56,98
55423,2413,PRESCRIBED,NORTH,UNCLASSIFIED,2023,OFF PEAK,4007,56,100
55423,2413,PRESCRIBED,NORTH,UNCLASSIFIED,2023,WEEKENDS,8045,-1,-1
55430,3018,PRESCRIBED AND COUNTER,BOTH,UNCLASSIFIED,2023,PM PEAK,8056,-1,-1
55430,3018,PRESCRIBED AND COUNTER,BOTH,UNCLASSIFIED,2023,WEEKENDS,23889,-1,-1
55430,3018,COUNTER,SOUTH,UNCLASSIFIED,2023,PM PEAK,5584,57,92
55430,3018,PRESCRIBED,NORTH,UNCLASSIFIED,2023,WEEKENDS,9110,-1,-1
55430,3018,PRESCRIBED AND COUNTER,BOTH,UNCLASSIFIED,2023,OFF PEAK,12039,-1,-1
55430,3018,PRESCRIBED,NORTH,UNCLASSIFIED,2023,AM PEAK,3394,36,81
55430,3018,COUNTER,SOUTH,UNCLASSIFIED,2023,ALL DAYS,16246,57,96
55430,3018,PRESCRIBED AND COUNTER,BOTH,UNCLASSIFIED,2023,WEEKDAYS,27119,-1,-1
55430,3018,PRESCRIBED AND COUNTER,BOTH,UNCLASSIFIED,2023,AM PEAK,7024,-1,-1
55430,3018,PRESCRIBED,NORTH,UNCLASSIFIED,2023,ALL DAYS,10021,36,95
55430,3018,PRESCRIBED AND COUNTER,BOTH,UNCLASSIFIED,2023,ALL DAYS,26267,-1,-1
55430,3018,PRESCRIBED,NORTH,UNCLASSIFIED,2023,WEEKDAYS,10313,-1,-1
55430,3018,PRESCRIBED,NORTH,UNCLASSIFIED,2023,PM PEAK,2472,36,96
55430,3018,PRESCRIBED,NORTH,UNCLASSIFIED,2023,OFF PEAK,4447,36,98
55430,3018,COUNTER,SOUTH,UNCLASSIFIED,2023,AM PEAK,3630,57,91
55430,3018,COUNTER,SOUTH,UNCLASSIFIED,2023,OFF PEAK,7592,57,99
55430,3018,COUNTER,SOUTH,UNCLASSIFIED,2023,WEEKDAYS,16806,-1,-1
55430,3018,COUNTER,SOUTH,UNCLASSIFIED,2023,WEEKENDS,14779,-1,-1
55432,3022,COUNTER,EAST,UNCLASSIFIED,2023,WEEKENDS,11356,-1,-1
55432,3022,COUNTER,EAST,UNCLASSIFIED,2023,ALL DAYS,11286,36,99
55432,3022,COUNTER,EAST,UNCLASSIFIED,2023,AM PEAK,2736,36,95
55432,3022,COUNTER,EAST,UNCLASSIFIED,2023,OFF PEAK,5670,35,100
55432,3022,COUNTER,EAST,UNCLASSIFIED,2023,PM PEAK,2831,36,97
55432,3022,COUNTER,EAST,UNCLASSIFIED,2023,WEEKDAYS,11237,-1,-1
56602,100001,PRESCRIBED,SOUTH,ALL VEHICLES,2023,OFF PEAK,10769,-1,-1
56602,100001,PRESCRIBED,SOUTH,HEAVY VEHICLES,2023,WEEKENDS,832,-1,-1
56602,100001,PRESCRIBED,SOUTH,LIGHT VEHICLES,2023,PM PEAK,5922,55,94
56602,100001,PRESCRIBED,SOUTH,LIGHT VEHICLES,2023,WEEKDAYS,19165,-1,-1
56602,100001,PRESCRIBED,SOUTH,HEAVY VEHICLES,2023,OFF PEAK,1276,31,94
56602,100001,PRESCRIBED,SOUTH,ALL VEHICLES,2023,PM PEAK,6384,-1,-1
56602,100001,PRESCRIBED,SOUTH,LIGHT VEHICLES,2023,WEEKENDS,17310,-1,-1
56602,100001,PRESCRIBED,SOUTH,LIGHT VEHICLES,2023,ALL DAYS,18647,47,94
56602,100001,PRESCRIBED,SOUTH,ALL VEHICLES,2023,WEEKDAYS,21515,-1,-1
56602,100001,PRESCRIBED,SOUTH,LIGHT VEHICLES,2023,AM PEAK,3750,54,93
56602,100001,PRESCRIBED,SOUTH,ALL VEHICLES,2023,ALL DAYS,20587,-1,-1
56602,100001,PRESCRIBED,SOUTH,HEAVY VEHICLES,2023,ALL DAYS,1940,28,95
56602,100001,PRESCRIBED,SOUTH,HEAVY VEHICLES,2023,PM PEAK,462,34,95
56602,100001,PRESCRIBED,SOUTH,LIGHT VEHICLES,2023,OFF PEAK,9493,44,94
56602,100001,PRESCRIBED,SOUTH,HEAVY VEHICLES,2023,WEEKDAYS,2350,-1,-1
56602,100001,PRESCRIBED,SOUTH,HEAVY VEHICLES,2023,AM PEAK,612,40,94
56602,100001,PRESCRIBED,SOUTH,ALL VEHICLES,2023,AM PEAK,4362,-1,-1
56602,100001,PRESCRIBED,SOUTH,ALL VEHICLES,2023,WEEKENDS,18142,-1,-1
56606,10011,COUNTER,EAST,HEAVY VEHICLES,2023,PM PEAK,377,15,94
56606,10011,COUNTER,EAST,LIGHT VEHICLES,2023,AM PEAK,7088,56,93
56606,10011,COUNTER,EAST,LIGHT VEHICLES,2023,WEEKENDS,26722,-1,-1
56606,10011,COUNTER,EAST,ALL VEHICLES,2023,OFF PEAK,14983,-1,-1
56606,10011,COUNTER,EAST,HEAVY VEHICLES,2023,OFF PEAK,1126,13,93
56606,10011,PRESCRIBED AND COUNTER,BOTH,LIGHT VEHICLES,2023,WEEKDAYS,64908,-1,-1
56606,10011,PRESCRIBED AND COUNTER,BOTH,LIGHT VEHICLES,2023,OFF PEAK,30521,-1,-1
56606,10011,PRESCRIBED AND COUNTER,BOTH,HEAVY VEHICLES,2023,OFF PEAK,2581,-1,-1
56606,10011,COUNTER,EAST,LIGHT VEHICLES,2023,OFF PEAK,13857,46,92
56606,10011,PRESCRIBED,WEST,LIGHT VEHICLES,2023,OFF PEAK,16664,45,92
56606,10011,COUNTER,EAST,LIGHT VEHICLES,2023,WEEKDAYS,29364,-1,-1
56606,10011,PRESCRIBED,WEST,LIGHT VEHICLES,2023,WEEKENDS,32384,-1,-1
56606,10011,PRESCRIBED,WEST,LIGHT VEHICLES,2023,WEEKDAYS,35544,-1,-1
56606,10011,PRESCRIBED AND COUNTER,BOTH,HEAVY VEHICLES,2023,PM PEAK,1019,-1,-1
56606,10011,PRESCRIBED,WEST,HEAVY VEHICLES,2023,ALL DAYS,2328,13,92
56606,10011,PRESCRIBED,WEST,HEAVY VEHICLES,2023,WEEKENDS,1217,-1,-1
56606,10011,COUNTER,EAST,ALL VEHICLES,2023,AM PEAK,8058,-1,-1
56606,10011,PRESCRIBED,WEST,LIGHT VEHICLES,2023,PM PEAK,9542,56,93
56606,10011,COUNTER,EAST,ALL VEHICLES,2023,WEEKENDS,27778,-1,-1
56606,10011,PRESCRIBED,WEST,ALL VEHICLES,2023,AM PEAK,10028,-1,-1
56606,10011,COUNTER,EAST,ALL VEHICLES,2023,PM PEAK,8796,-1,-1
56606,10011,PRESCRIBED AND COUNTER,BOTH,ALL VEHICLES,2023,OFF PEAK,33102,-1,-1
56606,10011,COUNTER,EAST,HEAVY VEHICLES,2023,AM PEAK,970,28,93
56606,10011,PRESCRIBED,WEST,HEAVY VEHICLES,2023,PM PEAK,642,17,94
56606,10011,PRESCRIBED AND COUNTER,BOTH,HEAVY VEHICLES,2023,WEEKDAYS,5260,-1,-1
56606,10011,PRESCRIBED,WEST,ALL VEHICLES,2023,OFF PEAK,18119,-1,-1
56606,10011,PRESCRIBED,WEST,LIGHT VEHICLES,2023,AM PEAK,9338,56,92
56606,10011,PRESCRIBED,WEST,ALL VEHICLES,2023,ALL DAYS,36975,-1,-1
56606,10011,PRESCRIBED AND COUNTER,BOTH,HEAVY VEHICLES,2023,WEEKENDS,2273,-1,-1
56606,10011,PRESCRIBED AND COUNTER,BOTH,HEAVY VEHICLES,2023,AM PEAK,1660,-1,-1
56606,10011,PRESCRIBED AND COUNTER,BOTH,LIGHT VEHICLES,2023,PM PEAK,17961,-1,-1
56606,10011,PRESCRIBED AND COUNTER,BOTH,ALL VEHICLES,2023,AM PEAK,18086,-1,-1
56606,10011,PRESCRIBED,WEST,HEAVY VEHICLES,2023,OFF PEAK,1455,13,93
56606,10011,PRESCRIBED,WEST,ALL VEHICLES,2023,PM PEAK,10184,-1,-1
56606,10011,PRESCRIBED AND COUNTER,BOTH,ALL VEHICLES,2023,ALL DAYS,67845,-1,-1
56606,10011,COUNTER,EAST,HEAVY VEHICLES,2023,WEEKENDS,1056,-1,-1
56606,10011,PRESCRIBED,WEST,HEAVY VEHICLES,2023,AM PEAK,690,21,93
56606,10011,PRESCRIBED,WEST,ALL VEHICLES,2023,WEEKDAYS,38331,-1,-1
56606,10011,PRESCRIBED AND COUNTER,BOTH,HEAVY VEHICLES,2023,ALL DAYS,4415,-1,-1
56606,10011,PRESCRIBED AND COUNTER,BOTH,ALL VEHICLES,2023,WEEKDAYS,70168,-1,-1
56606,10011,COUNTER,EAST,ALL VEHICLES,2023,ALL DAYS,30870,-1,-1
56606,10011,PRESCRIBED,WEST,ALL VEHICLES,2023,WEEKENDS,33601,-1,-1
56606,10011,PRESCRIBED AND COUNTER,BOTH,ALL VEHICLES,2023,WEEKENDS,61379,-1,-1
56606,10011,PRESCRIBED AND COUNTER,BOTH,LIGHT VEHICLES,2023,AM PEAK,16426,-1,-1
56606,10011,COUNTER,EAST,HEAVY VEHICLES,2023,WEEKDAYS,2473,-1,-1
56606,10011,PRESCRIBED AND COUNTER,BOTH,LIGHT VEHICLES,2023,ALL DAYS,63430,-1,-1
56606,10011,COUNTER,EAST,LIGHT VEHICLES,2023,PM PEAK,8419,56,93
56606,10011,COUNTER,EAST,ALL VEHICLES,2023,WEEKDAYS,31837,-1,-1
56606,10011,COUNTER,EAST,LIGHT VEHICLES,2023,ALL DAYS,28783,50,92
56606,10011,COUNTER,EAST,HEAVY VEHICLES,2023,ALL DAYS,2087,14,93
56606,10011,PRESCRIBED AND COUNTER,BOTH,ALL VEHICLES,2023,PM PEAK,18980,-1,-1
56606,10011,PRESCRIBED AND COUNTER,BOTH,LIGHT VEHICLES,2023,WEEKENDS,59106,-1,-1
56606,10011,PRESCRIBED,WEST,HEAVY VEHICLES,2023,WEEKDAYS,2787,-1,-1
56606,10011,PRESCRIBED,WEST,LIGHT VEHICLES,2023,ALL DAYS,34647,49,91
56615,10052,COUNTER,WEST,UNCLASSIFIED,2023,AM PEAK,6214,16,86
56615,10052,COUNTER,WEST,UNCLASSIFIED,2023,ALL DAYS,22923,16,100
56615,10052,COUNTER,WEST,UNCLASSIFIED,2023,WEEKDAYS,23100,-1,-1
56615,10052,COUNTER,WEST,UNCLASSIFIED,2023,PM PEAK,5669,16,100
56615,10052,COUNTER,WEST,UNCLASSIFIED,2023,WEEKENDS,22859,-1,-1
56615,10052,COUNTER,WEST,UNCLASSIFIED,2023,OFF PEAK,11217,16,100
56694,19065,PRESCRIBED,WEST,UNCLASSIFIED,2023,OFF PEAK,17001,18,100
56694,19065,PRESCRIBED,WEST,UNCLASSIFIED,2023,AM PEAK,4327,18,91
56694,19065,PRESCRIBED AND COUNTER,BOTH,UNCLASSIFIED,2023,OFF PEAK,30990,-1,-1
56694,19065,PRESCRIBED AND COUNTER,BOTH,UNCLASSIFIED,2023,ALL DAYS,59332,-1,-1
56694,19065,PRESCRIBED AND COUNTER,BOTH,UNCLASSIFIED,2023,WEEKENDS,57161,-1,-1
56694,19065,PRESCRIBED,WEST,UNCLASSIFIED,2023,ALL DAYS,30479,18,98
56694,19065,PRESCRIBED AND COUNTER,BOTH,UNCLASSIFIED,2023,AM PEAK,14131,-1,-1
56694,19065,COUNTER,EAST,UNCLASSIFIED,2023,WEEKENDS,27381,-1,-1
56694,19065,COUNTER,EAST,UNCLASSIFIED,2023,WEEKDAYS,29565,-1,-1
56694,19065,PRESCRIBED,WEST,UNCLASSIFIED,2023,PM PEAK,9450,18,97
56694,19065,PRESCRIBED AND COUNTER,BOTH,UNCLASSIFIED,2023,PM PEAK,15222,-1,-1
56694,19065,PRESCRIBED,WEST,UNCLASSIFIED,2023,WEEKENDS,29780,-1,-1
56694,19065,COUNTER,EAST,UNCLASSIFIED,2023,ALL DAYS,28853,19,98
56694,19065,COUNTER,EAST,UNCLASSIFIED,2023,AM PEAK,9804,18,89
56694,19065,COUNTER,EAST,UNCLASSIFIED,2023,PM PEAK,5772,18,100
56694,19065,PRESCRIBED AND COUNTER,BOTH,UNCLASSIFIED,2023,WEEKDAYS,60343,-1,-1
56694,19065,PRESCRIBED,WEST,UNCLASSIFIED,2023,WEEKDAYS,30778,-1,-1
56694,19065,COUNTER,EAST,UNCLASSIFIED,2023,OFF PEAK,13989,18,100
56738,22001,PRESCRIBED,EAST,UNCLASSIFIED,2023,ALL DAYS,27264,-1,-1
56738,22001,COUNTER,WEST,UNCLASSIFIED,2023,OFF PEAK,12588,-1,-1
56738,22001,PRESCRIBED,EAST,UNCLASSIFIED,2023,AM PEAK,6081,-1,-1
56738,22001,COUNTER,WEST,UNCLASSIFIED,2023,ALL DAYS,24590,-1,-1
56738,22001,PRESCRIBED AND COUNTER,BOTH,UNCLASSIFIED,2023,PM PEAK,13196,-1,-1
56738,22001,PRESCRIBED AND COUNTER,BOTH,UNCLASSIFIED,2023,ALL DAYS,51854,-1,-1
56738,22001,PRESCRIBED AND COUNTER,BOTH,UNCLASSIFIED,2023,OFF PEAK,26712,-1,-1
56738,22001,COUNTER,WEST,UNCLASSIFIED,2023,PM PEAK,5690,-1,-1
56738,22001,PRESCRIBED,EAST,UNCLASSIFIED,2023,WEEKENDS,25942,-1,-1
56738,22001,PRESCRIBED,EAST,UNCLASSIFIED,2023,OFF PEAK,14124,-1,-1
56738,22001,COUNTER,WEST,UNCLASSIFIED,2023,WEEKENDS,23731,-1,-1
56738,22001,PRESCRIBED AND COUNTER,BOTH,UNCLASSIFIED,2023,WEEKENDS,49673,-1,-1
56738,22001,COUNTER,WEST,UNCLASSIFIED,2023,AM PEAK,6650,-1,-1
56738,22001,PRESCRIBED,EAST,UNCLASSIFIED,2023,WEEKDAYS,27711,-1,-1
56738,22001,PRESCRIBED,EAST,UNCLASSIFIED,2023,PM PEAK,7506,-1,-1
56738,22001,PRESCRIBED AND COUNTER,BOTH,UNCLASSIFIED,2023,AM PEAK,12731,-1,-1
56738,22001,PRESCRIBED AND COUNTER,BOTH,UNCLASSIFIED,2023,WEEKDAYS,52639,-1,-1
56738,22001,COUNTER,WEST,UNCLASSIFIED,2023,WEEKDAYS,24928,-1,-1
56740,22043,PRESCRIBED AND COUNTER,BOTH,UNCLASSIFIED,2023,AM PEAK,6229,-1,-1
56740,22043,PRESCRIBED AND COUNTER,BOTH,UNCLASSIFIED,2023,ALL DAYS,20614,-1,-1
56740,22043,PRESCRIBED AND COUNTER,BOTH,UNCLASSIFIED,2023,PM PEAK,6318,-1,-1
56740,22043,PRESCRIBED AND COUNTER,BOTH,UNCLASSIFIED,2023,WEEKENDS,18595,-1,-1
56740,22043,COUNTER,EAST,UNCLASSIFIED,2023,WEEKDAYS,9530,-1,-1
56740,22043,PRESCRIBED AND COUNTER,BOTH,UNCLASSIFIED,2023,WEEKDAYS,21354,-1,-1
56740,22043,PRESCRIBED,WEST,UNCLASSIFIED,2023,OFF PEAK,4835,18,100
56740,22043,PRESCRIBED,WEST,UNCLASSIFIED,2023,PM PEAK,3044,18,91
56740,22043,PRESCRIBED,WEST,UNCLASSIFIED,2023,WEEKDAYS,11824,-1,-1
56740,22043,PRESCRIBED,WEST,UNCLASSIFIED,2023,AM PEAK,3945,18,77
56740,22043,COUNTER,EAST,UNCLASSIFIED,2023,WEEKENDS,8356,-1,-1
56740,22043,COUNTER,EAST,UNCLASSIFIED,2023,PM PEAK,3274,18,81
56740,22043,COUNTER,EAST,UNCLASSIFIED,2023,ALL DAYS,9278,19,88
56740,22043,PRESCRIBED AND COUNTER,BOTH,UNCLASSIFIED,2023,OFF PEAK,8807,-1,-1
56740,22043,PRESCRIBED,WEST,UNCLASSIFIED,2023,ALL DAYS,11336,19,98
56740,22043,COUNTER,EAST,UNCLASSIFIED,2023,OFF PEAK,3972,18,91
56740,22043,COUNTER,EAST,UNCLASSIFIED,2023,AM PEAK,2284,18,89
56740,22043,PRESCRIBED,WEST,UNCLASSIFIED,2023,WEEKENDS,10239,-1,-1
56778,24014,COUNTER,EAST,UNCLASSIFIED,2023,PM PEAK,5453,18,100
56778,24014,COUNTER,EAST,UNCLASSIFIED,2023,ALL DAYS,22095,18,98
56778,24014,PRESCRIBED AND COUNTER,BOTH,UNCLASSIFIED,2023,ALL DAYS,42478,-1,-1
56778,24014,COUNTER,EAST,UNCLASSIFIED,2023,WEEKDAYS,22501,-1,-1
56778,24014,PRESCRIBED,WEST,UNCLASSIFIED,2023,OFF PEAK,11395,18,100
56778,24014,COUNTER,EAST,UNCLASSIFIED,2023,OFF PEAK,11501,18,100
56778,24014,PRESCRIBED,WEST,UNCLASSIFIED,2023,WEEKENDS,20036,-1,-1
56778,24014,PRESCRIBED,WEST,UNCLASSIFIED,2023,ALL DAYS,20383,18,100
56778,24014,PRESCRIBED AND COUNTER,BOTH,UNCLASSIFIED,2023,AM PEAK,9464,-1,-1
56778,24014,PRESCRIBED,WEST,UNCLASSIFIED,2023,PM PEAK,5263,18,97
56778,24014,PRESCRIBED AND COUNTER,BOTH,UNCLASSIFIED,2023,WEEKENDS,41142,-1,-1
56778,24014,PRESCRIBED,WEST,UNCLASSIFIED,2023,AM PEAK,3917,18,93
56778,24014,COUNTER,EAST,UNCLASSIFIED,2023,WEEKENDS,21106,-1,-1
56778,24014,PRESCRIBED AND COUNTER,BOTH,UNCLASSIFIED,2023,OFF PEAK,22896,-1,-1
56778,24014,PRESCRIBED AND COUNTER,BOTH,UNCLASSIFIED,2023,PM PEAK,10716,-1,-1
56778,24014,PRESCRIBED AND COUNTER,BOTH,UNCLASSIFIED,2023,WEEKDAYS,43076,-1,-1
56778,24014,PRESCRIBED,WEST,UNCLASSIFIED,2023,WEEKDAYS,20575,-1,-1
56778,24014,COUNTER,EAST,UNCLASSIFIED,2023,AM PEAK,5547,18,89
56781,24026,COUNTER,SOUTH,UNCLASSIFIED,2023,ALL DAYS,32669,18,100
56781,24026,COUNTER,SOUTH,UNCLASSIFIED,2023,PM PEAK,7689,19,100
56781,24026,COUNTER,SOUTH,UNCLASSIFIED,2023,WEEKDAYS,32883,-1,-1
56781,24026,COUNTER,SOUTH,UNCLASSIFIED,2023,WEEKENDS,32353,-1,-1
56781,24026,COUNTER,SOUTH,UNCLASSIFIED,2023,OFF PEAK,17726,19,100
56781,24026,COUNTER,SOUTH,UNCLASSIFIED,2023,AM PEAK,7468,19,96
56823,28022,COUNTER,EAST,UNCLASSIFIED,2023,AM PEAK,7080,11,76
56823,28022,PRESCRIBED,WEST,UNCLASSIFIED,2023,WEEKENDS,24951,-1,-1
56823,28022,PRESCRIBED,WEST,UNCLASSIFIED,2023,ALL DAYS,26644,4,93
56823,28022,PRESCRIBED,WEST,UNCLASSIFIED,2023,PM PEAK,7641,4,84
56823,28022,PRESCRIBED AND COUNTER,BOTH,UNCLASSIFIED,2023,OFF PEAK,27032,-1,-1
56823,28022,PRESCRIBED AND COUNTER,BOTH,UNCLASSIFIED,2023,AM PEAK,11991,-1,-1
56823,28022,PRESCRIBED AND COUNTER,BOTH,UNCLASSIFIED,2023,ALL DAYS,51964,-1,-1
56823,28022,PRESCRIBED AND COUNTER,BOTH,UNCLASSIFIED,2023,PM PEAK,14077,-1,-1
56823,28022,PRESCRIBED,WEST,UNCLASSIFIED,2023,WEEKDAYS,26991,-1,-1
56823,28022,COUNTER,EAST,UNCLASSIFIED,2023,PM PEAK,6436,11,93
56823,28022,PRESCRIBED,WEST,UNCLASSIFIED,2023,AM PEAK,4911,4,84
56823,28022,PRESCRIBED AND COUNTER,BOTH,UNCLASSIFIED,2023,WEEKDAYS,53100,-1,-1
56823,28022,COUNTER,EAST,UNCLASSIFIED,2023,WEEKENDS,23469,-1,-1
56823,28022,PRESCRIBED AND COUNTER,BOTH,UNCLASSIFIED,2023,WEEKENDS,48420,-1,-1
56823,28022,COUNTER,EAST,UNCLASSIFIED,2023,OFF PEAK,12593,11,100
56823,28022,COUNTER,EAST,UNCLASSIFIED,2023,WEEKDAYS,26109,-1,-1
56823,28022,PRESCRIBED,WEST,UNCLASSIFIED,2023,OFF PEAK,14439,5,83
56823,28022,COUNTER,EAST,UNCLASSIFIED,2023,ALL DAYS,25320,11,95
56841,29005,COUNTER,SOUTH,HEAVY VEHICLES,2023,WEEKDAYS,4271,-1,-1
56841,29005,PRESCRIBED,NORTH,ALL VEHICLES,2023,PM PEAK,12054,-1,-1
56841,29005,PRESCRIBED,NORTH,LIGHT VEHICLES,2023,OFF PEAK,20576,11,79
56841,29005,PRESCRIBED,NORTH,LIGHT VEHICLES,2023,WEEKDAYS,42760,-1,-1
56841,29005,PRESCRIBED,NORTH,HEAVY VEHICLES,2023,PM PEAK,624,6,78
56841,29005,PRESCRIBED,NORTH,HEAVY VEHICLES,2023,AM PEAK,1435,9,80
56841,29005,PRESCRIBED,NORTH,HEAVY VEHICLES,2023,OFF PEAK,2044,6,79
56841,29005,PRESCRIBED,NORTH,HEAVY VEHICLES,2023,ALL DAYS,3813,6,88
56841,29005,PRESCRIBED,NORTH,HEAVY VEHICLES,2023,WEEKENDS,1910,-1,-1
56841,29005,PRESCRIBED,NORTH,LIGHT VEHICLES,2023,ALL DAYS,44774,12,86
56841,29005,PRESCRIBED AND COUNTER,BOTH,ALL VEHICLES,2023,AM PEAK,24062,-1,-1
56841,29005,PRESCRIBED,NORTH,ALL VEHICLES,2023,WEEKDAYS,46863,-1,-1
56841,29005,PRESCRIBED,NORTH,ALL VEHICLES,2023,AM PEAK,12189,-1,-1
56841,29005,PRESCRIBED,NORTH,ALL VEHICLES,2023,OFF PEAK,22620,-1,-1
56841,29005,PRESCRIBED,NORTH,LIGHT VEHICLES,2023,WEEKENDS,41844,-1,-1
56841,29005,PRESCRIBED,NORTH,ALL VEHICLES,2023,WEEKENDS,43754,-1,-1
56841,29005,PRESCRIBED,NORTH,LIGHT VEHICLES,2023,PM PEAK,11430,14,79
56841,29005,PRESCRIBED,NORTH,ALL VEHICLES,2023,ALL DAYS,48587,-1,-1
56841,29005,PRESCRIBED,NORTH,LIGHT VEHICLES,2023,AM PEAK,10754,14,80
56841,29005,COUNTER,SOUTH,ALL VEHICLES,2023,AM PEAK,11873,-1,-1
56841,29005,PRESCRIBED,NORTH,HEAVY VEHICLES,2023,WEEKDAYS,4103,-1,-1
56841,29005,COUNTER,SOUTH,LIGHT VEHICLES,2023,ALL DAYS,44852,46,90
56841,29005,COUNTER,SOUTH,HEAVY VEHICLES,2023,OFF PEAK,2352,20,93
56841,29005,COUNTER,SOUTH,LIGHT VEHICLES,2023,OFF PEAK,21604,42,90
56841,29005,PRESCRIBED AND COUNTER,BOTH,LIGHT VEHICLES,2023,ALL DAYS,89626,-1,-1
56841,29005,PRESCRIBED AND COUNTER,BOTH,HEAVY VEHICLES,2023,PM PEAK,1544,-1,-1
56841,29005,PRESCRIBED AND COUNTER,BOTH,HEAVY VEHICLES,2023,AM PEAK,2434,-1,-1
56841,29005,COUNTER,SOUTH,ALL VEHICLES,2023,WEEKENDS,45705,-1,-1
56841,29005,COUNTER,SOUTH,HEAVY VEHICLES,2023,ALL DAYS,3596,19,94
56841,29005,COUNTER,SOUTH,HEAVY VEHICLES,2023,AM PEAK,999,28,92
56841,29005,COUNTER,SOUTH,ALL VEHICLES,2023,PM PEAK,13345,-1,-1
56841,29005,PRESCRIBED AND COUNTER,BOTH,LIGHT VEHICLES,2023,WEEKENDS,85761,-1,-1
56841,29005,COUNTER,SOUTH,ALL VEHICLES,2023,ALL DAYS,48448,-1,-1
56841,29005,COUNTER,SOUTH,HEAVY VEHICLES,2023,WEEKENDS,1788,-1,-1
56841,29005,COUNTER,SOUTH,LIGHT VEHICLES,2023,PM PEAK,12425,55,91
56841,29005,PRESCRIBED AND COUNTER,BOTH,HEAVY VEHICLES,2023,WEEKENDS,3698,-1,-1
56841,29005,PRESCRIBED AND COUNTER,BOTH,HEAVY VEHICLES,2023,OFF PEAK,4396,-1,-1
56841,29005,PRESCRIBED AND COUNTER,BOTH,ALL VEHICLES,2023,ALL DAYS,97035,-1,-1
56841,29005,PRESCRIBED AND COUNTER,BOTH,ALL VEHICLES,2023,WEEKENDS,89459,-1,-1
56841,29005,COUNTER,SOUTH,LIGHT VEHICLES,2023,WEEKDAYS,44903,-1,-1
56841,29005,PRESCRIBED AND COUNTER,BOTH,HEAVY VEHICLES,2023,WEEKDAYS,8374,-1,-1
56841,29005,COUNTER,SOUTH,ALL VEHICLES,2023,OFF PEAK,23956,-1,-1
56841,29005,COUNTER,SOUTH,ALL VEHICLES,2023,WEEKDAYS,49174,-1,-1
56841,29005,COUNTER,SOUTH,HEAVY VEHICLES,2023,PM PEAK,920,22,94
56841,29005,PRESCRIBED AND COUNTER,BOTH,HEAVY VEHICLES,2023,ALL DAYS,7409,-1,-1
56841,29005,PRESCRIBED AND COUNTER,BOTH,LIGHT VEHICLES,2023,WEEKDAYS,87663,-1,-1
56841,29005,PRESCRIBED AND COUNTER,BOTH,ALL VEHICLES,2023,OFF PEAK,46576,-1,-1
56841,29005,COUNTER,SOUTH,LIGHT VEHICLES,2023,AM PEAK,10874,49,90
56841,29005,PRESCRIBED AND COUNTER,BOTH,LIGHT VEHICLES,2023,PM PEAK,23855,-1,-1
56841,29005,PRESCRIBED AND COUNTER,BOTH,LIGHT VEHICLES,2023,OFF PEAK,42180,-1,-1
56841,29005,COUNTER,SOUTH,LIGHT VEHICLES,2023,WEEKENDS,43917,-1,-1
56841,29005,PRESCRIBED AND COUNTER,BOTH,ALL VEHICLES,2023,PM PEAK,25399,-1,-1
56841,29005,PRESCRIBED AND COUNTER,BOTH,ALL VEHICLES,2023,WEEKDAYS,96037,-1,-1
56841,29005,PRESCRIBED AND COUNTER,BOTH,LIGHT VEHICLES,2023,AM PEAK,21628,-1,-1
56857,32022,COUNTER,EAST,UNCLASSIFIED,2023,WEEKDAYS,643,-1,-1
56857,32022,COUNTER,EAST,UNCLASSIFIED,2023,AM PEAK,256,4,33
56857,32022,COUNTER,EAST,UNCLASSIFIED,2023,ALL DAYS,537,4,52
56857,32022,PRESCRIBED,WEST,UNCLASSIFIED,2023,ALL DAYS,21292,4,98
56857,32022,COUNTER,EAST,UNCLASSIFIED,2023,PM PEAK,166,4,41
56857,32022,PRESCRIBED AND COUNTER,BOTH,UNCLASSIFIED,2023,AM PEAK,4436,-1,-1
56857,32022,PRESCRIBED,WEST,UNCLASSIFIED,2023,OFF PEAK,11704,4,63
56857,32022,COUNTER,EAST,UNCLASSIFIED,2023,WEEKENDS,339,-1,-1
56857,32022,PRESCRIBED AND COUNTER,BOTH,UNCLASSIFIED,2023,WEEKDAYS,23042,-1,-1
56857,32022,PRESCRIBED,WEST,UNCLASSIFIED,2023,WEEKDAYS,22399,-1,-1
56857,32022,COUNTER,EAST,UNCLASSIFIED,2023,OFF PEAK,221,4,63
56857,32022,PRESCRIBED AND COUNTER,BOTH,UNCLASSIFIED,2023,ALL DAYS,21829,-1,-1
56857,32022,PRESCRIBED,WEST,UNCLASSIFIED,2023,WEEKENDS,20322,-1,-1
56857,32022,PRESCRIBED,WEST,UNCLASSIFIED,2023,AM PEAK,4180,4,66
56857,32022,PRESCRIBED,WEST,UNCLASSIFIED,2023,PM PEAK,6515,4,100
56857,32022,PRESCRIBED AND COUNTER,BOTH,UNCLASSIFIED,2023,PM PEAK,6681,-1,-1
56857,32022,PRESCRIBED AND COUNTER,BOTH,UNCLASSIFIED,2023,OFF PEAK,11925,-1,-1
56857,32022,PRESCRIBED AND COUNTER,BOTH,UNCLASSIFIED,2023,WEEKENDS,20661,-1,-1
56861,32029,PRESCRIBED,NORTH,HEAVY VEHICLES,2023,OFF PEAK,659,10,94
56861,32029,PRESCRIBED,NORTH,LIGHT VEHICLES,2023,AM PEAK,6212,39,96
56861,32029,COUNTER,SOUTH,HEAVY VEHICLES,2023,ALL DAYS,1153,8,73
56861,32029,PRESCRIBED AND COUNTER,BOTH,LIGHT VEHICLES,2023,WEEKENDS,29565,-1,-1
56861,32029,PRESCRIBED AND COUNTER,BOTH,LIGHT VEHICLES,2023,PM PEAK,9702,-1,-1
56861,32029,PRESCRIBED,NORTH,HEAVY VEHICLES,2023,AM PEAK,543,17,94
56861,32029,COUNTER,SOUTH,HEAVY VEHICLES,2023,WEEKENDS,812,-1,-1
56861,32029,COUNTER,SOUTH,LIGHT VEHICLES,2023,PM PEAK,5507,21,84
56861,32029,COUNTER,SOUTH,HEAVY VEHICLES,2023,AM PEAK,296,12,72
56861,32029,COUNTER,SOUTH,LIGHT VEHICLES,2023,AM PEAK,2853,21,81
56861,32029,PRESCRIBED AND COUNTER,BOTH,ALL VEHICLES,2023,OFF PEAK,16790,-1,-1
56861,32029,PRESCRIBED,NORTH,HEAVY VEHICLES,2023,ALL DAYS,1196,9,94
56861,32029,PRESCRIBED AND COUNTER,BOTH,ALL VEHICLES,2023,PM PEAK,10274,-1,-1
56861,32029,COUNTER,SOUTH,LIGHT VEHICLES,2023,WEEKDAYS,16018,-1,-1
56861,32029,PRESCRIBED AND COUNTER,BOTH,LIGHT VEHICLES,2023,OFF PEAK,15484,-1,-1
56861,32029,PRESCRIBED,NORTH,ALL VEHICLES,2023,WEEKDAYS,19674,-1,-1
56861,32029,COUNTER,SOUTH,ALL VEHICLES,2023,OFF PEAK,8305,-1,-1
56861,32029,PRESCRIBED,NORTH,ALL VEHICLES,2023,WEEKENDS,16274,-1,-1
56861,32029,COUNTER,SOUTH,HEAVY VEHICLES,2023,WEEKDAYS,1276,-1,-1
56861,32029,PRESCRIBED,NORTH,LIGHT VEHICLES,2023,WEEKDAYS,18233,-1,-1
56861,32029,COUNTER,SOUTH,LIGHT VEHICLES,2023,OFF PEAK,7658,18,83
56861,32029,PRESCRIBED,NORTH,ALL VEHICLES,2023,AM PEAK,6755,-1,-1
56861,32029,COUNTER,SOUTH,ALL VEHICLES,2023,WEEKDAYS,17294,-1,-1
56861,32029,PRESCRIBED AND COUNTER,BOTH,ALL VEHICLES,2023,WEEKENDS,30990,-1,-1
56861,32029,COUNTER,SOUTH,ALL VEHICLES,2023,AM PEAK,3149,-1,-1
56861,32029,PRESCRIBED AND COUNTER,BOTH,ALL VEHICLES,2023,WEEKDAYS,36968,-1,-1
56861,32029,PRESCRIBED AND COUNTER,BOTH,LIGHT VEHICLES,2023,WEEKDAYS,34251,-1,-1
56861,32029,PRESCRIBED AND COUNTER,BOTH,HEAVY VEHICLES,2023,WEEKENDS,1425,-1,-1
56861,32029,PRESCRIBED,NORTH,LIGHT VEHICLES,2023,OFF PEAK,7826,29,94
56861,32029,PRESCRIBED AND COUNTER,BOTH,HEAVY VEHICLES,2023,ALL DAYS,2349,-1,-1
56861,32029,PRESCRIBED,NORTH,LIGHT VEHICLES,2023,PM PEAK,4195,33,96
56861,32029,PRESCRIBED AND COUNTER,BOTH,HEAVY VEHICLES,2023,PM PEAK,572,-1,-1
56861,32029,COUNTER,SOUTH,ALL VEHICLES,2023,WEEKENDS,14716,-1,-1
56861,32029,PRESCRIBED,NORTH,LIGHT VEHICLES,2023,ALL DAYS,17523,31,95
56861,32029,PRESCRIBED AND COUNTER,BOTH,ALL VEHICLES,2023,ALL DAYS,34393,-1,-1
56861,32029,PRESCRIBED,NORTH,ALL VEHICLES,2023,PM PEAK,4434,-1,-1
56861,32029,PRESCRIBED,NORTH,ALL VEHICLES,2023,OFF PEAK,8485,-1,-1
56861,32029,PRESCRIBED AND COUNTER,BOTH,LIGHT VEHICLES,2023,ALL DAYS,32044,-1,-1
56861,32029,COUNTER,SOUTH,HEAVY VEHICLES,2023,OFF PEAK,647,7,74
56861,32029,COUNTER,SOUTH,LIGHT VEHICLES,2023,ALL DAYS,14521,19,84
56861,32029,PRESCRIBED AND COUNTER,BOTH,ALL VEHICLES,2023,AM PEAK,9904,-1,-1
56861,32029,PRESCRIBED AND COUNTER,BOTH,HEAVY VEHICLES,2023,OFF PEAK,1306,-1,-1
56861,32029,PRESCRIBED,NORTH,HEAVY VEHICLES,2023,PM PEAK,239,10,94
56861,32029,COUNTER,SOUTH,LIGHT VEHICLES,2023,WEEKENDS,13904,-1,-1
56861,32029,PRESCRIBED,NORTH,ALL VEHICLES,2023,ALL DAYS,18719,-1,-1
56861,32029,PRESCRIBED AND COUNTER,BOTH,LIGHT VEHICLES,2023,AM PEAK,9065,-1,-1
56861,32029,PRESCRIBED AND COUNTER,BOTH,HEAVY VEHICLES,2023,WEEKDAYS,2717,-1,-1
56861,32029,COUNTER,SOUTH,ALL VEHICLES,2023,ALL DAYS,15674,-1,-1
56861,32029,COUNTER,SOUTH,ALL VEHICLES,2023,PM PEAK,5840,-1,-1
56861,32029,COUNTER,SOUTH,HEAVY VEHICLES,2023,PM PEAK,333,10,71
56861,32029,PRESCRIBED,NORTH,LIGHT VEHICLES,2023,WEEKENDS,15661,-1,-1
56861,32029,PRESCRIBED,NORTH,HEAVY VEHICLES,2023,WEEKDAYS,1441,-1,-1
56868,33013,COUNTER,SOUTH,UNCLASSIFIED,2023,ALL DAYS,24898,4,100
56868,33013,COUNTER,SOUTH,UNCLASSIFIED,2023,AM PEAK,7271,4,46
56868,33013,COUNTER,SOUTH,UNCLASSIFIED,2023,PM PEAK,6427,4,100
56868,33013,COUNTER,SOUTH,UNCLASSIFIED,2023,WEEKENDS,23015,-1,-1
56868,33013,COUNTER,SOUTH,UNCLASSIFIED,2023,WEEKDAYS,26031,-1,-1
56868,33013,COUNTER,SOUTH,UNCLASSIFIED,2023,OFF PEAK,12333,4,100
56869,33014,PRESCRIBED,NORTH,UNCLASSIFIED,2023,PM PEAK,8018,-1,-1
56869,33014,PRESCRIBED,NORTH,UNCLASSIFIED,2023,WEEKENDS,23786,-1,-1
56869,33014,PRESCRIBED,NORTH,UNCLASSIFIED,2023,OFF PEAK,13194,-1,-1
56869,33014,PRESCRIBED,NORTH,UNCLASSIFIED,2023,WEEKDAYS,26791,-1,-1
56869,33014,PRESCRIBED,NORTH,UNCLASSIFIED,2023,AM PEAK,5579,-1,-1
56869,33014,PRESCRIBED,NORTH,UNCLASSIFIED,2023,ALL DAYS,25986,-1,-1
56872,33023,PRESCRIBED,NORTH,LIGHT VEHICLES,2023,PM PEAK,3406,4,72
56872,33023,PRESCRIBED AND COUNTER,BOTH,ALL VEHICLES,2023,AM PEAK,6908,-1,-1
56872,33023,PRESCRIBED AND COUNTER,BOTH,HEAVY VEHICLES,2023,AM PEAK,622,-1,-1
56872,33023,PRESCRIBED,NORTH,ALL VEHICLES,2023,OFF PEAK,6644,-1,-1
56872,33023,PRESCRIBED,NORTH,LIGHT VEHICLES,2023,OFF PEAK,6085,3,78
56872,33023,PRESCRIBED AND COUNTER,BOTH,HEAVY VEHICLES,2023,WEEKDAYS,2033,-1,-1
56872,33023,PRESCRIBED,NORTH,HEAVY VEHICLES,2023,WEEKENDS,489,-1,-1
56872,33023,COUNTER,SOUTH,ALL VEHICLES,2023,ALL DAYS,11765,-1,-1
56872,33023,PRESCRIBED AND COUNTER,BOTH,ALL VEHICLES,2023,PM PEAK,6346,-1,-1
56872,33023,COUNTER,SOUTH,LIGHT VEHICLES,2023,WEEKENDS,9549,-1,-1
56872,33023,COUNTER,SOUTH,LIGHT VEHICLES,2023,WEEKDAYS,11571,-1,-1
56872,33023,PRESCRIBED,NORTH,HEAVY VEHICLES,2023,AM PEAK,311,2,84
56872,33023,PRESCRIBED,NORTH,LIGHT VEHICLES,2023,ALL DAYS,11820,3,80
56872,33023,COUNTER,SOUTH,HEAVY VEHICLES,2023,WEEKDAYS,922,-1,-1
56872,33023,PRESCRIBED,NORTH,ALL VEHICLES,2023,ALL DAYS,12773,-1,-1
56872,33023,PRESCRIBED AND COUNTER,BOTH,LIGHT VEHICLES,2023,WEEKDAYS,23574,-1,-1
56872,33023,PRESCRIBED AND COUNTER,BOTH,HEAVY VEHICLES,2023,PM PEAK,404,-1,-1
56872,33023,PRESCRIBED,NORTH,HEAVY VEHICLES,2023,ALL DAYS,953,1,85
56872,33023,COUNTER,SOUTH,HEAVY VEHICLES,2023,ALL DAYS,766,1,82
56872,33023,COUNTER,SOUTH,HEAVY VEHICLES,2023,OFF PEAK,448,1,86
56872,33023,PRESCRIBED AND COUNTER,BOTH,LIGHT VEHICLES,2023,PM PEAK,5942,-1,-1
56872,33023,COUNTER,SOUTH,HEAVY VEHICLES,2023,PM PEAK,163,1,86
56872,33023,PRESCRIBED AND COUNTER,BOTH,LIGHT VEHICLES,2023,WEEKENDS,20102,-1,-1
56872,33023,PRESCRIBED AND COUNTER,BOTH,LIGHT VEHICLES,2023,ALL DAYS,22819,-1,-1
56872,33023,PRESCRIBED,NORTH,ALL VEHICLES,2023,AM PEAK,2823,-1,-1
56872,33023,PRESCRIBED AND COUNTER,BOTH,ALL VEHICLES,2023,WEEKDAYS,25607,-1,-1
56872,33023,COUNTER,SOUTH,ALL VEHICLES,2023,WEEKENDS,9938,-1,-1
56872,33023,PRESCRIBED AND COUNTER,BOTH,ALL VEHICLES,2023,WEEKENDS,20980,-1,-1
56872,33023,PRESCRIBED,NORTH,LIGHT VEHICLES,2023,WEEKDAYS,12003,-1,-1
56872,33023,PRESCRIBED AND COUNTER,BOTH,LIGHT VEHICLES,2023,OFF PEAK,11346,-1,-1
56872,33023,PRESCRIBED,NORTH,HEAVY VEHICLES,2023,PM PEAK,241,2,70
56872,33023,COUNTER,SOUTH,LIGHT VEHICLES,2023,OFF PEAK,5261,3,84
56872,33023,COUNTER,SOUTH,HEAVY VEHICLES,2023,AM PEAK,311,2,86
56872,33023,PRESCRIBED AND COUNTER,BOTH,LIGHT VEHICLES,2023,AM PEAK,6286,-1,-1
56872,33023,COUNTER,SOUTH,ALL VEHICLES,2023,WEEKDAYS,12493,-1,-1
56872,33023,COUNTER,SOUTH,HEAVY VEHICLES,2023,WEEKENDS,389,-1,-1
56872,33023,PRESCRIBED,NORTH,LIGHT VEHICLES,2023,AM PEAK,2512,4,78
56872,33023,COUNTER,SOUTH,ALL VEHICLES,2023,OFF PEAK,5709,-1,-1
56872,33023,PRESCRIBED,NORTH,ALL VEHICLES,2023,WEEKDAYS,13114,-1,-1
56872,33023,PRESCRIBED AND COUNTER,BOTH,ALL VEHICLES,2023,OFF PEAK,12353,-1,-1
56872,33023,PRESCRIBED,NORTH,LIGHT VEHICLES,2023,WEEKENDS,10553,-1,-1
56872,33023,PRESCRIBED,NORTH,ALL VEHICLES,2023,WEEKENDS,11042,-1,-1
56872,33023,PRESCRIBED AND COUNTER,BOTH,HEAVY VEHICLES,2023,WEEKENDS,878,-1,-1
56872,33023,COUNTER,SOUTH,ALL VEHICLES,2023,AM PEAK,4085,-1,-1
56872,33023,PRESCRIBED AND COUNTER,BOTH,ALL VEHICLES,2023,ALL DAYS,24538,-1,-1
56872,33023,COUNTER,SOUTH,LIGHT VEHICLES,2023,ALL DAYS,10999,3,78
56872,33023,PRESCRIBED,NORTH,ALL VEHICLES,2023,PM PEAK,3647,-1,-1
56872,33023,PRESCRIBED AND COUNTER,BOTH,HEAVY VEHICLES,2023,ALL DAYS,1719,-1,-1
56872,33023,COUNTER,SOUTH,LIGHT VEHICLES,2023,AM PEAK,3774,5,83
56872,33023,PRESCRIBED,NORTH,HEAVY VEHICLES,2023,OFF PEAK,559,1,82
56872,33023,PRESCRIBED AND COUNTER,BOTH,HEAVY VEHICLES,2023,OFF PEAK,1007,-1,-1
56872,33023,COUNTER,SOUTH,ALL VEHICLES,2023,PM PEAK,2699,-1,-1
56872,33023,COUNTER,SOUTH,LIGHT VEHICLES,2023,PM PEAK,2536,4,83
56872,33023,PRESCRIBED,NORTH,HEAVY VEHICLES,2023,WEEKDAYS,1111,-1,-1
56891,34028,PRESCRIBED,NORTH,UNCLASSIFIED,2023,WEEKENDS,15304,-1,-1
56891,34028,PRESCRIBED,NORTH,UNCLASSIFIED,2023,WEEKDAYS,18397,-1,-1
56891,34028,PRESCRIBED,NORTH,UNCLASSIFIED,2023,AM PEAK,4046,-1,-1
56891,34028,PRESCRIBED,NORTH,UNCLASSIFIED,2023,ALL DAYS,17391,-1,-1
56891,34028,PRESCRIBED,NORTH,UNCLASSIFIED,2023,OFF PEAK,8928,-1,-1
56891,34028,PRESCRIBED,NORTH,UNCLASSIFIED,2023,PM PEAK,5423,-1,-1
56896,36002,COUNTER,SOUTH,UNCLASSIFIED,2023,ALL DAYS,20877,2,100
56896,36002,PRESCRIBED,NORTH,UNCLASSIFIED,2023,WEEKDAYS,15033,-1,-1
56896,36002,COUNTER,SOUTH,UNCLASSIFIED,2023,WEEKDAYS,21861,-1,-1
56896,36002,COUNTER,SOUTH,UNCLASSIFIED,2023,OFF PEAK,11547,1,100
56896,36002,PRESCRIBED,NORTH,UNCLASSIFIED,2023,OFF PEAK,6553,5,100
56896,36002,PRESCRIBED,NORTH,UNCLASSIFIED,2023,ALL DAYS,13937,5,84
56896,36002,PRESCRIBED,NORTH,UNCLASSIFIED,2023,AM PEAK,4530,5,42
56896,36002,PRESCRIBED AND COUNTER,BOTH,UNCLASSIFIED,2023,OFF PEAK,18100,-1,-1
56896,36002,COUNTER,SOUTH,UNCLASSIFIED,2023,PM PEAK,5881,1,100
56896,36002,PRESCRIBED AND COUNTER,BOTH,UNCLASSIFIED,2023,AM PEAK,8963,-1,-1
56896,36002,PRESCRIBED AND COUNTER,BOTH,UNCLASSIFIED,2023,ALL DAYS,34814,-1,-1
56896,36002,PRESCRIBED AND COUNTER,BOTH,UNCLASSIFIED,2023,WEEKDAYS,36894,-1,-1
56896,36002,COUNTER,SOUTH,UNCLASSIFIED,2023,WEEKENDS,18631,-1,-1
56896,36002,COUNTER,SOUTH,UNCLASSIFIED,2023,AM PEAK,4433,1,100
56896,36002,PRESCRIBED AND COUNTER,BOTH,UNCLASSIFIED,2023,WEEKENDS,29943,-1,-1
56896,36002,PRESCRIBED,NORTH,UNCLASSIFIED,2023,WEEKENDS,11312,-1,-1
56896,36002,PRESCRIBED,NORTH,UNCLASSIFIED,2023,PM PEAK,3950,5,100
56896,36002,PRESCRIBED AND COUNTER,BOTH,UNCLASSIFIED,2023,PM PEAK,9831,-1,-1
56927,40041,PRESCRIBED AND COUNTER,BOTH,UNCLASSIFIED,2023,WEEKDAYS,43760,-1,-1
56927,40041,PRESCRIBED AND COUNTER,BOTH,UNCLASSIFIED,2023,OFF PEAK,21365,-1,-1
56927,40041,PRESCRIBED,NORTH,UNCLASSIFIED,2023,WEEKDAYS,22168,-1,-1
56927,40041,PRESCRIBED AND COUNTER,BOTH,UNCLASSIFIED,2023,ALL DAYS,42779,-1,-1
56927,40041,PRESCRIBED AND COUNTER,BOTH,UNCLASSIFIED,2023,AM PEAK,10646,-1,-1
56927,40041,COUNTER,SOUTH,UNCLASSIFIED,2023,OFF PEAK,10588,-1,-1
56927,40041,PRESCRIBED,NORTH,UNCLASSIFIED,2023,OFF PEAK,10777,-1,-1
56927,40041,COUNTER,SOUTH,UNCLASSIFIED,2023,ALL DAYS,21119,-1,-1
56927,40041,COUNTER,SOUTH,UNCLASSIFIED,2023,WEEKDAYS,21592,-1,-1
56927,40041,PRESCRIBED AND COUNTER,BOTH,UNCLASSIFIED,2023,PM PEAK,11749,-1,-1
56927,40041,COUNTER,SOUTH,UNCLASSIFIED,2023,AM PEAK,4933,-1,-1
56927,40041,COUNTER,SOUTH,UNCLASSIFIED,2023,PM PEAK,6071,-1,-1
56927,40041,PRESCRIBED AND COUNTER,BOTH,UNCLASSIFIED,2023,WEEKENDS,40195,-1,-1
56927,40041,COUNTER,SOUTH,UNCLASSIFIED,2023,WEEKENDS,19860,-1,-1
56927,40041,PRESCRIBED,NORTH,UNCLASSIFIED,2023,ALL DAYS,21660,-1,-1
56927,40041,PRESCRIBED,NORTH,UNCLASSIFIED,2023,WEEKENDS,20335,-1,-1
56927,40041,PRESCRIBED,NORTH,UNCLASSIFIED,2023,AM PEAK,5713,-1,-1
56927,40041,PRESCRIBED,NORTH,UNCLASSIFIED,2023,PM PEAK,5678,-1,-1
56950,42001,COUNTER,NORTH,LIGHT VEHICLES,2023,PM PEAK,3347,27,88
56950,42001,PRESCRIBED,SOUTH,ALL VEHICLES,2023,WEEKDAYS,13501,-1,-1
56950,42001,PRESCRIBED AND COUNTER,BOTH,HEAVY VEHICLES,2023,ALL DAYS,427,-1,-1
56950,42001,PRESCRIBED AND COUNTER,BOTH,ALL VEHICLES,2023,PM PEAK,8811,-1,-1
56950,42001,PRESCRIBED AND COUNTER,BOTH,LIGHT VEHICLES,2023,OFF PEAK,10076,-1,-1
56950,42001,COUNTER,NORTH,ALL VEHICLES,2023,ALL DAYS,17546,-1,-1
56950,42001,PRESCRIBED AND COUNTER,BOTH,LIGHT VEHICLES,2023,ALL DAYS,34657,-1,-1
56950,42001,PRESCRIBED,SOUTH,HEAVY VEHICLES,2023,AM PEAK,56,13,92
56950,42001,PRESCRIBED AND COUNTER,BOTH,LIGHT VEHICLES,2023,AM PEAK,8652,-1,-1
56950,42001,COUNTER,NORTH,HEAVY VEHICLES,2023,AM PEAK,74,10,89
56950,42001,PRESCRIBED,SOUTH,LIGHT VEHICLES,2023,ALL DAYS,17334,24,6
56950,42001,PRESCRIBED,SOUTH,HEAVY VEHICLES,2023,WEEKDAYS,192,-1,-1
56950,42001,PRESCRIBED,SOUTH,LIGHT VEHICLES,2023,AM PEAK,3300,26,89
56950,42001,PRESCRIBED AND COUNTER,BOTH,ALL VEHICLES,2023,WEEKENDS,19527,-1,-1
56950,42001,PRESCRIBED,SOUTH,ALL VEHICLES,2023,OFF PEAK,4720,-1,-1
56950,42001,COUNTER,NORTH,HEAVY VEHICLES,2023,PM PEAK,39,8,92
56950,42001,PRESCRIBED AND COUNTER,BOTH,ALL VEHICLES,2023,AM PEAK,8782,-1,-1
56950,42001,COUNTER,NORTH,LIGHT VEHICLES,2023,AM PEAK,5352,26,87
56950,42001,PRESCRIBED AND COUNTER,BOTH,ALL VEHICLES,2023,ALL DAYS,35084,-1,-1
56950,42001,PRESCRIBED AND COUNTER,BOTH,HEAVY VEHICLES,2023,AM PEAK,130,-1,-1
56950,42001,PRESCRIBED AND COUNTER,BOTH,HEAVY VEHICLES,2023,WEEKENDS,148,-1,-1
56950,42001,COUNTER,NORTH,LIGHT VEHICLES,2023,ALL DAYS,17323,25,6
56950,42001,PRESCRIBED AND COUNTER,BOTH,ALL VEHICLES,2023,WEEKDAYS,27867,-1,-1
56950,42001,PRESCRIBED AND COUNTER,BOTH,LIGHT VEHICLES,2023,PM PEAK,8740,-1,-1
56950,42001,COUNTER,NORTH,LIGHT VEHICLES,2023,WEEKENDS,9688,-1,-1
56950,42001,COUNTER,NORTH,HEAVY VEHICLES,2023,WEEKDAYS,207,-1,-1
56950,42001,COUNTER,NORTH,LIGHT VEHICLES,2023,WEEKDAYS,14159,-1,-1
56950,42001,COUNTER,NORTH,HEAVY VEHICLES,2023,ALL DAYS,223,6,7
56950,42001,PRESCRIBED,SOUTH,ALL VEHICLES,2023,WEEKENDS,9760,-1,-1
56950,42001,PRESCRIBED AND COUNTER,BOTH,HEAVY VEHICLES,2023,OFF PEAK,198,-1,-1
56950,42001,COUNTER,NORTH,ALL VEHICLES,2023,WEEKENDS,9767,-1,-1
56950,42001,PRESCRIBED,SOUTH,LIGHT VEHICLES,2023,WEEKDAYS,13309,-1,-1
56950,42001,PRESCRIBED,SOUTH,LIGHT VEHICLES,2023,PM PEAK,5393,27,89
56950,42001,PRESCRIBED,SOUTH,HEAVY VEHICLES,2023,PM PEAK,32,15,92
56950,42001,PRESCRIBED AND COUNTER,BOTH,ALL VEHICLES,2023,OFF PEAK,10274,-1,-1
56950,42001,COUNTER,NORTH,HEAVY VEHICLES,2023,OFF PEAK,94,7,90
56950,42001,PRESCRIBED AND COUNTER,BOTH,LIGHT VEHICLES,2023,ALL DAYS,34612,-1,-1
56950,42001,PRESCRIBED,SOUTH,HEAVY VEHICLES,2023,OFF PEAK,104,9,91
56950,42001,PRESCRIBED,SOUTH,HEAVY VEHICLES,2023,WEEKENDS,69,-1,-1
56950,42001,PRESCRIBED AND COUNTER,BOTH,ALL VEHICLES,2023,ALL DAYS,35038,-1,-1
56950,42001,COUNTER,NORTH,ALL VEHICLES,2023,PM PEAK,3386,-1,-1
56950,42001,COUNTER,NORTH,ALL VEHICLES,2023,OFF PEAK,5554,-1,-1
56950,42001,PRESCRIBED AND COUNTER,BOTH,HEAVY VEHICLES,2023,WEEKDAYS,399,-1,-1
56950,42001,COUNTER,NORTH,HEAVY VEHICLES,2023,WEEKENDS,79,-1,-1
56950,42001,COUNTER,NORTH,ALL VEHICLES,2023,WEEKDAYS,14366,-1,-1
56950,42001,PRESCRIBED AND COUNTER,BOTH,LIGHT VEHICLES,2023,WEEKDAYS,27468,-1,-1
56950,42001,COUNTER,NORTH,ALL VEHICLES,2023,ALL DAYS,17500,-1,-1
56950,42001,PRESCRIBED,SOUTH,LIGHT VEHICLES,2023,OFF PEAK,4616,24,89
56950,42001,PRESCRIBED,SOUTH,ALL VEHICLES,2023,ALL DAYS,17538,-1,-1
56950,42001,PRESCRIBED,SOUTH,LIGHT VEHICLES,2023,WEEKENDS,9691,-1,-1
56950,42001,COUNTER,NORTH,LIGHT VEHICLES,2023,OFF PEAK,5460,25,87
56950,42001,PRESCRIBED AND COUNTER,BOTH,HEAVY VEHICLES,2023,ALL DAYS,426,-1,-1
56950,42001,PRESCRIBED,SOUTH,ALL VEHICLES,2023,PM PEAK,5425,-1,-1
56950,42001,COUNTER,NORTH,ALL VEHICLES,2023,AM PEAK,5426,-1,-1
56950,42001,PRESCRIBED,SOUTH,HEAVY VEHICLES,2023,ALL DAYS,204,8,6
56950,42001,PRESCRIBED,SOUTH,ALL VEHICLES,2023,AM PEAK,3356,-1,-1
57048,50232,PRESCRIBED,NORTH,UNCLASSIFIED,2023,OFF PEAK,1228,-1,-1
57048,50232,COUNTER,SOUTH,UNCLASSIFIED,2023,WEEKDAYS,6387,-1,-1
57048,50232,PRESCRIBED AND COUNTER,BOTH,UNCLASSIFIED,2023,WEEKENDS,7972,-1,-1
57048,50232,PRESCRIBED,NORTH,UNCLASSIFIED,2023,WEEKDAYS,2110,-1,-1
57048,50232,PRESCRIBED,NORTH,UNCLASSIFIED,2023,WEEKENDS,1976,-1,-1
57048,50232,COUNTER,SOUTH,UNCLASSIFIED,2023,AM PEAK,1907,-1,-1
57048,50232,PRESCRIBED,NORTH,UNCLASSIFIED,2023,AM PEAK,358,-1,-1
57048,50232,COUNTER,SOUTH,UNCLASSIFIED,2023,OFF PEAK,2997,-1,-1
57048,50232,PRESCRIBED,NORTH,UNCLASSIFIED,2023,PM PEAK,524,-1,-1
57048,50232,PRESCRIBED,NORTH,UNCLASSIFIED,2023,ALL DAYS,1829,-1,-1
57048,50232,COUNTER,SOUTH,UNCLASSIFIED,2023,ALL DAYS,6286,-1,-1
57048,50232,PRESCRIBED AND COUNTER,BOTH,UNCLASSIFIED,2023,AM PEAK,2265,-1,-1
57048,50232,PRESCRIBED AND COUNTER,BOTH,UNCLASSIFIED,2023,WEEKDAYS,8497,-1,-1
57048,50232,PRESCRIBED AND COUNTER,BOTH,UNCLASSIFIED,2023,PM PEAK,2007,-1,-1
57048,50232,PRESCRIBED AND COUNTER,BOTH,UNCLASSIFIED,2023,ALL DAYS,8115,-1,-1
57048,50232,COUNTER,SOUTH,UNCLASSIFIED,2023,PM PEAK,1483,-1,-1
57048,50232,PRESCRIBED AND COUNTER,BOTH,UNCLASSIFIED,2023,OFF PEAK,4225,-1,-1
57048,50232,COUNTER,SOUTH,UNCLASSIFIED,2023,WEEKENDS,5996,-1,-1
57051,50240,COUNTER,WEST,LIGHT VEHICLES,2023,OFF PEAK,19746,46,92
57051,50240,COUNTER,WEST,HEAVY VEHICLES,2023,WEEKENDS,1720,-1,-1
57051,50240,COUNTER,WEST,HEAVY VEHICLES,2023,WEEKDAYS,4418,-1,-1
57051,50240,COUNTER,WEST,LIGHT VEHICLES,2023,WEEKENDS,35846,-1,-1
57051,50240,COUNTER,WEST,HEAVY VEHICLES,2023,ALL DAYS,3653,28,93
57051,50240,COUNTER,WEST,ALL VEHICLES,2023,WEEKDAYS,43124,-1,-1
57051,50240,COUNTER,WEST,LIGHT VEHICLES,2023,WEEKDAYS,38706,-1,-1
57051,50240,COUNTER,WEST,HEAVY VEHICLES,2023,AM PEAK,1061,37,93
57051,50240,COUNTER,WEST,ALL VEHICLES,2023,AM PEAK,9601,-1,-1
57051,50240,COUNTER,WEST,ALL VEHICLES,2023,OFF PEAK,22214,-1,-1
57051,50240,COUNTER,WEST,HEAVY VEHICLES,2023,PM PEAK,889,32,94
57051,50240,COUNTER,WEST,LIGHT VEHICLES,2023,ALL DAYS,37821,49,92
57051,50240,COUNTER,WEST,LIGHT VEHICLES,2023,PM PEAK,10420,56,94
57051,50240,COUNTER,WEST,ALL VEHICLES,2023,WEEKENDS,37566,-1,-1
57051,50240,COUNTER,WEST,ALL VEHICLES,2023,ALL DAYS,41474,-1,-1
57051,50240,COUNTER,WEST,HEAVY VEHICLES,2023,OFF PEAK,2468,29,93
57051,50240,COUNTER,WEST,LIGHT VEHICLES,2023,AM PEAK,8540,55,92
57051,50240,COUNTER,WEST,ALL VEHICLES,2023,PM PEAK,11309,-1,-1
57053,50260,PRESCRIBED AND COUNTER,BOTH,ALL VEHICLES,2023,WEEKENDS,55840,-1,-1
57053,50260,PRESCRIBED AND COUNTER,BOTH,HEAVY VEHICLES,2023,OFF PEAK,3238,-1,-1
57053,50260,PRESCRIBED,NORTH,HEAVY VEHICLES,2023,ALL DAYS,2974,23,92
57053,50260,PRESCRIBED,NORTH,LIGHT VEHICLES,2023,AM PEAK,6656,54,92
57053,50260,COUNTER,SOUTH,ALL VEHICLES,2023,ALL DAYS,31827,-1,-1
57053,50260,PRESCRIBED,NORTH,ALL VEHICLES,2023,PM PEAK,10802,-1,-1
57053,50260,PRESCRIBED AND COUNTER,BOTH,ALL VEHICLES,2023,AM PEAK,17667,-1,-1
57053,50260,PRESCRIBED AND COUNTER,BOTH,LIGHT VEHICLES,2023,WEEKDAYS,60533,-1,-1
57053,50260,COUNTER,SOUTH,LIGHT VEHICLES,2023,AM PEAK,9005,56,94
57053,50260,PRESCRIBED AND COUNTER,BOTH,ALL VEHICLES,2023,WEEKDAYS,67107,-1,-1
57053,50260,COUNTER,SOUTH,LIGHT VEHICLES,2023,WEEKDAYS,30095,-1,-1
57053,50260,PRESCRIBED AND COUNTER,BOTH,HEAVY VEHICLES,2023,WEEKENDS,2514,-1,-1
57053,50260,COUNTER,SOUTH,ALL VEHICLES,2023,AM PEAK,9847,-1,-1
57053,50260,PRESCRIBED,NORTH,HEAVY VEHICLES,2023,WEEKDAYS,3621,-1,-1
57053,50260,PRESCRIBED,NORTH,ALL VEHICLES,2023,WEEKENDS,27585,-1,-1
57053,50260,COUNTER,SOUTH,HEAVY VEHICLES,2023,WEEKDAYS,2953,-1,-1
57053,50260,PRESCRIBED AND COUNTER,BOTH,LIGHT VEHICLES,2023,OFF PEAK,26510,-1,-1
57053,50260,PRESCRIBED,NORTH,LIGHT VEHICLES,2023,PM PEAK,10079,55,93
57053,50260,PRESCRIBED AND COUNTER,BOTH,HEAVY VEHICLES,2023,WEEKDAYS,6574,-1,-1
57053,50260,PRESCRIBED AND COUNTER,BOTH,LIGHT VEHICLES,2023,PM PEAK,18362,-1,-1
57053,50260,PRESCRIBED AND COUNTER,BOTH,ALL VEHICLES,2023,ALL DAYS,63901,-1,-1
57053,50260,PRESCRIBED,NORTH,HEAVY VEHICLES,2023,WEEKENDS,1349,-1,-1
57053,50260,PRESCRIBED AND COUNTER,BOTH,LIGHT VEHICLES,2023,AM PEAK,15661,-1,-1
57053,50260,PRESCRIBED AND COUNTER,BOTH,LIGHT VEHICLES,2023,ALL DAYS,58456,-1,-1
57053,50260,COUNTER,SOUTH,ALL VEHICLES,2023,WEEKENDS,28255,-1,-1
57053,50260,PRESCRIBED,NORTH,LIGHT VEHICLES,2023,OFF PEAK,13703,42,92
57053,50260,COUNTER,SOUTH,HEAVY VEHICLES,2023,WEEKENDS,1165,-1,-1
57053,50260,PRESCRIBED,NORTH,HEAVY VEHICLES,2023,AM PEAK,1164,38,93
57053,50260,PRESCRIBED AND COUNTER,BOTH,HEAVY VEHICLES,2023,ALL DAYS,5445,-1,-1
57053,50260,PRESCRIBED AND COUNTER,BOTH,ALL VEHICLES,2023,PM PEAK,19692,-1,-1
57053,50260,PRESCRIBED,NORTH,HEAVY VEHICLES,2023,PM PEAK,723,26,94
57053,50260,COUNTER,SOUTH,LIGHT VEHICLES,2023,OFF PEAK,12807,44,93
57053,50260,PRESCRIBED AND COUNTER,BOTH,HEAVY VEHICLES,2023,AM PEAK,2006,-1,-1
57053,50260,PRESCRIBED AND COUNTER,BOTH,HEAVY VEHICLES,2023,PM PEAK,1330,-1,-1
57053,50260,PRESCRIBED,NORTH,ALL VEHICLES,2023,OFF PEAK,15437,-1,-1
57053,50260,COUNTER,SOUTH,HEAVY VEHICLES,2023,PM PEAK,607,32,94
57053,50260,COUNTER,SOUTH,HEAVY VEHICLES,2023,ALL DAYS,2471,27,94
57053,50260,PRESCRIBED,NORTH,ALL VEHICLES,2023,ALL DAYS,32074,-1,-1
57053,50260,PRESCRIBED AND COUNTER,BOTH,ALL VEHICLES,2023,OFF PEAK,29748,-1,-1
57053,50260,COUNTER,SOUTH,ALL VEHICLES,2023,WEEKDAYS,33048,-1,-1
57053,50260,COUNTER,SOUTH,HEAVY VEHICLES,2023,AM PEAK,842,38,94
57053,50260,PRESCRIBED,NORTH,LIGHT VEHICLES,2023,ALL DAYS,29100,45,92
57053,50260,COUNTER,SOUTH,LIGHT VEHICLES,2023,ALL DAYS,29356,48,93
57053,50260,PRESCRIBED AND COUNTER,BOTH,LIGHT VEHICLES,2023,WEEKENDS,53326,-1,-1
57053,50260,PRESCRIBED,NORTH,ALL VEHICLES,2023,AM PEAK,7820,-1,-1
57053,50260,COUNTER,SOUTH,LIGHT VEHICLES,2023,PM PEAK,8283,56,93
57053,50260,COUNTER,SOUTH,ALL VEHICLES,2023,PM PEAK,8890,-1,-1
57053,50260,PRESCRIBED,NORTH,ALL VEHICLES,2023,WEEKDAYS,34059,-1,-1
57053,50260,COUNTER,SOUTH,HEAVY VEHICLES,2023,OFF PEAK,1504,27,94
57053,50260,COUNTER,SOUTH,LIGHT VEHICLES,2023,WEEKENDS,27090,-1,-1
57053,50260,PRESCRIBED,NORTH,LIGHT VEHICLES,2023,WEEKENDS,26236,-1,-1
57053,50260,PRESCRIBED,NORTH,HEAVY VEHICLES,2023,OFF PEAK,1734,24,93
57053,50260,COUNTER,SOUTH,ALL VEHICLES,2023,OFF PEAK,14311,-1,-1
57053,50260,PRESCRIBED,NORTH,LIGHT VEHICLES,2023,WEEKDAYS,30438,-1,-1
57096,51235,PRESCRIBED AND COUNTER,BOTH,ALL VEHICLES,2023,AM PEAK,13915,-1,-1
57096,51235,COUNTER,EAST,LIGHT VEHICLES,2023,WEEKENDS,26266,-1,-1
57096,51235,PRESCRIBED AND COUNTER,BOTH,HEAVY VEHICLES,2023,WEEKDAYS,4261,-1,-1
57096,51235,PRESCRIBED AND COUNTER,BOTH,ALL VEHICLES,2023,WEEKDAYS,47393,-1,-1
57096,51235,PRESCRIBED,WEST,HEAVY VEHICLES,2023,WEEKDAYS,1789,-1,-1
57096,51235,COUNTER,EAST,HEAVY VEHICLES,2023,WEEKDAYS,2472,-1,-1
57096,51235,PRESCRIBED AND COUNTER,BOTH,ALL VEHICLES,2023,PM PEAK,9937,-1,-1
57096,51235,COUNTER,EAST,HEAVY VEHICLES,2023,WEEKENDS,1030,-1,-1
57096,51235,COUNTER,EAST,HEAVY VEHICLES,2023,OFF PEAK,1203,18,92
57096,51235,COUNTER,EAST,LIGHT VEHICLES,2023,ALL DAYS,28504,45,93
57096,51235,PRESCRIBED,WEST,HEAVY VEHICLES,2023,OFF PEAK,1040,0,100
57096,51235,PRESCRIBED AND COUNTER,BOTH,LIGHT VEHICLES,2023,PM PEAK,9340,-1,-1
57096,51235,COUNTER,EAST,LIGHT VEHICLES,2023,AM PEAK,8224,53,91
57096,51235,COUNTER,EAST,HEAVY VEHICLES,2023,PM PEAK,380,19,92
57096,51235,COUNTER,EAST,HEAVY VEHICLES,2023,AM PEAK,889,29,91
57096,51235,PRESCRIBED,WEST,LIGHT VEHICLES,2023,OFF PEAK,7823,0,100
57096,51235,COUNTER,EAST,ALL VEHICLES,2023,WEEKDAYS,31385,-1,-1
57096,51235,COUNTER,EAST,HEAVY VEHICLES,2023,ALL DAYS,2092,18,94
57096,51235,PRESCRIBED AND COUNTER,BOTH,LIGHT VEHICLES,2023,AM PEAK,12494,-1,-1
57096,51235,PRESCRIBED,WEST,HEAVY VEHICLES,2023,PM PEAK,217,0,100
57096,51235,PRESCRIBED AND COUNTER,BOTH,ALL VEHICLES,2023,OFF PEAK,23541,-1,-1
57096,51235,COUNTER,EAST,ALL VEHICLES,2023,WEEKENDS,27296,-1,-1
57096,51235,COUNTER,EAST,LIGHT VEHICLES,2023,PM PEAK,7214,53,91
57096,51235,PRESCRIBED,WEST,LIGHT VEHICLES,2023,WEEKDAYS,14219,-1,-1
57096,51235,PRESCRIBED AND COUNTER,BOTH,HEAVY VEHICLES,2023,AM PEAK,1421,-1,-1
57096,51235,PRESCRIBED,WEST,ALL VEHICLES,2023,AM PEAK,4802,-1,-1
57096,51235,COUNTER,EAST,ALL VEHICLES,2023,PM PEAK,7594,-1,-1
57096,51235,PRESCRIBED AND COUNTER,BOTH,HEAVY VEHICLES,2023,PM PEAK,597,-1,-1
57096,51235,PRESCRIBED AND COUNTER,BOTH,LIGHT VEHICLES,2023,WEEKDAYS,43132,-1,-1
57096,51235,COUNTER,EAST,ALL VEHICLES,2023,OFF PEAK,14678,-1,-1
57096,51235,PRESCRIBED,WEST,LIGHT VEHICLES,2023,PM PEAK,2126,0,100
57096,51235,PRESCRIBED,WEST,ALL VEHICLES,2023,WEEKDAYS,16008,-1,-1
57096,51235,COUNTER,EAST,ALL VEHICLES,2023,ALL DAYS,30596,-1,-1
57096,51235,PRESCRIBED,WEST,LIGHT VEHICLES,2023,AM PEAK,4270,0,100
57096,51235,COUNTER,EAST,LIGHT VEHICLES,2023,WEEKDAYS,28913,-1,-1
57096,51235,PRESCRIBED AND COUNTER,BOTH,LIGHT VEHICLES,2023,OFF PEAK,21298,-1,-1
57096,51235,PRESCRIBED,WEST,HEAVY VEHICLES,2023,AM PEAK,532,0,100
57096,51235,PRESCRIBED,WEST,ALL VEHICLES,2023,OFF PEAK,8863,-1,-1
57096,51235,COUNTER,EAST,LIGHT VEHICLES,2023,OFF PEAK,13475,41,91
57096,51235,COUNTER,EAST,ALL VEHICLES,2023,AM PEAK,9113,-1,-1
57096,51235,PRESCRIBED AND COUNTER,BOTH,HEAVY VEHICLES,2023,OFF PEAK,2243,-1,-1
57096,51235,PRESCRIBED,WEST,ALL VEHICLES,2023,PM PEAK,2343,-1,-1
57104,53003,PRESCRIBED,NORTH,ALL VEHICLES,2023,WEEKENDS,27175,-1,-1
57104,53003,COUNTER,SOUTH,LIGHT VEHICLES,2023,PM PEAK,6490,52,95
57104,53003,PRESCRIBED,NORTH,ALL VEHICLES,2023,AM PEAK,6018,-1,-1
57104,53003,PRESCRIBED AND COUNTER,BOTH,LIGHT VEHICLES,2023,ALL DAYS,54279,-1,-1
57104,53003,PRESCRIBED,NORTH,HEAVY VEHICLES,2023,ALL DAYS,2454,19,94
57104,53003,PRESCRIBED,NORTH,HEAVY VEHICLES,2023,WEEKENDS,1307,-1,-1
57104,53003,PRESCRIBED,NORTH,HEAVY VEHICLES,2023,PM PEAK,675,25,95
57104,53003,PRESCRIBED,NORTH,HEAVY VEHICLES,2023,OFF PEAK,1567,19,94
57104,53003,PRESCRIBED,NORTH,ALL VEHICLES,2023,WEEKDAYS,30124,-1,-1
57104,53003,PRESCRIBED AND COUNTER,BOTH,LIGHT VEHICLES,2023,WEEKDAYS,54422,-1,-1
57104,53003,COUNTER,SOUTH,HEAVY VEHICLES,2023,ALL DAYS,2728,20,94
57104,53003,COUNTER,SOUTH,HEAVY VEHICLES,2023,OFF PEAK,1565,21,95
57104,53003,COUNTER,SOUTH,HEAVY VEHICLES,2023,WEEKDAYS,3142,-1,-1
57104,53003,COUNTER,SOUTH,LIGHT VEHICLES,2023,AM PEAK,8602,55,95
57104,53003,COUNTER,SOUTH,HEAVY VEHICLES,2023,PM PEAK,439,20,95
57104,53003,COUNTER,SOUTH,ALL VEHICLES,2023,OFF PEAK,13673,-1,-1
57104,53003,PRESCRIBED AND COUNTER,BOTH,HEAVY VEHICLES,2023,AM PEAK,1798,-1,-1
57104,53003,PRESCRIBED AND COUNTER,BOTH,ALL VEHICLES,2023,OFF PEAK,28132,-1,-1
57104,53003,PRESCRIBED,NORTH,LIGHT VEHICLES,2023,AM PEAK,5358,54,92
57104,53003,PRESCRIBED,NORTH,HEAVY VEHICLES,2023,AM PEAK,660,31,94
57104,53003,PRESCRIBED AND COUNTER,BOTH,LIGHT VEHICLES,2023,WEEKENDS,53422,-1,-1
57104,53003,PRESCRIBED,NORTH,LIGHT VEHICLES,2023,WEEKDAYS,27222,-1,-1
57104,53003,PRESCRIBED AND COUNTER,BOTH,ALL VEHICLES,2023,WEEKENDS,56270,-1,-1
57104,53003,PRESCRIBED,NORTH,HEAVY VEHICLES,2023,WEEKDAYS,2902,-1,-1
57104,53003,COUNTER,SOUTH,LIGHT VEHICLES,2023,WEEKENDS,27554,-1,-1
57104,53003,PRESCRIBED AND COUNTER,BOTH,ALL VEHICLES,2023,ALL DAYS,59461,-1,-1
57104,53003,PRESCRIBED AND COUNTER,BOTH,HEAVY VEHICLES,2023,WEEKENDS,2848,-1,-1
57104,53003,COUNTER,SOUTH,HEAVY VEHICLES,2023,AM PEAK,1138,30,96
57104,53003,PRESCRIBED,NORTH,ALL VEHICLES,2023,OFF PEAK,14459,-1,-1
57104,53003,COUNTER,SOUTH,ALL VEHICLES,2023,WEEKENDS,29095,-1,-1
57104,53003,PRESCRIBED AND COUNTER,BOTH,HEAVY VEHICLES,2023,PM PEAK,1114,-1,-1
57104,53003,PRESCRIBED AND COUNTER,BOTH,ALL VEHICLES,2023,AM PEAK,15758,-1,-1
57104,53003,COUNTER,SOUTH,ALL VEHICLES,2023,PM PEAK,6929,-1,-1
57104,53003,PRESCRIBED AND COUNTER,BOTH,ALL VEHICLES,2023,PM PEAK,16576,-1,-1
57104,53003,PRESCRIBED AND COUNTER,BOTH,HEAVY VEHICLES,2023,OFF PEAK,3132,-1,-1
57104,53003,PRESCRIBED AND COUNTER,BOTH,HEAVY VEHICLES,2023,ALL DAYS,5182,-1,-1
57104,53003,PRESCRIBED AND COUNTER,BOTH,LIGHT VEHICLES,2023,OFF PEAK,25000,-1,-1
57104,53003,COUNTER,SOUTH,LIGHT VEHICLES,2023,OFF PEAK,12108,43,95
57104,53003,COUNTER,SOUTH,LIGHT VEHICLES,2023,ALL DAYS,27405,47,93
57104,53003,COUNTER,SOUTH,ALL VEHICLES,2023,ALL DAYS,30133,-1,-1
57104,53003,PRESCRIBED,NORTH,LIGHT VEHICLES,2023,OFF PEAK,12892,44,93
57104,53003,COUNTER,SOUTH,ALL VEHICLES,2023,AM PEAK,9740,-1,-1
57104,53003,PRESCRIBED AND COUNTER,BOTH,HEAVY VEHICLES,2023,WEEKDAYS,6044,-1,-1
57104,53003,PRESCRIBED,NORTH,ALL VEHICLES,2023,PM PEAK,9647,-1,-1
57104,53003,PRESCRIBED AND COUNTER,BOTH,LIGHT VEHICLES,2023,AM PEAK,13960,-1,-1
57104,53003,COUNTER,SOUTH,ALL VEHICLES,2023,WEEKDAYS,30342,-1,-1
57104,53003,PRESCRIBED AND COUNTER,BOTH,LIGHT VEHICLES,2023,PM PEAK,15462,-1,-1
57104,53003,PRESCRIBED,NORTH,LIGHT VEHICLES,2023,ALL DAYS,26874,47,92
57104,53003,COUNTER,SOUTH,HEAVY VEHICLES,2023,WEEKENDS,1541,-1,-1
57104,53003,PRESCRIBED,NORTH,LIGHT VEHICLES,2023,WEEKENDS,25868,-1,-1
57104,53003,PRESCRIBED,NORTH,ALL VEHICLES,2023,ALL DAYS,29328,-1,-1
57104,53003,PRESCRIBED AND COUNTER,BOTH,ALL VEHICLES,2023,WEEKDAYS,60466,-1,-1
57104,53003,COUNTER,SOUTH,LIGHT VEHICLES,2023,WEEKDAYS,27200,-1,-1
57104,53003,PRESCRIBED,NORTH,LIGHT VEHICLES,2023,PM PEAK,8972,54,94
57140,55049,PRESCRIBED,NORTH,ALL VEHICLES,2023,WEEKDAYS,17299,-1,-1
57140,55049,PRESCRIBED AND COUNTER,BOTH,ALL VEHICLES,2023,AM PEAK,9213,-1,-1
57140,55049,PRESCRIBED AND COUNTER,BOTH,HEAVY VEHICLES,2023,AM PEAK,918,-1,-1
57140,55049,COUNTER,SOUTH,ALL VEHICLES,2023,PM PEAK,4823,-1,-1
57140,55049,COUNTER,SOUTH,HEAVY VEHICLES,2023,ALL DAYS,1413,10,81
57140,55049,PRESCRIBED,NORTH,HEAVY VEHICLES,2023,WEEKDAYS,1712,-1,-1
57140,55049,COUNTER,SOUTH,ALL VEHICLES,2023,OFF PEAK,8422,-1,-1
57140,55049,PRESCRIBED AND COUNTER,BOTH,HEAVY VEHICLES,2023,WEEKDAYS,3316,-1,-1
57140,55049,PRESCRIBED AND COUNTER,BOTH,ALL VEHICLES,2023,ALL DAYS,35240,-1,-1
57140,55049,COUNTER,SOUTH,HEAVY VEHICLES,2023,ALL DAYS,1421,13,83
57140,55049,COUNTER,SOUTH,HEAVY VEHICLES,2023,WEEKENDS,820,-1,-1
57140,55049,COUNTER,SOUTH,LIGHT VEHICLES,2023,OFF PEAK,7636,27,90
57140,55049,COUNTER,SOUTH,ALL VEHICLES,2023,WEEKENDS,15134,-1,-1
57140,55049,COUNTER,SOUTH,LIGHT VEHICLES,2023,AM PEAK,4787,55,90
57140,55049,COUNTER,SOUTH,ALL VEHICLES,2023,ALL DAYS,17897,-1,-1
57140,55049,PRESCRIBED,NORTH,LIGHT VEHICLES,2023,PM PEAK,5164,54,82
57140,55049,COUNTER,SOUTH,LIGHT VEHICLES,2023,WEEKDAYS,16789,-1,-1
57140,55049,PRESCRIBED,NORTH,LIGHT VEHICLES,2023,ALL DAYS,15844,32,58
57140,55049,COUNTER,SOUTH,ALL VEHICLES,2023,AM PEAK,5304,-1,-1
57140,55049,PRESCRIBED AND COUNTER,BOTH,LIGHT VEHICLES,2023,WEEKENDS,28176,-1,-1
57140,55049,COUNTER,SOUTH,ALL VEHICLES,2023,OFF PEAK,8305,-1,-1
57140,55049,PRESCRIBED,NORTH,HEAVY VEHICLES,2023,AM PEAK,447,21,87
57140,55049,COUNTER,SOUTH,HEAVY VEHICLES,2023,AM PEAK,474,25,90
57140,55049,PRESCRIBED AND COUNTER,BOTH,ALL VEHICLES,2023,WEEKENDS,29877,-1,-1
57140,55049,PRESCRIBED AND COUNTER,BOTH,LIGHT VEHICLES,2023,WEEKDAYS,32602,-1,-1
57140,55049,PRESCRIBED AND COUNTER,BOTH,LIGHT VEHICLES,2023,OFF PEAK,14597,-1,-1
57140,55049,COUNTER,SOUTH,ALL VEHICLES,2023,PM PEAK,4893,-1,-1
57140,55049,PRESCRIBED,NORTH,LIGHT VEHICLES,2023,WEEKENDS,14169,-1,-1
57140,55049,PRESCRIBED,NORTH,HEAVY VEHICLES,2023,ALL DAYS,1499,11,62
57140,55049,PRESCRIBED,NORTH,LIGHT VEHICLES,2023,OFF PEAK,6961,27,85
57140,55049,COUNTER,SOUTH,LIGHT VEHICLES,2023,PM PEAK,4476,50,93
57140,55049,PRESCRIBED AND COUNTER,BOTH,ALL VEHICLES,2023,OFF PEAK,16208,-1,-1
57140,55049,PRESCRIBED AND COUNTER,BOTH,ALL VEHICLES,2023,PM PEAK,10497,-1,-1
57140,55049,COUNTER,SOUTH,HEAVY VEHICLES,2023,OFF PEAK,786,10,92
57140,55049,PRESCRIBED,NORTH,LIGHT VEHICLES,2023,WEEKDAYS,15587,-1,-1
57140,55049,COUNTER,SOUTH,LIGHT VEHICLES,2023,WEEKENDS,14314,-1,-1
57140,55049,COUNTER,SOUTH,ALL VEHICLES,2023,AM PEAK,5261,-1,-1
57140,55049,COUNTER,SOUTH,HEAVY VEHICLES,2023,WEEKDAYS,1604,-1,-1
57140,55049,COUNTER,SOUTH,ALL VEHICLES,2023,WEEKDAYS,18389,-1,-1
57140,55049,COUNTER,SOUTH,LIGHT VEHICLES,2023,WEEKENDS,14007,-1,-1
57140,55049,COUNTER,SOUTH,ALL VEHICLES,2023,ALL DAYS,17871,-1,-1
57140,55049,PRESCRIBED,NORTH,LIGHT VEHICLES,2023,AM PEAK,3462,46,84
57140,55049,COUNTER,SOUTH,HEAVY VEHICLES,2023,WEEKDAYS,1600,-1,-1
57140,55049,PRESCRIBED AND COUNTER,BOTH,LIGHT VEHICLES,2023,AM PEAK,8295,-1,-1
57140,55049,COUNTER,SOUTH,ALL VEHICLES,2023,WEEKENDS,14797,-1,-1
57140,55049,PRESCRIBED,NORTH,ALL VEHICLES,2023,AM PEAK,3909,-1,-1
57140,55049,PRESCRIBED,NORTH,HEAVY VEHICLES,2023,PM PEAK,440,20,81
57140,55049,PRESCRIBED,NORTH,ALL VEHICLES,2023,OFF PEAK,7786,-1,-1
57140,55049,COUNTER,SOUTH,LIGHT VEHICLES,2023,ALL DAYS,16450,41,80
57140,55049,COUNTER,SOUTH,LIGHT VEHICLES,2023,PM PEAK,4546,38,91
57140,55049,COUNTER,SOUTH,LIGHT VEHICLES,2023,ALL DAYS,16484,31,78
57140,55049,COUNTER,SOUTH,LIGHT VEHICLES,2023,OFF PEAK,7526,36,92
57140,55049,PRESCRIBED AND COUNTER,BOTH,ALL VEHICLES,2023,WEEKDAYS,35918,-1,-1
57140,55049,COUNTER,SOUTH,HEAVY VEHICLES,2023,WEEKENDS,790,-1,-1
57140,55049,PRESCRIBED AND COUNTER,BOTH,HEAVY VEHICLES,2023,OFF PEAK,1611,-1,-1
57140,55049,PRESCRIBED AND COUNTER,BOTH,HEAVY VEHICLES,2023,ALL DAYS,2912,-1,-1
57140,55049,COUNTER,SOUTH,ALL VEHICLES,2023,WEEKDAYS,18619,-1,-1
57140,55049,COUNTER,SOUTH,LIGHT VEHICLES,2023,WEEKDAYS,17015,-1,-1
57140,55049,PRESCRIBED AND COUNTER,BOTH,HEAVY VEHICLES,2023,WEEKENDS,1701,-1,-1
57140,55049,COUNTER,SOUTH,LIGHT VEHICLES,2023,AM PEAK,4833,42,89
57140,55049,PRESCRIBED AND COUNTER,BOTH,HEAVY VEHICLES,2023,PM PEAK,787,-1,-1
57140,55049,PRESCRIBED,NORTH,HEAVY VEHICLES,2023,OFF PEAK,825,10,87
57140,55049,PRESCRIBED AND COUNTER,BOTH,LIGHT VEHICLES,2023,PM PEAK,9710,-1,-1
57140,55049,COUNTER,SOUTH,HEAVY VEHICLES,2023,PM PEAK,347,14,93
57140,55049,COUNTER,SOUTH,HEAVY VEHICLES,2023,OFF PEAK,779,13,93
57140,55049,PRESCRIBED,NORTH,HEAVY VEHICLES,2023,WEEKENDS,911,-1,-1
57140,55049,PRESCRIBED AND COUNTER,BOTH,LIGHT VEHICLES,2023,ALL DAYS,32328,-1,-1
57140,55049,PRESCRIBED,NORTH,ALL VEHICLES,2023,WEEKENDS,15080,-1,-1
57140,55049,COUNTER,SOUTH,HEAVY VEHICLES,2023,AM PEAK,471,19,88
57140,55049,PRESCRIBED,NORTH,ALL VEHICLES,2023,PM PEAK,5604,-1,-1
57140,55049,PRESCRIBED,NORTH,ALL VEHICLES,2023,ALL DAYS,17343,-1,-1
57140,55049,COUNTER,SOUTH,HEAVY VEHICLES,2023,PM PEAK,347,18,94
57141,55050,PRESCRIBED AND COUNTER,BOTH,LIGHT VEHICLES,2023,WEEKDAYS,42232,-1,-1
57141,55050,COUNTER,EAST,UNCLASSIFIED,2023,AM PEAK,7834,-1,-1
57141,55050,PRESCRIBED,WEST,UNCLASSIFIED,2023,PM PEAK,7259,-1,-1
57141,55050,COUNTER,EAST,LIGHT VEHICLES,2023,OFF PEAK,12262,9,95
57141,55050,PRESCRIBED AND COUNTER,BOTH,HEAVY VEHICLES,2023,WEEKDAYS,5119,-1,-1
57141,55050,PRESCRIBED,WEST,LIGHT VEHICLES,2023,WEEKDAYS,16251,-1,-1
57141,55050,COUNTER,EAST,LIGHT VEHICLES,2023,WEEKENDS,23114,-1,-1
57141,55050,PRESCRIBED,WEST,LIGHT VEHICLES,2023,PM PEAK,4004,8,95
57141,55050,PRESCRIBED,WEST,HEAVY VEHICLES,2023,WEEKENDS,1065,-1,-1
57141,55050,PRESCRIBED,WEST,HEAVY VEHICLES,2023,AM PEAK,723,5,95
57141,55050,COUNTER,EAST,UNCLASSIFIED,2023,ALL DAYS,27938,-1,-1
57141,55050,COUNTER,EAST,LIGHT VEHICLES,2023,WEEKDAYS,25981,-1,-1
57141,55050,COUNTER,EAST,HEAVY VEHICLES,2023,ALL DAYS,2343,4,92
57141,55050,PRESCRIBED AND COUNTER,BOTH,HEAVY VEHICLES,2023,PM PEAK,828,-1,-1
57141,55050,PRESCRIBED,WEST,HEAVY VEHICLES,2023,WEEKDAYS,2362,-1,-1
57141,55050,PRESCRIBED,WEST,UNCLASSIFIED,2023,ALL DAYS,28655,-1,-1
57141,55050,PRESCRIBED AND COUNTER,BOTH,LIGHT VEHICLES,2023,ALL DAYS,40864,-1,-1
57141,55050,PRESCRIBED,WEST,LIGHT VEHICLES,2023,WEEKENDS,13792,-1,-1
57141,55050,PRESCRIBED AND COUNTER,BOTH,HEAVY VEHICLES,2023,ALL DAYS,4269,-1,-1
57141,55050,PRESCRIBED AND COUNTER,BOTH,UNCLASSIFIED,2023,WEEKDAYS,59196,-1,-1
57141,55050,PRESCRIBED,WEST,HEAVY VEHICLES,2023,PM PEAK,352,3,97
57141,55050,PRESCRIBED AND COUNTER,BOTH,HEAVY VEHICLES,2023,OFF PEAK,2758,-1,-1
57141,55050,PRESCRIBED AND COUNTER,BOTH,LIGHT VEHICLES,2023,OFF PEAK,20240,-1,-1
57141,55050,PRESCRIBED,WEST,UNCLASSIFIED,2023,OFF PEAK,14781,-1,-1
57141,55050,COUNTER,EAST,HEAVY VEHICLES,2023,WEEKENDS,1258,-1,-1
57141,55050,COUNTER,EAST,LIGHT VEHICLES,2023,ALL DAYS,25242,9,92
57141,55050,PRESCRIBED,WEST,UNCLASSIFIED,2023,WEEKENDS,24949,-1,-1
57141,55050,PRESCRIBED AND COUNTER,BOTH,LIGHT VEHICLES,2023,PM PEAK,10772,-1,-1
57141,55050,COUNTER,EAST,LIGHT VEHICLES,2023,PM PEAK,6768,11,97
57141,55050,COUNTER,EAST,HEAVY VEHICLES,2023,WEEKDAYS,2757,-1,-1
57141,55050,PRESCRIBED,WEST,UNCLASSIFIED,2023,AM PEAK,8006,-1,-1
57141,55050,COUNTER,EAST,LIGHT VEHICLES,2023,AM PEAK,6951,12,94
57141,55050,PRESCRIBED AND COUNTER,BOTH,HEAVY VEHICLES,2023,AM PEAK,1533,-1,-1
57141,55050,COUNTER,EAST,HEAVY VEHICLES,2023,PM PEAK,476,4,98
57141,55050,COUNTER,EAST,UNCLASSIFIED,2023,PM PEAK,7407,-1,-1
57141,55050,PRESCRIBED,WEST,LIGHT VEHICLES,2023,ALL DAYS,15622,7,90
57141,55050,PRESCRIBED,WEST,LIGHT VEHICLES,2023,AM PEAK,4269,10,94
57141,55050,PRESCRIBED AND COUNTER,BOTH,UNCLASSIFIED,2023,OFF PEAK,28690,-1,-1
57141,55050,PRESCRIBED,WEST,HEAVY VEHICLES,2023,ALL DAYS,1926,3,91
57141,55050,PRESCRIBED AND COUNTER,BOTH,LIGHT VEHICLES,2023,WEEKENDS,36906,-1,-1
57141,55050,COUNTER,EAST,HEAVY VEHICLES,2023,AM PEAK,810,7,95
57141,55050,PRESCRIBED,WEST,UNCLASSIFIED,2023,WEEKDAYS,30046,-1,-1
57141,55050,PRESCRIBED AND COUNTER,BOTH,UNCLASSIFIED,2023,WEEKENDS,49495,-1,-1
57141,55050,COUNTER,EAST,HEAVY VEHICLES,2023,OFF PEAK,1471,4,96
57141,55050,COUNTER,EAST,UNCLASSIFIED,2023,WEEKENDS,24546,-1,-1
57141,55050,COUNTER,EAST,UNCLASSIFIED,2023,WEEKDAYS,29150,-1,-1
57141,55050,PRESCRIBED,WEST,HEAVY VEHICLES,2023,OFF PEAK,1287,3,95
57141,55050,COUNTER,EAST,UNCLASSIFIED,2023,OFF PEAK,13909,-1,-1
57141,55050,PRESCRIBED AND COUNTER,BOTH,UNCLASSIFIED,2023,ALL DAYS,56593,-1,-1
57141,55050,PRESCRIBED AND COUNTER,BOTH,UNCLASSIFIED,2023,PM PEAK,14666,-1,-1
57141,55050,PRESCRIBED AND COUNTER,BOTH,HEAVY VEHICLES,2023,WEEKENDS,2323,-1,-1
57141,55050,PRESCRIBED,WEST,LIGHT VEHICLES,2023,OFF PEAK,7978,7,94
57141,55050,PRESCRIBED AND COUNTER,BOTH,UNCLASSIFIED,2023,AM PEAK,15840,-1,-1
57141,55050,PRESCRIBED AND COUNTER,BOTH,LIGHT VEHICLES,2023,AM PEAK,11220,-1,-1
57159,57024,PRESCRIBED AND COUNTER,BOTH,HEAVY VEHICLES,2023,OFF PEAK,1817,-1,-1
57159,57024,PRESCRIBED,EAST,ALL VEHICLES,2023,ALL DAYS,14365,-1,-1
57159,57024,PRESCRIBED,EAST,HEAVY VEHICLES,2023,WEEKDAYS,1743,-1,-1
57159,57024,PRESCRIBED AND COUNTER,BOTH,HEAVY VEHICLES,2023,PM PEAK,840,-1,-1
57159,57024,COUNTER,WEST,LIGHT VEHICLES,2023,OFF PEAK,5578,35,89
57159,57024,PRESCRIBED,EAST,HEAVY VEHICLES,2023,OFF PEAK,799,13,88
57159,57024,PRESCRIBED,EAST,HEAVY VEHICLES,2023,PM PEAK,370,19,89
57159,57024,COUNTER,WEST,LIGHT VEHICLES,2023,WEEKDAYS,13286,-1,-1
57159,57024,COUNTER,WEST,LIGHT VEHICLES,2023,ALL DAYS,12740,35,91
57159,57024,PRESCRIBED,EAST,ALL VEHICLES,2023,WEEKENDS,12408,-1,-1
57159,57024,COUNTER,WEST,ALL VEHICLES,2023,WEEKENDS,12672,-1,-1
57159,57024,PRESCRIBED,EAST,HEAVY VEHICLES,2023,PM PEAK,372,19,89
57159,57024,COUNTER,WEST,HEAVY VEHICLES,2023,ALL DAYS,1733,17,91
57159,57024,PRESCRIBED,EAST,LIGHT VEHICLES,2023,WEEKENDS,11694,-1,-1
57159,57024,COUNTER,WEST,HEAVY VEHICLES,2023,OFF PEAK,1026,17,89
57159,57024,COUNTER,WEST,HEAVY VEHICLES,2023,OFF PEAK,1032,17,90
57159,57024,COUNTER,WEST,LIGHT VEHICLES,2023,OFF PEAK,5585,34,89
57159,57024,COUNTER,WEST,HEAVY VEHICLES,2023,AM PEAK,597,31,88
57159,57024,COUNTER,WEST,LIGHT VEHICLES,2023,WEEKDAYS,13340,-1,-1
57159,57024,PRESCRIBED AND COUNTER,BOTH,LIGHT VEHICLES,2023,ALL DAYS,25640,-1,-1
57159,57024,PRESCRIBED,EAST,LIGHT VEHICLES,2023,OFF PEAK,5533,33,89
57159,57024,PRESCRIBED,EAST,LIGHT VEHICLES,2023,PM PEAK,4328,40,89
57159,57024,PRESCRIBED AND COUNTER,BOTH,LIGHT VEHICLES,2023,WEEKDAYS,26513,-1,-1
57159,57024,COUNTER,WEST,LIGHT VEHICLES,2023,ALL DAYS,12725,33,90
57159,57024,COUNTER,WEST,ALL VEHICLES,2023,WEEKDAYS,15379,-1,-1
57159,57024,COUNTER,WEST,HEAVY VEHICLES,2023,AM PEAK,607,33,89
57159,57024,COUNTER,WEST,ALL VEHICLES,2023,PM PEAK,4146,-1,-1
57159,57024,COUNTER,WEST,ALL VEHICLES,2023,OFF PEAK,6611,-1,-1
57159,57024,PRESCRIBED,EAST,LIGHT VEHICLES,2023,WEEKENDS,11762,-1,-1
57159,57024,COUNTER,WEST,ALL VEHICLES,2023,PM PEAK,4147,-1,-1
57159,57024,COUNTER,WEST,HEAVY VEHICLES,2023,WEEKDAYS,2112,-1,-1
57159,57024,PRESCRIBED AND COUNTER,BOTH,ALL VEHICLES,2023,ALL DAYS,28847,-1,-1
57159,57024,PRESCRIBED,EAST,ALL VEHICLES,2023,PM PEAK,4698,-1,-1
57159,57024,PRESCRIBED,EAST,ALL VEHICLES,2023,AM PEAK,3925,-1,-1
57159,57024,PRESCRIBED AND COUNTER,BOTH,LIGHT VEHICLES,2023,WEEKENDS,23580,-1,-1
57159,57024,PRESCRIBED,EAST,ALL VEHICLES,2023,PM PEAK,4717,-1,-1
57159,57024,PRESCRIBED,EAST,ALL VEHICLES,2023,OFF PEAK,6326,-1,-1
57159,57024,PRESCRIBED AND COUNTER,BOTH,HEAVY VEHICLES,2023,ALL DAYS,3172,-1,-1
57159,57024,COUNTER,WEST,HEAVY VEHICLES,2023,WEEKENDS,899,-1,-1
57159,57024,PRESCRIBED,EAST,LIGHT VEHICLES,2023,ALL DAYS,12915,34,90
57159,57024,PRESCRIBED AND COUNTER,BOTH,ALL VEHICLES,2023,AM PEAK,8663,-1,-1
57159,57024,COUNTER,WEST,ALL VEHICLES,2023,ALL DAYS,14482,-1,-1
57159,57024,PRESCRIBED,EAST,LIGHT VEHICLES,2023,WEEKDAYS,13274,-1,-1
57159,57024,PRESCRIBED AND COUNTER,BOTH,ALL VEHICLES,2023,OFF PEAK,12937,-1,-1
57159,57024,COUNTER,WEST,ALL VEHICLES,2023,OFF PEAK,6610,-1,-1
57159,57024,PRESCRIBED,EAST,HEAVY VEHICLES,2023,ALL DAYS,1448,14,91
57159,57024,PRESCRIBED AND COUNTER,BOTH,LIGHT VEHICLES,2023,WEEKENDS,23466,-1,-1
57159,57024,PRESCRIBED,EAST,LIGHT VEHICLES,2023,AM PEAK,3396,44,87
57159,57024,PRESCRIBED AND COUNTER,BOTH,HEAVY VEHICLES,2023,AM PEAK,1179,-1,-1
57159,57024,PRESCRIBED AND COUNTER,BOTH,ALL VEHICLES,2023,AM PEAK,8547,-1,-1
57159,57024,PRESCRIBED,EAST,HEAVY VEHICLES,2023,ALL DAYS,1439,13,91
57159,57024,COUNTER,WEST,ALL VEHICLES,2023,AM PEAK,4622,-1,-1
57159,57024,COUNTER,WEST,ALL VEHICLES,2023,WEEKDAYS,15452,-1,-1
57159,57024,COUNTER,WEST,HEAVY VEHICLES,2023,WEEKDAYS,2093,-1,-1
57159,57024,COUNTER,WEST,HEAVY VEHICLES,2023,PM PEAK,470,28,90
57159,57024,PRESCRIBED AND COUNTER,BOTH,LIGHT VEHICLES,2023,PM PEAK,8004,-1,-1
57159,57024,PRESCRIBED,EAST,LIGHT VEHICLES,2023,AM PEAK,3364,42,87
57159,57024,COUNTER,WEST,HEAVY VEHICLES,2023,PM PEAK,473,29,90
57159,57024,COUNTER,WEST,LIGHT VEHICLES,2023,AM PEAK,4025,43,88
57159,57024,PRESCRIBED,EAST,ALL VEHICLES,2023,WEEKDAYS,14949,-1,-1
57159,57024,PRESCRIBED AND COUNTER,BOTH,HEAVY VEHICLES,2023,ALL DAYS,3190,-1,-1
57159,57024,PRESCRIBED,EAST,LIGHT VEHICLES,2023,ALL DAYS,12917,35,90
57159,57024,PRESCRIBED,EAST,HEAVY VEHICLES,2023,WEEKDAYS,1722,-1,-1
57159,57024,PRESCRIBED AND COUNTER,BOTH,ALL VEHICLES,2023,ALL DAYS,28812,-1,-1
57159,57024,COUNTER,WEST,LIGHT VEHICLES,2023,AM PEAK,4088,45,88
57159,57024,PRESCRIBED AND COUNTER,BOTH,HEAVY VEHICLES,2023,WEEKDAYS,3815,-1,-1
57159,57024,PRESCRIBED,EAST,ALL VEHICLES,2023,OFF PEAK,6332,-1,-1
57159,57024,COUNTER,WEST,ALL VEHICLES,2023,AM PEAK,4695,-1,-1
57159,57024,PRESCRIBED AND COUNTER,BOTH,ALL VEHICLES,2023,WEEKDAYS,30328,-1,-1
57159,57024,COUNTER,WEST,LIGHT VEHICLES,2023,PM PEAK,3676,41,89
57159,57024,COUNTER,WEST,ALL VEHICLES,2023,WEEKENDS,12717,-1,-1
57159,57024,PRESCRIBED AND COUNTER,BOTH,ALL VEHICLES,2023,PM PEAK,8864,-1,-1
57159,57024,PRESCRIBED AND COUNTER,BOTH,ALL VEHICLES,2023,WEEKENDS,25187,-1,-1
57159,57024,PRESCRIBED AND COUNTER,BOTH,HEAVY VEHICLES,2023,WEEKDAYS,3855,-1,-1
57159,57024,PRESCRIBED AND COUNTER,BOTH,LIGHT VEHICLES,2023,AM PEAK,7389,-1,-1
57159,57024,PRESCRIBED AND COUNTER,BOTH,LIGHT VEHICLES,2023,PM PEAK,8019,-1,-1
57159,57024,COUNTER,WEST,LIGHT VEHICLES,2023,WEEKENDS,11772,-1,-1
57159,57024,PRESCRIBED AND COUNTER,BOTH,LIGHT VEHICLES,2023,ALL DAYS,25657,-1,-1
57159,57024,PRESCRIBED AND COUNTER,BOTH,ALL VEHICLES,2023,OFF PEAK,12942,-1,-1
57159,57024,PRESCRIBED AND COUNTER,BOTH,ALL VEHICLES,2023,PM PEAK,8844,-1,-1
57159,57024,PRESCRIBED AND COUNTER,BOTH,LIGHT VEHICLES,2023,OFF PEAK,11120,-1,-1
57159,57024,PRESCRIBED,EAST,ALL VEHICLES,2023,WEEKENDS,12470,-1,-1
57159,57024,PRESCRIBED,EAST,LIGHT VEHICLES,2023,PM PEAK,4345,42,89
57159,57024,PRESCRIBED AND COUNTER,BOTH,LIGHT VEHICLES,2023,AM PEAK,7484,-1,-1
57159,57024,PRESCRIBED AND COUNTER,BOTH,ALL VEHICLES,2023,WEEKENDS,25080,-1,-1
57159,57024,PRESCRIBED AND COUNTER,BOTH,HEAVY VEHICLES,2023,WEEKENDS,1607,-1,-1
57159,57024,PRESCRIBED,EAST,HEAVY VEHICLES,2023,WEEKENDS,714,-1,-1
57159,57024,PRESCRIBED AND COUNTER,BOTH,LIGHT VEHICLES,2023,WEEKDAYS,26614,-1,-1
57159,57024,PRESCRIBED,EAST,LIGHT VEHICLES,2023,WEEKDAYS,13227,-1,-1
57159,57024,PRESCRIBED,EAST,HEAVY VEHICLES,2023,OFF PEAK,791,13,88
57159,57024,PRESCRIBED,EAST,ALL VEHICLES,2023,WEEKDAYS,15017,-1,-1
57159,57024,PRESCRIBED AND COUNTER,BOTH,HEAVY VEHICLES,2023,PM PEAK,845,-1,-1
57159,57024,PRESCRIBED AND COUNTER,BOTH,HEAVY VEHICLES,2023,WEEKENDS,1614,-1,-1
57159,57024,PRESCRIBED,EAST,ALL VEHICLES,2023,AM PEAK,3968,-1,-1
57159,57024,PRESCRIBED,EAST,HEAVY VEHICLES,2023,AM PEAK,561,24,87
57159,57024,PRESCRIBED,EAST,LIGHT VEHICLES,2023,OFF PEAK,5535,32,89
57159,57024,PRESCRIBED,EAST,ALL VEHICLES,2023,ALL DAYS,14354,-1,-1
57159,57024,PRESCRIBED AND COUNTER,BOTH,HEAVY VEHICLES,2023,OFF PEAK,1831,-1,-1
57159,57024,COUNTER,WEST,LIGHT VEHICLES,2023,PM PEAK,3674,43,90
57159,57024,PRESCRIBED AND COUNTER,BOTH,LIGHT VEHICLES,2023,OFF PEAK,11111,-1,-1
57159,57024,PRESCRIBED AND COUNTER,BOTH,HEAVY VEHICLES,2023,AM PEAK,1158,-1,-1
57159,57024,COUNTER,WEST,HEAVY VEHICLES,2023,ALL DAYS,1742,18,92
57159,57024,PRESCRIBED AND COUNTER,BOTH,ALL VEHICLES,2023,WEEKDAYS,30469,-1,-1
57159,57024,COUNTER,WEST,LIGHT VEHICLES,2023,WEEKENDS,11818,-1,-1
57159,57024,COUNTER,WEST,ALL VEHICLES,2023,ALL DAYS,14458,-1,-1
57159,57024,PRESCRIBED,EAST,HEAVY VEHICLES,2023,WEEKENDS,708,-1,-1
57159,57024,PRESCRIBED,EAST,HEAVY VEHICLES,2023,AM PEAK,572,25,88
57159,57024,COUNTER,WEST,HEAVY VEHICLES,2023,WEEKENDS,900,-1,-1
57160,57025,COUNTER,SOUTH,HEAVY VEHICLES,2023,AM PEAK,706,31,98
57160,57025,COUNTER,SOUTH,LIGHT VEHICLES,2023,ALL DAYS,16143,37,97
57160,57025,COUNTER,SOUTH,LIGHT VEHICLES,2023,WEEKENDS,14941,-1,-1
57160,57025,PRESCRIBED AND COUNTER,BOTH,ALL VEHICLES,2023,WEEKENDS,31296,-1,-1
57160,57025,PRESCRIBED AND COUNTER,BOTH,HEAVY VEHICLES,2023,AM PEAK,1298,-1,-1
57160,57025,PRESCRIBED AND COUNTER,BOTH,LIGHT VEHICLES,2023,PM PEAK,9684,-1,-1
57160,57025,PRESCRIBED AND COUNTER,BOTH,ALL VEHICLES,2023,OFF PEAK,16742,-1,-1
57160,57025,PRESCRIBED AND COUNTER,BOTH,LIGHT VEHICLES,2023,WEEKDAYS,33200,-1,-1
57160,57025,PRESCRIBED,NORTH,LIGHT VEHICLES,2023,OFF PEAK,7431,32,95
57160,57025,COUNTER,SOUTH,LIGHT VEHICLES,2023,OFF PEAK,7227,34,97
57160,57025,PRESCRIBED,NORTH,HEAVY VEHICLES,2023,WEEKENDS,782,-1,-1
57160,57025,COUNTER,SOUTH,HEAVY VEHICLES,2023,WEEKENDS,918,-1,-1
57160,57025,COUNTER,SOUTH,ALL VEHICLES,2023,OFF PEAK,8272,-1,-1
57160,57025,COUNTER,SOUTH,ALL VEHICLES,2023,ALL DAYS,17950,-1,-1
57160,57025,PRESCRIBED,NORTH,ALL VEHICLES,2023,ALL DAYS,17736,-1,-1
57160,57025,PRESCRIBED,NORTH,ALL VEHICLES,2023,AM PEAK,5279,-1,-1
57160,57025,PRESCRIBED,NORTH,ALL VEHICLES,2023,WEEKDAYS,18612,-1,-1
57160,57025,COUNTER,SOUTH,HEAVY VEHICLES,2023,ALL DAYS,1807,17,97
57160,57025,COUNTER,SOUTH,LIGHT VEHICLES,2023,AM PEAK,4171,45,97
57160,57025,PRESCRIBED AND COUNTER,BOTH,LIGHT VEHICLES,2023,OFF PEAK,14658,-1,-1
57160,57025,PRESCRIBED AND COUNTER,BOTH,HEAVY VEHICLES,2023,WEEKENDS,1700,-1,-1
57160,57025,PRESCRIBED,NORTH,LIGHT VEHICLES,2023,WEEKENDS,14655,-1,-1
57160,57025,PRESCRIBED AND COUNTER,BOTH,HEAVY VEHICLES,2023,WEEKDAYS,4156,-1,-1
57160,57025,COUNTER,SOUTH,LIGHT VEHICLES,2023,PM PEAK,5198,43,98
57160,57025,PRESCRIBED AND COUNTER,BOTH,HEAVY VEHICLES,2023,OFF PEAK,2084,-1,-1
57160,57025,COUNTER,SOUTH,ALL VEHICLES,2023,AM PEAK,4877,-1,-1
57160,57025,PRESCRIBED AND COUNTER,BOTH,HEAVY VEHICLES,2023,PM PEAK,774,-1,-1
57160,57025,PRESCRIBED,NORTH,HEAVY VEHICLES,2023,OFF PEAK,1039,14,97
57160,57025,PRESCRIBED,NORTH,HEAVY VEHICLES,2023,PM PEAK,377,19,97
57160,57025,COUNTER,SOUTH,LIGHT VEHICLES,2023,WEEKDAYS,16596,-1,-1
57160,57025,PRESCRIBED,NORTH,LIGHT VEHICLES,2023,PM PEAK,4486,41,96
57160,57025,PRESCRIBED,NORTH,HEAVY VEHICLES,2023,ALL DAYS,1660,14,97
57160,57025,PRESCRIBED,NORTH,ALL VEHICLES,2023,OFF PEAK,8470,-1,-1
57160,57025,PRESCRIBED AND COUNTER,BOTH,LIGHT VEHICLES,2023,ALL DAYS,32219,-1,-1
57160,57025,PRESCRIBED,NORTH,HEAVY VEHICLES,2023,AM PEAK,592,26,96
57160,57025,COUNTER,SOUTH,ALL VEHICLES,2023,PM PEAK,5595,-1,-1
57160,57025,PRESCRIBED,NORTH,HEAVY VEHICLES,2023,WEEKDAYS,2008,-1,-1
57160,57025,PRESCRIBED AND COUNTER,BOTH,ALL VEHICLES,2023,PM PEAK,10458,-1,-1
57160,57025,PRESCRIBED,NORTH,ALL VEHICLES,2023,WEEKENDS,15437,-1,-1
57160,57025,COUNTER,SOUTH,ALL VEHICLES,2023,WEEKENDS,15859,-1,-1
57160,57025,PRESCRIBED,NORTH,LIGHT VEHICLES,2023,WEEKDAYS,16604,-1,-1
57160,57025,PRESCRIBED AND COUNTER,BOTH,ALL VEHICLES,2023,AM PEAK,10156,-1,-1
57160,57025,PRESCRIBED AND COUNTER,BOTH,HEAVY VEHICLES,2023,ALL DAYS,3467,-1,-1
57160,57025,PRESCRIBED,NORTH,LIGHT VEHICLES,2023,ALL DAYS,16076,36,96
57160,57025,PRESCRIBED,NORTH,ALL VEHICLES,2023,PM PEAK,4863,-1,-1
57160,57025,PRESCRIBED AND COUNTER,BOTH,LIGHT VEHICLES,2023,WEEKENDS,29596,-1,-1
57160,57025,COUNTER,SOUTH,HEAVY VEHICLES,2023,PM PEAK,397,22,98
57160,57025,PRESCRIBED AND COUNTER,BOTH,ALL VEHICLES,2023,ALL DAYS,35686,-1,-1
57160,57025,PRESCRIBED AND COUNTER,BOTH,ALL VEHICLES,2023,WEEKDAYS,37356,-1,-1
57160,57025,COUNTER,SOUTH,ALL VEHICLES,2023,WEEKDAYS,18744,-1,-1
57160,57025,PRESCRIBED AND COUNTER,BOTH,LIGHT VEHICLES,2023,AM PEAK,8858,-1,-1
57160,57025,COUNTER,SOUTH,HEAVY VEHICLES,2023,OFF PEAK,1045,16,98
57160,57025,PRESCRIBED,NORTH,LIGHT VEHICLES,2023,AM PEAK,4687,44,95
57257,66249,COUNTER,EAST,HEAVY VEHICLES,2023,AM PEAK,361,31,92
57257,66249,PRESCRIBED AND COUNTER,BOTH,LIGHT VEHICLES,2023,PM PEAK,5379,-1,-1
57257,66249,COUNTER,EAST,HEAVY VEHICLES,2023,ALL DAYS,998,19,93
57257,66249,PRESCRIBED,WEST,ALL VEHICLES,2023,AM PEAK,1600,-1,-1
57257,66249,PRESCRIBED,WEST,LIGHT VEHICLES,2023,WEEKDAYS,8972,-1,-1
57257,66249,PRESCRIBED AND COUNTER,BOTH,HEAVY VEHICLES,2023,AM PEAK,542,-1,-1
57257,66249,PRESCRIBED,WEST,ALL VEHICLES,2023,ALL DAYS,9236,-1,-1
57257,66249,PRESCRIBED,WEST,HEAVY VEHICLES,2023,OFF PEAK,403,15,92
57257,66249,COUNTER,EAST,HEAVY VEHICLES,2023,PM PEAK,229,25,93
57257,66249,PRESCRIBED AND COUNTER,BOTH,HEAVY VEHICLES,2023,WEEKENDS,775,-1,-1
57257,66249,PRESCRIBED AND COUNTER,BOTH,ALL VEHICLES,2023,AM PEAK,4458,-1,-1
57257,66249,PRESCRIBED AND COUNTER,BOTH,ALL VEHICLES,2023,OFF PEAK,10090,-1,-1
57257,66249,PRESCRIBED AND COUNTER,BOTH,LIGHT VEHICLES,2023,AM PEAK,3916,-1,-1
57257,66249,COUNTER,EAST,ALL VEHICLES,2023,OFF PEAK,5223,-1,-1
57257,66249,COUNTER,EAST,ALL VEHICLES,2023,ALL DAYS,9888,-1,-1
57257,66249,PRESCRIBED,WEST,HEAVY VEHICLES,2023,WEEKENDS,354,-1,-1
57257,66249,PRESCRIBED AND COUNTER,BOTH,ALL VEHICLES,2023,ALL DAYS,19124,-1,-1
57257,66249,PRESCRIBED AND COUNTER,BOTH,LIGHT VEHICLES,2023,OFF PEAK,9070,-1,-1
57257,66249,COUNTER,EAST,HEAVY VEHICLES,2023,WEEKENDS,421,-1,-1
57257,66249,PRESCRIBED AND COUNTER,BOTH,ALL VEHICLES,2023,WEEKENDS,15503,-1,-1
57257,66249,PRESCRIBED AND COUNTER,BOTH,HEAVY VEHICLES,2023,WEEKDAYS,1998,-1,-1
57257,66249,COUNTER,EAST,ALL VEHICLES,2023,WEEKENDS,7735,-1,-1
57257,66249,PRESCRIBED,WEST,LIGHT VEHICLES,2023,PM PEAK,3089,46,93
57257,66249,PRESCRIBED,WEST,LIGHT VEHICLES,2023,OFF PEAK,4464,35,92
57257,66249,PRESCRIBED,WEST,HEAVY VEHICLES,2023,ALL DAYS,666,14,94
57257,66249,PRESCRIBED AND COUNTER,BOTH,LIGHT VEHICLES,2023,WEEKDAYS,18365,-1,-1
57257,66249,COUNTER,EAST,LIGHT VEHICLES,2023,AM PEAK,2497,52,91
57257,66249,PRESCRIBED,WEST,LIGHT VEHICLES,2023,AM PEAK,1419,40,92
57257,66249,COUNTER,EAST,ALL VEHICLES,2023,WEEKDAYS,10600,-1,-1
57257,66249,PRESCRIBED,WEST,ALL VEHICLES,2023,OFF PEAK,4867,-1,-1
57257,66249,PRESCRIBED AND COUNTER,BOTH,LIGHT VEHICLES,2023,WEEKENDS,14728,-1,-1
57257,66249,COUNTER,EAST,HEAVY VEHICLES,2023,OFF PEAK,617,20,92
57257,66249,PRESCRIBED AND COUNTER,BOTH,ALL VEHICLES,2023,PM PEAK,5815,-1,-1
57257,66249,COUNTER,EAST,LIGHT VEHICLES,2023,OFF PEAK,4606,36,91
57257,66249,PRESCRIBED AND COUNTER,BOTH,HEAVY VEHICLES,2023,ALL DAYS,1664,-1,-1
57257,66249,PRESCRIBED,WEST,ALL VEHICLES,2023,WEEKENDS,7768,-1,-1
57257,66249,COUNTER,EAST,HEAVY VEHICLES,2023,WEEKDAYS,1207,-1,-1
57257,66249,PRESCRIBED AND COUNTER,BOTH,ALL VEHICLES,2023,WEEKDAYS,20363,-1,-1
57257,66249,COUNTER,EAST,LIGHT VEHICLES,2023,ALL DAYS,8890,38,92
57257,66249,PRESCRIBED,WEST,HEAVY VEHICLES,2023,PM PEAK,207,19,93
57257,66249,COUNTER,EAST,ALL VEHICLES,2023,PM PEAK,2519,-1,-1
57257,66249,PRESCRIBED,WEST,LIGHT VEHICLES,2023,ALL DAYS,8570,37,94
57257,66249,PRESCRIBED AND COUNTER,BOTH,LIGHT VEHICLES,2023,ALL DAYS,17460,-1,-1
57257,66249,PRESCRIBED AND COUNTER,BOTH,HEAVY VEHICLES,2023,OFF PEAK,1020,-1,-1
57257,66249,PRESCRIBED,WEST,ALL VEHICLES,2023,PM PEAK,3296,-1,-1
57257,66249,COUNTER,EAST,ALL VEHICLES,2023,AM PEAK,2858,-1,-1
57257,66249,PRESCRIBED,WEST,LIGHT VEHICLES,2023,WEEKENDS,7414,-1,-1
57257,66249,COUNTER,EAST,LIGHT VEHICLES,2023,WEEKENDS,7314,-1,-1
57257,66249,COUNTER,EAST,LIGHT VEHICLES,2023,PM PEAK,2290,49,93
57257,66249,PRESCRIBED,WEST,HEAVY VEHICLES,2023,AM PEAK,181,24,91
57257,66249,COUNTER,EAST,LIGHT VEHICLES,2023,WEEKDAYS,9393,-1,-1
57257,66249,PRESCRIBED,WEST,ALL VEHICLES,2023,WEEKDAYS,9763,-1,-1
57268,68025,COUNTER,EAST,ALL VEHICLES,2023,WEEKDAYS,16408,-1,-1
57268,68025,PRESCRIBED,WEST,LIGHT VEHICLES,2023,OFF PEAK,8517,31,82
57268,68025,PRESCRIBED,WEST,ALL VEHICLES,2023,WEEKDAYS,17914,-1,-1
57268,68025,COUNTER,EAST,LIGHT VEHICLES,2023,ALL DAYS,14761,45,92
57268,68025,PRESCRIBED,WEST,HEAVY VEHICLES,2023,ALL DAYS,1033,13,89
57268,68025,PRESCRIBED AND COUNTER,BOTH,ALL VEHICLES,2023,PM PEAK,9955,-1,-1
57268,68025,PRESCRIBED,WEST,LIGHT VEHICLES,2023,PM PEAK,5563,41,84
57268,68025,PRESCRIBED,WEST,HEAVY VEHICLES,2023,AM PEAK,267,20,82
57268,68025,PRESCRIBED,WEST,HEAVY VEHICLES,2023,OFF PEAK,623,13,85
57268,68025,PRESCRIBED,WEST,ALL VEHICLES,2023,OFF PEAK,9140,-1,-1
57268,68025,COUNTER,EAST,HEAVY VEHICLES,2023,OFF PEAK,469,16,91
57268,68025,PRESCRIBED AND COUNTER,BOTH,LIGHT VEHICLES,2023,PM PEAK,9452,-1,-1
57268,68025,PRESCRIBED AND COUNTER,BOTH,ALL VEHICLES,2023,WEEKENDS,28878,-1,-1
57268,68025,COUNTER,EAST,LIGHT VEHICLES,2023,WEEKENDS,12867,-1,-1
57268,68025,PRESCRIBED AND COUNTER,BOTH,ALL VEHICLES,2023,AM PEAK,7626,-1,-1
57268,68025,COUNTER,EAST,LIGHT VEHICLES,2023,AM PEAK,4360,51,90
57268,68025,PRESCRIBED AND COUNTER,BOTH,LIGHT VEHICLES,2023,WEEKDAYS,32083,-1,-1
57268,68025,PRESCRIBED AND COUNTER,BOTH,HEAVY VEHICLES,2023,ALL DAYS,1890,-1,-1
57268,68025,PRESCRIBED AND COUNTER,BOTH,HEAVY VEHICLES,2023,OFF PEAK,1092,-1,-1
57268,68025,COUNTER,EAST,HEAVY VEHICLES,2023,AM PEAK,377,32,91
57268,68025,PRESCRIBED AND COUNTER,BOTH,ALL VEHICLES,2023,WEEKDAYS,34322,-1,-1
57268,68025,COUNTER,EAST,HEAVY VEHICLES,2023,WEEKENDS,398,-1,-1
57268,68025,PRESCRIBED,WEST,ALL VEHICLES,2023,ALL DAYS,17458,-1,-1
57268,68025,PRESCRIBED,WEST,LIGHT VEHICLES,2023,WEEKDAYS,16702,-1,-1
57268,68025,COUNTER,EAST,ALL VEHICLES,2023,PM PEAK,4070,-1,-1
57268,68025,PRESCRIBED AND COUNTER,BOTH,HEAVY VEHICLES,2023,AM PEAK,644,-1,-1
57268,68025,COUNTER,EAST,HEAVY VEHICLES,2023,WEEKDAYS,1027,-1,-1
57268,68025,COUNTER,EAST,ALL VEHICLES,2023,AM PEAK,4737,-1,-1
57268,68025,PRESCRIBED,WEST,ALL VEHICLES,2023,AM PEAK,2889,-1,-1
57268,68025,COUNTER,EAST,ALL VEHICLES,2023,WEEKENDS,13265,-1,-1
57268,68025,PRESCRIBED,WEST,HEAVY VEHICLES,2023,WEEKENDS,541,-1,-1
57268,68025,PRESCRIBED,WEST,ALL VEHICLES,2023,WEEKENDS,15613,-1,-1
57268,68025,PRESCRIBED,WEST,LIGHT VEHICLES,2023,ALL DAYS,16425,33,88
57268,68025,COUNTER,EAST,ALL VEHICLES,2023,OFF PEAK,7601,-1,-1
57268,68025,PRESCRIBED AND COUNTER,BOTH,LIGHT VEHICLES,2023,WEEKENDS,27939,-1,-1
57268,68025,PRESCRIBED AND COUNTER,BOTH,ALL VEHICLES,2023,OFF PEAK,16741,-1,-1
57268,68025,PRESCRIBED,WEST,LIGHT VEHICLES,2023,WEEKENDS,15072,-1,-1
57268,68025,PRESCRIBED AND COUNTER,BOTH,HEAVY VEHICLES,2023,WEEKDAYS,2239,-1,-1
57268,68025,PRESCRIBED,WEST,ALL VEHICLES,2023,PM PEAK,5885,-1,-1
57268,68025,PRESCRIBED,WEST,HEAVY VEHICLES,2023,PM PEAK,322,16,85
57268,68025,COUNTER,EAST,HEAVY VEHICLES,2023,ALL DAYS,857,16,93
57268,68025,COUNTER,EAST,LIGHT VEHICLES,2023,WEEKDAYS,15381,-1,-1
57268,68025,COUNTER,EAST,ALL VEHICLES,2023,ALL DAYS,15618,-1,-1
57268,68025,COUNTER,EAST,LIGHT VEHICLES,2023,PM PEAK,3889,53,92
57268,68025,COUNTER,EAST,LIGHT VEHICLES,2023,OFF PEAK,7132,43,90
57268,68025,PRESCRIBED AND COUNTER,BOTH,HEAVY VEHICLES,2023,PM PEAK,503,-1,-1
57268,68025,PRESCRIBED,WEST,HEAVY VEHICLES,2023,WEEKDAYS,1212,-1,-1
57268,68025,PRESCRIBED AND COUNTER,BOTH,LIGHT VEHICLES,2023,AM PEAK,6982,-1,-1
57268,68025,PRESCRIBED AND COUNTER,BOTH,LIGHT VEHICLES,2023,OFF PEAK,15649,-1,-1
57268,68025,PRESCRIBED AND COUNTER,BOTH,LIGHT VEHICLES,2023,ALL DAYS,31186,-1,-1
57268,68025,COUNTER,EAST,HEAVY VEHICLES,2023,PM PEAK,181,18,92
57268,68025,PRESCRIBED AND COUNTER,BOTH,ALL VEHICLES,2023,ALL DAYS,33076,-1,-1
57268,68025,PRESCRIBED AND COUNTER,BOTH,HEAVY VEHICLES,2023,WEEKENDS,939,-1,-1
57268,68025,PRESCRIBED,WEST,LIGHT VEHICLES,2023,AM PEAK,2622,37,82
57368,72027,PRESCRIBED,NORTH,LIGHT VEHICLES,2023,AM PEAK,5237,54,86
57368,72027,PRESCRIBED,NORTH,ALL VEHICLES,2023,AM PEAK,5685,-1,-1
57368,72027,PRESCRIBED,NORTH,LIGHT VEHICLES,2023,OFF PEAK,8724,40,88
57368,72027,PRESCRIBED,NORTH,HEAVY VEHICLES,2023,WEEKDAYS,1708,-1,-1
57368,72027,COUNTER,SOUTH,ALL VEHICLES,2023,PM PEAK,6033,-1,-1
57368,72027,PRESCRIBED,NORTH,ALL VEHICLES,2023,WEEKDAYS,22612,-1,-1
57368,72027,PRESCRIBED,NORTH,ALL VEHICLES,2023,WEEKENDS,17037,-1,-1
57368,72027,COUNTER,SOUTH,HEAVY VEHICLES,2023,WEEKDAYS,1582,-1,-1
57368,72027,COUNTER,SOUTH,HEAVY VEHICLES,2023,OFF PEAK,710,16,90
57368,72027,COUNTER,SOUTH,HEAVY VEHICLES,2023,WEEKENDS,601,-1,-1
57368,72027,PRESCRIBED AND COUNTER,BOTH,HEAVY VEHICLES,2023,PM PEAK,782,-1,-1
57368,72027,PRESCRIBED AND COUNTER,BOTH,HEAVY VEHICLES,2023,AM PEAK,989,-1,-1
57368,72027,PRESCRIBED AND COUNTER,BOTH,HEAVY VEHICLES,2023,WEEKDAYS,3290,-1,-1
57368,72027,COUNTER,SOUTH,HEAVY VEHICLES,2023,AM PEAK,541,31,90
57368,72027,PRESCRIBED AND COUNTER,BOTH,ALL VEHICLES,2023,WEEKDAYS,43081,-1,-1
57368,72027,COUNTER,SOUTH,ALL VEHICLES,2023,OFF PEAK,8730,-1,-1
57368,72027,PRESCRIBED,NORTH,ALL VEHICLES,2023,ALL DAYS,21151,-1,-1
57368,72027,COUNTER,SOUTH,ALL VEHICLES,2023,WEEKDAYS,20469,-1,-1
57368,72027,PRESCRIBED AND COUNTER,BOTH,HEAVY VEHICLES,2023,OFF PEAK,1519,-1,-1
57368,72027,COUNTER,SOUTH,HEAVY VEHICLES,2023,PM PEAK,331,20,91
57368,72027,COUNTER,SOUTH,LIGHT VEHICLES,2023,WEEKENDS,14650,-1,-1
57368,72027,COUNTER,SOUTH,ALL VEHICLES,2023,AM PEAK,5706,-1,-1
57368,72027,COUNTER,SOUTH,LIGHT VEHICLES,2023,OFF PEAK,8020,40,90
57368,72027,PRESCRIBED AND COUNTER,BOTH,HEAVY VEHICLES,2023,ALL DAYS,2732,-1,-1
57368,72027,COUNTER,SOUTH,LIGHT VEHICLES,2023,AM PEAK,5165,55,89
57368,72027,COUNTER,SOUTH,ALL VEHICLES,2023,WEEKENDS,15251,-1,-1
57368,72027,PRESCRIBED AND COUNTER,BOTH,ALL VEHICLES,2023,ALL DAYS,40217,-1,-1
57368,72027,COUNTER,SOUTH,HEAVY VEHICLES,2023,ALL DAYS,1312,17,92
57368,72027,PRESCRIBED AND COUNTER,BOTH,LIGHT VEHICLES,2023,WEEKENDS,31029,-1,-1
57368,72027,PRESCRIBED AND COUNTER,BOTH,LIGHT VEHICLES,2023,PM PEAK,12645,-1,-1
57368,72027,PRESCRIBED AND COUNTER,BOTH,LIGHT VEHICLES,2023,WEEKDAYS,39791,-1,-1
57368,72027,PRESCRIBED AND COUNTER,BOTH,LIGHT VEHICLES,2023,OFF PEAK,16744,-1,-1
57368,72027,PRESCRIBED AND COUNTER,BOTH,ALL VEHICLES,2023,OFF PEAK,18263,-1,-1
57368,72027,COUNTER,SOUTH,LIGHT VEHICLES,2023,PM PEAK,5702,52,90
57368,72027,PRESCRIBED AND COUNTER,BOTH,ALL VEHICLES,2023,WEEKENDS,32288,-1,-1
57368,72027,PRESCRIBED,NORTH,LIGHT VEHICLES,2023,WEEKENDS,16379,-1,-1
57368,72027,PRESCRIBED,NORTH,LIGHT VEHICLES,2023,WEEKDAYS,20904,-1,-1
57368,72027,PRESCRIBED,NORTH,ALL VEHICLES,2023,OFF PEAK,9533,-1,-1
57368,72027,COUNTER,SOUTH,LIGHT VEHICLES,2023,ALL DAYS,17754,43,91
57368,72027,PRESCRIBED AND COUNTER,BOTH,ALL VEHICLES,2023,PM PEAK,13427,-1,-1
57368,72027,PRESCRIBED,NORTH,ALL VEHICLES,2023,PM PEAK,7394,-1,-1
57368,72027,COUNTER,SOUTH,ALL VEHICLES,2023,ALL DAYS,19066,-1,-1
57368,72027,PRESCRIBED AND COUNTER,BOTH,LIGHT VEHICLES,2023,AM PEAK,10402,-1,-1
57368,72027,PRESCRIBED,NORTH,HEAVY VEHICLES,2023,PM PEAK,451,21,89
57368,72027,PRESCRIBED,NORTH,LIGHT VEHICLES,2023,ALL DAYS,19731,43,89
57368,72027,PRESCRIBED AND COUNTER,BOTH,ALL VEHICLES,2023,AM PEAK,11391,-1,-1
57368,72027,PRESCRIBED,NORTH,HEAVY VEHICLES,2023,ALL DAYS,1420,15,90
57368,72027,PRESCRIBED AND COUNTER,BOTH,HEAVY VEHICLES,2023,WEEKENDS,1259,-1,-1
57368,72027,PRESCRIBED AND COUNTER,BOTH,LIGHT VEHICLES,2023,ALL DAYS,37485,-1,-1
57368,72027,PRESCRIBED,NORTH,HEAVY VEHICLES,2023,OFF PEAK,809,15,88
57368,72027,PRESCRIBED,NORTH,HEAVY VEHICLES,2023,AM PEAK,448,27,88
57368,72027,PRESCRIBED,NORTH,LIGHT VEHICLES,2023,PM PEAK,6943,53,89
57368,72027,COUNTER,SOUTH,LIGHT VEHICLES,2023,WEEKDAYS,18887,-1,-1
57439,74228,COUNTER,SOUTH,LIGHT VEHICLES,2023,AM PEAK,4553,56,92
57439,74228,PRESCRIBED AND COUNTER,BOTH,LIGHT VEHICLES,2023,OFF PEAK,12609,-1,-1
57439,74228,PRESCRIBED,NORTH,ALL VEHICLES,2023,ALL DAYS,14001,-1,-1
57439,74228,PRESCRIBED,NORTH,LIGHT VEHICLES,2023,ALL DAYS,12720,47,95
57439,74228,PRESCRIBED,NORTH,ALL VEHICLES,2023,WEEKENDS,13259,-1,-1
57439,74228,COUNTER,SOUTH,HEAVY VEHICLES,2023,AM PEAK,498,35,93
57439,74228,PRESCRIBED AND COUNTER,BOTH,LIGHT VEHICLES,2023,PM PEAK,7606,-1,-1
57439,74228,PRESCRIBED,NORTH,LIGHT VEHICLES,2023,WEEKDAYS,12650,-1,-1
57439,74228,COUNTER,SOUTH,HEAVY VEHICLES,2023,WEEKDAYS,1463,-1,-1
57439,74228,COUNTER,SOUTH,ALL VEHICLES,2023,OFF PEAK,7043,-1,-1
57439,74228,PRESCRIBED,NORTH,HEAVY VEHICLES,2023,PM PEAK,330,24,94
57439,74228,PRESCRIBED,NORTH,LIGHT VEHICLES,2023,PM PEAK,3795,55,93
57439,74228,PRESCRIBED,NORTH,HEAVY VEHICLES,2023,ALL DAYS,1281,18,96
57439,74228,PRESCRIBED,NORTH,LIGHT VEHICLES,2023,WEEKENDS,12565,-1,-1
57439,74228,PRESCRIBED AND COUNTER,BOTH,ALL VEHICLES,2023,WEEKENDS,27709,-1,-1
57439,74228,PRESCRIBED,NORTH,HEAVY VEHICLES,2023,OFF PEAK,738,18,93
57439,74228,PRESCRIBED AND COUNTER,BOTH,ALL VEHICLES,2023,ALL DAYS,29849,-1,-1
57439,74228,COUNTER,SOUTH,LIGHT VEHICLES,2023,OFF PEAK,6365,43,92
57439,74228,PRESCRIBED AND COUNTER,BOTH,LIGHT VEHICLES,2023,WEEKDAYS,27379,-1,-1
57439,74228,COUNTER,SOUTH,ALL VEHICLES,2023,WEEKDAYS,16192,-1,-1
57439,74228,PRESCRIBED AND COUNTER,BOTH,HEAVY VEHICLES,2023,PM PEAK,617,-1,-1
57439,74228,PRESCRIBED AND COUNTER,BOTH,LIGHT VEHICLES,2023,AM PEAK,7164,-1,-1
57439,74228,PRESCRIBED AND COUNTER,BOTH,HEAVY VEHICLES,2023,OFF PEAK,1416,-1,-1
57439,74228,PRESCRIBED,NORTH,LIGHT VEHICLES,2023,OFF PEAK,6244,43,93
57439,74228,PRESCRIBED AND COUNTER,BOTH,ALL VEHICLES,2023,WEEKDAYS,30334,-1,-1
57439,74228,PRESCRIBED AND COUNTER,BOTH,ALL VEHICLES,2023,OFF PEAK,14025,-1,-1
57439,74228,PRESCRIBED AND COUNTER,BOTH,LIGHT VEHICLES,2023,ALL DAYS,27323,-1,-1
57439,74228,PRESCRIBED,NORTH,HEAVY VEHICLES,2023,AM PEAK,424,33,93
57439,74228,PRESCRIBED AND COUNTER,BOTH,HEAVY VEHICLES,2023,AM PEAK,922,-1,-1
57439,74228,COUNTER,SOUTH,HEAVY VEHICLES,2023,PM PEAK,287,21,93
57439,74228,COUNTER,SOUTH,HEAVY VEHICLES,2023,OFF PEAK,678,19,93
57439,74228,COUNTER,SOUTH,ALL VEHICLES,2023,WEEKENDS,14450,-1,-1
57439,74228,PRESCRIBED AND COUNTER,BOTH,HEAVY VEHICLES,2023,ALL DAYS,2526,-1,-1
57439,74228,PRESCRIBED AND COUNTER,BOTH,LIGHT VEHICLES,2023,WEEKENDS,26412,-1,-1
57439,74228,PRESCRIBED,NORTH,ALL VEHICLES,2023,AM PEAK,3035,-1,-1
57439,74228,COUNTER,SOUTH,ALL VEHICLES,2023,PM PEAK,4098,-1,-1
57439,74228,COUNTER,SOUTH,HEAVY VEHICLES,2023,ALL DAYS,1245,18,95
57439,74228,PRESCRIBED,NORTH,LIGHT VEHICLES,2023,AM PEAK,2611,55,92
57439,74228,PRESCRIBED AND COUNTER,BOTH,ALL VEHICLES,2023,PM PEAK,8223,-1,-1
57439,74228,COUNTER,SOUTH,HEAVY VEHICLES,2023,WEEKENDS,603,-1,-1
57439,74228,PRESCRIBED,NORTH,ALL VEHICLES,2023,PM PEAK,4125,-1,-1
57439,74228,PRESCRIBED,NORTH,HEAVY VEHICLES,2023,WEEKENDS,694,-1,-1
57439,74228,COUNTER,SOUTH,ALL VEHICLES,2023,AM PEAK,5051,-1,-1
57439,74228,COUNTER,SOUTH,LIGHT VEHICLES,2023,WEEKDAYS,14729,-1,-1
57439,74228,PRESCRIBED AND COUNTER,BOTH,HEAVY VEHICLES,2023,WEEKDAYS,2955,-1,-1
57439,74228,COUNTER,SOUTH,LIGHT VEHICLES,2023,WEEKENDS,13847,-1,-1
57439,74228,PRESCRIBED,NORTH,HEAVY VEHICLES,2023,WEEKDAYS,1492,-1,-1
57439,74228,PRESCRIBED AND COUNTER,BOTH,HEAVY VEHICLES,2023,WEEKENDS,1297,-1,-1
57439,74228,COUNTER,SOUTH,ALL VEHICLES,2023,ALL DAYS,15848,-1,-1
57439,74228,PRESCRIBED,NORTH,ALL VEHICLES,2023,WEEKDAYS,14142,-1,-1
57439,74228,PRESCRIBED,NORTH,ALL VEHICLES,2023,OFF PEAK,6982,-1,-1
57439,74228,PRESCRIBED AND COUNTER,BOTH,ALL VEHICLES,2023,AM PEAK,8086,-1,-1
57439,74228,COUNTER,SOUTH,LIGHT VEHICLES,2023,PM PEAK,3811,54,92
57439,74228,COUNTER,SOUTH,LIGHT VEHICLES,2023,ALL DAYS,14603,47,94
57440,74229,PRESCRIBED AND COUNTER,BOTH,LIGHT VEHICLES,2023,AM PEAK,7362,-1,-1
57440,74229,PRESCRIBED AND COUNTER,BOTH,HEAVY VEHICLES,2023,AM PEAK,552,-1,-1
57440,74229,COUNTER,SOUTH,ALL VEHICLES,2023,PM PEAK,3300,-1,-1
57440,74229,PRESCRIBED,NORTH,LIGHT VEHICLES,2023,WEEKENDS,13173,-1,-1
57440,74229,PRESCRIBED AND COUNTER,BOTH,ALL VEHICLES,2023,WEEKENDS,26969,-1,-1
57440,74229,COUNTER,SOUTH,LIGHT VEHICLES,2023,OFF PEAK,5973,30,96
57440,74229,COUNTER,SOUTH,HEAVY VEHICLES,2023,ALL DAYS,814,12,97
57440,74229,PRESCRIBED,NORTH,ALL VEHICLES,2023,WEEKENDS,13587,-1,-1
57440,74229,PRESCRIBED AND COUNTER,BOTH,HEAVY VEHICLES,2023,OFF PEAK,922,-1,-1
57440,74229,PRESCRIBED,NORTH,HEAVY VEHICLES,2023,WEEKDAYS,878,-1,-1
57440,74229,COUNTER,SOUTH,ALL VEHICLES,2023,WEEKENDS,13382,-1,-1
57440,74229,PRESCRIBED,NORTH,LIGHT VEHICLES,2023,OFF PEAK,6592,30,96
57440,74229,COUNTER,SOUTH,ALL VEHICLES,2023,WEEKDAYS,14751,-1,-1
57440,74229,COUNTER,SOUTH,LIGHT VEHICLES,2023,ALL DAYS,13555,32,97
57440,74229,PRESCRIBED AND COUNTER,BOTH,HEAVY VEHICLES,2023,ALL DAYS,1556,-1,-1
57440,74229,COUNTER,SOUTH,LIGHT VEHICLES,2023,AM PEAK,4689,42,96
57440,74229,PRESCRIBED,NORTH,HEAVY VEHICLES,2023,WEEKENDS,414,-1,-1
57440,74229,PRESCRIBED AND COUNTER,BOTH,ALL VEHICLES,2023,AM PEAK,7914,-1,-1
57440,74229,PRESCRIBED AND COUNTER,BOTH,ALL VEHICLES,2023,PM PEAK,8245,-1,-1
57440,74229,PRESCRIBED AND COUNTER,BOTH,HEAVY VEHICLES,2023,PM PEAK,365,-1,-1
57440,74229,PRESCRIBED,NORTH,HEAVY VEHICLES,2023,PM PEAK,193,13,97
57440,74229,COUNTER,SOUTH,ALL VEHICLES,2023,AM PEAK,5001,-1,-1
57440,74229,PRESCRIBED AND COUNTER,BOTH,LIGHT VEHICLES,2023,WEEKDAYS,27807,-1,-1
57440,74229,PRESCRIBED,NORTH,ALL VEHICLES,2023,ALL DAYS,14530,-1,-1
57440,74229,COUNTER,SOUTH,LIGHT VEHICLES,2023,WEEKENDS,12933,-1,-1
57440,74229,PRESCRIBED AND COUNTER,BOTH,HEAVY VEHICLES,2023,WEEKENDS,863,-1,-1
57440,74229,COUNTER,SOUTH,HEAVY VEHICLES,2023,WEEKENDS,449,-1,-1
57440,74229,PRESCRIBED AND COUNTER,BOTH,LIGHT VEHICLES,2023,ALL DAYS,27343,-1,-1
57440,74229,COUNTER,SOUTH,HEAVY VEHICLES,2023,OFF PEAK,477,12,97
57440,74229,PRESCRIBED,NORTH,ALL VEHICLES,2023,OFF PEAK,7037,-1,-1
57440,74229,PRESCRIBED,NORTH,ALL VEHICLES,2023,AM PEAK,2913,-1,-1
57440,74229,COUNTER,SOUTH,LIGHT VEHICLES,2023,WEEKDAYS,13790,-1,-1
57440,74229,PRESCRIBED AND COUNTER,BOTH,LIGHT VEHICLES,2023,OFF PEAK,12565,-1,-1
57440,74229,PRESCRIBED,NORTH,LIGHT VEHICLES,2023,AM PEAK,2673,42,96
57440,74229,COUNTER,SOUTH,HEAVY VEHICLES,2023,WEEKDAYS,961,-1,-1
57440,74229,PRESCRIBED AND COUNTER,BOTH,LIGHT VEHICLES,2023,WEEKENDS,26106,-1,-1
57440,74229,COUNTER,SOUTH,LIGHT VEHICLES,2023,PM PEAK,3128,35,95
57440,74229,PRESCRIBED,NORTH,ALL VEHICLES,2023,WEEKDAYS,14895,-1,-1
57440,74229,COUNTER,SOUTH,ALL VEHICLES,2023,OFF PEAK,6450,-1,-1
57440,74229,PRESCRIBED,NORTH,HEAVY VEHICLES,2023,ALL DAYS,742,11,98
57440,74229,PRESCRIBED AND COUNTER,BOTH,ALL VEHICLES,2023,WEEKDAYS,29646,-1,-1
57440,74229,PRESCRIBED,NORTH,HEAVY VEHICLES,2023,AM PEAK,240,18,98
57440,74229,COUNTER,SOUTH,HEAVY VEHICLES,2023,AM PEAK,312,23,97
57440,74229,PRESCRIBED,NORTH,HEAVY VEHICLES,2023,OFF PEAK,445,13,97
57440,74229,PRESCRIBED AND COUNTER,BOTH,ALL VEHICLES,2023,ALL DAYS,28899,-1,-1
57440,74229,PRESCRIBED AND COUNTER,BOTH,LIGHT VEHICLES,2023,PM PEAK,7880,-1,-1
57440,74229,PRESCRIBED,NORTH,LIGHT VEHICLES,2023,WEEKDAYS,14017,-1,-1
57440,74229,PRESCRIBED,NORTH,LIGHT VEHICLES,2023,ALL DAYS,13788,34,97
57440,74229,COUNTER,SOUTH,ALL VEHICLES,2023,ALL DAYS,14369,-1,-1
57440,74229,PRESCRIBED AND COUNTER,BOTH,HEAVY VEHICLES,2023,WEEKDAYS,1839,-1,-1
57440,74229,PRESCRIBED,NORTH,ALL VEHICLES,2023,PM PEAK,4945,-1,-1
57440,74229,PRESCRIBED AND COUNTER,BOTH,ALL VEHICLES,2023,OFF PEAK,13487,-1,-1
57440,74229,COUNTER,SOUTH,HEAVY VEHICLES,2023,PM PEAK,172,11,97
57440,74229,PRESCRIBED,NORTH,LIGHT VEHICLES,2023,PM PEAK,4752,43,96
57535,87001,COUNTER,EAST,LIGHT VEHICLES,2023,OFF PEAK,5327,33,83
57535,87001,COUNTER,EAST,HEAVY VEHICLES,2023,PM PEAK,19,16,85
57535,87001,COUNTER,EAST,LIGHT VEHICLES,2023,WEEKDAYS,10563,-1,-1
57535,87001,COUNTER,EAST,HEAVY VEHICLES,2023,OFF PEAK,49,10,83
57535,87001,COUNTER,EAST,HEAVY VEHICLES,2023,ALL DAYS,88,12,67
57535,87001,COUNTER,EAST,ALL VEHICLES,2023,PM PEAK,2958,-1,-1
57535,87001,COUNTER,EAST,ALL VEHICLES,2023,WEEKENDS,9580,-1,-1
57535,87001,COUNTER,EAST,ALL VEHICLES,2023,OFF PEAK,5376,-1,-1
57535,87001,COUNTER,EAST,HEAVY VEHICLES,2023,AM PEAK,26,14,85
57535,87001,COUNTER,EAST,HEAVY VEHICLES,2023,WEEKDAYS,94,-1,-1
57535,87001,COUNTER,EAST,LIGHT VEHICLES,2023,ALL DAYS,10788,35,69
57535,87001,COUNTER,EAST,LIGHT VEHICLES,2023,WEEKENDS,9530,-1,-1
57535,87001,COUNTER,EAST,ALL VEHICLES,2023,ALL DAYS,10876,-1,-1
57535,87001,COUNTER,EAST,HEAVY VEHICLES,2023,WEEKENDS,50,-1,-1
57535,87001,COUNTER,EAST,ALL VEHICLES,2023,AM PEAK,2323,-1,-1
57535,87001,COUNTER,EAST,LIGHT VEHICLES,2023,PM PEAK,2939,42,85
57535,87001,COUNTER,EAST,LIGHT VEHICLES,2023,AM PEAK,2297,36,84
57535,87001,COUNTER,EAST,ALL VEHICLES,2023,WEEKDAYS,10657,-1,-1
58870,F3FWY001,COUNTER,SOUTH,ALL VEHICLES,2023,PM PEAK,10202,-1,-1
58870,F3FWY001,COUNTER,SOUTH,ALL VEHICLES,2023,WEEKDAYS,39547,-1,-1
58870,F3FWY001,COUNTER,SOUTH,LIGHT VEHICLES,2023,WEEKENDS,39174,-1,-1
58870,F3FWY001,PRESCRIBED,NORTH,ALL VEHICLES,2023,WEEKDAYS,42246,-1,-1
58870,F3FWY001,PRESCRIBED AND COUNTER,BOTH,HEAVY VEHICLES,2023,AM PEAK,3322,-1,-1
58870,F3FWY001,PRESCRIBED AND COUNTER,BOTH,LIGHT VEHICLES,2023,PM PEAK,20986,-1,-1
58870,F3FWY001,COUNTER,SOUTH,HEAVY VEHICLES,2023,WEEKDAYS,6958,-1,-1
58870,F3FWY001,COUNTER,SOUTH,HEAVY VEHICLES,2023,WEEKENDS,3150,-1,-1
58870,F3FWY001,PRESCRIBED AND COUNTER,BOTH,ALL VEHICLES,2023,OFF PEAK,39753,-1,-1
58870,F3FWY001,PRESCRIBED,NORTH,HEAVY VEHICLES,2023,WEEKDAYS,7898,-1,-1
58870,F3FWY001,PRESCRIBED AND COUNTER,BOTH,ALL VEHICLES,2023,PM PEAK,24297,-1,-1
58870,F3FWY001,PRESCRIBED AND COUNTER,BOTH,HEAVY VEHICLES,2023,PM PEAK,3311,-1,-1
58870,F3FWY001,PRESCRIBED,NORTH,ALL VEHICLES,2023,AM PEAK,7486,-1,-1
58870,F3FWY001,PRESCRIBED,NORTH,ALL VEHICLES,2023,OFF PEAK,20665,-1,-1
58870,F3FWY001,COUNTER,SOUTH,HEAVY VEHICLES,2023,OFF PEAK,3927,26,86
58870,F3FWY001,PRESCRIBED AND COUNTER,BOTH,HEAVY VEHICLES,2023,WEEKDAYS,14856,-1,-1
58870,F3FWY001,COUNTER,SOUTH,ALL VEHICLES,2023,AM PEAK,10257,-1,-1
58870,F3FWY001,PRESCRIBED AND COUNTER,BOTH,LIGHT VEHICLES,2023,OFF PEAK,31530,-1,-1
58870,F3FWY001,PRESCRIBED,NORTH,LIGHT VEHICLES,2023,WEEKDAYS,34348,-1,-1
58870,F3FWY001,COUNTER,SOUTH,LIGHT VEHICLES,2023,ALL DAYS,37754,43,60
58870,F3FWY001,PRESCRIBED AND COUNTER,BOTH,ALL VEHICLES,2023,WEEKENDS,81811,-1,-1
58870,F3FWY001,PRESCRIBED AND COUNTER,BOTH,ALL VEHICLES,2023,WEEKDAYS,81793,-1,-1
58870,F3FWY001,PRESCRIBED AND COUNTER,BOTH,ALL VEHICLES,2023,AM PEAK,17743,-1,-1
58870,F3FWY001,PRESCRIBED,NORTH,LIGHT VEHICLES,2023,WEEKENDS,36070,-1,-1
58870,F3FWY001,COUNTER,SOUTH,ALL VEHICLES,2023,OFF PEAK,19088,-1,-1
58870,F3FWY001,PRESCRIBED,NORTH,LIGHT VEHICLES,2023,AM PEAK,5793,47,85
58870,F3FWY001,PRESCRIBED,NORTH,LIGHT VEHICLES,2023,PM PEAK,12186,55,89
58870,F3FWY001,COUNTER,SOUTH,ALL VEHICLES,2023,ALL DAYS,44554,-1,-1
58870,F3FWY001,PRESCRIBED,NORTH,LIGHT VEHICLES,2023,ALL DAYS,37949,43,60
58870,F3FWY001,PRESCRIBED AND COUNTER,BOTH,LIGHT VEHICLES,2023,ALL DAYS,75703,-1,-1
58870,F3FWY001,COUNTER,SOUTH,HEAVY VEHICLES,2023,PM PEAK,1402,37,86
58870,F3FWY001,PRESCRIBED AND COUNTER,BOTH,HEAVY VEHICLES,2023,WEEKENDS,6567,-1,-1
58870,F3FWY001,COUNTER,SOUTH,ALL VEHICLES,2023,WEEKENDS,42324,-1,-1
58870,F3FWY001,PRESCRIBED,NORTH,HEAVY VEHICLES,2023,OFF PEAK,4296,27,87
58870,F3FWY001,PRESCRIBED,NORTH,ALL VEHICLES,2023,ALL DAYS,45133,-1,-1
58870,F3FWY001,PRESCRIBED,NORTH,ALL VEHICLES,2023,WEEKENDS,39487,-1,-1
58870,F3FWY001,PRESCRIBED AND COUNTER,BOTH,ALL VEHICLES,2023,ALL DAYS,89687,-1,-1
58870,F3FWY001,COUNTER,SOUTH,LIGHT VEHICLES,2023,AM PEAK,8628,46,84
58870,F3FWY001,COUNTER,SOUTH,LIGHT VEHICLES,2023,WEEKDAYS,32589,-1,-1
58870,F3FWY001,PRESCRIBED AND COUNTER,BOTH,LIGHT VEHICLES,2023,AM PEAK,14421,-1,-1
58870,F3FWY001,PRESCRIBED AND COUNTER,BOTH,HEAVY VEHICLES,2023,ALL DAYS,13984,-1,-1
58870,F3FWY001,COUNTER,SOUTH,HEAVY VEHICLES,2023,AM PEAK,1629,33,85
58870,F3FWY001,PRESCRIBED,NORTH,HEAVY VEHICLES,2023,ALL DAYS,7184,28,60
58870,F3FWY001,PRESCRIBED,NORTH,HEAVY VEHICLES,2023,AM PEAK,1693,34,86
58870,F3FWY001,PRESCRIBED AND COUNTER,BOTH,LIGHT VEHICLES,2023,WEEKDAYS,66937,-1,-1
58870,F3FWY001,PRESCRIBED,NORTH,HEAVY VEHICLES,2023,WEEKENDS,3417,-1,-1
58870,F3FWY001,PRESCRIBED,NORTH,LIGHT VEHICLES,2023,OFF PEAK,16369,40,87
58870,F3FWY001,COUNTER,SOUTH,LIGHT VEHICLES,2023,OFF PEAK,15161,40,85
58870,F3FWY001,PRESCRIBED AND COUNTER,BOTH,HEAVY VEHICLES,2023,OFF PEAK,8223,-1,-1
58870,F3FWY001,COUNTER,SOUTH,LIGHT VEHICLES,2023,PM PEAK,8800,54,85
58870,F3FWY001,COUNTER,SOUTH,HEAVY VEHICLES,2023,ALL DAYS,6800,26,61
58870,F3FWY001,PRESCRIBED AND COUNTER,BOTH,LIGHT VEHICLES,2023,WEEKENDS,75244,-1,-1
58870,F3FWY001,PRESCRIBED,NORTH,HEAVY VEHICLES,2023,PM PEAK,1909,39,89
15154104,7270,PRESCRIBED,NORTH,LIGHT VEHICLES,2023,ALL DAYS,23320,41,94
15154104,7270,PRESCRIBED,NORTH,ALL VEHICLES,2023,OFF PEAK,13123,-1,-1
15154104,7270,PRESCRIBED,NORTH,HEAVY VEHICLES,2023,OFF PEAK,1621,21,93
15154104,7270,PRESCRIBED,NORTH,ALL VEHICLES,2023,WEEKENDS,24253,-1,-1
15154104,7270,PRESCRIBED,NORTH,LIGHT VEHICLES,2023,WEEKDAYS,23289,-1,-1
15154104,7270,PRESCRIBED,NORTH,HEAVY VEHICLES,2023,PM PEAK,432,22,93
15154104,7270,PRESCRIBED,NORTH,ALL VEHICLES,2023,ALL DAYS,25875,-1,-1
15154104,7270,PRESCRIBED,NORTH,ALL VEHICLES,2023,WEEKDAYS,26285,-1,-1
15154104,7270,PRESCRIBED,NORTH,LIGHT VEHICLES,2023,WEEKENDS,22913,-1,-1
15154104,7270,PRESCRIBED,NORTH,HEAVY VEHICLES,2023,WEEKDAYS,2996,-1,-1
15154104,7270,PRESCRIBED,NORTH,LIGHT VEHICLES,2023,AM PEAK,6155,50,92
15154104,7270,PRESCRIBED,NORTH,ALL VEHICLES,2023,PM PEAK,6064,-1,-1
15154104,7270,PRESCRIBED,NORTH,LIGHT VEHICLES,2023,PM PEAK,5632,51,93
15154104,7270,PRESCRIBED,NORTH,HEAVY VEHICLES,2023,ALL DAYS,2555,20,95
15154104,7270,PRESCRIBED,NORTH,LIGHT VEHICLES,2023,OFF PEAK,11502,39,92
15154104,7270,PRESCRIBED,NORTH,HEAVY VEHICLES,2023,WEEKENDS,1340,-1,-1
15154104,7270,PRESCRIBED,NORTH,HEAVY VEHICLES,2023,AM PEAK,943,29,93
15154104,7270,PRESCRIBED,NORTH,ALL VEHICLES,2023,AM PEAK,7098,-1,-1
15252028,7112,PRESCRIBED,NORTH,HEAVY VEHICLES,2023,WEEKDAYS,2479,-1,-1
15252028,7112,PRESCRIBED,NORTH,ALL VEHICLES,2023,ALL DAYS,20953,-1,-1
15252028,7112,PRESCRIBED,NORTH,HEAVY VEHICLES,2023,AM PEAK,850,28,91
15252028,7112,PRESCRIBED,NORTH,LIGHT VEHICLES,2023,OFF PEAK,9257,35,91
15252028,7112,PRESCRIBED,NORTH,LIGHT VEHICLES,2023,ALL DAYS,18906,37,92
15252028,7112,PRESCRIBED,NORTH,HEAVY VEHICLES,2023,ALL DAYS,2047,16,93
15252028,7112,PRESCRIBED,NORTH,LIGHT VEHICLES,2023,WEEKDAYS,19365,-1,-1
15252028,7112,PRESCRIBED,NORTH,HEAVY VEHICLES,2023,OFF PEAK,1243,17,92
15252028,7112,PRESCRIBED,NORTH,ALL VEHICLES,2023,WEEKDAYS,21844,-1,-1
15252028,7112,PRESCRIBED,NORTH,ALL VEHICLES,2023,PM PEAK,5438,-1,-1
15252028,7112,PRESCRIBED,NORTH,LIGHT VEHICLES,2023,PM PEAK,5052,41,92
15252028,7112,PRESCRIBED,NORTH,LIGHT VEHICLES,2023,WEEKENDS,17344,-1,-1
15252028,7112,PRESCRIBED,NORTH,ALL VEHICLES,2023,AM PEAK,5906,-1,-1
15252028,7112,PRESCRIBED,NORTH,ALL VEHICLES,2023,OFF PEAK,10500,-1,-1
15252028,7112,PRESCRIBED,NORTH,LIGHT VEHICLES,2023,AM PEAK,5056,45,91
15252028,7112,PRESCRIBED,NORTH,HEAVY VEHICLES,2023,PM PEAK,386,20,93
15252028,7112,PRESCRIBED,NORTH,ALL VEHICLES,2023,WEEKENDS,18261,-1,-1
15252035,7274,COUNTER,EAST,HEAVY VEHICLES,2023,OFF PEAK,821,18,92
15252035,7274,COUNTER,EAST,LIGHT VEHICLES,2023,WEEKENDS,11613,-1,-1
15252035,7274,COUNTER,EAST,HEAVY VEHICLES,2023,PM PEAK,294,21,92
15252035,7274,COUNTER,EAST,ALL VEHICLES,2023,WEEKENDS,12381,-1,-1
15252035,7274,COUNTER,EAST,LIGHT VEHICLES,2023,ALL DAYS,14210,39,92
15252035,7274,COUNTER,EAST,LIGHT VEHICLES,2023,AM PEAK,4300,48,90
15252035,7274,COUNTER,EAST,HEAVY VEHICLES,2023,WEEKDAYS,1612,-1,-1
15252035,7274,COUNTER,EAST,LIGHT VEHICLES,2023,OFF PEAK,7218,36,91
15252035,7274,COUNTER,EAST,LIGHT VEHICLES,2023,PM PEAK,3545,44,91
15252035,7274,COUNTER,EAST,ALL VEHICLES,2023,ALL DAYS,15595,-1,-1
15252035,7274,COUNTER,EAST,ALL VEHICLES,2023,AM PEAK,4797,-1,-1
15252035,7274,COUNTER,EAST,HEAVY VEHICLES,2023,ALL DAYS,1385,17,93
15252035,7274,COUNTER,EAST,ALL VEHICLES,2023,OFF PEAK,8039,-1,-1
15252035,7274,COUNTER,EAST,ALL VEHICLES,2023,WEEKDAYS,16675,-1,-1
15252035,7274,COUNTER,EAST,HEAVY VEHICLES,2023,AM PEAK,497,28,92
15252035,7274,COUNTER,EAST,HEAVY VEHICLES,2023,WEEKENDS,768,-1,-1
15252035,7274,COUNTER,EAST,ALL VEHICLES,2023,PM PEAK,3839,-1,-1
15252035,7274,COUNTER,EAST,LIGHT VEHICLES,2023,WEEKDAYS,15063,-1,-1
15286001,7121,COUNTER,SOUTH,ALL VEHICLES,2023,PM PEAK,2559,-1,-1
15286001,7121,COUNTER,SOUTH,ALL VEHICLES,2023,WEEKENDS,7858,-1,-1
15286001,7121,COUNTER,SOUTH,HEAVY VEHICLES,2023,WEEKDAYS,726,-1,-1
15286001,7121,COUNTER,SOUTH,ALL VEHICLES,2023,ALL DAYS,8584,-1,-1
15286001,7121,COUNTER,SOUTH,HEAVY VEHICLES,2023,AM PEAK,163,10,84
15286001,7121,COUNTER,SOUTH,HEAVY VEHICLES,2023,ALL DAYS,631,7,86
15286001,7121,COUNTER,SOUTH,HEAVY VEHICLES,2023,OFF PEAK,395,8,85
15286001,7121,COUNTER,SOUTH,LIGHT VEHICLES,2023,ALL DAYS,7953,41,85
15286001,7121,COUNTER,SOUTH,LIGHT VEHICLES,2023,AM PEAK,1353,44,84
15286001,7121,COUNTER,SOUTH,ALL VEHICLES,2023,AM PEAK,1516,-1,-1
15286001,7121,COUNTER,SOUTH,HEAVY VEHICLES,2023,PM PEAK,168,9,85
15286001,7121,COUNTER,SOUTH,ALL VEHICLES,2023,OFF PEAK,4554,-1,-1
15286001,7121,COUNTER,SOUTH,LIGHT VEHICLES,2023,WEEKDAYS,7903,-1,-1
15286001,7121,COUNTER,SOUTH,LIGHT VEHICLES,2023,OFF PEAK,4159,38,85
15286001,7121,COUNTER,SOUTH,ALL VEHICLES,2023,WEEKDAYS,8629,-1,-1
15286001,7121,COUNTER,SOUTH,LIGHT VEHICLES,2023,WEEKENDS,7472,-1,-1
15286001,7121,COUNTER,SOUTH,LIGHT VEHICLES,2023,PM PEAK,2391,47,85
15286001,7121,COUNTER,SOUTH,HEAVY VEHICLES,2023,WEEKENDS,386,-1,-1
15286002,7126,COUNTER,EAST,LIGHT VEHICLES,2023,PM PEAK,2657,38,93
15286002,7126,COUNTER,EAST,HEAVY VEHICLES,2023,ALL DAYS,773,9,94
15286002,7126,COUNTER,EAST,ALL VEHICLES,2023,PM PEAK,2857,-1,-1
15286002,7126,COUNTER,EAST,ALL VEHICLES,2023,WEEKENDS,9161,-1,-1
15286002,7126,COUNTER,EAST,HEAVY VEHICLES,2023,AM PEAK,235,18,92
15286002,7126,COUNTER,EAST,HEAVY VEHICLES,2023,PM PEAK,200,11,93
15286002,7126,COUNTER,EAST,LIGHT VEHICLES,2023,WEEKDAYS,9245,-1,-1
15286002,7126,COUNTER,EAST,HEAVY VEHICLES,2023,OFF PEAK,419,9,93
15286002,7126,COUNTER,EAST,HEAVY VEHICLES,2023,WEEKDAYS,854,-1,-1
15286002,7126,COUNTER,EAST,LIGHT VEHICLES,2023,ALL DAYS,9076,34,93
15286002,7126,COUNTER,EAST,LIGHT VEHICLES,2023,AM PEAK,2055,39,91
15286002,7126,COUNTER,EAST,LIGHT VEHICLES,2023,WEEKENDS,8567,-1,-1
15286002,7126,COUNTER,EAST,ALL VEHICLES,2023,WEEKDAYS,10099,-1,-1
15286002,7126,COUNTER,EAST,ALL VEHICLES,2023,ALL DAYS,9849,-1,-1
15286002,7126,COUNTER,EAST,ALL VEHICLES,2023,AM PEAK,2290,-1,-1
15286002,7126,COUNTER,EAST,ALL VEHICLES,2023,OFF PEAK,4952,-1,-1
15286002,7126,COUNTER,EAST,LIGHT VEHICLES,2023,OFF PEAK,4533,31,93
15286003,7132,COUNTER,NORTH,ALL VEHICLES,2023,PM PEAK,3213,-1,-1
15286003,7132,COUNTER,NORTH,HEAVY VEHICLES,2023,WEEKDAYS,863,-1,-1
15286003,7132,COUNTER,NORTH,HEAVY VEHICLES,2023,WEEKENDS,386,-1,-1
15286003,7132,COUNTER,NORTH,ALL VEHICLES,2023,OFF PEAK,7319,-1,-1
15286003,7132,COUNTER,NORTH,LIGHT VEHICLES,2023,PM PEAK,3085,53,81
15286003,7132,COUNTER,NORTH,HEAVY VEHICLES,2023,OFF PEAK,443,13,83
15286003,7132,COUNTER,NORTH,HEAVY VEHICLES,2023,PM PEAK,128,16,82
15286003,7132,COUNTER,NORTH,ALL VEHICLES,2023,WEEKENDS,13332,-1,-1
15286003,7132,COUNTER,NORTH,LIGHT VEHICLES,2023,OFF PEAK,6876,43,81
15286003,7132,COUNTER,NORTH,ALL VEHICLES,2023,AM PEAK,5629,-1,-1
15286003,7132,COUNTER,NORTH,LIGHT VEHICLES,2023,WEEKDAYS,15298,-1,-1
15286003,7132,COUNTER,NORTH,ALL VEHICLES,2023,ALL DAYS,15572,-1,-1
15286003,7132,COUNTER,NORTH,HEAVY VEHICLES,2023,AM PEAK,292,20,83
15286003,7132,COUNTER,NORTH,LIGHT VEHICLES,2023,WEEKENDS,12946,-1,-1
15286003,7132,COUNTER,NORTH,ALL VEHICLES,2023,WEEKDAYS,16161,-1,-1
15286003,7132,COUNTER,NORTH,LIGHT VEHICLES,2023,ALL DAYS,14828,46,80
15286003,7132,COUNTER,NORTH,LIGHT VEHICLES,2023,AM PEAK,5337,55,81
15286003,7132,COUNTER,NORTH,HEAVY VEHICLES,2023,ALL DAYS,744,13,83
15286006,7149,PRESCRIBED,WEST,LIGHT VEHICLES,2023,WEEKDAYS,20824,-1,-1
15286006,7149,PRESCRIBED,WEST,ALL VEHICLES,2023,ALL DAYS,22843,-1,-1
15286006,7149,PRESCRIBED,WEST,HEAVY VEHICLES,2023,OFF PEAK,1460,5,80
15286006,7149,PRESCRIBED AND COUNTER,BOTH,HEAVY VEHICLES,2023,OFF PEAK,3016,-1,-1
15286006,7149,PRESCRIBED AND COUNTER,BOTH,ALL VEHICLES,2023,WEEKENDS,33320,-1,-1
15286006,7149,PRESCRIBED AND COUNTER,BOTH,ALL VEHICLES,2023,WEEKDAYS,46344,-1,-1
15286006,7149,COUNTER,EAST,LIGHT VEHICLES,2023,WEEKDAYS,19751,-1,-1
15286006,7149,PRESCRIBED,WEST,LIGHT VEHICLES,2023,PM PEAK,6657,9,81
15286006,7149,PRESCRIBED AND COUNTER,BOTH,HEAVY VEHICLES,2023,ALL DAYS,4861,-1,-1
15286006,7149,COUNTER,EAST,LIGHT VEHICLES,2023,ALL DAYS,19339,7,79
15286006,7149,PRESCRIBED,WEST,ALL VEHICLES,2023,AM PEAK,4446,-1,-1
15286006,7149,PRESCRIBED AND COUNTER,BOTH,LIGHT VEHICLES,2023,ALL DAYS,39819,-1,-1
15286006,7149,PRESCRIBED,WEST,HEAVY VEHICLES,2023,ALL DAYS,2363,5,85
15286006,7149,PRESCRIBED,WEST,HEAVY VEHICLES,2023,AM PEAK,695,9,77
15286006,7149,PRESCRIBED,WEST,ALL VEHICLES,2023,OFF PEAK,11876,-1,-1
15286006,7149,PRESCRIBED,WEST,HEAVY VEHICLES,2023,PM PEAK,652,8,82
15286006,7149,PRESCRIBED AND COUNTER,BOTH,ALL VEHICLES,2023,OFF PEAK,22945,-1,-1
15286006,7149,COUNTER,EAST,LIGHT VEHICLES,2023,WEEKENDS,15031,-1,-1
15286006,7149,PRESCRIBED AND COUNTER,BOTH,HEAVY VEHICLES,2023,WEEKDAYS,5769,-1,-1
15286006,7149,COUNTER,EAST,ALL VEHICLES,2023,ALL DAYS,21837,-1,-1
15286006,7149,PRESCRIBED AND COUNTER,BOTH,LIGHT VEHICLES,2023,OFF PEAK,19929,-1,-1
15286006,7149,PRESCRIBED AND COUNTER,BOTH,ALL VEHICLES,2023,PM PEAK,12467,-1,-1
15286006,7149,COUNTER,EAST,HEAVY VEHICLES,2023,OFF PEAK,1556,4,82
15286006,7149,PRESCRIBED AND COUNTER,BOTH,HEAVY VEHICLES,2023,AM PEAK,1663,-1,-1
15286006,7149,COUNTER,EAST,HEAVY VEHICLES,2023,AM PEAK,968,8,82
15286006,7149,COUNTER,EAST,HEAVY VEHICLES,2023,PM PEAK,438,6,83
15286006,7149,PRESCRIBED AND COUNTER,BOTH,LIGHT VEHICLES,2023,AM PEAK,9269,-1,-1
15286006,7149,PRESCRIBED,WEST,HEAVY VEHICLES,2023,WEEKDAYS,2807,-1,-1
15286006,7149,PRESCRIBED AND COUNTER,BOTH,ALL VEHICLES,2023,AM PEAK,10932,-1,-1
15286006,7149,PRESCRIBED AND COUNTER,BOTH,HEAVY VEHICLES,2023,PM PEAK,1090,-1,-1
15286006,7149,PRESCRIBED,WEST,LIGHT VEHICLES,2023,AM PEAK,3751,14,76
15286006,7149,PRESCRIBED AND COUNTER,BOTH,ALL VEHICLES,2023,ALL DAYS,44680,-1,-1
15286006,7149,COUNTER,EAST,ALL VEHICLES,2023,PM PEAK,5158,-1,-1
15286006,7149,COUNTER,EAST,LIGHT VEHICLES,2023,AM PEAK,5518,10,80
15286006,7149,COUNTER,EAST,HEAVY VEHICLES,2023,WEEKDAYS,2962,-1,-1
15286006,7149,COUNTER,EAST,HEAVY VEHICLES,2023,WEEKENDS,920,-1,-1
15286006,7149,PRESCRIBED,WEST,LIGHT VEHICLES,2023,WEEKENDS,16469,-1,-1
15286006,7149,PRESCRIBED AND COUNTER,BOTH,LIGHT VEHICLES,2023,WEEKENDS,31500,-1,-1
15286006,7149,PRESCRIBED,WEST,LIGHT VEHICLES,2023,ALL DAYS,20480,6,82
15286006,7149,COUNTER,EAST,HEAVY VEHICLES,2023,ALL DAYS,2498,4,83
15286006,7149,COUNTER,EAST,ALL VEHICLES,2023,WEEKDAYS,22713,-1,-1
15286006,7149,PRESCRIBED AND COUNTER,BOTH,HEAVY VEHICLES,2023,WEEKENDS,1820,-1,-1
15286006,7149,PRESCRIBED,WEST,ALL VEHICLES,2023,WEEKDAYS,23631,-1,-1
15286006,7149,COUNTER,EAST,LIGHT VEHICLES,2023,PM PEAK,4720,10,81
15286006,7149,COUNTER,EAST,LIGHT VEHICLES,2023,OFF PEAK,9513,7,79
15286006,7149,PRESCRIBED AND COUNTER,BOTH,LIGHT VEHICLES,2023,WEEKDAYS,40575,-1,-1
15286006,7149,PRESCRIBED AND COUNTER,BOTH,LIGHT VEHICLES,2023,PM PEAK,11377,-1,-1
15286006,7149,COUNTER,EAST,ALL VEHICLES,2023,OFF PEAK,11069,-1,-1
15286006,7149,PRESCRIBED,WEST,ALL VEHICLES,2023,WEEKENDS,17369,-1,-1
15286006,7149,COUNTER,EAST,ALL VEHICLES,2023,AM PEAK,6486,-1,-1
15286006,7149,COUNTER,EAST,ALL VEHICLES,2023,WEEKENDS,15951,-1,-1
15286006,7149,PRESCRIBED,WEST,ALL VEHICLES,2023,PM PEAK,7309,-1,-1
15286006,7149,PRESCRIBED,WEST,LIGHT VEHICLES,2023,OFF PEAK,10416,7,78
15286006,7149,PRESCRIBED,WEST,HEAVY VEHICLES,2023,WEEKENDS,900,-1,-1
15286007,7150,PRESCRIBED,WEST,ALL VEHICLES,2023,ALL DAYS,17405,-1,-1
15286007,7150,PRESCRIBED,WEST,LIGHT VEHICLES,2023,PM PEAK,5436,40,80
15286007,7150,PRESCRIBED,WEST,LIGHT VEHICLES,2023,WEEKENDS,14924,-1,-1
15286007,7150,PRESCRIBED,WEST,LIGHT VEHICLES,2023,OFF PEAK,8073,29,81
15286007,7150,PRESCRIBED,WEST,HEAVY VEHICLES,2023,WEEKDAYS,903,-1,-1
15286007,7150,PRESCRIBED,WEST,HEAVY VEHICLES,2023,ALL DAYS,780,10,88
15286007,7150,PRESCRIBED,WEST,LIGHT VEHICLES,2023,AM PEAK,2842,33,83
15286007,7150,PRESCRIBED,WEST,ALL VEHICLES,2023,WEEKDAYS,17254,-1,-1
15286007,7150,PRESCRIBED,WEST,ALL VEHICLES,2023,AM PEAK,3070,-1,-1
15286007,7150,PRESCRIBED,WEST,HEAVY VEHICLES,2023,OFF PEAK,461,9,82
15286007,7150,PRESCRIBED,WEST,LIGHT VEHICLES,2023,ALL DAYS,16625,31,85
15286007,7150,PRESCRIBED,WEST,HEAVY VEHICLES,2023,AM PEAK,228,15,84
15286007,7150,PRESCRIBED,WEST,ALL VEHICLES,2023,WEEKENDS,15312,-1,-1
15286007,7150,PRESCRIBED,WEST,LIGHT VEHICLES,2023,WEEKDAYS,16351,-1,-1
15286007,7150,PRESCRIBED,WEST,HEAVY VEHICLES,2023,PM PEAK,214,16,80
15286007,7150,PRESCRIBED,WEST,HEAVY VEHICLES,2023,WEEKENDS,388,-1,-1
15286007,7150,PRESCRIBED,WEST,ALL VEHICLES,2023,OFF PEAK,8534,-1,-1
15286007,7150,PRESCRIBED,WEST,ALL VEHICLES,2023,PM PEAK,5650,-1,-1
15286008,7153,PRESCRIBED,NORTH,LIGHT VEHICLES,2023,AM PEAK,5968,54,90
15286008,7153,PRESCRIBED,NORTH,HEAVY VEHICLES,2023,AM PEAK,992,36,91
15286008,7153,PRESCRIBED,NORTH,HEAVY VEHICLES,2023,OFF PEAK,1553,23,91
15286008,7153,PRESCRIBED,NORTH,ALL VEHICLES,2023,WEEKENDS,16171,-1,-1
15286008,7153,PRESCRIBED,NORTH,HEAVY VEHICLES,2023,ALL DAYS,2521,22,93
15286008,7153,PRESCRIBED,NORTH,HEAVY VEHICLES,2023,WEEKDAYS,3024,-1,-1
15286008,7153,PRESCRIBED,NORTH,ALL VEHICLES,2023,PM PEAK,4909,-1,-1
15286008,7153,PRESCRIBED,NORTH,ALL VEHICLES,2023,AM PEAK,6960,-1,-1
15286008,7153,PRESCRIBED,NORTH,HEAVY VEHICLES,2023,WEEKENDS,1141,-1,-1
15286008,7153,PRESCRIBED,NORTH,LIGHT VEHICLES,2023,OFF PEAK,8405,45,90
15286008,7153,PRESCRIBED,NORTH,ALL VEHICLES,2023,ALL DAYS,20396,-1,-1
15286008,7153,PRESCRIBED,NORTH,ALL VEHICLES,2023,OFF PEAK,9958,-1,-1
15286008,7153,PRESCRIBED,NORTH,ALL VEHICLES,2023,WEEKDAYS,21827,-1,-1
15286008,7153,PRESCRIBED,NORTH,LIGHT VEHICLES,2023,WEEKENDS,15030,-1,-1
15286008,7153,PRESCRIBED,NORTH,HEAVY VEHICLES,2023,PM PEAK,479,26,92
15286008,7153,PRESCRIBED,NORTH,LIGHT VEHICLES,2023,WEEKDAYS,18803,-1,-1
15286008,7153,PRESCRIBED,NORTH,LIGHT VEHICLES,2023,ALL DAYS,17875,46,92
15286008,7153,PRESCRIBED,NORTH,LIGHT VEHICLES,2023,PM PEAK,4430,50,91
15286009,7159,COUNTER,SOUTH,HEAVY VEHICLES,2023,PM PEAK,361,23,94
15286009,7159,COUNTER,SOUTH,ALL VEHICLES,2023,ALL DAYS,17237,-1,-1
15286009,7159,COUNTER,SOUTH,ALL VEHICLES,2023,WEEKENDS,15288,-1,-1
15286009,7159,COUNTER,SOUTH,ALL VEHICLES,2023,AM PEAK,3872,-1,-1
15286009,7159,COUNTER,SOUTH,HEAVY VEHICLES,2023,ALL DAYS,1731,18,94
15286009,7159,COUNTER,SOUTH,ALL VEHICLES,2023,OFF PEAK,9369,-1,-1
15286009,7159,COUNTER,SOUTH,HEAVY VEHICLES,2023,OFF PEAK,1152,19,93
15286009,7159,COUNTER,SOUTH,LIGHT VEHICLES,2023,WEEKENDS,14465,-1,-1
15286009,7159,COUNTER,SOUTH,HEAVY VEHICLES,2023,WEEKDAYS,2066,-1,-1
15286009,7159,COUNTER,SOUTH,LIGHT VEHICLES,2023,AM PEAK,3319,43,91
15286009,7159,COUNTER,SOUTH,HEAVY VEHICLES,2023,AM PEAK,553,26,92
15286009,7159,COUNTER,SOUTH,HEAVY VEHICLES,2023,WEEKENDS,823,-1,-1
15286009,7159,COUNTER,SOUTH,LIGHT VEHICLES,2023,OFF PEAK,8217,37,92
15286009,7159,COUNTER,SOUTH,LIGHT VEHICLES,2023,WEEKDAYS,15822,-1,-1
15286009,7159,COUNTER,SOUTH,LIGHT VEHICLES,2023,PM PEAK,4286,44,93
15286009,7159,COUNTER,SOUTH,LIGHT VEHICLES,2023,ALL DAYS,15506,38,93
15286009,7159,COUNTER,SOUTH,ALL VEHICLES,2023,WEEKDAYS,17888,-1,-1
15286009,7159,COUNTER,SOUTH,ALL VEHICLES,2023,PM PEAK,4647,-1,-1
15286010,7161,COUNTER,WEST,ALL VEHICLES,2023,ALL DAYS,19547,-1,-1
15286010,7161,COUNTER,WEST,HEAVY VEHICLES,2023,ALL DAYS,1698,19,95
15286010,7161,COUNTER,WEST,HEAVY VEHICLES,2023,OFF PEAK,1104,21,94
15286010,7161,COUNTER,WEST,HEAVY VEHICLES,2023,WEEKDAYS,1988,-1,-1
15286010,7161,COUNTER,WEST,HEAVY VEHICLES,2023,PM PEAK,440,23,94
15286010,7161,COUNTER,WEST,ALL VEHICLES,2023,AM PEAK,4883,-1,-1
15286010,7161,COUNTER,WEST,HEAVY VEHICLES,2023,AM PEAK,444,27,94
15286010,7161,COUNTER,WEST,ALL VEHICLES,2023,OFF PEAK,9244,-1,-1
15286010,7161,COUNTER,WEST,LIGHT VEHICLES,2023,WEEKENDS,16753,-1,-1
15286010,7161,COUNTER,WEST,ALL VEHICLES,2023,WEEKDAYS,20084,-1,-1
15286010,7161,COUNTER,WEST,LIGHT VEHICLES,2023,ALL DAYS,17849,48,94
15286010,7161,COUNTER,WEST,ALL VEHICLES,2023,WEEKENDS,17685,-1,-1
15286010,7161,COUNTER,WEST,LIGHT VEHICLES,2023,WEEKDAYS,18096,-1,-1
15286010,7161,COUNTER,WEST,LIGHT VEHICLES,2023,AM PEAK,4439,53,92
15286010,7161,COUNTER,WEST,LIGHT VEHICLES,2023,PM PEAK,5517,53,93
15286010,7161,COUNTER,WEST,LIGHT VEHICLES,2023,OFF PEAK,8140,45,93
15286010,7161,COUNTER,WEST,ALL VEHICLES,2023,PM PEAK,5957,-1,-1
15286010,7161,COUNTER,WEST,HEAVY VEHICLES,2023,WEEKENDS,932,-1,-1
15286011,7162,PRESCRIBED,WEST,LIGHT VEHICLES,2023,AM PEAK,4233,45,80
15286011,7162,PRESCRIBED,WEST,ALL VEHICLES,2023,ALL DAYS,17056,-1,-1
15286011,7162,PRESCRIBED,WEST,ALL VEHICLES,2023,AM PEAK,4609,-1,-1
15286011,7162,PRESCRIBED,WEST,HEAVY VEHICLES,2023,OFF PEAK,668,9,84
15286011,7162,PRESCRIBED,WEST,HEAVY VEHICLES,2023,WEEKDAYS,1344,-1,-1
15286011,7162,PRESCRIBED,WEST,LIGHT VEHICLES,2023,WEEKENDS,14168,-1,-1
15286011,7162,PRESCRIBED,WEST,HEAVY VEHICLES,2023,WEEKENDS,904,-1,-1
15286011,7162,PRESCRIBED,WEST,HEAVY VEHICLES,2023,PM PEAK,300,12,86
15286011,7162,PRESCRIBED,WEST,ALL VEHICLES,2023,WEEKENDS,15072,-1,-1
15286011,7162,PRESCRIBED,WEST,ALL VEHICLES,2023,WEEKDAYS,16973,-1,-1
15286011,7162,PRESCRIBED,WEST,HEAVY VEHICLES,2023,ALL DAYS,1232,9,88
15286011,7162,PRESCRIBED,WEST,LIGHT VEHICLES,2023,PM PEAK,3984,39,85
15286011,7162,PRESCRIBED,WEST,HEAVY VEHICLES,2023,AM PEAK,376,15,80
15286011,7162,PRESCRIBED,WEST,LIGHT VEHICLES,2023,ALL DAYS,15824,35,87
15286011,7162,PRESCRIBED,WEST,ALL VEHICLES,2023,OFF PEAK,8080,-1,-1
15286011,7162,PRESCRIBED,WEST,ALL VEHICLES,2023,PM PEAK,4284,-1,-1
15286011,7162,PRESCRIBED,WEST,LIGHT VEHICLES,2023,OFF PEAK,7412,32,83
15286012,7163,COUNTER,EAST,ALL VEHICLES,2023,OFF PEAK,13853,-1,-1
15286012,7163,COUNTER,EAST,LIGHT VEHICLES,2023,ALL DAYS,27221,46,91
15286012,7163,COUNTER,EAST,HEAVY VEHICLES,2023,AM PEAK,779,20,91
15286012,7163,COUNTER,EAST,LIGHT VEHICLES,2023,OFF PEAK,12714,41,90
15286012,7163,COUNTER,EAST,ALL VEHICLES,2023,WEEKDAYS,29662,-1,-1
15286012,7163,COUNTER,EAST,HEAVY VEHICLES,2023,PM PEAK,432,13,91
15286012,7163,COUNTER,EAST,ALL VEHICLES,2023,WEEKENDS,27365,-1,-1
15286012,7163,COUNTER,EAST,HEAVY VEHICLES,2023,WEEKDAYS,2350,-1,-1
15286012,7163,COUNTER,EAST,ALL VEHICLES,2023,AM PEAK,8945,-1,-1
15286012,7163,COUNTER,EAST,HEAVY VEHICLES,2023,OFF PEAK,1139,13,91
15286012,7163,COUNTER,EAST,LIGHT VEHICLES,2023,PM PEAK,6432,56,90
15286012,7163,COUNTER,EAST,LIGHT VEHICLES,2023,WEEKENDS,26148,-1,-1
15286012,7163,COUNTER,EAST,ALL VEHICLES,2023,PM PEAK,6864,-1,-1
15286012,7163,COUNTER,EAST,LIGHT VEHICLES,2023,WEEKDAYS,27312,-1,-1
15286012,7163,COUNTER,EAST,HEAVY VEHICLES,2023,WEEKENDS,1217,-1,-1
15286012,7163,COUNTER,EAST,LIGHT VEHICLES,2023,AM PEAK,8166,56,90
15286012,7163,COUNTER,EAST,HEAVY VEHICLES,2023,ALL DAYS,2031,12,92
15286012,7163,COUNTER,EAST,ALL VEHICLES,2023,ALL DAYS,29252,-1,-1
15286013,7164,COUNTER,EAST,ALL VEHICLES,2023,PM PEAK,2927,-1,-1
15286013,7164,COUNTER,EAST,LIGHT VEHICLES,2023,WEEKENDS,8840,-1,-1
15286013,7164,COUNTER,EAST,ALL VEHICLES,2023,ALL DAYS,11289,-1,-1
15286013,7164,COUNTER,EAST,HEAVY VEHICLES,2023,OFF PEAK,531,12,90
15286013,7164,COUNTER,EAST,LIGHT VEHICLES,2023,ALL DAYS,10334,43,91
15286013,7164,COUNTER,EAST,HEAVY VEHICLES,2023,WEEKDAYS,1090,-1,-1
15286013,7164,COUNTER,EAST,ALL VEHICLES,2023,AM PEAK,3405,-1,-1
15286013,7164,COUNTER,EAST,LIGHT VEHICLES,2023,WEEKDAYS,10822,-1,-1
15286013,7164,COUNTER,EAST,LIGHT VEHICLES,2023,PM PEAK,2712,49,91
15286013,7164,COUNTER,EAST,ALL VEHICLES,2023,OFF PEAK,5580,-1,-1
15286013,7164,COUNTER,EAST,ALL VEHICLES,2023,WEEKDAYS,11912,-1,-1
15286013,7164,COUNTER,EAST,HEAVY VEHICLES,2023,AM PEAK,344,21,91
15286013,7164,COUNTER,EAST,HEAVY VEHICLES,2023,WEEKENDS,619,-1,-1
15286013,7164,COUNTER,EAST,LIGHT VEHICLES,2023,OFF PEAK,5049,41,89
15286013,7164,COUNTER,EAST,ALL VEHICLES,2023,WEEKENDS,9459,-1,-1
15286013,7164,COUNTER,EAST,HEAVY VEHICLES,2023,PM PEAK,215,15,92
15286013,7164,COUNTER,EAST,LIGHT VEHICLES,2023,AM PEAK,3061,50,90
15286013,7164,COUNTER,EAST,HEAVY VEHICLES,2023,ALL DAYS,955,12,92
15286014,7168,PRESCRIBED,WEST,HEAVY VEHICLES,2023,WEEKDAYS,1137,-1,-1
15286014,7168,PRESCRIBED,WEST,LIGHT VEHICLES,2023,WEEKDAYS,9203,-1,-1
15286014,7168,PRESCRIBED,WEST,LIGHT VEHICLES,2023,ALL DAYS,8306,34,90
15286014,7168,PRESCRIBED,WEST,HEAVY VEHICLES,2023,AM PEAK,254,19,90
15286014,7168,PRESCRIBED,WEST,LIGHT VEHICLES,2023,PM PEAK,3470,41,89
15286014,7168,PRESCRIBED,WEST,ALL VEHICLES,2023,PM PEAK,3786,-1,-1
15286014,7168,PRESCRIBED,WEST,LIGHT VEHICLES,2023,WEEKENDS,5984,-1,-1
15286014,7168,PRESCRIBED,WEST,ALL VEHICLES,2023,ALL DAYS,9266,-1,-1
15286014,7168,PRESCRIBED,WEST,HEAVY VEHICLES,2023,WEEKENDS,538,-1,-1
15286014,7168,PRESCRIBED,WEST,ALL VEHICLES,2023,WEEKDAYS,10340,-1,-1
15286014,7168,PRESCRIBED,WEST,HEAVY VEHICLES,2023,ALL DAYS,960,12,91
15286014,7168,PRESCRIBED,WEST,ALL VEHICLES,2023,WEEKENDS,6522,-1,-1
15286014,7168,PRESCRIBED,WEST,HEAVY VEHICLES,2023,PM PEAK,316,19,90
15286014,7168,PRESCRIBED,WEST,HEAVY VEHICLES,2023,OFF PEAK,567,12,90
15286014,7168,PRESCRIBED,WEST,ALL VEHICLES,2023,OFF PEAK,4517,-1,-1
15286014,7168,PRESCRIBED,WEST,LIGHT VEHICLES,2023,OFF PEAK,3950,32,89
15286014,7168,PRESCRIBED,WEST,LIGHT VEHICLES,2023,AM PEAK,1783,39,88
15286014,7168,PRESCRIBED,WEST,ALL VEHICLES,2023,AM PEAK,2037,-1,-1
15334002,7251,COUNTER,WEST,HEAVY VEHICLES,2023,WEEKDAYS,3851,-1,-1
15334002,7251,COUNTER,WEST,ALL VEHICLES,2023,ALL DAYS,26795,-1,-1
15334002,7251,COUNTER,WEST,LIGHT VEHICLES,2023,AM PEAK,4184,41,90
15334002,7251,COUNTER,WEST,ALL VEHICLES,2023,WEEKDAYS,27092,-1,-1
15334002,7251,COUNTER,WEST,LIGHT VEHICLES,2023,ALL DAYS,23529,37,92
15334002,7251,COUNTER,WEST,ALL VEHICLES,2023,AM PEAK,4992,-1,-1
15334002,7251,COUNTER,WEST,LIGHT VEHICLES,2023,WEEKDAYS,23241,-1,-1
15334002,7251,COUNTER,WEST,HEAVY VEHICLES,2023,OFF PEAK,2147,22,92
15334002,7251,COUNTER,WEST,HEAVY VEHICLES,2023,WEEKENDS,1662,-1,-1
15334002,7251,COUNTER,WEST,LIGHT VEHICLES,2023,PM PEAK,6902,42,92
15334002,7251,COUNTER,WEST,HEAVY VEHICLES,2023,PM PEAK,896,25,93
15334002,7251,COUNTER,WEST,ALL VEHICLES,2023,OFF PEAK,14302,-1,-1
15334002,7251,COUNTER,WEST,LIGHT VEHICLES,2023,OFF PEAK,12155,36,91
15334002,7251,COUNTER,WEST,HEAVY VEHICLES,2023,ALL DAYS,3266,20,94
15334002,7251,COUNTER,WEST,ALL VEHICLES,2023,PM PEAK,7798,-1,-1
15334002,7251,COUNTER,WEST,LIGHT VEHICLES,2023,WEEKENDS,23710,-1,-1
15334002,7251,COUNTER,WEST,ALL VEHICLES,2023,WEEKENDS,25372,-1,-1
15334002,7251,COUNTER,WEST,HEAVY VEHICLES,2023,AM PEAK,808,29,92
15334003,7272,COUNTER,SOUTH,HEAVY VEHICLES,2023,ALL DAYS,741,15,95
15334003,7272,COUNTER,SOUTH,HEAVY VEHICLES,2023,PM PEAK,163,19,94
15334003,7272,COUNTER,SOUTH,ALL VEHICLES,2023,WEEKENDS,7410,-1,-1
15334003,7272,COUNTER,SOUTH,ALL VEHICLES,2023,PM PEAK,1994,-1,-1
15334003,7272,COUNTER,SOUTH,LIGHT VEHICLES,2023,PM PEAK,1831,46,93
15334003,7272,COUNTER,SOUTH,ALL VEHICLES,2023,ALL DAYS,8084,-1,-1
15334003,7272,COUNTER,SOUTH,ALL VEHICLES,2023,WEEKDAYS,8287,-1,-1
15334003,7272,COUNTER,SOUTH,ALL VEHICLES,2023,OFF PEAK,4404,-1,-1
15334003,7272,COUNTER,SOUTH,HEAVY VEHICLES,2023,WEEKDAYS,850,-1,-1
15334003,7272,COUNTER,SOUTH,LIGHT VEHICLES,2023,OFF PEAK,3940,37,93
15334003,7272,COUNTER,SOUTH,HEAVY VEHICLES,2023,AM PEAK,223,23,93
15334003,7272,COUNTER,SOUTH,LIGHT VEHICLES,2023,AM PEAK,1666,46,93
15334003,7272,COUNTER,SOUTH,HEAVY VEHICLES,2023,WEEKENDS,451,-1,-1
15334003,7272,COUNTER,SOUTH,HEAVY VEHICLES,2023,OFF PEAK,464,14,94
15334003,7272,COUNTER,SOUTH,LIGHT VEHICLES,2023,ALL DAYS,7343,39,95
15334003,7272,COUNTER,SOUTH,LIGHT VEHICLES,2023,WEEKDAYS,7437,-1,-1
15334003,7272,COUNTER,SOUTH,ALL VEHICLES,2023,AM PEAK,1889,-1,-1
15334003,7272,COUNTER,SOUTH,LIGHT VEHICLES,2023,WEEKENDS,6959,-1,-1
15334004,7275,PRESCRIBED,SOUTH,ALL VEHICLES,2023,AM PEAK,1868,-1,-1
15334004,7275,PRESCRIBED AND COUNTER,BOTH,LIGHT VEHICLES,2023,ALL DAYS,22628,-1,-1
15334004,7275,COUNTER,NORTH,LIGHT VEHICLES,2023,ALL DAYS,11324,25,94
15334004,7275,PRESCRIBED,SOUTH,LIGHT VEHICLES,2023,PM PEAK,3973,29,89
15334004,7275,PRESCRIBED,SOUTH,LIGHT VEHICLES,2023,AM PEAK,1683,30,89
15334004,7275,PRESCRIBED AND COUNTER,BOTH,LIGHT VEHICLES,2023,AM PEAK,5239,-1,-1
15334004,7275,PRESCRIBED,SOUTH,HEAVY VEHICLES,2023,WEEKENDS,528,-1,-1
15334004,7275,COUNTER,NORTH,ALL VEHICLES,2023,WEEKENDS,11195,-1,-1
15334004,7275,PRESCRIBED,SOUTH,ALL VEHICLES,2023,WEEKENDS,11073,-1,-1
15334004,7275,PRESCRIBED AND COUNTER,BOTH,HEAVY VEHICLES,2023,PM PEAK,487,-1,-1
15334004,7275,PRESCRIBED,SOUTH,ALL VEHICLES,2023,PM PEAK,4288,-1,-1
15334004,7275,COUNTER,NORTH,LIGHT VEHICLES,2023,OFF PEAK,5361,23,92
15334004,7275,PRESCRIBED,SOUTH,HEAVY VEHICLES,2023,WEEKDAYS,988,-1,-1
15334004,7275,COUNTER,NORTH,HEAVY VEHICLES,2023,OFF PEAK,518,12,93
15334004,7275,PRESCRIBED AND COUNTER,BOTH,LIGHT VEHICLES,2023,OFF PEAK,11120,-1,-1
15334004,7275,PRESCRIBED AND COUNTER,BOTH,HEAVY VEHICLES,2023,WEEKDAYS,2109,-1,-1
15334004,7275,COUNTER,NORTH,LIGHT VEHICLES,2023,WEEKENDS,10600,-1,-1
15334004,7275,PRESCRIBED,SOUTH,ALL VEHICLES,2023,ALL DAYS,12165,-1,-1
15334004,7275,PRESCRIBED,SOUTH,HEAVY VEHICLES,2023,OFF PEAK,488,10,92
15334004,7275,PRESCRIBED,SOUTH,HEAVY VEHICLES,2023,PM PEAK,315,16,89
15334004,7275,COUNTER,NORTH,HEAVY VEHICLES,2023,AM PEAK,431,23,93
15334004,7275,COUNTER,NORTH,LIGHT VEHICLES,2023,WEEKDAYS,11453,-1,-1
15334004,7275,PRESCRIBED AND COUNTER,BOTH,LIGHT VEHICLES,2023,WEEKENDS,21145,-1,-1
15334004,7275,PRESCRIBED AND COUNTER,BOTH,HEAVY VEHICLES,2023,AM PEAK,616,-1,-1
15334004,7275,PRESCRIBED,SOUTH,HEAVY VEHICLES,2023,ALL DAYS,861,9,91
15334004,7275,PRESCRIBED,SOUTH,ALL VEHICLES,2023,OFF PEAK,6247,-1,-1
15334004,7275,COUNTER,NORTH,HEAVY VEHICLES,2023,PM PEAK,172,11,93
15334004,7275,COUNTER,NORTH,LIGHT VEHICLES,2023,AM PEAK,3556,38,93
15334004,7275,COUNTER,NORTH,ALL VEHICLES,2023,WEEKDAYS,12574,-1,-1
15334004,7275,PRESCRIBED AND COUNTER,BOTH,ALL VEHICLES,2023,ALL DAYS,24465,-1,-1
15334004,7275,COUNTER,NORTH,ALL VEHICLES,2023,AM PEAK,3987,-1,-1
15334004,7275,COUNTER,NORTH,LIGHT VEHICLES,2023,PM PEAK,2536,37,93
15334004,7275,PRESCRIBED,SOUTH,LIGHT VEHICLES,2023,OFF PEAK,5759,22,90
15334004,7275,PRESCRIBED AND COUNTER,BOTH,ALL VEHICLES,2023,OFF PEAK,12126,-1,-1
15334004,7275,PRESCRIBED,SOUTH,LIGHT VEHICLES,2023,WEEKDAYS,11415,-1,-1
15334004,7275,PRESCRIBED AND COUNTER,BOTH,HEAVY VEHICLES,2023,WEEKENDS,1123,-1,-1
15334004,7275,PRESCRIBED AND COUNTER,BOTH,HEAVY VEHICLES,2023,OFF PEAK,1006,-1,-1
15334004,7275,PRESCRIBED,SOUTH,LIGHT VEHICLES,2023,WEEKENDS,10545,-1,-1
15334004,7275,PRESCRIBED AND COUNTER,BOTH,LIGHT VEHICLES,2023,PM PEAK,6509,-1,-1
15334004,7275,PRESCRIBED,SOUTH,ALL VEHICLES,2023,WEEKDAYS,12403,-1,-1
15334004,7275,COUNTER,NORTH,ALL VEHICLES,2023,ALL DAYS,12300,-1,-1
15334004,7275,PRESCRIBED AND COUNTER,BOTH,LIGHT VEHICLES,2023,WEEKDAYS,22868,-1,-1
15334004,7275,COUNTER,NORTH,HEAVY VEHICLES,2023,ALL DAYS,976,11,95
15334004,7275,COUNTER,NORTH,HEAVY VEHICLES,2023,WEEKENDS,595,-1,-1
15334004,7275,PRESCRIBED AND COUNTER,BOTH,HEAVY VEHICLES,2023,ALL DAYS,1837,-1,-1
15334004,7275,PRESCRIBED,SOUTH,LIGHT VEHICLES,2023,ALL DAYS,11304,23,85
15334004,7275,PRESCRIBED AND COUNTER,BOTH,ALL VEHICLES,2023,AM PEAK,5855,-1,-1
15334004,7275,COUNTER,NORTH,HEAVY VEHICLES,2023,WEEKDAYS,1121,-1,-1
15334004,7275,COUNTER,NORTH,ALL VEHICLES,2023,PM PEAK,2708,-1,-1
15334004,7275,PRESCRIBED,SOUTH,HEAVY VEHICLES,2023,AM PEAK,185,14,91
15334004,7275,PRESCRIBED AND COUNTER,BOTH,ALL VEHICLES,2023,WEEKDAYS,24977,-1,-1
15334004,7275,PRESCRIBED AND COUNTER,BOTH,ALL VEHICLES,2023,PM PEAK,6996,-1,-1
15334004,7275,COUNTER,NORTH,ALL VEHICLES,2023,OFF PEAK,5879,-1,-1
15334004,7275,PRESCRIBED AND COUNTER,BOTH,ALL VEHICLES,2023,WEEKENDS,22268,-1,-1
15334006,9827,COUNTER,SOUTH,LIGHT VEHICLES,2023,ALL DAYS,14585,41,92
15334006,9827,COUNTER,SOUTH,HEAVY VEHICLES,2023,WEEKENDS,965,-1,-1
15334006,9827,COUNTER,SOUTH,ALL VEHICLES,2023,OFF PEAK,7729,-1,-1
15334006,9827,COUNTER,SOUTH,LIGHT VEHICLES,2023,WEEKDAYS,14882,-1,-1
15334006,9827,COUNTER,SOUTH,LIGHT VEHICLES,2023,WEEKENDS,13447,-1,-1
15334006,9827,COUNTER,SOUTH,ALL VEHICLES,2023,AM PEAK,4048,-1,-1
15334006,9827,COUNTER,SOUTH,HEAVY VEHICLES,2023,ALL DAYS,1518,15,93
15334006,9827,COUNTER,SOUTH,HEAVY VEHICLES,2023,AM PEAK,495,23,92
15334006,9827,COUNTER,SOUTH,HEAVY VEHICLES,2023,OFF PEAK,827,14,93
15334006,9827,COUNTER,SOUTH,ALL VEHICLES,2023,PM PEAK,4826,-1,-1
15334006,9827,COUNTER,SOUTH,LIGHT VEHICLES,2023,AM PEAK,3553,49,92
15334006,9827,COUNTER,SOUTH,ALL VEHICLES,2023,WEEKENDS,14412,-1,-1
15334006,9827,COUNTER,SOUTH,ALL VEHICLES,2023,WEEKDAYS,16603,-1,-1
15334006,9827,COUNTER,SOUTH,ALL VEHICLES,2023,ALL DAYS,16103,-1,-1
15334006,9827,COUNTER,SOUTH,LIGHT VEHICLES,2023,PM PEAK,4427,54,93
15334006,9827,COUNTER,SOUTH,HEAVY VEHICLES,2023,PM PEAK,399,20,93
15334006,9827,COUNTER,SOUTH,LIGHT VEHICLES,2023,OFF PEAK,6902,36,92
15334006,9827,COUNTER,SOUTH,HEAVY VEHICLES,2023,WEEKDAYS,1721,-1,-1
15334014,T0085,COUNTER,EAST,HEAVY VEHICLES,2023,PM PEAK,32,16,94
15334014,T0085,PRESCRIBED,WEST,ALL VEHICLES,2023,WEEKENDS,1808,-1,-1
15334014,T0085,COUNTER,EAST,HEAVY VEHICLES,2023,AM PEAK,60,14,94
15334014,T0085,PRESCRIBED AND COUNTER,BOTH,ALL VEHICLES,2023,PM PEAK,1329,-1,-1
15334014,T0085,PRESCRIBED,WEST,ALL VEHICLES,2023,AM PEAK,451,-1,-1
15334014,T0085,COUNTER,EAST,ALL VEHICLES,2023,ALL DAYS,1868,-1,-1
15334014,T0085,PRESCRIBED AND COUNTER,BOTH,ALL VEHICLES,2023,WEEKDAYS,4045,-1,-1
15334014,T0085,PRESCRIBED AND COUNTER,BOTH,ALL VEHICLES,2023,OFF PEAK,1559,-1,-1
15334014,T0085,COUNTER,EAST,ALL VEHICLES,2023,OFF PEAK,734,-1,-1
15334014,T0085,PRESCRIBED AND COUNTER,BOTH,HEAVY VEHICLES,2023,ALL DAYS,220,-1,-1
15334014,T0085,PRESCRIBED AND COUNTER,BOTH,LIGHT VEHICLES,2023,OFF PEAK,1450,-1,-1
15334014,T0085,COUNTER,EAST,HEAVY VEHICLES,2023,ALL DAYS,129,6,95
15334014,T0085,COUNTER,EAST,HEAVY VEHICLES,2023,WEEKDAYS,154,-1,-1
15334014,T0085,PRESCRIBED AND COUNTER,BOTH,LIGHT VEHICLES,2023,WEEKENDS,3316,-1,-1
15334014,T0085,PRESCRIBED,WEST,LIGHT VEHICLES,2023,PM PEAK,791,48,94
15334014,T0085,COUNTER,EAST,LIGHT VEHICLES,2023,ALL DAYS,1739,36,95
15334014,T0085,COUNTER,EAST,HEAVY VEHICLES,2023,WEEKENDS,81,-1,-1
15334014,T0085,COUNTER,EAST,ALL VEHICLES,2023,AM PEAK,706,-1,-1
15334014,T0085,PRESCRIBED,WEST,ALL VEHICLES,2023,PM PEAK,832,-1,-1
15334014,T0085,PRESCRIBED,WEST,HEAVY VEHICLES,2023,PM PEAK,41,10,94
15334014,T0085,PRESCRIBED,WEST,HEAVY VEHICLES,2023,WEEKDAYS,113,-1,-1
15334014,T0085,PRESCRIBED AND COUNTER,BOTH,LIGHT VEHICLES,2023,AM PEAK,1072,-1,-1
15334014,T0085,COUNTER,EAST,ALL VEHICLES,2023,WEEKDAYS,1937,-1,-1
15334014,T0085,COUNTER,EAST,LIGHT VEHICLES,2023,OFF PEAK,672,32,94
15334014,T0085,PRESCRIBED AND COUNTER,BOTH,ALL VEHICLES,2023,AM PEAK,1157,-1,-1
15334014,T0085,PRESCRIBED,WEST,LIGHT VEHICLES,2023,ALL DAYS,1939,38,95
15334014,T0085,PRESCRIBED AND COUNTER,BOTH,ALL VEHICLES,2023,WEEKENDS,3464,-1,-1
15334014,T0085,PRESCRIBED AND COUNTER,BOTH,HEAVY VEHICLES,2023,WEEKDAYS,267,-1,-1
15334014,T0085,COUNTER,EAST,HEAVY VEHICLES,2023,OFF PEAK,62,5,94
15334014,T0085,PRESCRIBED,WEST,HEAVY VEHICLES,2023,ALL DAYS,91,4,95
15334014,T0085,PRESCRIBED AND COUNTER,BOTH,HEAVY VEHICLES,2023,AM PEAK,85,-1,-1
15334014,T0085,PRESCRIBED,WEST,ALL VEHICLES,2023,WEEKDAYS,2108,-1,-1
15334014,T0085,PRESCRIBED AND COUNTER,BOTH,LIGHT VEHICLES,2023,ALL DAYS,3678,-1,-1
15334014,T0085,PRESCRIBED AND COUNTER,BOTH,ALL VEHICLES,2023,ALL DAYS,3898,-1,-1
15334014,T0085,PRESCRIBED,WEST,LIGHT VEHICLES,2023,WEEKENDS,1741,-1,-1
15334014,T0085,COUNTER,EAST,ALL VEHICLES,2023,WEEKENDS,1656,-1,-1
15334014,T0085,PRESCRIBED,WEST,ALL VEHICLES,2023,ALL DAYS,2030,-1,-1
15334014,T0085,COUNTER,EAST,ALL VEHICLES,2023,PM PEAK,497,-1,-1
15334014,T0085,PRESCRIBED AND COUNTER,BOTH,LIGHT VEHICLES,2023,WEEKDAYS,3778,-1,-1
15334014,T0085,COUNTER,EAST,LIGHT VEHICLES,2023,PM PEAK,465,43,95
15334014,T0085,COUNTER,EAST,LIGHT VEHICLES,2023,WEEKDAYS,1783,-1,-1
15334014,T0085,PRESCRIBED,WEST,LIGHT VEHICLES,2023,WEEKDAYS,1995,-1,-1
15334014,T0085,PRESCRIBED,WEST,HEAVY VEHICLES,2023,WEEKENDS,67,-1,-1
15334014,T0085,PRESCRIBED,WEST,HEAVY VEHICLES,2023,AM PEAK,25,9,93
15334014,T0085,COUNTER,EAST,LIGHT VEHICLES,2023,AM PEAK,646,47,94
15334014,T0085,PRESCRIBED,WEST,HEAVY VEHICLES,2023,OFF PEAK,47,6,94
15334014,T0085,PRESCRIBED,WEST,LIGHT VEHICLES,2023,OFF PEAK,778,34,94
15334014,T0085,COUNTER,EAST,LIGHT VEHICLES,2023,WEEKENDS,1575,-1,-1
15334014,T0085,PRESCRIBED AND COUNTER,BOTH,LIGHT VEHICLES,2023,PM PEAK,1256,-1,-1
15334014,T0085,PRESCRIBED,WEST,LIGHT VEHICLES,2023,AM PEAK,426,44,94
15334016,T0231,COUNTER,EAST,HEAVY VEHICLES,2023,PM PEAK,263,14,91
15334016,T0231,COUNTER,EAST,ALL VEHICLES,2023,OFF PEAK,9161,-1,-1
15334016,T0231,COUNTER,EAST,ALL VEHICLES,2023,WEEKDAYS,20300,-1,-1
15334016,T0231,COUNTER,EAST,ALL VEHICLES,2023,AM PEAK,6126,-1,-1
15334016,T0231,COUNTER,EAST,LIGHT VEHICLES,2023,WEEKDAYS,18814,-1,-1
15334016,T0231,COUNTER,EAST,LIGHT VEHICLES,2023,AM PEAK,5575,51,91
15334016,T0231,COUNTER,EAST,HEAVY VEHICLES,2023,WEEKENDS,776,-1,-1
15334016,T0231,COUNTER,EAST,HEAVY VEHICLES,2023,WEEKDAYS,1486,-1,-1
15334016,T0231,COUNTER,EAST,ALL VEHICLES,2023,WEEKENDS,18452,-1,-1
15334016,T0231,COUNTER,EAST,LIGHT VEHICLES,2023,OFF PEAK,8489,36,92
15334016,T0231,COUNTER,EAST,LIGHT VEHICLES,2023,PM PEAK,4750,55,91
15334016,T0231,COUNTER,EAST,ALL VEHICLES,2023,ALL DAYS,19958,-1,-1
15334016,T0231,COUNTER,EAST,HEAVY VEHICLES,2023,ALL DAYS,1283,12,93
15334016,T0231,COUNTER,EAST,LIGHT VEHICLES,2023,ALL DAYS,18675,41,93
15334016,T0231,COUNTER,EAST,ALL VEHICLES,2023,PM PEAK,5013,-1,-1
15334016,T0231,COUNTER,EAST,LIGHT VEHICLES,2023,WEEKENDS,17676,-1,-1
15334016,T0231,COUNTER,EAST,HEAVY VEHICLES,2023,OFF PEAK,672,12,91
15334016,T0231,COUNTER,EAST,HEAVY VEHICLES,2023,AM PEAK,551,22,92
15334029,T0337,COUNTER,EAST,ALL VEHICLES,2023,PM PEAK,545,-1,-1
15334029,T0337,COUNTER,EAST,LIGHT VEHICLES,2023,WEEKENDS,1742,-1,-1
15334029,T0337,COUNTER,EAST,ALL VEHICLES,2023,WEEKENDS,1830,-1,-1
15334029,T0337,COUNTER,EAST,HEAVY VEHICLES,2023,WEEKDAYS,166,-1,-1
15334029,T0337,PRESCRIBED AND COUNTER,BOTH,HEAVY VEHICLES,2023,ALL DAYS,286,-1,-1
15334029,T0337,PRESCRIBED AND COUNTER,BOTH,LIGHT VEHICLES,2023,WEEKDAYS,4043,-1,-1
15334029,T0337,PRESCRIBED AND COUNTER,BOTH,LIGHT VEHICLES,2023,PM PEAK,1327,-1,-1
15334029,T0337,COUNTER,EAST,ALL VEHICLES,2023,WEEKDAYS,2112,-1,-1
15334029,T0337,COUNTER,EAST,LIGHT VEHICLES,2023,ALL DAYS,1902,37,95
15334029,T0337,PRESCRIBED,WEST,ALL VEHICLES,2023,OFF PEAK,907,-1,-1
15334029,T0337,PRESCRIBED AND COUNTER,BOTH,ALL VEHICLES,2023,OFF PEAK,1729,-1,-1
15334029,T0337,COUNTER,EAST,HEAVY VEHICLES,2023,PM PEAK,37,10,93
15334029,T0337,PRESCRIBED,WEST,ALL VEHICLES,2023,PM PEAK,888,-1,-1
15334029,T0337,COUNTER,EAST,ALL VEHICLES,2023,ALL DAYS,2038,-1,-1
15334029,T0337,PRESCRIBED,WEST,HEAVY VEHICLES,2023,WEEKDAYS,184,-1,-1
15334029,T0337,PRESCRIBED AND COUNTER,BOTH,HEAVY VEHICLES,2023,WEEKDAYS,350,-1,-1
15334029,T0337,PRESCRIBED AND COUNTER,BOTH,ALL VEHICLES,2023,PM PEAK,1433,-1,-1
15334029,T0337,PRESCRIBED,WEST,ALL VEHICLES,2023,ALL DAYS,2189,-1,-1
15334029,T0337,PRESCRIBED,WEST,ALL VEHICLES,2023,AM PEAK,486,-1,-1
15334029,T0337,PRESCRIBED AND COUNTER,BOTH,ALL VEHICLES,2023,ALL DAYS,4227,-1,-1
15334029,T0337,COUNTER,EAST,HEAVY VEHICLES,2023,ALL DAYS,136,6,95
15334029,T0337,PRESCRIBED AND COUNTER,BOTH,LIGHT VEHICLES,2023,AM PEAK,1126,-1,-1
15334029,T0337,COUNTER,EAST,HEAVY VEHICLES,2023,WEEKENDS,88,-1,-1
15334029,T0337,PRESCRIBED AND COUNTER,BOTH,LIGHT VEHICLES,2023,ALL DAYS,3941,-1,-1
15334029,T0337,PRESCRIBED,WEST,HEAVY VEHICLES,2023,PM PEAK,69,9,93
15334029,T0337,PRESCRIBED,WEST,HEAVY VEHICLES,2023,WEEKENDS,98,-1,-1
15334029,T0337,COUNTER,EAST,LIGHT VEHICLES,2023,OFF PEAK,757,33,93
15334029,T0337,COUNTER,EAST,ALL VEHICLES,2023,OFF PEAK,822,-1,-1
15334029,T0337,PRESCRIBED,WEST,LIGHT VEHICLES,2023,WEEKDAYS,2097,-1,-1
15334029,T0337,PRESCRIBED AND COUNTER,BOTH,HEAVY VEHICLES,2023,OFF PEAK,139,-1,-1
15334029,T0337,PRESCRIBED AND COUNTER,BOTH,ALL VEHICLES,2023,WEEKDAYS,4393,-1,-1
15334029,T0337,COUNTER,EAST,LIGHT VEHICLES,2023,WEEKDAYS,1946,-1,-1
15334029,T0337,COUNTER,EAST,HEAVY VEHICLES,2023,AM PEAK,64,10,93
15334029,T0337,PRESCRIBED AND COUNTER,BOTH,HEAVY VEHICLES,2023,PM PEAK,106,-1,-1
15334029,T0337,COUNTER,EAST,LIGHT VEHICLES,2023,PM PEAK,508,44,94
15334029,T0337,PRESCRIBED,WEST,HEAVY VEHICLES,2023,ALL DAYS,150,7,93
15334029,T0337,PRESCRIBED,WEST,LIGHT VEHICLES,2023,ALL DAYS,2039,38,93
15334029,T0337,PRESCRIBED AND COUNTER,BOTH,LIGHT VEHICLES,2023,WEEKENDS,3575,-1,-1
15334029,T0337,PRESCRIBED,WEST,HEAVY VEHICLES,2023,AM PEAK,41,10,92
15334029,T0337,PRESCRIBED,WEST,HEAVY VEHICLES,2023,OFF PEAK,74,6,93
15334029,T0337,PRESCRIBED,WEST,LIGHT VEHICLES,2023,OFF PEAK,833,35,93
15334029,T0337,PRESCRIBED,WEST,LIGHT VEHICLES,2023,PM PEAK,819,48,94
15334029,T0337,PRESCRIBED,WEST,ALL VEHICLES,2023,WEEKDAYS,2281,-1,-1
15334029,T0337,COUNTER,EAST,LIGHT VEHICLES,2023,AM PEAK,681,48,93
15334029,T0337,COUNTER,EAST,ALL VEHICLES,2023,AM PEAK,745,-1,-1
15334029,T0337,PRESCRIBED,WEST,LIGHT VEHICLES,2023,AM PEAK,445,44,93
15334029,T0337,PRESCRIBED AND COUNTER,BOTH,LIGHT VEHICLES,2023,OFF PEAK,1590,-1,-1
15334029,T0337,PRESCRIBED,WEST,ALL VEHICLES,2023,WEEKENDS,1931,-1,-1
15334029,T0337,PRESCRIBED AND COUNTER,BOTH,HEAVY VEHICLES,2023,WEEKENDS,186,-1,-1
15334029,T0337,COUNTER,EAST,HEAVY VEHICLES,2023,OFF PEAK,65,5,93
15334029,T0337,PRESCRIBED AND COUNTER,BOTH,HEAVY VEHICLES,2023,AM PEAK,105,-1,-1
15334029,T0337,PRESCRIBED,WEST,LIGHT VEHICLES,2023,WEEKENDS,1833,-1,-1
15334029,T0337,PRESCRIBED AND COUNTER,BOTH,ALL VEHICLES,2023,AM PEAK,1231,-1,-1
15334030,T0342,COUNTER,EAST,LIGHT VEHICLES,2023,AM PEAK,641,47,94
15334030,T0342,PRESCRIBED,WEST,HEAVY VEHICLES,2023,PM PEAK,59,17,94
15334030,T0342,PRESCRIBED AND COUNTER,BOTH,LIGHT VEHICLES,2023,ALL DAYS,3595,-1,-1
15334030,T0342,COUNTER,EAST,HEAVY VEHICLES,2023,PM PEAK,35,16,94
15334030,T0342,COUNTER,EAST,HEAVY VEHICLES,2023,WEEKENDS,89,-1,-1
15334030,T0342,COUNTER,EAST,HEAVY VEHICLES,2023,ALL DAYS,137,8,94
15334030,T0342,PRESCRIBED,WEST,LIGHT VEHICLES,2023,AM PEAK,401,43,93
15334030,T0342,COUNTER,EAST,ALL VEHICLES,2023,OFF PEAK,734,-1,-1
15334030,T0342,PRESCRIBED AND COUNTER,BOTH,ALL VEHICLES,2023,WEEKENDS,3420,-1,-1
15334030,T0342,PRESCRIBED,WEST,ALL VEHICLES,2023,WEEKDAYS,2085,-1,-1
15334030,T0342,PRESCRIBED AND COUNTER,BOTH,LIGHT VEHICLES,2023,AM PEAK,1042,-1,-1
15334030,T0342,COUNTER,EAST,LIGHT VEHICLES,2023,WEEKENDS,1561,-1,-1
15334030,T0342,PRESCRIBED,WEST,ALL VEHICLES,2023,OFF PEAK,816,-1,-1
15334030,T0342,COUNTER,EAST,ALL VEHICLES,2023,PM PEAK,482,-1,-1
15334030,T0342,COUNTER,EAST,ALL VEHICLES,2023,AM PEAK,707,-1,-1
15334030,T0342,PRESCRIBED AND COUNTER,BOTH,ALL VEHICLES,2023,OFF PEAK,1550,-1,-1
15334030,T0342,PRESCRIBED,WEST,LIGHT VEHICLES,2023,WEEKDAYS,1929,-1,-1
15334030,T0342,PRESCRIBED AND COUNTER,BOTH,LIGHT VEHICLES,2023,WEEKDAYS,3685,-1,-1
15334030,T0342,PRESCRIBED,WEST,HEAVY VEHICLES,2023,AM PEAK,33,14,92
15334030,T0342,PRESCRIBED AND COUNTER,BOTH,ALL VEHICLES,2023,AM PEAK,1141,-1,-1
15334030,T0342,PRESCRIBED,WEST,ALL VEHICLES,2023,ALL DAYS,2008,-1,-1
15334030,T0342,PRESCRIBED AND COUNTER,BOTH,LIGHT VEHICLES,2023,PM PEAK,1223,-1,-1
15334030,T0342,PRESCRIBED AND COUNTER,BOTH,HEAVY VEHICLES,2023,AM PEAK,99,-1,-1
15334030,T0342,PRESCRIBED,WEST,ALL VEHICLES,2023,PM PEAK,835,-1,-1
15334030,T0342,PRESCRIBED AND COUNTER,BOTH,LIGHT VEHICLES,2023,WEEKENDS,3244,-1,-1
15334030,T0342,PRESCRIBED,WEST,HEAVY VEHICLES,2023,OFF PEAK,64,8,93
15334030,T0342,PRESCRIBED,WEST,LIGHT VEHICLES,2023,OFF PEAK,752,34,93
15334030,T0342,PRESCRIBED,WEST,ALL VEHICLES,2023,AM PEAK,434,-1,-1
15334030,T0342,COUNTER,EAST,ALL VEHICLES,2023,ALL DAYS,1857,-1,-1
15334030,T0342,COUNTER,EAST,LIGHT VEHICLES,2023,OFF PEAK,668,31,94
15334030,T0342,PRESCRIBED,WEST,LIGHT VEHICLES,2023,ALL DAYS,1875,37,94
15334030,T0342,COUNTER,EAST,ALL VEHICLES,2023,WEEKDAYS,1923,-1,-1
15334030,T0342,PRESCRIBED AND COUNTER,BOTH,ALL VEHICLES,2023,WEEKDAYS,4008,-1,-1
15334030,T0342,PRESCRIBED,WEST,LIGHT VEHICLES,2023,WEEKENDS,1683,-1,-1
15334030,T0342,PRESCRIBED AND COUNTER,BOTH,LIGHT VEHICLES,2023,OFF PEAK,1420,-1,-1
15334030,T0342,PRESCRIBED AND COUNTER,BOTH,HEAVY VEHICLES,2023,OFF PEAK,130,-1,-1
15334030,T0342,PRESCRIBED AND COUNTER,BOTH,HEAVY VEHICLES,2023,ALL DAYS,270,-1,-1
15334030,T0342,COUNTER,EAST,HEAVY VEHICLES,2023,OFF PEAK,66,6,94
15334030,T0342,PRESCRIBED,WEST,ALL VEHICLES,2023,WEEKENDS,1770,-1,-1
15334030,T0342,PRESCRIBED AND COUNTER,BOTH,ALL VEHICLES,2023,PM PEAK,1317,-1,-1
15334030,T0342,PRESCRIBED AND COUNTER,BOTH,ALL VEHICLES,2023,ALL DAYS,3865,-1,-1
15334030,T0342,PRESCRIBED,WEST,LIGHT VEHICLES,2023,PM PEAK,776,48,94
15334030,T0342,COUNTER,EAST,LIGHT VEHICLES,2023,PM PEAK,447,42,95
15334030,T0342,PRESCRIBED AND COUNTER,BOTH,HEAVY VEHICLES,2023,WEEKDAYS,323,-1,-1
15334030,T0342,PRESCRIBED AND COUNTER,BOTH,HEAVY VEHICLES,2023,WEEKENDS,176,-1,-1
15334030,T0342,COUNTER,EAST,HEAVY VEHICLES,2023,AM PEAK,66,15,94
15334030,T0342,PRESCRIBED,WEST,HEAVY VEHICLES,2023,WEEKDAYS,156,-1,-1
15334030,T0342,COUNTER,EAST,LIGHT VEHICLES,2023,WEEKDAYS,1756,-1,-1
15334030,T0342,PRESCRIBED,WEST,HEAVY VEHICLES,2023,ALL DAYS,133,8,94
15334030,T0342,COUNTER,EAST,ALL VEHICLES,2023,WEEKENDS,1650,-1,-1
15334030,T0342,COUNTER,EAST,LIGHT VEHICLES,2023,ALL DAYS,1720,36,94
15334031,T0345,COUNTER,EAST,ALL VEHICLES,2023,WEEKDAYS,7948,-1,-1
15334031,T0345,COUNTER,EAST,HEAVY VEHICLES,2023,PM PEAK,101,16,93
15334031,T0345,PRESCRIBED,WEST,ALL VEHICLES,2023,WEEKENDS,6810,-1,-1
15334031,T0345,PRESCRIBED,WEST,ALL VEHICLES,2023,ALL DAYS,7967,-1,-1
15334031,T0345,PRESCRIBED,WEST,LIGHT VEHICLES,2023,WEEKENDS,6540,-1,-1
15334031,T0345,PRESCRIBED,WEST,LIGHT VEHICLES,2023,PM PEAK,3171,56,90
15334031,T0345,PRESCRIBED,WEST,LIGHT VEHICLES,2023,ALL DAYS,7507,43,93
15334031,T0345,PRESCRIBED,WEST,ALL VEHICLES,2023,WEEKDAYS,8430,-1,-1
15334031,T0345,PRESCRIBED AND COUNTER,BOTH,ALL VEHICLES,2023,WEEKDAYS,16378,-1,-1
15334031,T0345,PRESCRIBED AND COUNTER,BOTH,LIGHT VEHICLES,2023,ALL DAYS,14726,-1,-1
15334031,T0345,PRESCRIBED,WEST,ALL VEHICLES,2023,AM PEAK,1504,-1,-1
15334031,T0345,COUNTER,EAST,HEAVY VEHICLES,2023,OFF PEAK,210,13,92
15334031,T0345,COUNTER,EAST,HEAVY VEHICLES,2023,AM PEAK,167,23,92
15334031,T0345,PRESCRIBED,WEST,HEAVY VEHICLES,2023,WEEKENDS,270,-1,-1
15334031,T0345,COUNTER,EAST,LIGHT VEHICLES,2023,AM PEAK,2675,56,91
15334031,T0345,PRESCRIBED,WEST,LIGHT VEHICLES,2023,AM PEAK,1375,56,88
15334031,T0345,PRESCRIBED,WEST,LIGHT VEHICLES,2023,WEEKDAYS,7891,-1,-1
15334031,T0345,COUNTER,EAST,LIGHT VEHICLES,2023,ALL DAYS,7219,43,93
15334031,T0345,COUNTER,EAST,ALL VEHICLES,2023,WEEKENDS,6604,-1,-1
15334031,T0345,PRESCRIBED AND COUNTER,BOTH,HEAVY VEHICLES,2023,ALL DAYS,874,-1,-1
15334031,T0345,PRESCRIBED,WEST,HEAVY VEHICLES,2023,AM PEAK,129,22,90
15334031,T0345,PRESCRIBED AND COUNTER,BOTH,LIGHT VEHICLES,2023,WEEKDAYS,15361,-1,-1
15334031,T0345,PRESCRIBED AND COUNTER,BOTH,ALL VEHICLES,2023,OFF PEAK,6661,-1,-1
15334031,T0345,PRESCRIBED,WEST,ALL VEHICLES,2023,OFF PEAK,3573,-1,-1
15334031,T0345,PRESCRIBED AND COUNTER,BOTH,LIGHT VEHICLES,2023,OFF PEAK,6223,-1,-1
15334031,T0345,PRESCRIBED AND COUNTER,BOTH,HEAVY VEHICLES,2023,WEEKENDS,517,-1,-1
15334031,T0345,PRESCRIBED,WEST,HEAVY VEHICLES,2023,WEEKDAYS,539,-1,-1
15334031,T0345,COUNTER,EAST,LIGHT VEHICLES,2023,WEEKENDS,6357,-1,-1
15334031,T0345,PRESCRIBED,WEST,HEAVY VEHICLES,2023,OFF PEAK,228,13,90
15334031,T0345,PRESCRIBED AND COUNTER,BOTH,LIGHT VEHICLES,2023,PM PEAK,5088,-1,-1
15334031,T0345,COUNTER,EAST,HEAVY VEHICLES,2023,WEEKENDS,247,-1,-1
15334031,T0345,COUNTER,EAST,LIGHT VEHICLES,2023,WEEKDAYS,7470,-1,-1
15334031,T0345,PRESCRIBED,WEST,ALL VEHICLES,2023,PM PEAK,3353,-1,-1
15334031,T0345,PRESCRIBED AND COUNTER,BOTH,ALL VEHICLES,2023,ALL DAYS,15600,-1,-1
15334031,T0345,COUNTER,EAST,HEAVY VEHICLES,2023,ALL DAYS,414,13,94
15334031,T0345,COUNTER,EAST,ALL VEHICLES,2023,ALL DAYS,7633,-1,-1
15334031,T0345,PRESCRIBED AND COUNTER,BOTH,ALL VEHICLES,2023,WEEKENDS,13414,-1,-1
15334031,T0345,PRESCRIBED AND COUNTER,BOTH,HEAVY VEHICLES,2023,PM PEAK,283,-1,-1
15334031,T0345,PRESCRIBED,WEST,HEAVY VEHICLES,2023,PM PEAK,182,15,92
15334031,T0345,COUNTER,EAST,LIGHT VEHICLES,2023,OFF PEAK,2878,39,92
15334031,T0345,PRESCRIBED,WEST,HEAVY VEHICLES,2023,ALL DAYS,460,13,93
15334031,T0345,COUNTER,EAST,LIGHT VEHICLES,2023,PM PEAK,1917,54,91
15334031,T0345,PRESCRIBED AND COUNTER,BOTH,LIGHT VEHICLES,2023,AM PEAK,4050,-1,-1
15334031,T0345,PRESCRIBED,WEST,LIGHT VEHICLES,2023,OFF PEAK,3345,39,89
15334031,T0345,PRESCRIBED AND COUNTER,BOTH,ALL VEHICLES,2023,AM PEAK,4346,-1,-1
15334031,T0345,PRESCRIBED AND COUNTER,BOTH,HEAVY VEHICLES,2023,WEEKDAYS,1017,-1,-1
15334031,T0345,PRESCRIBED AND COUNTER,BOTH,LIGHT VEHICLES,2023,WEEKENDS,12897,-1,-1
15334031,T0345,COUNTER,EAST,ALL VEHICLES,2023,OFF PEAK,3088,-1,-1
15334031,T0345,COUNTER,EAST,HEAVY VEHICLES,2023,WEEKDAYS,478,-1,-1
15334031,T0345,COUNTER,EAST,ALL VEHICLES,2023,AM PEAK,2842,-1,-1
15334031,T0345,COUNTER,EAST,ALL VEHICLES,2023,PM PEAK,2018,-1,-1
15334031,T0345,PRESCRIBED AND COUNTER,BOTH,ALL VEHICLES,2023,PM PEAK,5371,-1,-1
15370001,7139,COUNTER,WEST,HEAVY VEHICLES,2023,PM PEAK,696,18,94
15370001,7139,COUNTER,WEST,LIGHT VEHICLES,2023,WEEKENDS,32521,-1,-1
15370001,7139,COUNTER,WEST,LIGHT VEHICLES,2023,OFF PEAK,16533,46,92
15370001,7139,COUNTER,WEST,ALL VEHICLES,2023,WEEKENDS,33900,-1,-1
15370001,7139,COUNTER,WEST,LIGHT VEHICLES,2023,WEEKDAYS,35196,-1,-1
15370001,7139,COUNTER,WEST,LIGHT VEHICLES,2023,AM PEAK,9239,56,92
15370001,7139,COUNTER,WEST,ALL VEHICLES,2023,WEEKDAYS,38276,-1,-1
15370001,7139,COUNTER,WEST,ALL VEHICLES,2023,AM PEAK,10004,-1,-1
15370001,7139,COUNTER,WEST,HEAVY VEHICLES,2023,WEEKDAYS,3080,-1,-1
15370001,7139,COUNTER,WEST,HEAVY VEHICLES,2023,AM PEAK,765,21,93
15370001,7139,COUNTER,WEST,ALL VEHICLES,2023,OFF PEAK,18152,-1,-1
15370001,7139,COUNTER,WEST,HEAVY VEHICLES,2023,OFF PEAK,1619,13,93
15370001,7139,COUNTER,WEST,LIGHT VEHICLES,2023,PM PEAK,9424,56,93
15370001,7139,COUNTER,WEST,ALL VEHICLES,2023,ALL DAYS,37288,-1,-1
15370001,7139,COUNTER,WEST,LIGHT VEHICLES,2023,ALL DAYS,34683,49,93
15370001,7139,COUNTER,WEST,HEAVY VEHICLES,2023,WEEKENDS,1379,-1,-1
15370001,7139,COUNTER,WEST,ALL VEHICLES,2023,PM PEAK,10120,-1,-1
15370001,7139,COUNTER,WEST,HEAVY VEHICLES,2023,ALL DAYS,2605,13,95
15648001,7179,COUNTER,SOUTH,LIGHT VEHICLES,2023,PM PEAK,7634,52,93
15648001,7179,COUNTER,SOUTH,HEAVY VEHICLES,2023,ALL DAYS,4196,25,94
15648001,7179,COUNTER,SOUTH,ALL VEHICLES,2023,ALL DAYS,31312,-1,-1
15648001,7179,COUNTER,SOUTH,LIGHT VEHICLES,2023,WEEKENDS,24999,-1,-1
15648001,7179,COUNTER,SOUTH,LIGHT VEHICLES,2023,WEEKDAYS,27808,-1,-1
15648001,7179,COUNTER,SOUTH,HEAVY VEHICLES,2023,OFF PEAK,2831,26,93
15648001,7179,COUNTER,SOUTH,ALL VEHICLES,2023,PM PEAK,8659,-1,-1
15648001,7179,COUNTER,SOUTH,ALL VEHICLES,2023,OFF PEAK,16993,-1,-1
15648001,7179,COUNTER,SOUTH,HEAVY VEHICLES,2023,PM PEAK,1025,33,94
15648001,7179,COUNTER,SOUTH,HEAVY VEHICLES,2023,WEEKDAYS,5109,-1,-1
15648001,7179,COUNTER,SOUTH,LIGHT VEHICLES,2023,AM PEAK,6012,51,92
15648001,7179,COUNTER,SOUTH,LIGHT VEHICLES,2023,OFF PEAK,14162,43,92
15648001,7179,COUNTER,SOUTH,ALL VEHICLES,2023,AM PEAK,7265,-1,-1
15648001,7179,COUNTER,SOUTH,ALL VEHICLES,2023,WEEKENDS,26763,-1,-1
15648001,7179,COUNTER,SOUTH,ALL VEHICLES,2023,WEEKDAYS,32917,-1,-1
15648001,7179,COUNTER,SOUTH,LIGHT VEHICLES,2023,ALL DAYS,27116,45,94
15648001,7179,COUNTER,SOUTH,HEAVY VEHICLES,2023,WEEKENDS,1764,-1,-1
15648001,7179,COUNTER,SOUTH,HEAVY VEHICLES,2023,AM PEAK,1253,35,92
15648002,9849,PRESCRIBED,NORTH,LIGHT VEHICLES,2023,AM PEAK,2753,51,90
15648002,9849,PRESCRIBED,NORTH,ALL VEHICLES,2023,PM PEAK,2529,-1,-1
15648002,9849,PRESCRIBED,NORTH,ALL VEHICLES,2023,WEEKENDS,7858,-1,-1
15648002,9849,COUNTER,SOUTH,ALL VEHICLES,2023,AM PEAK,1918,-1,-1
15648002,9849,COUNTER,SOUTH,HEAVY VEHICLES,2023,ALL DAYS,632,8,87
15648002,9849,PRESCRIBED,NORTH,ALL VEHICLES,2023,ALL DAYS,9233,-1,-1
15648002,9849,PRESCRIBED,NORTH,HEAVY VEHICLES,2023,PM PEAK,179,10,90
15648002,9849,PRESCRIBED AND COUNTER,BOTH,HEAVY VEHICLES,2023,ALL DAYS,1284,-1,-1
15648002,9849,PRESCRIBED AND COUNTER,BOTH,HEAVY VEHICLES,2023,PM PEAK,431,-1,-1
15648002,9849,PRESCRIBED AND COUNTER,BOTH,LIGHT VEHICLES,2023,PM PEAK,5591,-1,-1
15648002,9849,PRESCRIBED AND COUNTER,BOTH,ALL VEHICLES,2023,WEEKDAYS,19670,-1,-1
15648002,9849,COUNTER,SOUTH,HEAVY VEHICLES,2023,WEEKDAYS,763,-1,-1
15648002,9849,COUNTER,SOUTH,LIGHT VEHICLES,2023,WEEKENDS,7760,-1,-1
15648002,9849,PRESCRIBED AND COUNTER,BOTH,LIGHT VEHICLES,2023,WEEKENDS,15239,-1,-1
15648002,9849,COUNTER,SOUTH,LIGHT VEHICLES,2023,WEEKDAYS,9209,-1,-1
15648002,9849,COUNTER,SOUTH,HEAVY VEHICLES,2023,OFF PEAK,327,9,91
15648002,9849,PRESCRIBED AND COUNTER,BOTH,ALL VEHICLES,2023,ALL DAYS,18701,-1,-1
15648002,9849,PRESCRIBED AND COUNTER,BOTH,HEAVY VEHICLES,2023,OFF PEAK,656,-1,-1
15648002,9849,PRESCRIBED,NORTH,LIGHT VEHICLES,2023,PM PEAK,2350,36,90
15648002,9849,PRESCRIBED AND COUNTER,BOTH,LIGHT VEHICLES,2023,OFF PEAK,8046,-1,-1
15648002,9849,PRESCRIBED AND COUNTER,BOTH,HEAVY VEHICLES,2023,WEEKENDS,740,-1,-1
15648002,9849,COUNTER,SOUTH,LIGHT VEHICLES,2023,PM PEAK,3241,36,92
15648002,9849,COUNTER,SOUTH,ALL VEHICLES,2023,OFF PEAK,4561,-1,-1
15648002,9849,COUNTER,SOUTH,HEAVY VEHICLES,2023,AM PEAK,184,14,91
15648002,9849,PRESCRIBED AND COUNTER,BOTH,HEAVY VEHICLES,2023,WEEKDAYS,1546,-1,-1
15648002,9849,PRESCRIBED,NORTH,HEAVY VEHICLES,2023,OFF PEAK,329,8,90
15648002,9849,COUNTER,SOUTH,HEAVY VEHICLES,2023,WEEKENDS,361,-1,-1
15648002,9849,COUNTER,SOUTH,LIGHT VEHICLES,2023,OFF PEAK,4234,27,91
15648002,9849,PRESCRIBED,NORTH,HEAVY VEHICLES,2023,WEEKDAYS,783,-1,-1
15648002,9849,PRESCRIBED,NORTH,ALL VEHICLES,2023,OFF PEAK,4141,-1,-1
15648002,9849,COUNTER,SOUTH,ALL VEHICLES,2023,ALL DAYS,9468,-1,-1
15648002,9849,PRESCRIBED AND COUNTER,BOTH,ALL VEHICLES,2023,OFF PEAK,8702,-1,-1
15648002,9849,PRESCRIBED,NORTH,LIGHT VEHICLES,2023,WEEKDAYS,8915,-1,-1
15648002,9849,PRESCRIBED AND COUNTER,BOTH,ALL VEHICLES,2023,AM PEAK,4946,-1,-1
15648002,9849,COUNTER,SOUTH,ALL VEHICLES,2023,WEEKDAYS,9972,-1,-1
15648002,9849,PRESCRIBED,NORTH,LIGHT VEHICLES,2023,WEEKENDS,7479,-1,-1
15648002,9849,COUNTER,SOUTH,ALL VEHICLES,2023,PM PEAK,3493,-1,-1
15648002,9849,PRESCRIBED,NORTH,ALL VEHICLES,2023,WEEKDAYS,9698,-1,-1
15648002,9849,PRESCRIBED,NORTH,HEAVY VEHICLES,2023,ALL DAYS,652,8,88
15648002,9849,PRESCRIBED,NORTH,HEAVY VEHICLES,2023,WEEKENDS,379,-1,-1
15648002,9849,COUNTER,SOUTH,HEAVY VEHICLES,2023,PM PEAK,252,11,93
15648002,9849,PRESCRIBED,NORTH,HEAVY VEHICLES,2023,AM PEAK,275,17,89
15648002,9849,PRESCRIBED AND COUNTER,BOTH,ALL VEHICLES,2023,PM PEAK,6022,-1,-1
15648002,9849,PRESCRIBED,NORTH,ALL VEHICLES,2023,AM PEAK,3028,-1,-1
15648002,9849,PRESCRIBED,NORTH,LIGHT VEHICLES,2023,OFF PEAK,3812,21,89
15648002,9849,COUNTER,SOUTH,ALL VEHICLES,2023,WEEKENDS,8121,-1,-1
15648002,9849,PRESCRIBED AND COUNTER,BOTH,LIGHT VEHICLES,2023,AM PEAK,4487,-1,-1
15648002,9849,PRESCRIBED AND COUNTER,BOTH,ALL VEHICLES,2023,WEEKENDS,15979,-1,-1
15648002,9849,COUNTER,SOUTH,LIGHT VEHICLES,2023,AM PEAK,1734,38,91
15648002,9849,PRESCRIBED AND COUNTER,BOTH,LIGHT VEHICLES,2023,WEEKDAYS,18124,-1,-1
15648002,9849,COUNTER,SOUTH,LIGHT VEHICLES,2023,ALL DAYS,8836,23,85
15648002,9849,PRESCRIBED AND COUNTER,BOTH,HEAVY VEHICLES,2023,AM PEAK,459,-1,-1
15648002,9849,PRESCRIBED,NORTH,LIGHT VEHICLES,2023,ALL DAYS,8581,22,87
15648002,9849,PRESCRIBED AND COUNTER,BOTH,LIGHT VEHICLES,2023,ALL DAYS,17417,-1,-1
15828001,7184,COUNTER,SOUTH,LIGHT VEHICLES,2023,PM PEAK,8786,52,91
15828001,7184,COUNTER,SOUTH,HEAVY VEHICLES,2023,WEEKDAYS,3500,-1,-1
15828001,7184,COUNTER,SOUTH,ALL VEHICLES,2023,ALL DAYS,35748,-1,-1
15828001,7184,COUNTER,SOUTH,LIGHT VEHICLES,2023,OFF PEAK,14773,41,92
15828001,7184,COUNTER,SOUTH,LIGHT VEHICLES,2023,WEEKDAYS,32857,-1,-1
15828001,7184,COUNTER,SOUTH,HEAVY VEHICLES,2023,ALL DAYS,2930,19,95
15828001,7184,COUNTER,SOUTH,HEAVY VEHICLES,2023,OFF PEAK,1865,20,92
15828001,7184,COUNTER,SOUTH,ALL VEHICLES,2023,WEEKENDS,33152,-1,-1
15828001,7184,COUNTER,SOUTH,ALL VEHICLES,2023,OFF PEAK,16638,-1,-1
15828001,7184,COUNTER,SOUTH,ALL VEHICLES,2023,AM PEAK,10166,-1,-1
15828001,7184,COUNTER,SOUTH,HEAVY VEHICLES,2023,PM PEAK,767,25,92
15828001,7184,COUNTER,SOUTH,ALL VEHICLES,2023,WEEKDAYS,36357,-1,-1
15828001,7184,COUNTER,SOUTH,LIGHT VEHICLES,2023,WEEKENDS,31811,-1,-1
15828001,7184,COUNTER,SOUTH,LIGHT VEHICLES,2023,ALL DAYS,32818,44,94
15828001,7184,COUNTER,SOUTH,ALL VEHICLES,2023,PM PEAK,9553,-1,-1
15828001,7184,COUNTER,SOUTH,HEAVY VEHICLES,2023,AM PEAK,868,29,93
15828001,7184,COUNTER,SOUTH,HEAVY VEHICLES,2023,WEEKENDS,1341,-1,-1
15828001,7184,COUNTER,SOUTH,LIGHT VEHICLES,2023,AM PEAK,9298,52,92
15828005,9658,COUNTER,WEST,ALL VEHICLES,2023,ALL DAYS,16699,-1,-1
15828005,9658,COUNTER,WEST,ALL VEHICLES,2023,PM PEAK,3888,-1,-1
15828005,9658,COUNTER,WEST,LIGHT VEHICLES,2023,WEEKENDS,12017,-1,-1
15828005,9658,COUNTER,WEST,HEAVY VEHICLES,2023,ALL DAYS,1602,3,78
15828005,9658,COUNTER,WEST,HEAVY VEHICLES,2023,OFF PEAK,944,3,79
15828005,9658,COUNTER,WEST,ALL VEHICLES,2023,WEEKDAYS,15747,-1,-1
15828005,9658,COUNTER,WEST,HEAVY VEHICLES,2023,WEEKDAYS,1712,-1,-1
15828005,9658,COUNTER,WEST,ALL VEHICLES,2023,OFF PEAK,7989,-1,-1
15828005,9658,COUNTER,WEST,HEAVY VEHICLES,2023,PM PEAK,363,4,80
15828005,9658,COUNTER,WEST,LIGHT VEHICLES,2023,WEEKDAYS,14035,-1,-1
15828005,9658,COUNTER,WEST,LIGHT VEHICLES,2023,AM PEAK,3465,6,78
15828005,9658,COUNTER,WEST,LIGHT VEHICLES,2023,OFF PEAK,7045,5,79
15828005,9658,COUNTER,WEST,HEAVY VEHICLES,2023,AM PEAK,405,4,78
15828005,9658,COUNTER,WEST,HEAVY VEHICLES,2023,WEEKENDS,661,-1,-1
15828005,9658,COUNTER,WEST,ALL VEHICLES,2023,AM PEAK,3870,-1,-1
15828005,9658,COUNTER,WEST,LIGHT VEHICLES,2023,ALL DAYS,15097,5,76
15828005,9658,COUNTER,WEST,ALL VEHICLES,2023,WEEKENDS,12678,-1,-1
15828005,9658,COUNTER,WEST,LIGHT VEHICLES,2023,PM PEAK,3525,6,77
15934002,T0289,PRESCRIBED,NORTH,HEAVY VEHICLES,2023,WEEKENDS,1171,-1,-1
15934002,T0289,PRESCRIBED,NORTH,HEAVY VEHICLES,2023,AM PEAK,1116,47,74
15934002,T0289,PRESCRIBED,NORTH,ALL VEHICLES,2023,ALL DAYS,3724,-1,-1
15934002,T0289,PRESCRIBED,NORTH,LIGHT VEHICLES,2023,WEEKENDS,14,-1,-1
15934002,T0289,PRESCRIBED,NORTH,ALL VEHICLES,2023,PM PEAK,703,-1,-1
15934002,T0289,PRESCRIBED,NORTH,ALL VEHICLES,2023,AM PEAK,1120,-1,-1
15934002,T0289,PRESCRIBED,NORTH,LIGHT VEHICLES,2023,OFF PEAK,14,13,75
15934002,T0289,PRESCRIBED,NORTH,LIGHT VEHICLES,2023,AM PEAK,4,13,76
15934002,T0289,PRESCRIBED,NORTH,HEAVY VEHICLES,2023,OFF PEAK,2842,43,74
15934002,T0289,PRESCRIBED,NORTH,HEAVY VEHICLES,2023,ALL DAYS,3707,41,81
15934002,T0289,PRESCRIBED,NORTH,HEAVY VEHICLES,2023,PM PEAK,699,52,74
15934002,T0289,PRESCRIBED,NORTH,LIGHT VEHICLES,2023,ALL DAYS,17,12,81
15934002,T0289,PRESCRIBED,NORTH,HEAVY VEHICLES,2023,WEEKDAYS,4657,-1,-1
15934002,T0289,PRESCRIBED,NORTH,ALL VEHICLES,2023,WEEKDAYS,4679,-1,-1
15934002,T0289,PRESCRIBED,NORTH,ALL VEHICLES,2023,WEEKENDS,1185,-1,-1
15934002,T0289,PRESCRIBED,NORTH,LIGHT VEHICLES,2023,PM PEAK,4,13,72
15934002,T0289,PRESCRIBED,NORTH,LIGHT VEHICLES,2023,WEEKDAYS,22,-1,-1
15934002,T0289,PRESCRIBED,NORTH,ALL VEHICLES,2023,OFF PEAK,2856,-1,-1
16294002,T0288,PRESCRIBED,NORTH,HEAVY VEHICLES,2023,AM PEAK,1108,49,81
16294002,T0288,PRESCRIBED,NORTH,HEAVY VEHICLES,2023,PM PEAK,690,53,82
16294002,T0288,PRESCRIBED,NORTH,LIGHT VEHICLES,2023,WEEKDAYS,20,-1,-1
16294002,T0288,PRESCRIBED,NORTH,ALL VEHICLES,2023,WEEKENDS,1220,-1,-1
16294002,T0288,PRESCRIBED,NORTH,ALL VEHICLES,2023,ALL DAYS,3713,-1,-1
16294002,T0288,PRESCRIBED,NORTH,HEAVY VEHICLES,2023,WEEKENDS,1206,-1,-1
16294002,T0288,PRESCRIBED,NORTH,ALL VEHICLES,2023,AM PEAK,1112,-1,-1
16294002,T0288,PRESCRIBED,NORTH,LIGHT VEHICLES,2023,ALL DAYS,17,12,85
16294002,T0288,PRESCRIBED,NORTH,HEAVY VEHICLES,2023,WEEKDAYS,4608,-1,-1
16294002,T0288,PRESCRIBED,NORTH,ALL VEHICLES,2023,WEEKDAYS,4628,-1,-1
16294002,T0288,PRESCRIBED,NORTH,HEAVY VEHICLES,2023,ALL DAYS,3696,43,85
16294002,T0288,PRESCRIBED,NORTH,LIGHT VEHICLES,2023,AM PEAK,4,14,83
16294002,T0288,PRESCRIBED,NORTH,LIGHT VEHICLES,2023,OFF PEAK,12,13,82
16294002,T0288,PRESCRIBED,NORTH,LIGHT VEHICLES,2023,PM PEAK,4,13,82
16294002,T0288,PRESCRIBED,NORTH,HEAVY VEHICLES,2023,OFF PEAK,2810,44,81
16294002,T0288,PRESCRIBED,NORTH,ALL VEHICLES,2023,PM PEAK,694,-1,-1
16294002,T0288,PRESCRIBED,NORTH,LIGHT VEHICLES,2023,WEEKENDS,14,-1,-1
16294002,T0288,PRESCRIBED,NORTH,ALL VEHICLES,2023,OFF PEAK,2822,-1,-1
16294003,T0290,PRESCRIBED,NORTH,LIGHT VEHICLES,2023,OFF PEAK,14,9,75
16294003,T0290,PRESCRIBED,NORTH,HEAVY VEHICLES,2023,ALL DAYS,3673,29,84
16294003,T0290,PRESCRIBED,NORTH,ALL VEHICLES,2023,WEEKENDS,1222,-1,-1
16294003,T0290,PRESCRIBED,NORTH,ALL VEHICLES,2023,OFF PEAK,2777,-1,-1
16294003,T0290,PRESCRIBED,NORTH,HEAVY VEHICLES,2023,PM PEAK,687,36,76
16294003,T0290,PRESCRIBED,NORTH,HEAVY VEHICLES,2023,WEEKDAYS,4545,-1,-1
16294003,T0290,PRESCRIBED,NORTH,ALL VEHICLES,2023,WEEKDAYS,4567,-1,-1
16294003,T0290,PRESCRIBED,NORTH,HEAVY VEHICLES,2023,OFF PEAK,2763,30,76
16294003,T0290,PRESCRIBED,NORTH,LIGHT VEHICLES,2023,WEEKENDS,13,-1,-1
16294003,T0290,PRESCRIBED,NORTH,ALL VEHICLES,2023,AM PEAK,1099,-1,-1
16294003,T0290,PRESCRIBED,NORTH,LIGHT VEHICLES,2023,AM PEAK,4,10,76
16294003,T0290,PRESCRIBED,NORTH,ALL VEHICLES,2023,PM PEAK,691,-1,-1
16294003,T0290,PRESCRIBED,NORTH,LIGHT VEHICLES,2023,PM PEAK,4,9,73
16294003,T0290,PRESCRIBED,NORTH,LIGHT VEHICLES,2023,ALL DAYS,18,8,83
16294003,T0290,PRESCRIBED,NORTH,ALL VEHICLES,2023,ALL DAYS,3691,-1,-1
16294003,T0290,PRESCRIBED,NORTH,HEAVY VEHICLES,2023,AM PEAK,1095,34,76
16294003,T0290,PRESCRIBED,NORTH,HEAVY VEHICLES,2023,WEEKENDS,1209,-1,-1
17126149,7120,PRESCRIBED,NORTH,HEAVY VEHICLES,2023,AM PEAK,331,18,95
17126149,7120,PRESCRIBED,NORTH,ALL VEHICLES,2023,PM PEAK,2978,-1,-1
17126149,7120,PRESCRIBED,NORTH,HEAVY VEHICLES,2023,ALL DAYS,958,11,95
17126149,7120,PRESCRIBED,NORTH,ALL VEHICLES,2023,OFF PEAK,7614,-1,-1
17126149,7120,PRESCRIBED,NORTH,HEAVY VEHICLES,2023,OFF PEAK,590,12,96
17126149,7120,PRESCRIBED,NORTH,HEAVY VEHICLES,2023,WEEKENDS,619,-1,-1
17126149,7120,PRESCRIBED,NORTH,LIGHT VEHICLES,2023,PM PEAK,2823,56,96
17126149,7120,PRESCRIBED,NORTH,LIGHT VEHICLES,2023,AM PEAK,3050,56,96
17126149,7120,PRESCRIBED,NORTH,ALL VEHICLES,2023,WEEKDAYS,13973,-1,-1
17126149,7120,PRESCRIBED,NORTH,ALL VEHICLES,2023,WEEKENDS,13588,-1,-1
17126149,7120,PRESCRIBED,NORTH,LIGHT VEHICLES,2023,ALL DAYS,13025,51,94
17126149,7120,PRESCRIBED,NORTH,LIGHT VEHICLES,2023,OFF PEAK,7024,48,96
17126149,7120,PRESCRIBED,NORTH,LIGHT VEHICLES,2023,WEEKENDS,12969,-1,-1
17126149,7120,PRESCRIBED,NORTH,ALL VEHICLES,2023,ALL DAYS,13983,-1,-1
17126149,7120,PRESCRIBED,NORTH,ALL VEHICLES,2023,AM PEAK,3381,-1,-1
17126149,7120,PRESCRIBED,NORTH,LIGHT VEHICLES,2023,WEEKDAYS,12897,-1,-1
17126149,7120,PRESCRIBED,NORTH,HEAVY VEHICLES,2023,PM PEAK,155,13,96
17126149,7120,PRESCRIBED,NORTH,HEAVY VEHICLES,2023,WEEKDAYS,1076,-1,-1
99990003,7119-PR,PRESCRIBED AND COUNTER,BOTH,HEAVY VEHICLES,2023,AM PEAK,541,-1,-1
99990003,7119-PR,PRESCRIBED,WEST,LIGHT VEHICLES,2023,AM PEAK,2096,37,92
99990003,7119-PR,PRESCRIBED,WEST,HEAVY VEHICLES,2023,ALL DAYS,684,11,93
99990003,7119-PR,COUNTER,EAST,LIGHT VEHICLES,2023,PM PEAK,3673,48,92
99990003,7119-PR,PRESCRIBED,WEST,ALL VEHICLES,2023,PM PEAK,4359,-1,-1
99990003,7119-PR,PRESCRIBED AND COUNTER,BOTH,HEAVY VEHICLES,2023,PM PEAK,423,-1,-1
99990003,7119-PR,COUNTER,EAST,LIGHT VEHICLES,2023,ALL DAYS,13969,36,93
99990003,7119-PR,PRESCRIBED AND COUNTER,BOTH,HEAVY VEHICLES,2023,OFF PEAK,876,-1,-1
99990003,7119-PR,COUNTER,EAST,LIGHT VEHICLES,2023,AM PEAK,3797,45,92
99990003,7119-PR,PRESCRIBED AND COUNTER,BOTH,LIGHT VEHICLES,2023,OFF PEAK,13950,-1,-1
99990003,7119-PR,PRESCRIBED AND COUNTER,BOTH,ALL VEHICLES,2023,OFF PEAK,14826,-1,-1
99990003,7119-PR,PRESCRIBED,WEST,ALL VEHICLES,2023,OFF PEAK,7484,-1,-1
99990003,7119-PR,COUNTER,EAST,HEAVY VEHICLES,2023,AM PEAK,338,22,93
99990003,7119-PR,PRESCRIBED,WEST,ALL VEHICLES,2023,AM PEAK,2332,-1,-1
99990003,7119-PR,PRESCRIBED,WEST,ALL VEHICLES,2023,WEEKDAYS,14142,-1,-1
99990003,7119-PR,PRESCRIBED AND COUNTER,BOTH,LIGHT VEHICLES,2023,ALL DAYS,27217,-1,-1
99990003,7119-PR,PRESCRIBED AND COUNTER,BOTH,ALL VEHICLES,2023,WEEKENDS,26289,-1,-1
99990003,7119-PR,COUNTER,EAST,HEAVY VEHICLES,2023,OFF PEAK,470,12,93
99990003,7119-PR,PRESCRIBED,WEST,ALL VEHICLES,2023,AM PEAK,2299,-1,-1
99990003,7119-PR,PRESCRIBED AND COUNTER,BOTH,ALL VEHICLES,2023,WEEKDAYS,29503,-1,-1
99990003,7119-PR,COUNTER,EAST,ALL VEHICLES,2023,WEEKDAYS,15361,-1,-1
99990003,7119-PR,PRESCRIBED,WEST,HEAVY VEHICLES,2023,WEEKDAYS,815,-1,-1
99990003,7119-PR,PRESCRIBED AND COUNTER,BOTH,LIGHT VEHICLES,2023,PM PEAK,7826,-1,-1
99990003,7119-PR,COUNTER,EAST,ALL VEHICLES,2023,PM PEAK,3884,-1,-1
99990003,7119-PR,PRESCRIBED,WEST,HEAVY VEHICLES,2023,PM PEAK,206,17,93
99990003,7119-PR,PRESCRIBED AND COUNTER,BOTH,LIGHT VEHICLES,2023,AM PEAK,5893,-1,-1
99990003,7119-PR,PRESCRIBED,WEST,LIGHT VEHICLES,2023,ALL DAYS,13248,33,92
99990003,7119-PR,PRESCRIBED,WEST,LIGHT VEHICLES,2023,WEEKDAYS,13327,-1,-1
99990003,7119-PR,COUNTER,EAST,HEAVY VEHICLES,2023,PM PEAK,211,16,93
99990003,7119-PR,PRESCRIBED,WEST,HEAVY VEHICLES,2023,WEEKENDS,366,-1,-1
99990003,7119-PR,COUNTER,EAST,ALL VEHICLES,2023,OFF PEAK,7342,-1,-1
99990003,7119-PR,PRESCRIBED AND COUNTER,BOTH,LIGHT VEHICLES,2023,WEEKDAYS,27669,-1,-1
99990003,7119-PR,COUNTER,EAST,LIGHT VEHICLES,2023,OFF PEAK,6872,34,92
99990003,7119-PR,PRESCRIBED AND COUNTER,BOTH,ALL VEHICLES,2023,AM PEAK,6434,-1,-1
99990003,7119-PR,PRESCRIBED,WEST,ALL VEHICLES,2023,WEEKENDS,13192,-1,-1
99990003,7119-PR,COUNTER,EAST,HEAVY VEHICLES,2023,ALL DAYS,868,12,94
99990003,7119-PR,COUNTER,EAST,HEAVY VEHICLES,2023,WEEKDAYS,1019,-1,-1
99990003,7119-PR,COUNTER,EAST,HEAVY VEHICLES,2023,WEEKENDS,500,-1,-1
99990003,7119-PR,PRESCRIBED AND COUNTER,BOTH,HEAVY VEHICLES,2023,PM PEAK,417,-1,-1
99990003,7119-PR,COUNTER,EAST,ALL VEHICLES,2023,ALL DAYS,14837,-1,-1
99990003,7119-PR,PRESCRIBED AND COUNTER,BOTH,LIGHT VEHICLES,2023,WEEKENDS,25423,-1,-1
99990003,7119-PR,COUNTER,EAST,ALL VEHICLES,2023,AM PEAK,4135,-1,-1
99990003,7119-PR,PRESCRIBED,WEST,HEAVY VEHICLES,2023,AM PEAK,203,19,91
99990003,7119-PR,PRESCRIBED AND COUNTER,BOTH,HEAVY VEHICLES,2023,WEEKDAYS,1834,-1,-1
99990003,7119-PR,PRESCRIBED,WEST,LIGHT VEHICLES,2023,PM PEAK,4153,46,92
99990003,7119-PR,COUNTER,EAST,ALL VEHICLES,2023,WEEKENDS,13097,-1,-1
99990003,7119-PR,PRESCRIBED,WEST,LIGHT VEHICLES,2023,WEEKENDS,12826,-1,-1
99990003,7119-PR,COUNTER,EAST,LIGHT VEHICLES,2023,WEEKDAYS,14342,-1,-1
99990003,7119-PR,PRESCRIBED AND COUNTER,BOTH,ALL VEHICLES,2023,ALL DAYS,28769,-1,-1
99990003,7119-PR,PRESCRIBED AND COUNTER,BOTH,ALL VEHICLES,2023,PM PEAK,8243,-1,-1
99990003,7119-PR,PRESCRIBED,WEST,ALL VEHICLES,2023,ALL DAYS,13932,-1,-1
99990003,7119-PR,PRESCRIBED,WEST,LIGHT VEHICLES,2023,OFF PEAK,7078,30,91
99990003,7119-PR,PRESCRIBED AND COUNTER,BOTH,HEAVY VEHICLES,2023,ALL DAYS,1552,-1,-1
99990003,7119-PR,PRESCRIBED,WEST,HEAVY VEHICLES,2023,OFF PEAK,406,12,92
99990003,7119-PR,COUNTER,EAST,LIGHT VEHICLES,2023,WEEKENDS,12597,-1,-1
99990003,7119-PR,PRESCRIBED AND COUNTER,BOTH,HEAVY VEHICLES,2023,WEEKENDS,866,-1,-1
99990004,7123-PR,PRESCRIBED,WEST,HEAVY VEHICLES,2023,AM PEAK,273,21,90
99990004,7123-PR,PRESCRIBED AND COUNTER,BOTH,LIGHT VEHICLES,2023,PM PEAK,5926,-1,-1
99990004,7123-PR,PRESCRIBED,WEST,ALL VEHICLES,2023,AM PEAK,2496,-1,-1
99990004,7123-PR,COUNTER,EAST,LIGHT VEHICLES,2023,ALL DAYS,8929,37,92
99990004,7123-PR,COUNTER,EAST,HEAVY VEHICLES,2023,AM PEAK,304,22,92
99990004,7123-PR,PRESCRIBED AND COUNTER,BOTH,ALL VEHICLES,2023,OFF PEAK,10669,-1,-1
99990004,7123-PR,PRESCRIBED AND COUNTER,BOTH,ALL VEHICLES,2023,ALL DAYS,20659,-1,-1
99990004,7123-PR,PRESCRIBED AND COUNTER,BOTH,ALL VEHICLES,2023,AM PEAK,5171,-1,-1
99990004,7123-PR,PRESCRIBED AND COUNTER,BOTH,HEAVY VEHICLES,2023,WEEKENDS,1236,-1,-1
99990004,7123-PR,PRESCRIBED AND COUNTER,BOTH,LIGHT VEHICLES,2023,ALL DAYS,18768,-1,-1
99990004,7123-PR,PRESCRIBED,WEST,HEAVY VEHICLES,2023,PM PEAK,261,19,92
99990004,7123-PR,PRESCRIBED,WEST,LIGHT VEHICLES,2023,WEEKENDS,8196,-1,-1
99990004,7123-PR,PRESCRIBED,WEST,HEAVY VEHICLES,2023,ALL DAYS,964,14,93
99990004,7123-PR,PRESCRIBED,WEST,LIGHT VEHICLES,2023,WEEKDAYS,10487,-1,-1
99990004,7123-PR,PRESCRIBED,WEST,LIGHT VEHICLES,2023,ALL DAYS,9839,38,92
99990004,7123-PR,COUNTER,EAST,HEAVY VEHICLES,2023,WEEKDAYS,1066,-1,-1
99990004,7123-PR,PRESCRIBED,WEST,HEAVY VEHICLES,2023,OFF PEAK,567,13,91
99990004,7123-PR,PRESCRIBED AND COUNTER,BOTH,HEAVY VEHICLES,2023,ALL DAYS,1891,-1,-1
99990004,7123-PR,COUNTER,EAST,ALL VEHICLES,2023,WEEKDAYS,10639,-1,-1
99990004,7123-PR,COUNTER,EAST,LIGHT VEHICLES,2023,WEEKDAYS,9573,-1,-1
99990004,7123-PR,COUNTER,EAST,ALL VEHICLES,2023,OFF PEAK,5223,-1,-1
99990004,7123-PR,COUNTER,EAST,LIGHT VEHICLES,2023,AM PEAK,2371,45,91
99990004,7123-PR,COUNTER,EAST,HEAVY VEHICLES,2023,WEEKENDS,607,-1,-1
99990004,7123-PR,COUNTER,EAST,ALL VEHICLES,2023,PM PEAK,2741,-1,-1
99990004,7123-PR,PRESCRIBED AND COUNTER,BOTH,LIGHT VEHICLES,2023,AM PEAK,4594,-1,-1
99990004,7123-PR,COUNTER,EAST,LIGHT VEHICLES,2023,OFF PEAK,4661,35,90
99990004,7123-PR,PRESCRIBED AND COUNTER,BOTH,ALL VEHICLES,2023,WEEKDAYS,22227,-1,-1
99990004,7123-PR,PRESCRIBED,WEST,LIGHT VEHICLES,2023,AM PEAK,2223,44,89
99990004,7123-PR,COUNTER,EAST,HEAVY VEHICLES,2023,OFF PEAK,562,12,92
99990004,7123-PR,PRESCRIBED,WEST,LIGHT VEHICLES,2023,OFF PEAK,4879,36,89
99990004,7123-PR,PRESCRIBED AND COUNTER,BOTH,LIGHT VEHICLES,2023,WEEKENDS,15463,-1,-1
99990004,7123-PR,PRESCRIBED,WEST,HEAVY VEHICLES,2023,WEEKENDS,629,-1,-1
99990004,7123-PR,PRESCRIBED AND COUNTER,BOTH,LIGHT VEHICLES,2023,OFF PEAK,9540,-1,-1
99990004,7123-PR,PRESCRIBED AND COUNTER,BOTH,ALL VEHICLES,2023,PM PEAK,6387,-1,-1
99990004,7123-PR,COUNTER,EAST,ALL VEHICLES,2023,WEEKENDS,7874,-1,-1
99990004,7123-PR,PRESCRIBED AND COUNTER,BOTH,ALL VEHICLES,2023,WEEKENDS,16699,-1,-1
99990004,7123-PR,COUNTER,EAST,LIGHT VEHICLES,2023,PM PEAK,2541,41,92
99990004,7123-PR,PRESCRIBED AND COUNTER,BOTH,HEAVY VEHICLES,2023,WEEKDAYS,2167,-1,-1
99990004,7123-PR,PRESCRIBED AND COUNTER,BOTH,HEAVY VEHICLES,2023,OFF PEAK,1129,-1,-1
99990004,7123-PR,PRESCRIBED,WEST,ALL VEHICLES,2023,WEEKDAYS,11588,-1,-1
99990004,7123-PR,COUNTER,EAST,LIGHT VEHICLES,2023,WEEKENDS,7267,-1,-1
99990004,7123-PR,PRESCRIBED,WEST,LIGHT VEHICLES,2023,PM PEAK,3385,46,91
99990004,7123-PR,COUNTER,EAST,ALL VEHICLES,2023,ALL DAYS,9856,-1,-1
99990004,7123-PR,COUNTER,EAST,HEAVY VEHICLES,2023,PM PEAK,200,14,92
99990004,7123-PR,PRESCRIBED,WEST,ALL VEHICLES,2023,ALL DAYS,10803,-1,-1
99990004,7123-PR,COUNTER,EAST,ALL VEHICLES,2023,AM PEAK,2675,-1,-1
99990004,7123-PR,PRESCRIBED,WEST,ALL VEHICLES,2023,PM PEAK,3646,-1,-1
99990004,7123-PR,PRESCRIBED,WEST,HEAVY VEHICLES,2023,WEEKDAYS,1101,-1,-1
99990004,7123-PR,PRESCRIBED AND COUNTER,BOTH,HEAVY VEHICLES,2023,PM PEAK,461,-1,-1
99990004,7123-PR,PRESCRIBED,WEST,ALL VEHICLES,2023,WEEKENDS,8825,-1,-1
99990004,7123-PR,PRESCRIBED,WEST,ALL VEHICLES,2023,OFF PEAK,5446,-1,-1
99990004,7123-PR,PRESCRIBED AND COUNTER,BOTH,LIGHT VEHICLES,2023,WEEKDAYS,20060,-1,-1
99990004,7123-PR,COUNTER,EAST,HEAVY VEHICLES,2023,ALL DAYS,927,13,94
99990010,9836-PR,COUNTER,EAST,HEAVY VEHICLES,2023,ALL DAYS,1718,15,93
99990010,9836-PR,PRESCRIBED AND COUNTER,BOTH,HEAVY VEHICLES,2023,WEEKDAYS,3808,-1,-1
99990010,9836-PR,PRESCRIBED,WEST,LIGHT VEHICLES,2023,PM PEAK,5707,46,87
99990010,9836-PR,COUNTER,EAST,LIGHT VEHICLES,2023,PM PEAK,6299,55,88
99990010,9836-PR,PRESCRIBED AND COUNTER,BOTH,HEAVY VEHICLES,2023,ALL DAYS,3242,-1,-1
99990010,9836-PR,COUNTER,EAST,LIGHT VEHICLES,2023,ALL DAYS,24410,43,92
99990010,9836-PR,PRESCRIBED AND COUNTER,BOTH,ALL VEHICLES,2023,AM PEAK,12046,-1,-1
99990010,9836-PR,PRESCRIBED AND COUNTER,BOTH,HEAVY VEHICLES,2023,WEEKENDS,1897,-1,-1
99990010,9836-PR,PRESCRIBED,WEST,ALL VEHICLES,2023,ALL DAYS,22388,-1,-1
99990010,9836-PR,COUNTER,EAST,ALL VEHICLES,2023,OFF PEAK,12411,-1,-1
99990010,9836-PR,PRESCRIBED AND COUNTER,BOTH,LIGHT VEHICLES,2023,PM PEAK,12006,-1,-1
99990010,9836-PR,COUNTER,EAST,HEAVY VEHICLES,2023,OFF PEAK,953,16,89
99990010,9836-PR,PRESCRIBED AND COUNTER,BOTH,LIGHT VEHICLES,2023,OFF PEAK,22497,-1,-1
99990010,9836-PR,PRESCRIBED AND COUNTER,BOTH,LIGHT VEHICLES,2023,AM PEAK,10919,-1,-1
99990010,9836-PR,PRESCRIBED,WEST,HEAVY VEHICLES,2023,AM PEAK,380,21,87
99990010,9836-PR,COUNTER,EAST,HEAVY VEHICLES,2023,AM PEAK,747,26,89
99990010,9836-PR,PRESCRIBED,WEST,ALL VEHICLES,2023,WEEKENDS,22936,-1,-1
99990010,9836-PR,PRESCRIBED AND COUNTER,BOTH,LIGHT VEHICLES,2023,WEEKENDS,45079,-1,-1
99990010,9836-PR,PRESCRIBED AND COUNTER,BOTH,HEAVY VEHICLES,2023,AM PEAK,1127,-1,-1
99990010,9836-PR,PRESCRIBED AND COUNTER,BOTH,HEAVY VEHICLES,2023,PM PEAK,748,-1,-1
99990010,9836-PR,PRESCRIBED,WEST,HEAVY VEHICLES,2023,ALL DAYS,1524,12,90
99990010,9836-PR,PRESCRIBED,WEST,LIGHT VEHICLES,2023,ALL DAYS,20864,34,90
99990010,9836-PR,COUNTER,EAST,HEAVY VEHICLES,2023,PM PEAK,302,17,88
99990010,9836-PR,PRESCRIBED,WEST,HEAVY VEHICLES,2023,PM PEAK,446,16,88
99990010,9836-PR,COUNTER,EAST,ALL VEHICLES,2023,ALL DAYS,26128,-1,-1
99990010,9836-PR,COUNTER,EAST,ALL VEHICLES,2023,WEEKDAYS,26669,-1,-1
99990010,9836-PR,COUNTER,EAST,HEAVY VEHICLES,2023,WEEKDAYS,2002,-1,-1
99990010,9836-PR,PRESCRIBED AND COUNTER,BOTH,HEAVY VEHICLES,2023,OFF PEAK,1933,-1,-1
99990010,9836-PR,PRESCRIBED,WEST,LIGHT VEHICLES,2023,ALL DAYS,20567,39,89
99990010,9836-PR,PRESCRIBED,WEST,LIGHT VEHICLES,2023,AM PEAK,4009,39,88
99990010,9836-PR,PRESCRIBED AND COUNTER,BOTH,ALL VEHICLES,2023,OFF PEAK,24430,-1,-1
99990010,9836-PR,COUNTER,EAST,LIGHT VEHICLES,2023,WEEKENDS,23098,-1,-1
99990010,9836-PR,PRESCRIBED,WEST,LIGHT VEHICLES,2023,WEEKDAYS,20470,-1,-1
99990010,9836-PR,COUNTER,EAST,LIGHT VEHICLES,2023,AM PEAK,6910,52,88
99990010,9836-PR,PRESCRIBED,WEST,ALL VEHICLES,2023,PM PEAK,6153,-1,-1
99990010,9836-PR,COUNTER,EAST,LIGHT VEHICLES,2023,WEEKDAYS,24667,-1,-1
99990010,9836-PR,COUNTER,EAST,HEAVY VEHICLES,2023,WEEKENDS,942,-1,-1
99990010,9836-PR,PRESCRIBED,WEST,LIGHT VEHICLES,2023,AM PEAK,3975,45,84
99990010,9836-PR,PRESCRIBED AND COUNTER,BOTH,ALL VEHICLES,2023,PM PEAK,12754,-1,-1
99990010,9836-PR,PRESCRIBED,WEST,ALL VEHICLES,2023,WEEKDAYS,22561,-1,-1
99990010,9836-PR,PRESCRIBED,WEST,HEAVY VEHICLES,2023,OFF PEAK,980,12,89
99990010,9836-PR,COUNTER,EAST,ALL VEHICLES,2023,AM PEAK,7657,-1,-1
99990010,9836-PR,PRESCRIBED,WEST,LIGHT VEHICLES,2023,WEEKENDS,21981,-1,-1
99990010,9836-PR,COUNTER,EAST,ALL VEHICLES,2023,WEEKENDS,24040,-1,-1
99990010,9836-PR,PRESCRIBED AND COUNTER,BOTH,LIGHT VEHICLES,2023,WEEKDAYS,45422,-1,-1
99990010,9836-PR,PRESCRIBED AND COUNTER,BOTH,ALL VEHICLES,2023,ALL DAYS,48516,-1,-1
99990010,9836-PR,PRESCRIBED,WEST,LIGHT VEHICLES,2023,OFF PEAK,11039,31,89
99990010,9836-PR,PRESCRIBED,WEST,ALL VEHICLES,2023,OFF PEAK,12019,-1,-1
99990010,9836-PR,PRESCRIBED AND COUNTER,BOTH,ALL VEHICLES,2023,WEEKDAYS,49230,-1,-1
99990010,9836-PR,PRESCRIBED,WEST,ALL VEHICLES,2023,AM PEAK,4389,-1,-1
99990010,9836-PR,PRESCRIBED AND COUNTER,BOTH,LIGHT VEHICLES,2023,ALL DAYS,45274,-1,-1
99990010,9836-PR,COUNTER,EAST,ALL VEHICLES,2023,PM PEAK,6601,-1,-1
99990010,9836-PR,PRESCRIBED,WEST,LIGHT VEHICLES,2023,WEEKENDS,20992,-1,-1
99990010,9836-PR,PRESCRIBED,WEST,HEAVY VEHICLES,2023,WEEKDAYS,1752,-1,-1
99990010,9836-PR,PRESCRIBED,WEST,LIGHT VEHICLES,2023,PM PEAK,5576,55,82
99990010,9836-PR,PRESCRIBED,WEST,ALL VEHICLES,2023,WEEKDAYS,22222,-1,-1
99990010,9836-PR,PRESCRIBED,WEST,HEAVY VEHICLES,2023,ALL DAYS,1516,14,90
99990010,9836-PR,PRESCRIBED,WEST,HEAVY VEHICLES,2023,AM PEAK,372,24,83
99990010,9836-PR,PRESCRIBED,WEST,HEAVY VEHICLES,2023,PM PEAK,440,19,83
99990010,9836-PR,PRESCRIBED,WEST,ALL VEHICLES,2023,AM PEAK,4347,-1,-1
99990010,9836-PR,PRESCRIBED,WEST,ALL VEHICLES,2023,PM PEAK,6016,-1,-1
99990010,9836-PR,PRESCRIBED,WEST,HEAVY VEHICLES,2023,WEEKENDS,925,-1,-1
99990010,9836-PR,PRESCRIBED,WEST,ALL VEHICLES,2023,WEEKENDS,21917,-1,-1
99990010,9836-PR,PRESCRIBED,WEST,HEAVY VEHICLES,2023,OFF PEAK,940,14,85
99990010,9836-PR,PRESCRIBED,WEST,ALL VEHICLES,2023,ALL DAYS,22083,-1,-1
99990010,9836-PR,PRESCRIBED,WEST,ALL VEHICLES,2023,OFF PEAK,11859,-1,-1
99990010,9836-PR,PRESCRIBED,WEST,LIGHT VEHICLES,2023,OFF PEAK,10919,36,85
99990010,9836-PR,PRESCRIBED,WEST,HEAVY VEHICLES,2023,WEEKDAYS,1806,-1,-1
99990010,9836-PR,COUNTER,EAST,LIGHT VEHICLES,2023,OFF PEAK,11458,39,88
99990010,9836-PR,PRESCRIBED AND COUNTER,BOTH,ALL VEHICLES,2023,WEEKENDS,46976,-1,-1
99990010,9836-PR,PRESCRIBED,WEST,LIGHT VEHICLES,2023,WEEKDAYS,20755,-1,-1
99990011,7104-PR,PRESCRIBED AND COUNTER,BOTH,ALL VEHICLES,2023,OFF PEAK,12407,-1,-1
99990011,7104-PR,PRESCRIBED,EAST,LIGHT VEHICLES,2023,PM PEAK,3327,54,93
99990011,7104-PR,PRESCRIBED AND COUNTER,BOTH,ALL VEHICLES,2023,ALL DAYS,24684,-1,-1
99990011,7104-PR,PRESCRIBED,EAST,ALL VEHICLES,2023,AM PEAK,2910,-1,-1
99990011,7104-PR,COUNTER,WEST,LIGHT VEHICLES,2023,PM PEAK,4533,35,88
99990011,7104-PR,PRESCRIBED AND COUNTER,BOTH,HEAVY VEHICLES,2023,WEEKENDS,867,-1,-1
99990011,7104-PR,COUNTER,WEST,LIGHT VEHICLES,2023,WEEKDAYS,13163,-1,-1
99990011,7104-PR,PRESCRIBED,EAST,LIGHT VEHICLES,2023,AM PEAK,2709,56,92
99990011,7104-PR,PRESCRIBED,EAST,HEAVY VEHICLES,2023,ALL DAYS,625,12,95
99990011,7104-PR,PRESCRIBED AND COUNTER,BOTH,ALL VEHICLES,2023,ALL DAYS,24883,-1,-1
99990011,7104-PR,PRESCRIBED AND COUNTER,BOTH,LIGHT VEHICLES,2023,WEEKENDS,18948,-1,-1
99990011,7104-PR,PRESCRIBED AND COUNTER,BOTH,HEAVY VEHICLES,2023,WEEKDAYS,1635,-1,-1
99990011,7104-PR,COUNTER,WEST,ALL VEHICLES,2023,AM PEAK,2882,-1,-1
99990011,7104-PR,COUNTER,WEST,HEAVY VEHICLES,2023,PM PEAK,271,16,90
99990011,7104-PR,PRESCRIBED AND COUNTER,BOTH,ALL VEHICLES,2023,WEEKENDS,20201,-1,-1
99990011,7104-PR,PRESCRIBED AND COUNTER,BOTH,LIGHT VEHICLES,2023,AM PEAK,5303,-1,-1
99990011,7104-PR,PRESCRIBED,EAST,HEAVY VEHICLES,2023,PM PEAK,163,14,93
99990011,7104-PR,PRESCRIBED AND COUNTER,BOTH,HEAVY VEHICLES,2023,WEEKDAYS,1671,-1,-1
99990011,7104-PR,PRESCRIBED,EAST,HEAVY VEHICLES,2023,WEEKENDS,380,-1,-1
99990011,7104-PR,PRESCRIBED AND COUNTER,BOTH,HEAVY VEHICLES,2023,ALL DAYS,1384,-1,-1
99990011,7104-PR,PRESCRIBED,EAST,ALL VEHICLES,2023,PM PEAK,3452,-1,-1
99990011,7104-PR,PRESCRIBED,EAST,ALL VEHICLES,2023,PM PEAK,3496,-1,-1
99990011,7104-PR,PRESCRIBED AND COUNTER,BOTH,LIGHT VEHICLES,2023,PM PEAK,7822,-1,-1
99990011,7104-PR,COUNTER,WEST,HEAVY VEHICLES,2023,OFF PEAK,425,8,86
99990011,7104-PR,PRESCRIBED,EAST,ALL VEHICLES,2023,ALL DAYS,11681,-1,-1
99990011,7104-PR,PRESCRIBED AND COUNTER,BOTH,LIGHT VEHICLES,2023,ALL DAYS,23300,-1,-1
99990011,7104-PR,COUNTER,WEST,HEAVY VEHICLES,2023,OFF PEAK,436,11,89
99990011,7104-PR,COUNTER,WEST,ALL VEHICLES,2023,ALL DAYS,13202,-1,-1
99990011,7104-PR,COUNTER,WEST,LIGHT VEHICLES,2023,WEEKENDS,9969,-1,-1
99990011,7104-PR,PRESCRIBED AND COUNTER,BOTH,LIGHT VEHICLES,2023,PM PEAK,7891,-1,-1
99990011,7104-PR,PRESCRIBED AND COUNTER,BOTH,LIGHT VEHICLES,2023,OFF PEAK,11634,-1,-1
99990011,7104-PR,COUNTER,WEST,LIGHT VEHICLES,2023,ALL DAYS,12415,41,92
99990011,7104-PR,PRESCRIBED,EAST,HEAVY VEHICLES,2023,OFF PEAK,374,12,93
99990011,7104-PR,COUNTER,WEST,ALL VEHICLES,2023,WEEKDAYS,14090,-1,-1
99990011,7104-PR,COUNTER,WEST,LIGHT VEHICLES,2023,PM PEAK,4564,49,89
99990011,7104-PR,COUNTER,WEST,LIGHT VEHICLES,2023,WEEKDAYS,13090,-1,-1
99990011,7104-PR,PRESCRIBED AND COUNTER,BOTH,ALL VEHICLES,2023,AM PEAK,5716,-1,-1
99990011,7104-PR,PRESCRIBED,EAST,ALL VEHICLES,2023,WEEKENDS,9513,-1,-1
99990011,7104-PR,COUNTER,WEST,ALL VEHICLES,2023,PM PEAK,4835,-1,-1
99990011,7104-PR,PRESCRIBED AND COUNTER,BOTH,HEAVY VEHICLES,2023,PM PEAK,440,-1,-1
99990011,7104-PR,PRESCRIBED AND COUNTER,BOTH,HEAVY VEHICLES,2023,AM PEAK,413,-1,-1
99990011,7104-PR,PRESCRIBED AND COUNTER,BOTH,HEAVY VEHICLES,2023,OFF PEAK,792,-1,-1
99990011,7104-PR,PRESCRIBED AND COUNTER,BOTH,LIGHT VEHICLES,2023,WEEKDAYS,24896,-1,-1
99990011,7104-PR,PRESCRIBED,EAST,HEAVY VEHICLES,2023,WEEKDAYS,744,-1,-1
99990011,7104-PR,PRESCRIBED AND COUNTER,BOTH,ALL VEHICLES,2023,WEEKDAYS,26375,-1,-1
99990011,7104-PR,PRESCRIBED,EAST,LIGHT VEHICLES,2023,ALL DAYS,11056,47,94
99990011,7104-PR,PRESCRIBED,EAST,LIGHT VEHICLES,2023,WEEKENDS,9133,-1,-1
99990011,7104-PR,PRESCRIBED AND COUNTER,BOTH,HEAVY VEHICLES,2023,OFF PEAK,810,-1,-1
99990011,7104-PR,COUNTER,WEST,ALL VEHICLES,2023,OFF PEAK,6359,-1,-1
99990011,7104-PR,COUNTER,WEST,LIGHT VEHICLES,2023,AM PEAK,2623,34,84
99990011,7104-PR,PRESCRIBED AND COUNTER,BOTH,LIGHT VEHICLES,2023,WEEKDAYS,24740,-1,-1
99990011,7104-PR,PRESCRIBED AND COUNTER,BOTH,ALL VEHICLES,2023,OFF PEAK,12444,-1,-1
99990011,7104-PR,PRESCRIBED AND COUNTER,BOTH,HEAVY VEHICLES,2023,AM PEAK,421,-1,-1
99990011,7104-PR,PRESCRIBED AND COUNTER,BOTH,ALL VEHICLES,2023,PM PEAK,8331,-1,-1
99990011,7104-PR,PRESCRIBED,EAST,HEAVY VEHICLES,2023,AM PEAK,201,19,93
99990011,7104-PR,COUNTER,WEST,HEAVY VEHICLES,2023,WEEKENDS,487,-1,-1
99990011,7104-PR,COUNTER,WEST,HEAVY VEHICLES,2023,WEEKENDS,471,-1,-1
99990011,7104-PR,PRESCRIBED AND COUNTER,BOTH,HEAVY VEHICLES,2023,WEEKENDS,839,-1,-1
99990011,7104-PR,COUNTER,WEST,ALL VEHICLES,2023,AM PEAK,2839,-1,-1
99990011,7104-PR,PRESCRIBED,EAST,HEAVY VEHICLES,2023,ALL DAYS,610,10,94
99990011,7104-PR,PRESCRIBED AND COUNTER,BOTH,ALL VEHICLES,2023,WEEKENDS,19787,-1,-1
99990011,7104-PR,PRESCRIBED AND COUNTER,BOTH,LIGHT VEHICLES,2023,OFF PEAK,11615,-1,-1
99990011,7104-PR,COUNTER,WEST,HEAVY VEHICLES,2023,ALL DAYS,774,8,91
99990011,7104-PR,PRESCRIBED AND COUNTER,BOTH,HEAVY VEHICLES,2023,ALL DAYS,1412,-1,-1
99990011,7104-PR,COUNTER,WEST,HEAVY VEHICLES,2023,AM PEAK,220,20,88
99990011,7104-PR,COUNTER,WEST,HEAVY VEHICLES,2023,PM PEAK,267,11,88
99990011,7104-PR,PRESCRIBED,EAST,LIGHT VEHICLES,2023,WEEKDAYS,11733,-1,-1
99990011,7104-PR,COUNTER,WEST,HEAVY VEHICLES,2023,ALL DAYS,787,11,93
99990011,7104-PR,PRESCRIBED,EAST,LIGHT VEHICLES,2023,WEEKDAYS,11650,-1,-1
99990011,7104-PR,COUNTER,WEST,HEAVY VEHICLES,2023,AM PEAK,216,14,85
99990011,7104-PR,PRESCRIBED AND COUNTER,BOTH,HEAVY VEHICLES,2023,PM PEAK,430,-1,-1
99990011,7104-PR,PRESCRIBED,EAST,HEAVY VEHICLES,2023,WEEKDAYS,727,-1,-1
99990011,7104-PR,PRESCRIBED,EAST,LIGHT VEHICLES,2023,AM PEAK,2680,47,92
99990011,7104-PR,PRESCRIBED,EAST,LIGHT VEHICLES,2023,OFF PEAK,5681,36,91
99990011,7104-PR,COUNTER,WEST,ALL VEHICLES,2023,WEEKENDS,10440,-1,-1
99990011,7104-PR,COUNTER,WEST,HEAVY VEHICLES,2023,WEEKDAYS,927,-1,-1
99990011,7104-PR,PRESCRIBED,EAST,HEAVY VEHICLES,2023,OFF PEAK,367,10,93
99990011,7104-PR,PRESCRIBED AND COUNTER,BOTH,ALL VEHICLES,2023,PM PEAK,8252,-1,-1
99990011,7104-PR,PRESCRIBED,EAST,ALL VEHICLES,2023,OFF PEAK,6071,-1,-1
99990011,7104-PR,PRESCRIBED,EAST,ALL VEHICLES,2023,AM PEAK,2877,-1,-1
99990011,7104-PR,PRESCRIBED,EAST,HEAVY VEHICLES,2023,AM PEAK,197,16,93
99990011,7104-PR,PRESCRIBED,EAST,ALL VEHICLES,2023,WEEKDAYS,12377,-1,-1
99990011,7104-PR,PRESCRIBED,EAST,ALL VEHICLES,2023,OFF PEAK,6048,-1,-1
99990011,7104-PR,PRESCRIBED,EAST,ALL VEHICLES,2023,ALL DAYS,11572,-1,-1
99990011,7104-PR,PRESCRIBED AND COUNTER,BOTH,ALL VEHICLES,2023,AM PEAK,5792,-1,-1
99990011,7104-PR,PRESCRIBED AND COUNTER,BOTH,ALL VEHICLES,2023,WEEKDAYS,26567,-1,-1
99990011,7104-PR,COUNTER,WEST,ALL VEHICLES,2023,WEEKENDS,10688,-1,-1
99990011,7104-PR,COUNTER,WEST,LIGHT VEHICLES,2023,AM PEAK,2662,48,86
99990011,7104-PR,PRESCRIBED AND COUNTER,BOTH,LIGHT VEHICLES,2023,WEEKENDS,19334,-1,-1
99990011,7104-PR,PRESCRIBED,EAST,ALL VEHICLES,2023,WEEKENDS,9347,-1,-1
99990011,7104-PR,COUNTER,WEST,ALL VEHICLES,2023,OFF PEAK,6373,-1,-1
99990011,7104-PR,PRESCRIBED,EAST,LIGHT VEHICLES,2023,ALL DAYS,10962,39,93
99990011,7104-PR,COUNTER,WEST,LIGHT VEHICLES,2023,ALL DAYS,12338,29,90
99990011,7104-PR,COUNTER,WEST,LIGHT VEHICLES,2023,WEEKENDS,10201,-1,-1
99990011,7104-PR,PRESCRIBED,EAST,LIGHT VEHICLES,2023,OFF PEAK,5697,43,92
99990011,7104-PR,PRESCRIBED,EAST,HEAVY VEHICLES,2023,PM PEAK,169,17,93
99990011,7104-PR,COUNTER,WEST,HEAVY VEHICLES,2023,WEEKDAYS,908,-1,-1
99990011,7104-PR,COUNTER,WEST,ALL VEHICLES,2023,PM PEAK,4800,-1,-1
99990011,7104-PR,PRESCRIBED AND COUNTER,BOTH,LIGHT VEHICLES,2023,ALL DAYS,23471,-1,-1
99990011,7104-PR,PRESCRIBED,EAST,ALL VEHICLES,2023,WEEKDAYS,12477,-1,-1
99990011,7104-PR,PRESCRIBED,EAST,LIGHT VEHICLES,2023,PM PEAK,3289,45,92
99990011,7104-PR,PRESCRIBED AND COUNTER,BOTH,LIGHT VEHICLES,2023,AM PEAK,5371,-1,-1
99990011,7104-PR,PRESCRIBED,EAST,HEAVY VEHICLES,2023,WEEKENDS,368,-1,-1
99990011,7104-PR,PRESCRIBED,EAST,LIGHT VEHICLES,2023,WEEKENDS,8979,-1,-1
99990011,7104-PR,COUNTER,WEST,ALL VEHICLES,2023,ALL DAYS,13112,-1,-1
99990011,7104-PR,COUNTER,WEST,LIGHT VEHICLES,2023,OFF PEAK,5937,37,89
99990011,7104-PR,COUNTER,WEST,LIGHT VEHICLES,2023,OFF PEAK,5934,27,86
99990011,7104-PR,COUNTER,WEST,ALL VEHICLES,2023,WEEKDAYS,13998,-1,-1
99990013,9834-PR,COUNTER,EAST,LIGHT VEHICLES,2023,AM PEAK,2922,31,80
99990013,9834-PR,PRESCRIBED AND COUNTER,BOTH,LIGHT VEHICLES,2023,WEEKENDS,20100,-1,-1
99990013,9834-PR,PRESCRIBED AND COUNTER,BOTH,LIGHT VEHICLES,2023,ALL DAYS,22078,-1,-1
99990013,9834-PR,PRESCRIBED AND COUNTER,BOTH,LIGHT VEHICLES,2023,WEEKDAYS,22338,-1,-1
99990013,9834-PR,PRESCRIBED AND COUNTER,BOTH,LIGHT VEHICLES,2023,PM PEAK,6970,-1,-1
99990013,9834-PR,COUNTER,EAST,ALL VEHICLES,2023,OFF PEAK,5578,-1,-1
99990013,9834-PR,PRESCRIBED AND COUNTER,BOTH,LIGHT VEHICLES,2023,OFF PEAK,10664,-1,-1
99990013,9834-PR,PRESCRIBED AND COUNTER,BOTH,ALL VEHICLES,2023,WEEKDAYS,24293,-1,-1
99990013,9834-PR,COUNTER,EAST,HEAVY VEHICLES,2023,ALL DAYS,854,7,85
99990013,9834-PR,COUNTER,EAST,HEAVY VEHICLES,2023,AM PEAK,297,18,86
99990013,9834-PR,COUNTER,EAST,LIGHT VEHICLES,2023,PM PEAK,2869,30,84
99990013,9834-PR,PRESCRIBED AND COUNTER,BOTH,HEAVY VEHICLES,2023,OFF PEAK,914,-1,-1
99990013,9834-PR,COUNTER,EAST,HEAVY VEHICLES,2023,WEEKENDS,595,-1,-1
99990013,9834-PR,COUNTER,EAST,HEAVY VEHICLES,2023,PM PEAK,226,10,83
99990013,9834-PR,COUNTER,EAST,HEAVY VEHICLES,2023,OFF PEAK,452,7,87
99990013,9834-PR,COUNTER,EAST,ALL VEHICLES,2023,PM PEAK,3095,-1,-1
99990013,9834-PR,PRESCRIBED AND COUNTER,BOTH,LIGHT VEHICLES,2023,AM PEAK,4704,-1,-1
99990013,9834-PR,PRESCRIBED AND COUNTER,BOTH,HEAVY VEHICLES,2023,ALL DAYS,1740,-1,-1
99990013,9834-PR,COUNTER,EAST,HEAVY VEHICLES,2023,WEEKDAYS,975,-1,-1
99990013,9834-PR,PRESCRIBED AND COUNTER,BOTH,ALL VEHICLES,2023,AM PEAK,5222,-1,-1
99990013,9834-PR,PRESCRIBED AND COUNTER,BOTH,HEAVY VEHICLES,2023,WEEKDAYS,1955,-1,-1
99990013,9834-PR,COUNTER,EAST,LIGHT VEHICLES,2023,WEEKENDS,9907,-1,-1
99990013,9834-PR,PRESCRIBED AND COUNTER,BOTH,HEAVY VEHICLES,2023,WEEKENDS,1156,-1,-1
99990013,9834-PR,PRESCRIBED,WEST,ALL VEHICLES,2023,PM PEAK,4398,-1,-1
99990013,9834-PR,PRESCRIBED,WEST,LIGHT VEHICLES,2023,ALL DAYS,11322,12,89
99990013,9834-PR,PRESCRIBED,WEST,LIGHT VEHICLES,2023,PM PEAK,4101,17,85
99990013,9834-PR,PRESCRIBED,WEST,LIGHT VEHICLES,2023,WEEKENDS,10193,-1,-1
99990013,9834-PR,PRESCRIBED,WEST,HEAVY VEHICLES,2023,WEEKDAYS,980,-1,-1
99990013,9834-PR,COUNTER,EAST,ALL VEHICLES,2023,AM PEAK,3219,-1,-1
99990013,9834-PR,PRESCRIBED,WEST,LIGHT VEHICLES,2023,OFF PEAK,5538,12,84
99990013,9834-PR,PRESCRIBED,WEST,ALL VEHICLES,2023,WEEKDAYS,12401,-1,-1
99990013,9834-PR,PRESCRIBED,WEST,ALL VEHICLES,2023,OFF PEAK,6000,-1,-1
99990013,9834-PR,PRESCRIBED,WEST,ALL VEHICLES,2023,ALL DAYS,12208,-1,-1
99990013,9834-PR,PRESCRIBED,WEST,ALL VEHICLES,2023,WEEKENDS,10754,-1,-1
99990013,9834-PR,PRESCRIBED,WEST,ALL VEHICLES,2023,AM PEAK,2003,-1,-1
99990013,9834-PR,PRESCRIBED,WEST,HEAVY VEHICLES,2023,OFF PEAK,462,4,83
99990013,9834-PR,PRESCRIBED,WEST,LIGHT VEHICLES,2023,WEEKDAYS,11421,-1,-1
99990013,9834-PR,PRESCRIBED,WEST,LIGHT VEHICLES,2023,AM PEAK,1782,16,83
99990013,9834-PR,PRESCRIBED,WEST,HEAVY VEHICLES,2023,PM PEAK,297,5,85
99990013,9834-PR,PRESCRIBED,WEST,HEAVY VEHICLES,2023,ALL DAYS,886,4,91
99990013,9834-PR,COUNTER,EAST,LIGHT VEHICLES,2023,ALL DAYS,10756,24,77
99990013,9834-PR,COUNTER,EAST,ALL VEHICLES,2023,WEEKENDS,10502,-1,-1
99990013,9834-PR,PRESCRIBED AND COUNTER,BOTH,ALL VEHICLES,2023,WEEKENDS,21256,-1,-1
99990013,9834-PR,PRESCRIBED AND COUNTER,BOTH,ALL VEHICLES,2023,PM PEAK,7493,-1,-1
99990013,9834-PR,PRESCRIBED AND COUNTER,BOTH,ALL VEHICLES,2023,ALL DAYS,23818,-1,-1
99990013,9834-PR,COUNTER,EAST,LIGHT VEHICLES,2023,WEEKDAYS,10917,-1,-1
99990013,9834-PR,COUNTER,EAST,LIGHT VEHICLES,2023,OFF PEAK,5126,21,84
99990013,9834-PR,PRESCRIBED AND COUNTER,BOTH,ALL VEHICLES,2023,OFF PEAK,11578,-1,-1
99990013,9834-PR,COUNTER,EAST,ALL VEHICLES,2023,WEEKDAYS,11892,-1,-1
99990013,9834-PR,PRESCRIBED,WEST,HEAVY VEHICLES,2023,AM PEAK,221,7,82
99990013,9834-PR,PRESCRIBED AND COUNTER,BOTH,HEAVY VEHICLES,2023,AM PEAK,518,-1,-1
99990013,9834-PR,COUNTER,EAST,ALL VEHICLES,2023,ALL DAYS,11610,-1,-1
99990014,T0479-PR,PRESCRIBED,NORTH,LIGHT VEHICLES,2023,OFF PEAK,15511,37,89
99990014,T0479-PR,PRESCRIBED AND COUNTER,BOTH,ALL VEHICLES,2023,WEEKDAYS,73170,-1,-1
99990014,T0479-PR,COUNTER,SOUTH,LIGHT VEHICLES,2023,PM PEAK,7406,46,91
99990014,T0479-PR,PRESCRIBED,NORTH,HEAVY VEHICLES,2023,WEEKDAYS,3973,-1,-1
99990014,T0479-PR,PRESCRIBED AND COUNTER,BOTH,HEAVY VEHICLES,2023,AM PEAK,2168,-1,-1
99990014,T0479-PR,PRESCRIBED,NORTH,LIGHT VEHICLES,2023,ALL DAYS,33721,38,91
99990014,T0479-PR,PRESCRIBED AND COUNTER,BOTH,ALL VEHICLES,2023,OFF PEAK,34453,-1,-1
99990014,T0479-PR,COUNTER,SOUTH,LIGHT VEHICLES,2023,WEEKDAYS,32002,-1,-1
99990014,T0479-PR,PRESCRIBED,NORTH,LIGHT VEHICLES,2023,WEEKDAYS,33126,-1,-1
99990014,T0479-PR,PRESCRIBED AND COUNTER,BOTH,HEAVY VEHICLES,2023,ALL DAYS,7157,-1,-1
99990014,T0479-PR,PRESCRIBED,NORTH,ALL VEHICLES,2023,PM PEAK,12697,-1,-1
99990014,T0479-PR,PRESCRIBED AND COUNTER,BOTH,HEAVY VEHICLES,2023,OFF PEAK,3860,-1,-1
99990014,T0479-PR,PRESCRIBED AND COUNTER,BOTH,ALL VEHICLES,2023,PM PEAK,20888,-1,-1
99990014,T0479-PR,COUNTER,SOUTH,ALL VEHICLES,2023,AM PEAK,10717,-1,-1
99990014,T0479-PR,PRESCRIBED AND COUNTER,BOTH,ALL VEHICLES,2023,ALL DAYS,74598,-1,-1
99990014,T0479-PR,PRESCRIBED,NORTH,HEAVY VEHICLES,2023,ALL DAYS,3511,10,89
99990014,T0479-PR,PRESCRIBED,NORTH,LIGHT VEHICLES,2023,AM PEAK,6147,40,89
99990014,T0479-PR,PRESCRIBED,NORTH,ALL VEHICLES,2023,AM PEAK,7112,-1,-1
99990014,T0479-PR,PRESCRIBED AND COUNTER,BOTH,HEAVY VEHICLES,2023,PM PEAK,2014,-1,-1
99990014,T0479-PR,COUNTER,SOUTH,ALL VEHICLES,2023,OFF PEAK,17163,-1,-1
99990014,T0479-PR,PRESCRIBED AND COUNTER,BOTH,LIGHT VEHICLES,2023,OFF PEAK,30593,-1,-1
99990014,T0479-PR,PRESCRIBED AND COUNTER,BOTH,LIGHT VEHICLES,2023,PM PEAK,18874,-1,-1
99990014,T0479-PR,PRESCRIBED AND COUNTER,BOTH,LIGHT VEHICLES,2023,AM PEAK,15661,-1,-1
99990014,T0479-PR,PRESCRIBED,NORTH,HEAVY VEHICLES,2023,PM PEAK,1229,14,89
99990014,T0479-PR,PRESCRIBED,NORTH,LIGHT VEHICLES,2023,WEEKENDS,35148,-1,-1
99990014,T0479-PR,COUNTER,SOUTH,HEAVY VEHICLES,2023,WEEKDAYS,4069,-1,-1
99990014,T0479-PR,PRESCRIBED,NORTH,ALL VEHICLES,2023,WEEKENDS,37598,-1,-1
99990014,T0479-PR,COUNTER,SOUTH,LIGHT VEHICLES,2023,AM PEAK,9514,47,91
99990014,T0479-PR,PRESCRIBED AND COUNTER,BOTH,LIGHT VEHICLES,2023,ALL DAYS,67441,-1,-1
99990014,T0479-PR,PRESCRIBED,NORTH,HEAVY VEHICLES,2023,OFF PEAK,1779,10,87
99990014,T0479-PR,PRESCRIBED,NORTH,ALL VEHICLES,2023,OFF PEAK,17290,-1,-1
99990014,T0479-PR,PRESCRIBED AND COUNTER,BOTH,ALL VEHICLES,2023,AM PEAK,17829,-1,-1
99990014,T0479-PR,COUNTER,SOUTH,HEAVY VEHICLES,2023,PM PEAK,785,16,91
99990014,T0479-PR,PRESCRIBED AND COUNTER,BOTH,HEAVY VEHICLES,2023,WEEKDAYS,8042,-1,-1
99990014,T0479-PR,PRESCRIBED,NORTH,HEAVY VEHICLES,2023,AM PEAK,965,14,89
99990014,T0479-PR,COUNTER,SOUTH,HEAVY VEHICLES,2023,WEEKENDS,2655,-1,-1
99990014,T0479-PR,COUNTER,SOUTH,LIGHT VEHICLES,2023,WEEKENDS,36749,-1,-1
99990014,T0479-PR,PRESCRIBED,NORTH,ALL VEHICLES,2023,ALL DAYS,37232,-1,-1
99990014,T0479-PR,COUNTER,SOUTH,HEAVY VEHICLES,2023,ALL DAYS,3646,12,93
99990014,T0479-PR,PRESCRIBED,NORTH,LIGHT VEHICLES,2023,PM PEAK,11468,41,89
99990014,T0479-PR,PRESCRIBED AND COUNTER,BOTH,HEAVY VEHICLES,2023,WEEKENDS,5105,-1,-1
99990014,T0479-PR,COUNTER,SOUTH,ALL VEHICLES,2023,WEEKENDS,39404,-1,-1
99990014,T0479-PR,PRESCRIBED AND COUNTER,BOTH,LIGHT VEHICLES,2023,WEEKENDS,71897,-1,-1
99990014,T0479-PR,COUNTER,SOUTH,ALL VEHICLES,2023,ALL DAYS,37366,-1,-1
99990014,T0479-PR,PRESCRIBED,NORTH,HEAVY VEHICLES,2023,WEEKENDS,2450,-1,-1
99990014,T0479-PR,COUNTER,SOUTH,ALL VEHICLES,2023,PM PEAK,8191,-1,-1
99990014,T0479-PR,PRESCRIBED AND COUNTER,BOTH,LIGHT VEHICLES,2023,WEEKDAYS,65128,-1,-1
99990014,T0479-PR,COUNTER,SOUTH,ALL VEHICLES,2023,WEEKDAYS,36071,-1,-1
99990014,T0479-PR,COUNTER,SOUTH,HEAVY VEHICLES,2023,OFF PEAK,2081,12,90
99990014,T0479-PR,COUNTER,SOUTH,HEAVY VEHICLES,2023,AM PEAK,1203,16,91
99990014,T0479-PR,COUNTER,SOUTH,LIGHT VEHICLES,2023,ALL DAYS,33720,43,93
99990014,T0479-PR,COUNTER,SOUTH,LIGHT VEHICLES,2023,OFF PEAK,15082,41,90
99990014,T0479-PR,PRESCRIBED,NORTH,ALL VEHICLES,2023,WEEKDAYS,37099,-1,-1
